-2.000000000000000000e+00 9.415718389996033388e-02
-1.998045920859794933e+00 -9.559887471031680573e-02
-1.996091841719589643e+00 3.768007218583471207e-01
-1.994137762579384354e+00 5.892416658447465760e-01
-1.992183683439179287e+00 5.557023675233223603e-01
-1.990229604298974220e+00 1.620723782180558681e-01
-1.988275525158768930e+00 1.152727940001966878e-01
-1.986321446018563641e+00 -1.172559534233875850e-01
-1.984367366878358574e+00 2.164033068603880006e-01
-1.982413287738153507e+00 9.573502199910223498e-02
-1.980459208597948217e+00 1.047285565121104482e-02
-1.978505129457742928e+00 4.064283377643449491e-01
-1.976551050317537861e+00 4.514275190375799385e-01
-1.974596971177332794e+00 -2.078085892101280696e-02
-1.972642892037127504e+00 -5.277189443503418342e-01
-1.970688812896922215e+00 -2.898722350547726090e-01
-1.968734733756717148e+00 -5.573023005891121207e-01
-1.966780654616512081e+00 -1.683331441543179374e-01
-1.964826575476306791e+00 -1.408093003378364516e-01
-1.962872496336101502e+00 3.287925259565683822e-01
-1.960918417195896435e+00 7.461330855503176540e-01
-1.958964338055691368e+00 2.433669617677778063e-01
-1.957010258915486078e+00 -1.128090572638529021e-01
-1.955056179775280789e+00 6.396891370899795287e-03
-1.953102100635075722e+00 -5.850126403832776184e-02
-1.951148021494870655e+00 -1.112848725976975039e+00
-1.949193942354665365e+00 -6.858045275755099424e-02
-1.947239863214460076e+00 4.665254323996451680e-01
-1.945285784074255009e+00 5.742670712351237439e-02
-1.943331704934049942e+00 -1.201137725103914103e-02
-1.941377625793844652e+00 2.583830889476469439e-01
-1.939423546653639363e+00 8.782650234045902282e-02
-1.937469467513434296e+00 -3.350204003911061990e-01
-1.935515388373229229e+00 -5.881279415801237143e-01
-1.933561309233023939e+00 -8.035841595685185024e-02
-1.931607230092818650e+00 -3.636956114471517343e-01
-1.929653150952613583e+00 -1.016264454311695875e+00
-1.927699071812408516e+00 -1.377793581963216718e-01
-1.925744992672203226e+00 2.168035672243089351e-01
-1.923790913531997937e+00 1.594319564712346482e-01
-1.921836834391792870e+00 6.653375682395525903e-01
-1.919882755251587803e+00 5.022816671881306094e-01
-1.917928676111382513e+00 -3.572226221381821221e-01
-1.915974596971177224e+00 2.233173208191613635e-01
-1.914020517830972157e+00 1.986024976944930909e-01
-1.912066438690767090e+00 8.374472929566049995e-02
-1.910112359550561800e+00 5.151095047755883671e-01
-1.908158280410356511e+00 2.771128298630732290e-01
-1.906204201270151444e+00 -2.596167983519268585e-01
-1.904250122129946377e+00 -5.959670995859646103e-01
-1.902296042989741087e+00 -1.566870600621783904e-01
-1.900341963849535798e+00 3.007294479179443702e-01
-1.898387884709330731e+00 4.156162628672611103e-01
-1.896433805569125663e+00 1.576540021954461190e-01
-1.894479726428920374e+00 7.609006803250207840e-01
-1.892525647288715085e+00 4.626470914387991740e-01
-1.890571568148510018e+00 8.879445763126644908e-02
-1.888617489008304950e+00 -1.446329821235071422e-01
-1.886663409868099661e+00 -6.534571242445816885e-01
-1.884709330727894372e+00 -3.435728330570666511e-01
-1.882755251587689305e+00 3.844799386117192519e-01
-1.880801172447484237e+00 3.135199099141491308e-01
-1.878847093307278948e+00 -2.261387130862916039e-01
-1.876893014167073659e+00 -3.399437388975398711e-01
-1.874938935026868592e+00 2.066301694738545414e-01
-1.872984855886663524e+00 5.150446059124633713e-01
-1.871030776746458235e+00 5.903063009020616952e-02
-1.869076697606252946e+00 -8.448368701731480135e-01
-1.867122618466047879e+00 -2.049543349848448326e-01
-1.865168539325842811e+00 8.431072780182290172e-02
-1.863214460185637522e+00 -5.527109856997179937e-01
-1.861260381045432233e+00 -7.896683458721378557e-01
-1.859306301905227166e+00 -1.059683261598713733e+00
-1.857352222765022098e+00 1.564513344015694418e-01
-1.855398143624816809e+00 1.715665833035508181e-01
-1.853444064484611520e+00 2.747381524433613609e-01
-1.851489985344406453e+00 4.420219513051019122e-01
-1.849535906204201385e+00 -5.956605872701566939e-01
-1.847581827063996096e+00 -7.485182232581826245e-01
-1.845627747923790807e+00 -2.668966252503980896e-01
-1.843673668783585740e+00 1.123023297096761713e-01
-1.841719589643380672e+00 9.544762874032204636e-02
-1.839765510503175383e+00 2.624848536833443435e-01
-1.837811431362970094e+00 2.995891266982748102e-01
-1.835857352222765027e+00 -2.356634127479848295e-01
-1.833903273082559959e+00 2.615400206407992867e-01
-1.831949193942354670e+00 4.705136635931830291e-01
-1.829995114802149381e+00 -3.662908192812147634e-01
-1.828041035661944314e+00 -6.671700036911044629e-01
-1.826086956521739246e+00 1.797092902252047930e-01
-1.824132877381533957e+00 -1.278834515258311239e-02
-1.822178798241328668e+00 1.189117203916904009e-01
-1.820224719101123600e+00 4.571942862544645103e-01
-1.818270639960918533e+00 2.574180141914474973e-01
-1.816316560820713244e+00 1.683954542188907944e-01
-1.814362481680507955e+00 -3.040505999801276227e-01
-1.812408402540302887e+00 -1.772116129820817121e-01
-1.810454323400097820e+00 6.257819978024613539e-01
-1.808500244259892531e+00 4.553964371730800931e-01
-1.806546165119687242e+00 5.110891473582130917e-01
-1.804592085979482174e+00 5.814797832805030930e-01
-1.802638006839277107e+00 6.674636787605005006e-01
-1.800683927699071818e+00 -7.264060126533657125e-02
-1.798729848558866529e+00 -3.376334465442221711e-01
-1.796775769418661461e+00 -3.601815582885519729e-01
-1.794821690278456394e+00 -2.035411748886251371e-01
-1.792867611138251105e+00 1.177566383349322177e-01
-1.790913531998045816e+00 -3.787598839423667596e-01
-1.788959452857840748e+00 -1.467628015099893546e-01
-1.787005373717635681e+00 2.999820754401712475e-01
-1.785051294577430392e+00 9.172093690695543033e-01
-1.783097215437225103e+00 4.363239103593011814e-01
-1.781143136297020035e+00 4.915808924123847845e-01
-1.779189057156814968e+00 3.578046373517096979e-01
-1.777234978016609679e+00 -6.024321108675698665e-03
-1.775280898876404390e+00 -5.358313220565797952e-01
-1.773326819736199322e+00 -9.314846535944796280e-01
-1.771372740595994255e+00 2.985143003983444787e-01
-1.769418661455788966e+00 9.156940530793327149e-01
-1.767464582315583677e+00 2.695420835584506070e-01
-1.765510503175378609e+00 -8.298995566960082337e-02
-1.763556424035173542e+00 5.063291260616319123e-02
-1.761602344894968253e+00 -1.146238499418465728e-01
-1.759648265754762964e+00 -5.382912035113743277e-02
-1.757694186614557896e+00 5.280431957283144850e-01
-1.755740107474352829e+00 3.031668668290657398e-01
-1.753786028334147540e+00 6.817432834011103449e-01
-1.751831949193942251e+00 -1.488051114692749699e-01
-1.749877870053737183e+00 -1.526400130097163910e+00
-1.747923790913532116e+00 -8.306911803460991228e-01
-1.745969711773326827e+00 7.932491219636664259e-02
-1.744015632633121538e+00 1.772021180459627532e-01
-1.742061553492916470e+00 -1.330269024698940428e-01
-1.740107474352711403e+00 1.836523474800431932e-01
-1.738153395212506114e+00 -4.548474201749278523e-01
-1.736199316072300824e+00 -6.222402462212301977e-01
-1.734245236932095757e+00 -1.472116999642563741e-02
-1.732291157791890690e+00 4.570044207001175418e-01
-1.730337078651685401e+00 1.977494093097650618e-01
-1.728382999511480111e+00 -1.609239900034364901e-01
-1.726428920371275044e+00 5.539872590254260043e-01
-1.724474841231069977e+00 3.544055870912387607e-01
-1.722520762090864688e+00 3.138701424361013403e-01
-1.720566682950659398e+00 -2.085374848017478716e-02
-1.718612603810454331e+00 -6.120836760020240686e-01
-1.716658524670249264e+00 -1.232395029860906960e-01
-1.714704445530043975e+00 7.388297890055638417e-01
-1.712750366389838685e+00 7.048571966877198447e-01
-1.710796287249633618e+00 5.960684620161416092e-01
-1.708842208109428551e+00 3.806057184665063153e-01
-1.706888128969223262e+00 3.190808029601550216e-02
-1.704934049829017972e+00 -3.968497786587086296e-01
-1.702979970688812905e+00 -3.779080213227370422e-01
-1.701025891548607838e+00 5.766349561005991164e-01
-1.699071812408402549e+00 8.175432643318709669e-01
-1.697117733268197259e+00 2.385817165796138561e-01
-1.695163654127992192e+00 9.600776065439467488e-02
-1.693209574987787125e+00 1.773319456017882767e-01
-1.691255495847581836e+00 1.449168275153748034e-02
-1.689301416707376546e+00 2.107659428861647366e-01
-1.687347337567171479e+00 6.361385669144046240e-01
-1.685393258426966412e+00 7.121733060864392506e-01
-1.683439179286761123e+00 3.151377835517426007e-01
-1.681485100146555833e+00 3.144359021463711823e-01
-1.679531021006350766e+00 7.290589992745999393e-02
-1.677576941866145699e+00 -2.236796627290977418e-02
-1.675622862725940410e+00 6.649050075795966130e-02
-1.673668783585735120e+00 -1.283043881194635416e-01
-1.671714704445530053e+00 -3.400085746220688487e-01
-1.669760625305324986e+00 -2.648209098580046605e-01
-1.667806546165119697e+00 -2.321687969253139472e-01
-1.665852467024914407e+00 1.765973622225112602e-02
-1.663898387884709340e+00 -2.167555634977635926e-01
-1.661944308744504273e+00 -4.190026664081143437e-01
-1.659990229604298984e+00 -5.447050195564059338e-01
-1.658036150464093694e+00 1.681838733042989864e-01
-1.656082071323888627e+00 3.287357279124907827e-01
-1.654127992183683560e+00 1.138368671124942583e-01
-1.652173913043478271e+00 4.116109374239292906e-01
-1.650219833903272981e+00 2.872943307036746052e-02
-1.648265754763067914e+00 -3.756435619669984405e-01
-1.646311675622862847e+00 -2.178282660990294439e-01
-1.644357596482657558e+00 -3.632584791857038781e-02
-1.642403517342452268e+00 6.266724021014292711e-01
-1.640449438202247201e+00 7.528833650870965233e-01
-1.638495359062042134e+00 -1.515077523136047488e-01
-1.636541279921836844e+00 -5.651432785342163090e-01
-1.634587200781631555e+00 1.673523866060830367e-01
-1.632633121641426488e+00 -6.619680285537163367e-02
-1.630679042501221421e+00 1.588115023376147072e-01
-1.628724963361016131e+00 2.037534842648518196e-01
-1.626770884220810842e+00 -2.429404722497490732e-01
-1.624816805080605775e+00 -5.230138299792280732e-02
-1.622862725940400708e+00 1.798032038990143508e-02
-1.620908646800195418e+00 7.742401519844081814e-02
-1.618954567659990129e+00 1.714171622859737010e-01
-1.617000488519785062e+00 -6.395608757826271029e-02
-1.615046409379579995e+00 -3.626041960602274794e-01
-1.613092330239374705e+00 -4.128875965062839826e-01
-1.611138251099169416e+00 4.114293406544951293e-02
-1.609184171958964349e+00 9.813059652297201341e-02
-1.607230092818759282e+00 6.278572409505066565e-01
-1.605276013678553992e+00 7.126733846427975028e-01
-1.603321934538348703e+00 2.922203070573550221e-01
-1.601367855398143636e+00 -5.212486306187914531e-01
-1.599413776257938569e+00 -6.841323854219265588e-01
-1.597459697117733279e+00 -1.158099612213474572e-01
-1.595505617977527990e+00 6.742748213308593641e-01
-1.593551538837322923e+00 4.640220833576751969e-01
-1.591597459697117856e+00 1.009350461374512731e-01
-1.589643380556912566e+00 -2.117779341190039744e-01
-1.587689301416707277e+00 3.508891053699425000e-01
-1.585735222276502210e+00 2.539815445354105528e-01
-1.583781143136297143e+00 -9.780198397859815596e-02
-1.581827063996091853e+00 -4.376715528947772160e-01
-1.579872984855886564e+00 -2.293135263013881264e-01
-1.577918905715681497e+00 3.255270151787404559e-02
-1.575964826575476430e+00 1.737316248993902579e-01
-1.574010747435271140e+00 6.650828631381995315e-01
-1.572056668295065851e+00 7.560530400338145718e-01
-1.570102589154860784e+00 1.607611905173126354e-01
-1.568148510014655717e+00 -3.662669806024616559e-01
-1.566194430874450427e+00 -8.022790103160351016e-01
-1.564240351734245138e+00 -2.981698772802681141e-01
-1.562286272594040071e+00 -1.217266330252900902e-01
-1.560332193453835004e+00 5.764331159664880418e-03
-1.558378114313629714e+00 5.352485338046246710e-01
-1.556424035173424425e+00 3.418887506054913983e-01
-1.554469956033219358e+00 -2.371146414567855687e-01
-1.552515876893014291e+00 -4.184945959959485151e-01
-1.550561797752809001e+00 -1.019099836639885542e-01
-1.548607718612603712e+00 3.741408003970553287e-02
-1.546653639472398645e+00 6.298726518968361665e-01
-1.544699560332193577e+00 7.171809545580065670e-01
-1.542745481191988288e+00 1.136439645228539130e-01
-1.540791402051782999e+00 -3.088404948380163995e-01
-1.538837322911577932e+00 -8.706003894471804616e-02
-1.536883243771372864e+00 4.389129887952670228e-01
-1.534929164631167575e+00 2.701227194740409843e-01
-1.532975085490962286e+00 1.380190786382599621e-01
-1.531021006350757219e+00 6.906288767541430840e-01
-1.529066927210552151e+00 6.511330895519640283e-01
-1.527112848070346862e+00 1.328067025298182158e-01
-1.525158768930141573e+00 -2.241360439585476927e-01
-1.523204689789936506e+00 -4.577926866282849283e-01
-1.521250610649731438e+00 -5.256485988521135688e-01
-1.519296531509526149e+00 -3.260694540084863036e-01
-1.517342452369320860e+00 1.043494446172044399e-01
-1.515388373229115793e+00 5.242672444550653399e-01
-1.513434294088910725e+00 -1.699998518984859319e-01
-1.511480214948705436e+00 -6.370440750913541894e-01
-1.509526135808500147e+00 -6.852049178754592018e-02
-1.507572056668295080e+00 9.078798532432869051e-02
-1.505617977528090012e+00 3.739399336286479691e-01
-1.503663898387884723e+00 4.991390081251915189e-01
-1.501709819247679434e+00 -1.788800412371814585e-02
-1.499755740107474367e+00 -3.660774527781791576e-01
-1.497801660967269299e+00 -1.642668181024937168e-01
-1.495847581827064010e+00 2.821752906879605449e-01
-1.493893502686858721e+00 7.538621045258403486e-01
-1.491939423546653654e+00 -1.065709394323600956e-01
-1.489985344406448586e+00 -2.435022577996223681e-01
-1.488031265266243297e+00 2.136845899487612166e-01
-1.486077186126038008e+00 6.873833602262234832e-01
-1.484123106985832941e+00 2.532206349594131045e-01
-1.482169027845627873e+00 -3.804657153118320978e-01
-1.480214948705422584e+00 -3.141563202299630930e-01
-1.478260869565217295e+00 -5.050518849912833952e-01
-1.476306790425012228e+00 1.127118844665847275e-01
-1.474352711284807160e+00 -1.879106556499750003e-01
-1.472398632144601871e+00 -4.208609046524859343e-01
-1.470444553004396582e+00 4.307453146736909405e-02
-1.468490473864191515e+00 -6.663945026967618701e-02
-1.466536394723986447e+00 -7.757905670791573893e-01
-1.464582315583781158e+00 -9.468425686141099806e-01
-1.462628236443575869e+00 -6.046135586676795182e-01
-1.460674157303370801e+00 -4.431587331022822651e-01
-1.458720078163165734e+00 -1.096578109426497999e-01
-1.456765999022960445e+00 -2.457344903879118692e-01
-1.454811919882755156e+00 6.062021284991138403e-02
-1.452857840742550088e+00 -7.856207524654156005e-02
-1.450903761602345021e+00 -4.263639739427780295e-01
-1.448949682462139732e+00 -9.233275766430780740e-01
-1.446995603321934443e+00 -6.059124095275409960e-01
-1.445041524181729375e+00 4.131697983192137436e-01
-1.443087445041524308e+00 6.754486520253156767e-01
-1.441133365901319019e+00 1.027928898604063418e-01
-1.439179286761113730e+00 -4.842723300360540772e-01
-1.437225207620908662e+00 -1.830001173659709032e-02
-1.435271128480703595e+00 5.960333327388628311e-02
-1.433317049340498306e+00 -5.917008201872331341e-01
-1.431362970200293017e+00 -6.083139755591630005e-01
-1.429408891060087949e+00 -4.162250742818303095e-01
-1.427454811919882882e+00 -2.569864595964533316e-01
-1.425500732779677593e+00 8.460244299809931423e-01
-1.423546653639472304e+00 9.013180977214558798e-01
-1.421592574499267236e+00 2.236307740981064163e-01
-1.419638495359062169e+00 2.104004188305892975e-01
-1.417684416218856880e+00 3.431292081212149458e-01
-1.415730337078651591e+00 2.040730408768445525e-01
-1.413776257938446523e+00 -3.532048303835311764e-01
-1.411822178798241456e+00 -2.067461283111618198e-01
-1.409868099658036167e+00 3.193658720377591242e-01
-1.407914020517830878e+00 4.102158802496042589e-01
-1.405959941377625810e+00 1.742155860865224337e-01
-1.404005862237420743e+00 -2.905312793683851313e-01
-1.402051783097215454e+00 4.661535871476913534e-02
-1.400097703957010165e+00 4.848580299181764475e-01
-1.398143624816805097e+00 5.918058788160686368e-02
-1.396189545676600030e+00 -2.372966340193344570e-01
-1.394235466536394741e+00 -2.420964250162749853e-01
-1.392281387396189452e+00 -8.215724787165203935e-01
-1.390327308255984384e+00 -9.816585037838860828e-01
-1.388373229115779317e+00 -1.337637292837434988e-01
-1.386419149975574028e+00 -3.403244887777572281e-01
-1.384465070835368738e+00 -1.706186063672952835e-01
-1.382510991695163671e+00 1.342384602690246953e-01
-1.380556912554958604e+00 -2.570148401872155430e-01
-1.378602833414753315e+00 -1.617589204541823589e-01
-1.376648754274548025e+00 -4.451413033744692355e-02
-1.374694675134342958e+00 -1.556240896605679269e-01
-1.372740595994137891e+00 -3.500548568033967078e-01
-1.370786516853932602e+00 1.820497992518229913e-01
-1.368832437713727312e+00 4.700521754205150282e-01
-1.366878358573522245e+00 9.766307298103629186e-01
-1.364924279433317178e+00 8.385911136261161580e-01
-1.362970200293111889e+00 -9.337520304918064951e-02
-1.361016121152906599e+00 -7.542542922866657396e-01
-1.359062042012701532e+00 -2.931339102902366101e-01
-1.357107962872496465e+00 -4.143098025130196316e-01
-1.355153883732291176e+00 -1.012682722524420820e+00
-1.353199804592085886e+00 -1.092283464568855500e+00
-1.351245725451880819e+00 -3.082925696221245904e-01
-1.349291646311675752e+00 -5.104239364787780536e-02
-1.347337567171470463e+00 -4.224012185315487722e-01
-1.345383488031265173e+00 -4.566393649908696006e-01
-1.343429408891060106e+00 6.534142591012498391e-01
-1.341475329750855039e+00 4.501820804231720929e-01
-1.339521250610649750e+00 5.534706523129294675e-01
-1.337567171470444460e+00 8.211891497685507302e-01
-1.335613092330239393e+00 5.177972483430339778e-01
-1.333659013190034326e+00 6.103201160253003410e-01
-1.331704934049829037e+00 5.968430718911168498e-01
-1.329750854909623747e+00 5.976606305474226888e-01
-1.327796775769418680e+00 1.379547964831583928e-01
-1.325842696629213613e+00 4.886014995272778272e-01
-1.323888617489008324e+00 -7.672080281405376824e-03
-1.321934538348803034e+00 -4.481657266660574873e-02
-1.319980459208597967e+00 -2.707132814003854748e-01
-1.318026380068392900e+00 -8.654723850476963021e-01
-1.316072300928187611e+00 -7.355340082363801546e-01
-1.314118221787982321e+00 -5.634743371410989576e-01
-1.312164142647777254e+00 -5.119919770338813292e-01
-1.310210063507572187e+00 -3.482285675872062169e-01
-1.308255984367366898e+00 -4.241523569748119060e-01
-1.306301905227161608e+00 5.273080083222609488e-02
-1.304347826086956541e+00 1.057861465899611719e+00
-1.302393746946751474e+00 1.201616426364574552e+00
-1.300439667806546185e+00 3.909363127369052671e-01
-1.298485588666340895e+00 -1.710135596856360296e-01
-1.296531509526135828e+00 7.264257458836741177e-02
-1.294577430385930761e+00 4.862754733773537730e-01
-1.292623351245725472e+00 5.873180852885326875e-01
-1.290669272105520182e+00 1.672570946235416578e-01
-1.288715192965315115e+00 2.000850180323380245e-01
-1.286761113825110048e+00 -1.467419169205615992e-01
-1.284807034684904758e+00 -6.674069893163450118e-01
-1.282852955544699469e+00 -7.235442693393633329e-01
-1.280898876404494402e+00 -4.818032864482029165e-01
-1.278944797264289335e+00 -1.279779054199641219e+00
-1.276990718124084045e+00 -9.047867655446051316e-01
-1.275036638983878756e+00 -5.516454038696341211e-01
-1.273082559843673689e+00 -6.393065892291307506e-01
-1.271128480703468622e+00 -8.442579583193379200e-01
-1.269174401563263332e+00 -7.362489368464553152e-02
-1.267220322423058043e+00 7.394444788086990128e-01
-1.265266243282852976e+00 3.205469420580460138e-01
-1.263312164142647909e+00 -4.137279066562448704e-01
-1.261358085002442619e+00 -5.577116834880313512e-02
-1.259404005862237330e+00 2.901212364457737003e-01
-1.257449926722032263e+00 4.675111821961177583e-01
-1.255495847581827196e+00 7.708753921688532573e-01
-1.253541768441621906e+00 6.227401732441415483e-01
-1.251587689301416617e+00 5.058426077055587777e-01
-1.249633610161211550e+00 3.932941989686989936e-01
-1.247679531021006483e+00 -5.701727138461523681e-02
-1.245725451880801193e+00 -2.658608315119995180e-02
-1.243771372740595904e+00 3.651831473893333430e-02
-1.241817293600390837e+00 -6.248254609941803484e-01
-1.239863214460185770e+00 -6.684062437758149233e-01
-1.237909135319980480e+00 1.142098156106380463e-01
-1.235955056179775191e+00 -3.504774503363067284e-02
-1.234000977039570124e+00 -4.947327456370661375e-02
-1.232046897899365057e+00 1.402661760467768526e-01
-1.230092818759159767e+00 -2.965883880676884257e-02
-1.228138739618954478e+00 -5.541933417445816801e-01
-1.226184660478749411e+00 -6.631195814149070111e-01
-1.224230581338544344e+00 4.974026289821723568e-01
-1.222276502198339054e+00 7.295182982862634669e-01
-1.220322423058133765e+00 3.616750324774293257e-01
-1.218368343917928698e+00 1.726803698420929789e-01
-1.216414264777723631e+00 2.700347294272572585e-01
-1.214460185637518341e+00 1.106138967985877963e-01
-1.212506106497313052e+00 -2.984092300273067377e-01
-1.210552027357107985e+00 -4.345791136959853418e-01
-1.208597948216902918e+00 -6.636671141417604947e-01
-1.206643869076697628e+00 -1.990618807629197518e-01
-1.204689789936492339e+00 4.186933828627526499e-01
-1.202735710796287272e+00 5.110628824923187929e-01
-1.200781631656082205e+00 7.728852825902980152e-03
-1.198827552515876915e+00 -3.655303073522211399e-01
-1.196873473375671626e+00 -5.504978968850209042e-02
-1.194919394235466559e+00 -4.050536593649078365e-01
-1.192965315095261492e+00 -2.224156791650067078e-01
-1.191011235955056202e+00 -2.254391295719785360e-01
-1.189057156814850913e+00 -4.711414434004553842e-01
-1.187103077674645846e+00 -3.620599621389590794e-01
-1.185148998534440778e+00 3.250317650249048840e-01
-1.183194919394235489e+00 1.826020956232568826e-01
-1.181240840254030200e+00 -1.882816614149728229e-01
-1.179286761113825133e+00 -4.025679988290906119e-01
-1.177332681973620065e+00 5.037499765981981459e-02
-1.175378602833414776e+00 1.317276615870864760e-02
-1.173424523693209487e+00 -2.336948973955511044e-01
-1.171470444553004420e+00 -3.633518424335754338e-01
-1.169516365412799352e+00 -4.190359132161439182e-01
-1.167562286272594063e+00 -3.305372425103744183e-01
-1.165608207132388774e+00 -1.840669760411711708e-01
-1.163654127992183707e+00 5.578748740008303286e-02
-1.161700048851978639e+00 1.476057151058124128e-01
-1.159745969711773350e+00 -5.318320759187240565e-01
-1.157791890571568061e+00 -2.708589189678973219e-01
-1.155837811431362994e+00 -2.974185447045164798e-02
-1.153883732291157926e+00 1.124222895206048456e-01
-1.151929653150952637e+00 7.222975734080250287e-01
-1.149975574010747348e+00 9.027481285932299482e-01
-1.148021494870542281e+00 3.588002510187560112e-01
-1.146067415730337213e+00 -1.007976570982672820e-01
-1.144113336590131924e+00 -1.122039862546008460e-01
-1.142159257449926635e+00 3.177843888789779747e-01
-1.140205178309721568e+00 1.216461952954464715e-01
-1.138251099169516500e+00 -8.019290214640142356e-01
-1.136297020029311211e+00 -1.045898965490486221e+00
-1.134342940889105922e+00 -4.723866939960296163e-01
-1.132388861748900855e+00 -4.203429749936928861e-01
-1.130434782608695787e+00 1.672573767140522194e-01
-1.128480703468490498e+00 2.801704254487145107e-01
-1.126526624328285209e+00 3.177563275010860527e-02
-1.124572545188080142e+00 7.299459099937605222e-02
-1.122618466047875074e+00 -1.399494075855139130e-01
-1.120664386907669785e+00 5.907663002983510880e-01
-1.118710307767464496e+00 -1.302531899262688309e-01
-1.116756228627259429e+00 -4.452411035724523347e-01
-1.114802149487054361e+00 1.586516747266657479e-01
-1.112848070346849072e+00 1.146697301305056454e-01
-1.110893991206643783e+00 3.811510463002129590e-02
-1.108939912066438715e+00 3.466098415402769084e-01
-1.106985832926233648e+00 1.769922553043410951e-01
-1.105031753786028359e+00 -2.407145236139225930e-01
-1.103077674645823070e+00 1.091039021447884894e-01
-1.101123595505618002e+00 -4.529345112066646140e-01
-1.099169516365412935e+00 -1.902156194934427336e-01
-1.097215437225207646e+00 1.114729846921507089e-01
-1.095261358085002357e+00 2.278801901601250068e-01
-1.093307278944797289e+00 3.043007686177827686e-01
-1.091353199804592222e+00 2.156190746884094622e-01
-1.089399120664386933e+00 2.160415083675747416e-01
-1.087445041524181644e+00 3.708002134819537998e-01
-1.085490962383976576e+00 3.218142031275973425e-01
-1.083536883243771509e+00 4.022231531224916834e-01
-1.081582804103566220e+00 6.497775950537749701e-01
-1.079628724963360931e+00 6.178731667678526440e-01
-1.077674645823155863e+00 2.935702328738454825e-01
-1.075720566682950796e+00 -3.800918632898691030e-01
-1.073766487542745507e+00 -6.240637009721965445e-01
-1.071812408402540218e+00 -3.104309780503914373e-01
-1.069858329262335150e+00 -2.776387291183489703e-01
-1.067904250122130083e+00 -2.738881163322127721e-01
-1.065950170981924794e+00 1.388768922959180974e-01
-1.063996091841719505e+00 4.491865618692913453e-01
-1.062042012701514437e+00 -2.287203900226196240e-01
-1.060087933561309370e+00 -2.966262944008300484e-01
-1.058133854421104081e+00 -3.137534582112733728e-01
-1.056179775280898792e+00 -4.426609653296642577e-01
-1.054225696140693724e+00 -1.938004792893819050e-01
-1.052271617000488657e+00 -4.859969790370060605e-01
-1.050317537860283368e+00 -3.173086260313096041e-01
-1.048363458720078079e+00 2.451789995941194289e-01
-1.046409379579873011e+00 2.369644770281928783e-02
-1.044455300439667944e+00 -4.402072225778114745e-01
-1.042501221299462655e+00 -5.870005327395191319e-01
-1.040547142159257366e+00 -1.732109131057655849e-01
-1.038593063019052298e+00 2.254533832222026246e-01
-1.036638983878847231e+00 5.657167003989869158e-01
-1.034684904738641942e+00 4.673774334968072014e-02
-1.032730825598436653e+00 -6.027210651455626733e-01
-1.030776746458231585e+00 -5.263422675841581411e-01
-1.028822667318026518e+00 -3.007474545975465929e-01
-1.026868588177821229e+00 -3.531258826980359644e-01
-1.024914509037615939e+00 -4.406068056862213478e-01
-1.022960429897410872e+00 -2.256545307288750080e-01
-1.021006350757205805e+00 -4.774153059580000247e-01
-1.019052271617000516e+00 -1.218423589367326310e+00
-1.017098192476795226e+00 -8.155105480621444025e-01
-1.015144113336590159e+00 2.406697436430393910e-01
-1.013190034196385092e+00 9.867209976619636946e-02
-1.011235955056179803e+00 -4.214371699808248939e-02
-1.009281875915974513e+00 -2.998935180688560437e-02
-1.007327796775769446e+00 4.128442509056406973e-02
-1.005373717635564379e+00 2.701656610772346645e-01
-1.003419638495359090e+00 -1.859830540265543508e-01
-1.001465559355153800e+00 2.504572533303793258e-01
-9.995114802149487332e-01 2.769780183353937608e-01
-9.975574010747436660e-01 -1.166207243960074302e-01
-9.956033219345383767e-01 -2.186479800897072057e-01
-9.936492427943330874e-01 -3.492376009452740626e-01
-9.916951636541280202e-01 -4.779590746545592239e-01
-9.897410845139229529e-01 -2.745529969158530537e-02
-9.877870053737176637e-01 6.110593020857376656e-01
-9.858329262335123744e-01 4.576973214749427421e-01
-9.838788470933073071e-01 1.479963440896205074e-01
-9.819247679531022399e-01 2.756346449618524153e-01
-9.799706888128969506e-01 -4.147902511453264995e-02
-9.780166096726916614e-01 -2.056317103710789407e-01
-9.760625305324865941e-01 2.449224128662442768e-01
-9.741084513922815269e-01 2.895671869943429177e-01
-9.721543722520762376e-01 -3.608352949025379619e-01
-9.702002931118709483e-01 1.430147887979325572e-01
-9.682462139716658811e-01 5.735875489575602559e-01
-9.662921348314608139e-01 5.030964358250531454e-01
-9.643380556912555246e-01 1.534639893196449167e-01
-9.623839765510502353e-01 -1.092999146309034525e-01
-9.604298974108451681e-01 -6.124147738528307183e-01
-9.584758182706401008e-01 1.672670617263486981e-01
-9.565217391304348116e-01 2.346610979697310029e-01
-9.545676599902295223e-01 -1.388448123909785115e-01
-9.526135808500244551e-01 -5.253316763967281755e-01
-9.506595017098193878e-01 -6.678911228489124996e-01
-9.487054225696140985e-01 -5.478909882264889480e-02
-9.467513434294088093e-01 -3.657485532910553228e-01
-9.447972642892037420e-01 -5.622654221314975498e-01
-9.428431851489986748e-01 -1.553420183673709654e-01
-9.408891060087933855e-01 -3.267060524473738292e-01
-9.389350268685880962e-01 8.105202276987650833e-01
-9.369809477283830290e-01 9.624334916259129624e-01
-9.350268685881779618e-01 3.411536977146129579e-01
-9.330727894479726725e-01 5.626343223670551286e-01
-9.311187103077673832e-01 3.851925951185916075e-01
-9.291646311675623160e-01 1.884108234950502836e-01
-9.272105520273572488e-01 -4.306108281736024113e-01
-9.252564728871519595e-01 -4.515031964271203346e-01
-9.233023937469466702e-01 -4.122373653859978671e-01
-9.213483146067416030e-01 -9.237190379979391963e-01
-9.193942354665365357e-01 -6.800843391475054345e-01
-9.174401563263312465e-01 -1.068907134736199138e+00
-9.154860771861259572e-01 -5.396781891154490696e-01
-9.135319980459208900e-01 -5.087697637918210392e-01
-9.115779189057158227e-01 -2.919160831746829832e-01
-9.096238397655105334e-01 6.656628298332753491e-02
-9.076697606253052442e-01 -2.237043638881135998e-01
-9.057156814851001769e-01 -1.770209857919072538e-01
-9.037616023448951097e-01 4.303854991513567096e-01
-9.018075232046898204e-01 3.457558336572275071e-01
-8.998534440644845311e-01 -7.600635326575206907e-01
-8.978993649242794639e-01 -2.654990950451739939e-01
-8.959452857840743967e-01 2.720004611365387515e-01
-8.939912066438691074e-01 -2.774838457877242676e-02
-8.920371275036638181e-01 -3.770036231110854286e-01
-8.900830483634587509e-01 -1.950372225750827138e-01
-8.881289692232536837e-01 3.762468482912244561e-01
-8.861748900830483944e-01 4.076824682840499148e-01
-8.842208109428431051e-01 -1.139757210064222537e-01
-8.822667318026380379e-01 -8.962092903153007217e-02
-8.803126526624329706e-01 2.662306047532182474e-01
-8.783585735222276814e-01 1.646574603887464017e-01
-8.764044943820223921e-01 2.690191199632232522e-01
-8.744504152418173248e-01 1.492563645136233963e-01
-8.724963361016122576e-01 2.954791037446213298e-01
-8.705422569614069683e-01 1.986082541330182472e-01
-8.685881778212016791e-01 3.302213754327046891e-01
-8.666340986809966118e-01 4.023876333641102088e-01
-8.646800195407915446e-01 3.701159849969103410e-01
-8.627259404005862553e-01 -1.458885965449248923e-01
-8.607718612603809660e-01 -2.357324907112097467e-01
-8.588177821201758988e-01 -4.191685574432257311e-01
-8.568637029799708316e-01 1.508645965290499047e-01
-8.549096238397655423e-01 9.973457539064979616e-02
-8.529555446995602530e-01 -5.643127932458839036e-01
-8.510014655593551858e-01 -7.534452271210055896e-01
-8.490473864191501185e-01 -2.031970984156240834e-01
-8.470933072789448293e-01 1.443395937015110875e-01
-8.451392281387395400e-01 6.502985829343731483e-01
-8.431851489985344728e-01 2.722719557188217343e-01
-8.412310698583294055e-01 -4.546773581110344908e-01
-8.392769907181241162e-01 -6.236087619913726066e-01
-8.373229115779188270e-01 -4.584085861861128541e-01
-8.353688324377137597e-01 -2.004379109864252995e-01
-8.334147532975086925e-01 -2.611855922788149376e-01
-8.314606741573034032e-01 -5.203903945307180035e-01
-8.295065950170981139e-01 -7.157769063076891980e-01
-8.275525158768930467e-01 -2.890243387874343872e-01
-8.255984367366879795e-01 4.344140974587628462e-02
-8.236443575964826902e-01 -1.005566117933722053e-01
-8.216902784562774009e-01 4.378317907545480336e-01
-8.197361993160723337e-01 2.619170459315222632e-01
-8.177821201758672665e-01 -9.681050206984592732e-02
-8.158280410356619772e-01 1.884156304442782259e-01
-8.138739618954566879e-01 2.654729284762790131e-01
-8.119198827552516207e-01 4.104687490555448681e-01
-8.099658036150465534e-01 2.825707002218929009e-01
-8.080117244748412642e-01 1.054077056624010411e-01
-8.060576453346359749e-01 -3.370534763278725809e-01
-8.041035661944309076e-01 -4.650805191143964068e-01
-8.021494870542258404e-01 -3.677119576293377268e-01
-8.001954079140205511e-01 -4.209028992370835720e-01
-7.982413287738152619e-01 -9.146160163061789472e-02
-7.962872496336101946e-01 2.852322817250173559e-01
-7.943331704934051274e-01 1.824713715070680753e-01
-7.923790913531998381e-01 2.075177326513224507e-01
-7.904250122129945488e-01 3.416627871902855884e-01
-7.884709330727894816e-01 -1.398443783698920806e-01
-7.865168539325844144e-01 2.358355634491857700e-01
-7.845627747923791251e-01 4.230631803893208920e-02
-7.826086956521738358e-01 -3.928163758384839999e-01
-7.806546165119687686e-01 3.566006875582174857e-02
-7.787005373717637013e-01 -4.143901121255880726e-01
-7.767464582315584121e-01 -2.135955729026354222e-01
-7.747923790913531228e-01 9.685353979348094999e-02
-7.728382999511480556e-01 -4.729163090122167068e-01
-7.708842208109429883e-01 -3.502849460576177298e-01
-7.689301416707376990e-01 3.140060278045470055e-01
-7.669760625305324098e-01 2.586584520623389505e-01
-7.650219833903273425e-01 8.942128220672462824e-02
-7.630679042501222753e-01 6.268336444451920453e-02
-7.611138251099169860e-01 8.418384547263757511e-02
-7.591597459697116967e-01 4.137163590317990414e-01
-7.572056668295066295e-01 3.844215659629840465e-01
-7.552515876893015623e-01 1.859780437432045908e-01
-7.532975085490962730e-01 4.828918746700314873e-02
-7.513434294088909837e-01 -2.826632656584500136e-01
-7.493893502686859165e-01 -6.573582002898780141e-01
-7.474352711284808493e-01 -2.531996361619571756e-01
-7.454811919882755600e-01 4.695389195164226814e-01
-7.435271128480702707e-01 4.420753487809127025e-01
-7.415730337078652035e-01 -5.206921394460184427e-01
-7.396189545676601362e-01 -5.233224852799709392e-01
-7.376648754274548470e-01 2.487321801013689659e-01
-7.357107962872495577e-01 -3.136930607933081094e-01
-7.337567171470444904e-01 -1.999526750637086944e-03
-7.318026380068394232e-01 3.190299148607566027e-01
-7.298485588666341339e-01 2.741796356208132113e-01
-7.278944797264288447e-01 1.516485220332631778e-01
-7.259404005862237774e-01 1.694198868826073123e-01
-7.239863214460187102e-01 8.593989855171713099e-01
-7.220322423058134209e-01 7.893988395554069060e-01
-7.200781631656081316e-01 -3.255211006341224844e-01
-7.181240840254030644e-01 1.452585130388965411e-02
-7.161700048851979972e-01 -1.632626907020827411e-01
-7.142159257449927079e-01 -4.841429167849954640e-02
-7.122618466047874186e-01 4.626395003254314409e-01
-7.103077674645823514e-01 1.095090772183577449e-01
-7.083536883243772841e-01 -1.588039565038305845e-02
-7.063996091841719949e-01 -1.900719343275896756e-01
-7.044455300439667056e-01 8.352066846359697261e-02
-7.024914509037616384e-01 -1.275523687255344374e-01
-7.005373717635565711e-01 -5.579041522714418555e-01
-6.985832926233512818e-01 -2.300095807321488883e-01
-6.966292134831459926e-01 -4.312702820771445733e-01
-6.946751343429409253e-01 -6.491883483173657154e-01
-6.927210552027358581e-01 2.654661562641781325e-01
-6.907669760625305688e-01 1.998882654842744633e-01
-6.888128969223252795e-01 -1.471275838630904942e-01
-6.868588177821202123e-01 2.256091190531837598e-01
-6.849047386419151451e-01 5.350628486097690206e-02
-6.829506595017098558e-01 -2.455107108573001407e-02
-6.809965803615045665e-01 -6.757185769717023727e-02
-6.790425012212994993e-01 -6.348541040106293609e-01
-6.770884220810944321e-01 -1.230820533502236636e+00
-6.751343429408891428e-01 -1.192112461476371843e+00
-6.731802638006838535e-01 -7.487348855526149149e-01
-6.712261846604787863e-01 -4.908958309402989828e-01
-6.692721055202737190e-01 -4.761446545688888810e-01
-6.673180263800684298e-01 -6.726693187237976490e-01
-6.653639472398631405e-01 -7.090228589091739364e-01
-6.634098680996580732e-01 -2.275783353135653331e-01
-6.614557889594530060e-01 -4.427843393708530972e-01
-6.595017098192477167e-01 6.790293232836638881e-02
-6.575476306790424275e-01 2.682486369900701773e-01
-6.555935515388373602e-01 -3.613838507979027365e-02
-6.536394723986322930e-01 7.050472640505511812e-03
-6.516853932584270037e-01 -1.548913132770170144e-03
-6.497313141182217144e-01 -1.503026444046997312e-01
-6.477772349780166472e-01 4.143067062376362686e-01
-6.458231558378115800e-01 4.855964458222630231e-01
-6.438690766976062907e-01 1.350427591325356058e-01
-6.419149975574010014e-01 -1.483111373543729572e-01
-6.399609184171959342e-01 -5.137078211830438113e-01
-6.380068392769908669e-01 -6.631731428065890110e-02
-6.360527601367855777e-01 2.966553628553598720e-01
-6.340986809965802884e-01 2.579360192709482247e-01
-6.321446018563752212e-01 1.892371850865350869e-01
-6.301905227161701539e-01 6.865097767999166489e-01
-6.282364435759648646e-01 7.906892150166877631e-01
-6.262823644357595754e-01 3.730899022291579437e-01
-6.243282852955545081e-01 2.087828825351513706e-01
-6.223742061553494409e-01 -5.321702818226339282e-01
-6.204201270151441516e-01 -8.329947799600289082e-01
-6.184660478749388623e-01 -3.292012602504804097e-01
-6.165119687347337951e-01 -1.267278067716498535e-01
-6.145578895945287279e-01 9.570510833339408718e-02
-6.126038104543234386e-01 -3.403186070108951133e-01
-6.106497313141181493e-01 -1.065057752326856511e+00
-6.086956521739130821e-01 -9.130152156485269455e-01
-6.067415730337080149e-01 -4.881943183218729887e-01
-6.047874938935027256e-01 -8.238140051959481625e-01
-6.028334147532974363e-01 -4.642719645041581411e-01
-6.008793356130923691e-01 -4.370270315547726547e-02
-5.989252564728873018e-01 3.256781362312188843e-02
-5.969711773326820126e-01 -6.477201375342069856e-01
-5.950170981924767233e-01 -9.550220320525809603e-01
-5.930630190522716561e-01 -4.309440227268235279e-01
-5.911089399120665888e-01 -8.910242858060482551e-02
-5.891548607718612995e-01 -2.256983930844288500e-01
-5.872007816316560103e-01 2.559216264588975651e-02
-5.852467024914509430e-01 -6.364823752584343464e-02
-5.832926233512458758e-01 2.001761313907426953e-01
-5.813385442110405865e-01 1.902333071736442838e-01
-5.793844650708352972e-01 -5.417776107552305653e-01
-5.774303859306302300e-01 -9.469538315515624305e-01
-5.754763067904251628e-01 -1.505697438422776424e-01
-5.735222276502198735e-01 -3.884820118952442836e-01
-5.715681485100145842e-01 -4.248121180983339684e-01
-5.696140693698095170e-01 6.177470603183673331e-02
-5.676599902296044498e-01 2.125249709459181846e-01
-5.657059110893991605e-01 4.898016221191507924e-01
-5.637518319491938712e-01 4.849385973396854732e-01
-5.617977528089888040e-01 -4.466319925139071445e-02
-5.598436736687837367e-01 -1.473794955964598530e-01
-5.578895945285784475e-01 -2.528777045927391720e-01
-5.559355153883731582e-01 4.741906008321281618e-01
-5.539814362481680909e-01 2.841083816278860974e-01
-5.520273571079630237e-01 1.133565062463897100e-01
-5.500732779677577344e-01 5.564577395109425728e-01
-5.481191988275524452e-01 2.878797108503431956e-01
-5.461651196873473779e-01 1.449999712436364774e-01
-5.442110405471423107e-01 3.171051213976228689e-01
-5.422569614069370214e-01 1.629611530023533372e-01
-5.403028822667317321e-01 -4.955971908048764640e-01
-5.383488031265266649e-01 -5.240750727410842247e-01
-5.363947239863215977e-01 -3.126700431983140405e-01
-5.344406448461163084e-01 -5.980717234164829588e-01
-5.324865657059110191e-01 -1.000429286860318401e+00
-5.305324865657059519e-01 -1.575403428360410696e-01
-5.285784074255008846e-01 -1.939127291761692795e-01
-5.266243282852955954e-01 -9.110405741841782756e-01
-5.246702491450903061e-01 -6.363391404638750748e-01
-5.227161700048852389e-01 -7.694443157855037629e-01
-5.207620908646801716e-01 -2.177348503676597158e-01
-5.188080117244748823e-01 1.715289046270130346e-01
-5.168539325842695931e-01 -4.522648080397044801e-01
-5.148998534440645258e-01 -2.773099788923979458e-01
-5.129457743038594586e-01 1.587590042941916524e-01
-5.109916951636541693e-01 5.712911933765518757e-01
-5.090376160234488800e-01 8.357287852572546916e-01
-5.070835368832438128e-01 9.439621660642300016e-01
-5.051294577430387456e-01 3.823349864159480971e-01
-5.031753786028334563e-01 -2.964652605877277636e-01
-5.012212994626281670e-01 -4.589697113526880479e-01
-4.992672203224230998e-01 -3.746557614593030161e-01
-4.973131411822180326e-01 -2.021143607585296209e-01
-4.953590620420127433e-01 -1.073736653679820269e-01
-4.934049829018074540e-01 -2.596948890813415844e-01
-4.914509037616023868e-01 -7.405106684144972806e-02
-4.894968246213973195e-01 -5.392094539880775556e-02
-4.875427454811920303e-01 -2.565545225604406454e-01
-4.855886663409867410e-01 -4.090046625898207666e-01
-4.836345872007816737e-01 7.173909744836075644e-03
-4.816805080605766065e-01 4.169290314732948532e-01
-4.797264289203713172e-01 2.213525589691509587e-01
-4.777723497801660280e-01 7.917069779436666788e-02
-4.758182706399609607e-01 -6.272654167007494230e-01
-4.738641914997558935e-01 -6.998607746851648326e-01
-4.719101123595506042e-01 -1.442402015161069195e-01
-4.699560332193453149e-01 7.440083218605461624e-02
-4.680019540791402477e-01 5.350143528628195089e-01
-4.660478749389351805e-01 3.654789940895787348e-01
-4.640937957987298912e-01 -1.640101134595208995e-02
-4.621397166585246019e-01 -5.648768750270256600e-01
-4.601856375183195347e-01 -7.181439309580096853e-02
-4.582315583781144674e-01 6.650308696890301630e-02
-4.562774792379091782e-01 -6.500992727934745696e-01
-4.543234000977038889e-01 -3.111519903093382666e-01
-4.523693209574988217e-01 2.232017777808898984e-01
-4.504152418172937544e-01 2.802679432884450095e-01
-4.484611626770884651e-01 -2.546442322333806185e-01
-4.465070835368831759e-01 -3.774047890978255437e-01
-4.445530043966781086e-01 -1.147980218461134433e-01
-4.425989252564730414e-01 4.287453026163256520e-01
-4.406448461162677521e-01 3.638956804788451294e-01
-4.386907669760624628e-01 2.060914164803892834e-01
-4.367366878358573956e-01 -5.048035428451913553e-01
-4.347826086956523284e-01 -6.946098082338098001e-01
-4.328285295554470391e-01 -7.096646110204920532e-01
-4.308744504152417498e-01 -8.860057235396843200e-01
-4.289203712750366826e-01 -5.244920463568873981e-01
-4.269662921348316154e-01 -6.324641812492636239e-01
-4.250122129946263261e-01 -6.035221046872937256e-01
-4.230581338544210368e-01 -1.721743804129414745e-01
-4.211040547142159696e-01 3.121983030163076323e-01
-4.191499755740109023e-01 1.643800404293911943e-01
-4.171958964338056131e-01 4.718236421735942931e-01
-4.152418172936003238e-01 1.048039034889122478e-01
-4.132877381533952565e-01 -1.792363334572094277e-02
-4.113336590131901893e-01 -2.203184573526284495e-01
-4.093795798729849000e-01 -3.923331656343712059e-01
-4.074255007327796108e-01 -1.235259186239544282e-01
-4.054714215925745435e-01 3.900031608080262724e-01
-4.035173424523694763e-01 1.175798951283424515e-01
-4.015632633121641870e-01 -8.114013732296654346e-01
-3.996091841719588977e-01 -1.165839337552784016e+00
-3.976551050317538305e-01 -6.830059228938444305e-01
-3.957010258915487633e-01 -7.858865944319305408e-01
-3.937469467513434740e-01 -5.877398137615812423e-01
-3.917928676111381847e-01 3.352118796892889496e-01
-3.898387884709331175e-01 -2.307109923429123133e-01
-3.878847093307280502e-01 -3.944990222614568748e-02
-3.859306301905227610e-01 6.719020667083013265e-01
-3.839765510503174717e-01 -1.614069438130395773e-01
-3.820224719101124045e-01 -3.819951281839301105e-01
-3.800683927699073372e-01 -3.271471599602593927e-01
-3.781143136297020479e-01 -1.851625031135381572e-01
-3.761602344894967587e-01 2.512935198392390879e-01
-3.742061553492916914e-01 6.670100482253455976e-01
-3.722520762090866242e-01 -2.320137686796168094e-02
-3.702979970688813349e-01 -9.137638670463030799e-01
-3.683439179286760456e-01 -4.659009355895843418e-01
-3.663898387884709784e-01 5.802310481963137562e-02
-3.644357596482659112e-01 6.796981047961012101e-02
-3.624816805080606219e-01 -1.949788602738941889e-01
-3.605276013678553326e-01 -3.015187700760771916e-01
-3.585735222276502654e-01 3.448306189108754638e-01
-3.566194430874451982e-01 5.831377282990766187e-01
-3.546653639472399089e-01 9.256641284926414581e-01
-3.527112848070346196e-01 6.715395391408952586e-01
-3.507572056668295524e-01 -9.318404264226427813e-03
-3.488031265266244851e-01 -7.118278089126173214e-02
-3.468490473864191959e-01 1.634344729669577612e-01
-3.448949682462139066e-01 2.851754821825081554e-01
-3.429408891060088393e-01 5.936711558534839561e-01
-3.409868099658037721e-01 3.843427722274040947e-01
-3.390327308255984828e-01 -9.754689166758251373e-02
-3.370786516853931936e-01 3.914335470020081087e-01
-3.351245725451881263e-01 7.698435800284259001e-01
-3.331704934049830591e-01 6.587023179371576109e-01
-3.312164142647777698e-01 -1.600920710241016676e-01
-3.292623351245724805e-01 -8.032564943068674218e-03
-3.273082559843674133e-01 3.336411111697998311e-02
-3.253541768441623461e-01 1.010183282119466036e-01
-3.234000977039570568e-01 -1.110776042612104664e-01
-3.214460185637517675e-01 2.522559786886096611e-01
-3.194919394235467003e-01 5.476477086834650176e-01
-3.175378602833416330e-01 5.283824586380395649e-01
-3.155837811431363438e-01 -3.154122876034959333e-01
-3.136297020029310545e-01 1.696257625747491504e-01
-3.116756228627259873e-01 -1.117039231477104100e-01
-3.097215437225209200e-01 1.211586055849941113e-01
-3.077674645823156308e-01 2.148976355744660616e-01
-3.058133854421103415e-01 5.537769232808284481e-02
-3.038593063019052742e-01 2.185613321893590255e-01
-3.019052271617002070e-01 6.877573739880831205e-01
-2.999511480214949177e-01 4.079049028846114533e-01
-2.979970688812896285e-01 3.804397202700985359e-01
-2.960429897410845612e-01 2.433508127401118881e-01
-2.940889106008794940e-01 7.760016328453589463e-02
-2.921348314606742047e-01 -1.069738492486882603e-01
-2.901807523204689154e-01 2.099385397760271388e-01
-2.882266731802638482e-01 6.525356371467178063e-02
-2.862725940400587810e-01 -5.777008123637313031e-02
-2.843185148998534917e-01 2.093021634338369796e-01
-2.823644357596482024e-01 3.110884693757046682e-01
-2.804103566194431352e-01 3.887192708683269160e-01
-2.784562774792380679e-01 3.241316391506209871e-01
-2.765021983390327787e-01 4.117443364318650878e-01
-2.745481191988274894e-01 7.694984432300032706e-01
-2.725940400586224222e-01 4.065942525323809065e-01
-2.706399609184173549e-01 6.888011442954482429e-03
-2.686858817782120656e-01 1.589086969637262536e-01
-2.667318026380067764e-01 3.153415543808917310e-01
-2.647777234978017091e-01 7.076637393892860617e-01
-2.628236443575966419e-01 1.592720761889996062e-01
-2.608695652173913526e-01 -3.708776399965257875e-02
-2.589154860771860633e-01 -1.015316363564524454e-01
-2.569614069369809961e-01 -5.750363696574855021e-01
-2.550073277967759289e-01 -2.973935396794708530e-01
-2.530532486565706396e-01 -5.195354568294384690e-01
-2.510991695163653503e-01 -4.298829448434063893e-01
-2.491450903761602831e-01 1.108984277237430038e-01
-2.471910112359552159e-01 -1.396260200154125601e-02
-2.452369320957499266e-01 3.203467211804280623e-01
-2.432828529555446373e-01 5.976461961232060194e-01
-2.413287738153395701e-01 1.093611785310417694e-01
-2.393746946751345028e-01 -7.548711259783822403e-01
-2.374206155349292136e-01 -5.570742373240518130e-01
-2.354665363947239243e-01 2.101385246292122588e-01
-2.335124572545188570e-01 -1.516575626130410026e-01
-2.315583781143137898e-01 -8.241987227865054111e-01
-2.296042989741085005e-01 -3.950226551889163273e-01
-2.276502198339032113e-01 -2.899686132704989427e-01
-2.256961406936981440e-01 -1.868280173571321701e-01
-2.237420615534930768e-01 -4.703210181482021524e-01
-2.217879824132877875e-01 -5.636011478221973903e-01
-2.198339032730824982e-01 -3.670579353306876458e-01
-2.178798241328774310e-01 -1.429417847247129447e-01
-2.159257449926723638e-01 2.920313775085876529e-01
-2.139716658524670745e-01 3.654017029140096268e-02
-2.120175867122617852e-01 -4.615311770632256616e-01
-2.100635075720567180e-01 -6.420381674791780791e-01
-2.081094284318516507e-01 -5.445086440144102369e-01
-2.061553492916463615e-01 -3.873328720593525176e-01
-2.042012701514410722e-01 -4.956902622436368255e-01
-2.022471910112360050e-01 -2.316013325093501107e-01
-2.002931118710309377e-01 1.805880944639050023e-01
-1.983390327308256484e-01 -1.443959261451014942e-01
-1.963849535906203592e-01 -3.831086099124111355e-01
-1.944308744504152919e-01 -5.532794090496413464e-01
-1.924767953102102247e-01 -4.629332837916861898e-01
-1.905227161700049354e-01 2.417236399651947754e-01
-1.885686370297996461e-01 4.611003874991621565e-01
-1.866145578895945789e-01 3.172058207659456674e-01
-1.846604787493895117e-01 -2.642238255187748242e-01
-1.827063996091842224e-01 9.514522102080716359e-02
-1.807523204689789331e-01 -3.472650580646448049e-01
-1.787982413287738659e-01 -4.907313990752203425e-01
-1.768441621885687987e-01 -6.959376086636076542e-01
-1.748900830483635094e-01 -4.000686524679650802e-01
-1.729360039081582201e-01 -3.985326544566580309e-01
-1.709819247679531529e-01 -1.205933311524275964e-01
-1.690278456277480856e-01 -3.052739456793122225e-02
-1.670737664875427964e-01 -5.836592184024165242e-01
-1.651196873473375071e-01 5.418343474407896765e-02
-1.631656082071324398e-01 3.639047724929077576e-01
-1.612115290669273726e-01 3.543145626522687941e-01
-1.592574499267220833e-01 2.061124728282305307e-01
-1.573033707865167941e-01 3.317991564811690886e-01
-1.553492916463117268e-01 3.280446807024364198e-01
-1.533952125061066596e-01 5.626297439199294537e-02
-1.514411333659013703e-01 -2.342393597424002605e-01
-1.494870542256960810e-01 -2.951526850307627514e-01
-1.475329750854910138e-01 1.218026933556201757e-01
-1.455788959452859466e-01 7.601821024745397670e-01
-1.436248168050806573e-01 6.344434703309276280e-02
-1.416707376648753680e-01 5.315344619557446637e-02
-1.397166585246703008e-01 4.315883536073619742e-01
-1.377625793844652335e-01 7.186448179872682029e-01
-1.358085002442599443e-01 3.513202894406555199e-01
-1.338544211040546550e-01 -1.396364282868161610e-01
-1.319003419638495878e-01 -2.581372553354689403e-01
-1.299462628236445205e-01 1.231767493443908235e-01
-1.279921836834392312e-01 8.345777350803633698e-01
-1.260381045432339420e-01 5.599096800584990596e-01
-1.240840254030288747e-01 -2.114543116146034296e-01
-1.221299462628238075e-01 1.463349164959497906e-01
-1.201758671226185182e-01 3.977893034708227527e-01
-1.182217879824132289e-01 5.733284053083791132e-02
-1.162677088422081617e-01 7.936278760075014815e-03
-1.143136297020030945e-01 1.669815672346270374e-01
-1.123595505617978052e-01 -1.313082750279154221e-01
-1.104054714215925159e-01 7.049965966526933192e-03
-1.084513922813874487e-01 2.363613095450172938e-02
-1.064973131411823815e-01 3.733323694612541432e-01
-1.045432340009770922e-01 1.115908394998528785e-01
-1.025891548607718029e-01 -5.585623142748717962e-01
-1.006350757205667357e-01 3.315683355175400027e-01
-9.868099658036166844e-02 3.221554034226930541e-01
-9.672691744015637916e-02 -6.015917502389649396e-01
-9.477283829995108988e-02 -1.208328158016728882e+00
-9.281875915974602265e-02 4.716516528679107895e-02
-9.086468001954095541e-02 -3.102184336345372231e-02
-8.891060087933566614e-02 -5.805663801364498999e-01
-8.695652173913037686e-02 -3.268219915559864019e-01
-8.500244259892530962e-02 -3.906842686921855323e-01
-8.304836345872024239e-02 -1.802708050932636252e-01
-8.109428431851495311e-02 -4.284935972770014811e-01
-7.914020517830966384e-02 -4.045570252033255931e-01
-7.718612603810459660e-02 4.707643006990316348e-01
-7.523204689789952937e-02 8.779568700068385301e-01
-7.327796775769424009e-02 4.089484574946592454e-01
-7.132388861748895081e-02 2.811275517309143046e-01
-6.936980947728388358e-02 -8.674819276465758899e-02
-6.741573033707881635e-02 -6.710379193529757424e-01
-6.546165119687352707e-02 -6.266782027215067608e-01
-6.350757205666823779e-02 -8.336125091198554049e-01
-6.155349291646317056e-02 -4.778112260981846049e-01
-5.959941377625810333e-02 1.542291867703912134e-01
-5.764533463605281405e-02 5.248387742187704541e-01
-5.569125549584752477e-02 3.896097474341091993e-01
-5.373717635564245754e-02 2.604498154032247048e-01
-5.178309721543739030e-02 -8.156635078842419673e-02
-4.982901807523210103e-02 -3.539411377335933695e-01
-4.787493893502681175e-02 -3.385714522243163382e-01
-4.592085979482174452e-02 -2.937069804945108831e-01
-4.396678065461667728e-02 -5.469383863360994802e-01
-4.201270151441138800e-02 -1.298850497777829238e-01
-4.005862237420609873e-02 -7.855357092367027949e-01
-3.810454323400103149e-02 -8.514185080609060208e-01
-3.615046409379596426e-02 -3.282183183849896602e-01
-3.419638495359067498e-02 -4.321944543722333609e-01
-3.224230581338538570e-02 -2.148034970024019219e-01
-3.028822667318031847e-02 -2.523360349873401964e-01
-2.833414753297525124e-02 -1.086666956188864913e-01
-2.638006839276996196e-02 4.074715994451715284e-01
-2.442598925256467268e-02 2.343565302160566799e-01
-2.247191011235960545e-02 1.504481633003426910e-01
-2.051783097215453822e-02 1.543774999707878681e-01
-1.856375183194924894e-02 2.425412512130554199e-01
-1.660967269174395966e-02 -1.925704701370689609e-01
-1.465559355153889243e-02 -3.720949382442061970e-01
-1.270151441133382519e-02 4.112870869157456699e-01
-1.074743527112853592e-02 1.968821773093604177e-01
-8.793356130923246639e-03 -1.493362857306821875e-02
-6.839276990718179405e-03 -1.657745638988682990e-01
-4.885197850513112172e-03 -1.894280141323978484e-01
-2.931118710307822894e-03 -2.916178696955958882e-01
-9.770395701025336166e-04 3.432331624521048896e-01
9.770395701025336166e-04 9.415718389996033388e-02
2.931118710307600850e-03 -9.559887471031680573e-02
4.885197850512668083e-03 3.768007218583471207e-01
6.839276990718179405e-03 5.892416658447465760e-01
8.793356130923246639e-03 5.557023675233223603e-01
1.074743527112831387e-02 1.620723782180558681e-01
1.270151441133382519e-02 1.152727940001966878e-01
1.465559355153889243e-02 -1.172559534233875850e-01
1.660967269174395966e-02 2.164033068603880006e-01
1.856375183194902689e-02 9.573502199910223498e-02
2.051783097215409413e-02 1.047285565121104482e-02
2.247191011235960545e-02 4.064283377643449491e-01
2.442598925256467268e-02 4.514275190375799385e-01
2.638006839276973992e-02 -2.078085892101280696e-02
2.833414753297525124e-02 -5.277189443503418342e-01
3.028822667318031847e-02 -2.898722350547726090e-01
3.224230581338538570e-02 -5.573023005891121207e-01
3.419638495359045294e-02 -1.683331441543179374e-01
3.615046409379552017e-02 -1.408093003378364516e-01
3.810454323400103149e-02 3.287925259565683822e-01
4.005862237420609873e-02 7.461330855503176540e-01
4.201270151441116596e-02 2.433669617677778063e-01
4.396678065461667728e-02 -1.128090572638529021e-01
4.592085979482174452e-02 6.396891370899795287e-03
4.787493893502681175e-02 -5.850126403832776184e-02
4.982901807523187898e-02 -1.112848725976975039e+00
5.178309721543694621e-02 -6.858045275755099424e-02
5.373717635564245754e-02 4.665254323996451680e-01
5.569125549584752477e-02 5.742670712351237439e-02
5.764533463605259200e-02 -1.201137725103914103e-02
5.959941377625810333e-02 2.583830889476469439e-01
6.155349291646317056e-02 8.782650234045902282e-02
6.350757205666823779e-02 -3.350204003911061990e-01
6.546165119687330503e-02 -5.881279415801237143e-01
6.741573033707837226e-02 -8.035841595685185024e-02
6.936980947728388358e-02 -3.636956114471517343e-01
7.132388861748895081e-02 -1.016264454311695875e+00
7.327796775769401805e-02 -1.377793581963216718e-01
7.523204689789952937e-02 2.168035672243089351e-01
7.718612603810459660e-02 1.594319564712346482e-01
7.914020517830966384e-02 6.653375682395525903e-01
8.109428431851473107e-02 5.022816671881306094e-01
8.304836345871979830e-02 -3.572226221381821221e-01
8.500244259892530962e-02 2.233173208191613635e-01
8.695652173913037686e-02 1.986024976944930909e-01
8.891060087933544409e-02 8.374472929566049995e-02
9.086468001954095541e-02 5.151095047755883671e-01
9.281875915974602265e-02 2.771128298630732290e-01
9.477283829995108988e-02 -2.596167983519268585e-01
9.672691744015615711e-02 -5.959670995859646103e-01
9.868099658036122435e-02 -1.566870600621783904e-01
1.006350757205667357e-01 3.007294479179443702e-01
1.025891548607718029e-01 4.156162628672611103e-01
1.045432340009768701e-01 1.576540021954461190e-01
1.064973131411823815e-01 7.609006803250207840e-01
1.084513922813874487e-01 4.626470914387991740e-01
1.104054714215925159e-01 8.879445763126644908e-02
1.123595505617975832e-01 -1.446329821235071422e-01
1.143136297020026504e-01 -6.534571242445816885e-01
1.162677088422081617e-01 -3.435728330570666511e-01
1.182217879824132289e-01 3.844799386117192519e-01
1.201758671226182962e-01 3.135199099141491308e-01
1.221299462628238075e-01 -2.261387130862916039e-01
1.240840254030288747e-01 -3.399437388975398711e-01
1.260381045432339420e-01 2.066301694738545414e-01
1.279921836834390092e-01 5.150446059124633713e-01
1.299462628236440764e-01 5.903063009020616952e-02
1.319003419638495878e-01 -8.448368701731480135e-01
1.338544211040546550e-01 -2.049543349848448326e-01
1.358085002442597222e-01 8.431072780182290172e-02
1.377625793844652335e-01 -5.527109856997179937e-01
1.397166585246703008e-01 -7.896683458721378557e-01
1.416707376648753680e-01 -1.059683261598713733e+00
1.436248168050804352e-01 1.564513344015694418e-01
1.455788959452855025e-01 1.715665833035508181e-01
1.475329750854910138e-01 2.747381524433613609e-01
1.494870542256960810e-01 4.420219513051019122e-01
1.514411333659011483e-01 -5.956605872701566939e-01
1.533952125061066596e-01 -7.485182232581826245e-01
1.553492916463117268e-01 -2.668966252503980896e-01
1.573033707865167941e-01 1.123023297096761713e-01
1.592574499267218613e-01 9.544762874032204636e-02
1.612115290669269285e-01 2.624848536833443435e-01
1.631656082071324398e-01 2.995891266982748102e-01
1.651196873473375071e-01 -2.356634127479848295e-01
1.670737664875425743e-01 2.615400206407992867e-01
1.690278456277480856e-01 4.705136635931830291e-01
1.709819247679531529e-01 -3.662908192812147634e-01
1.729360039081582201e-01 -6.671700036911044629e-01
1.748900830483632873e-01 1.797092902252047930e-01
1.768441621885683546e-01 -1.278834515258311239e-02
1.787982413287738659e-01 1.189117203916904009e-01
1.807523204689789331e-01 4.571942862544645103e-01
1.827063996091840004e-01 2.574180141914474973e-01
1.846604787493895117e-01 1.683954542188907944e-01
1.866145578895945789e-01 -3.040505999801276227e-01
1.885686370297996461e-01 -1.772116129820817121e-01
1.905227161700047134e-01 6.257819978024613539e-01
1.924767953102097806e-01 4.553964371730800931e-01
1.944308744504152919e-01 5.110891473582130917e-01
1.963849535906203592e-01 5.814797832805030930e-01
1.983390327308254264e-01 6.674636787605005006e-01
2.002931118710309377e-01 -7.264060126533657125e-02
2.022471910112360050e-01 -3.376334465442221711e-01
2.042012701514410722e-01 -3.601815582885519729e-01
2.061553492916461394e-01 -2.035411748886251371e-01
2.081094284318512067e-01 1.177566383349322177e-01
2.100635075720567180e-01 -3.787598839423667596e-01
2.120175867122617852e-01 -1.467628015099893546e-01
2.139716658524668524e-01 2.999820754401712475e-01
2.159257449926723638e-01 9.172093690695543033e-01
2.178798241328774310e-01 4.363239103593011814e-01
2.198339032730824982e-01 4.915808924123847845e-01
2.217879824132875655e-01 3.578046373517096979e-01
2.237420615534926327e-01 -6.024321108675698665e-03
2.256961406936981440e-01 -5.358313220565797952e-01
2.276502198339032113e-01 -9.314846535944796280e-01
2.296042989741082785e-01 2.985143003983444787e-01
2.315583781143137898e-01 9.156940530793327149e-01
2.335124572545188570e-01 2.695420835584506070e-01
2.354665363947239243e-01 -8.298995566960082337e-02
2.374206155349289915e-01 5.063291260616319123e-02
2.393746946751340587e-01 -1.146238499418465728e-01
2.413287738153395701e-01 -5.382912035113743277e-02
2.432828529555446373e-01 5.280431957283144850e-01
2.452369320957497045e-01 3.031668668290657398e-01
2.471910112359552159e-01 6.817432834011103449e-01
2.491450903761602831e-01 -1.488051114692749699e-01
2.510991695163653503e-01 -1.526400130097163910e+00
2.530532486565704176e-01 -8.306911803460991228e-01
2.550073277967754848e-01 7.932491219636664259e-02
2.569614069369809961e-01 1.772021180459627532e-01
2.589154860771860633e-01 -1.330269024698940428e-01
2.608695652173911306e-01 1.836523474800431932e-01
2.628236443575966419e-01 -4.548474201749278523e-01
2.647777234978017091e-01 -6.222402462212301977e-01
2.667318026380067764e-01 -1.472116999642563741e-02
2.686858817782118436e-01 4.570044207001175418e-01
2.706399609184169108e-01 1.977494093097650618e-01
2.725940400586224222e-01 -1.609239900034364901e-01
2.745481191988274894e-01 5.539872590254260043e-01
2.765021983390325566e-01 3.544055870912387607e-01
2.784562774792380679e-01 3.138701424361013403e-01
2.804103566194431352e-01 -2.085374848017478716e-02
2.823644357596482024e-01 -6.120836760020240686e-01
2.843185148998532696e-01 -1.232395029860906960e-01
2.862725940400583369e-01 7.388297890055638417e-01
2.882266731802638482e-01 7.048571966877198447e-01
2.901807523204689154e-01 5.960684620161416092e-01
2.921348314606739827e-01 3.806057184665063153e-01
2.940889106008794940e-01 3.190808029601550216e-02
2.960429897410845612e-01 -3.968497786587086296e-01
2.979970688812896285e-01 -3.779080213227370422e-01
2.999511480214946957e-01 5.766349561005991164e-01
3.019052271616997629e-01 8.175432643318709669e-01
3.038593063019052742e-01 2.385817165796138561e-01
3.058133854421103415e-01 9.600776065439467488e-02
3.077674645823154087e-01 1.773319456017882767e-01
3.097215437225209200e-01 1.449168275153748034e-02
3.116756228627259873e-01 2.107659428861647366e-01
3.136297020029310545e-01 6.361385669144046240e-01
3.155837811431361217e-01 7.121733060864392506e-01
3.175378602833411890e-01 3.151377835517426007e-01
3.194919394235467003e-01 3.144359021463711823e-01
3.214460185637517675e-01 7.290589992745999393e-02
3.234000977039568347e-01 -2.236796627290977418e-02
3.253541768441623461e-01 6.649050075795966130e-02
3.273082559843674133e-01 -1.283043881194635416e-01
3.292623351245724805e-01 -3.400085746220688487e-01
3.312164142647775478e-01 -2.648209098580046605e-01
3.331704934049826150e-01 -2.321687969253139472e-01
3.351245725451881263e-01 1.765973622225112602e-02
3.370786516853931936e-01 -2.167555634977635926e-01
3.390327308255982608e-01 -4.190026664081143437e-01
3.409868099658037721e-01 -5.447050195564059338e-01
3.429408891060088393e-01 1.681838733042989864e-01
3.448949682462139066e-01 3.287357279124907827e-01
3.468490473864189738e-01 1.138368671124942583e-01
3.488031265266240410e-01 4.116109374239292906e-01
3.507572056668295524e-01 2.872943307036746052e-02
3.527112848070346196e-01 -3.756435619669984405e-01
3.546653639472396868e-01 -2.178282660990294439e-01
3.566194430874451982e-01 -3.632584791857038781e-02
3.585735222276502654e-01 6.266724021014292711e-01
3.605276013678553326e-01 7.528833650870965233e-01
3.624816805080603999e-01 -1.515077523136047488e-01
3.644357596482654671e-01 -5.651432785342163090e-01
3.663898387884709784e-01 1.673523866060830367e-01
3.683439179286760456e-01 -6.619680285537163367e-02
3.702979970688811129e-01 1.588115023376147072e-01
3.722520762090866242e-01 2.037534842648518196e-01
3.742061553492916914e-01 -2.429404722497490732e-01
3.761602344894967587e-01 -5.230138299792280732e-02
3.781143136297018259e-01 1.798032038990143508e-02
3.800683927699068931e-01 7.742401519844081814e-02
3.820224719101124045e-01 1.714171622859737010e-01
3.839765510503174717e-01 -6.395608757826271029e-02
3.859306301905225389e-01 -3.626041960602274794e-01
3.878847093307280502e-01 -4.128875965062839826e-01
3.898387884709331175e-01 4.114293406544951293e-02
3.917928676111381847e-01 9.813059652297201341e-02
3.937469467513432519e-01 6.278572409505066565e-01
3.957010258915483192e-01 7.126733846427975028e-01
3.976551050317538305e-01 2.922203070573550221e-01
3.996091841719588977e-01 -5.212486306187914531e-01
4.015632633121639650e-01 -6.841323854219265588e-01
4.035173424523694763e-01 -1.158099612213474572e-01
4.054714215925745435e-01 6.742748213308593641e-01
4.074255007327796108e-01 4.640220833576751969e-01
4.093795798729846780e-01 1.009350461374512731e-01
4.113336590131897452e-01 -2.117779341190039744e-01
4.132877381533952565e-01 3.508891053699425000e-01
4.152418172936003238e-01 2.539815445354105528e-01
4.171958964338053910e-01 -9.780198397859815596e-02
4.191499755740109023e-01 -4.376715528947772160e-01
4.211040547142159696e-01 -2.293135263013881264e-01
4.230581338544210368e-01 3.255270151787404559e-02
4.250122129946261040e-01 1.737316248993902579e-01
4.269662921348311713e-01 6.650828631381995315e-01
4.289203712750366826e-01 7.560530400338145718e-01
4.308744504152417498e-01 1.607611905173126354e-01
4.328285295554468171e-01 -3.662669806024616559e-01
4.347826086956523284e-01 -8.022790103160351016e-01
4.367366878358573956e-01 -2.981698772802681141e-01
4.386907669760624628e-01 -1.217266330252900902e-01
4.406448461162675301e-01 5.764331159664880418e-03
4.425989252564725973e-01 5.352485338046246710e-01
4.445530043966781086e-01 3.418887506054913983e-01
4.465070835368831759e-01 -2.371146414567855687e-01
4.484611626770882431e-01 -4.184945959959485151e-01
4.504152418172937544e-01 -1.019099836639885542e-01
4.523693209574988217e-01 3.741408003970553287e-02
4.543234000977038889e-01 6.298726518968361665e-01
4.562774792379089561e-01 7.171809545580065670e-01
4.582315583781140234e-01 1.136439645228539130e-01
4.601856375183195347e-01 -3.088404948380163995e-01
4.621397166585246019e-01 -8.706003894471804616e-02
4.640937957987296691e-01 4.389129887952670228e-01
4.660478749389351805e-01 2.701227194740409843e-01
4.680019540791402477e-01 1.380190786382599621e-01
4.699560332193453149e-01 6.906288767541430840e-01
4.719101123595503822e-01 6.511330895519640283e-01
4.738641914997554494e-01 1.328067025298182158e-01
4.758182706399609607e-01 -2.241360439585476927e-01
4.777723497801660280e-01 -4.577926866282849283e-01
4.797264289203710952e-01 -5.256485988521135688e-01
4.816805080605766065e-01 -3.260694540084863036e-01
4.836345872007816737e-01 1.043494446172044399e-01
4.855886663409867410e-01 5.242672444550653399e-01
4.875427454811918082e-01 -1.699998518984859319e-01
4.894968246213968754e-01 -6.370440750913541894e-01
4.914509037616023868e-01 -6.852049178754592018e-02
4.934049829018074540e-01 9.078798532432869051e-02
4.953590620420125212e-01 3.739399336286479691e-01
4.973131411822180326e-01 4.991390081251915189e-01
4.992672203224230998e-01 -1.788800412371814585e-02
5.012212994626281670e-01 -3.660774527781791576e-01
5.031753786028332343e-01 -1.642668181024937168e-01
5.051294577430383015e-01 2.821752906879605449e-01
5.070835368832438128e-01 7.538621045258403486e-01
5.090376160234488800e-01 -1.065709394323600956e-01
5.109916951636539473e-01 -2.435022577996223681e-01
5.129457743038594586e-01 2.136845899487612166e-01
5.148998534440645258e-01 6.873833602262234832e-01
5.168539325842695931e-01 2.532206349594131045e-01
5.188080117244746603e-01 -3.804657153118320978e-01
5.207620908646797275e-01 -3.141563202299630930e-01
5.227161700048852389e-01 -5.050518849912833952e-01
5.246702491450903061e-01 1.127118844665847275e-01
5.266243282852953733e-01 -1.879106556499750003e-01
5.285784074255008846e-01 -4.208609046524859343e-01
5.305324865657059519e-01 4.307453146736909405e-02
5.324865657059110191e-01 -6.663945026967618701e-02
5.344406448461160863e-01 -7.757905670791573893e-01
5.363947239863211536e-01 -9.468425686141099806e-01
5.383488031265266649e-01 -6.046135586676795182e-01
5.403028822667317321e-01 -4.431587331022822651e-01
5.422569614069367994e-01 -1.096578109426497999e-01
5.442110405471423107e-01 -2.457344903879118692e-01
5.461651196873473779e-01 6.062021284991138403e-02
5.481191988275524452e-01 -7.856207524654156005e-02
5.500732779677575124e-01 -4.263639739427780295e-01
5.520273571079625796e-01 -9.233275766430780740e-01
5.539814362481680909e-01 -6.059124095275409960e-01
5.559355153883731582e-01 4.131697983192137436e-01
5.578895945285782254e-01 6.754486520253156767e-01
5.598436736687837367e-01 1.027928898604063418e-01
5.617977528089888040e-01 -4.842723300360540772e-01
5.637518319491938712e-01 -1.830001173659709032e-02
5.657059110893989384e-01 5.960333327388628311e-02
5.676599902296040057e-01 -5.917008201872331341e-01
5.696140693698095170e-01 -6.083139755591630005e-01
5.715681485100145842e-01 -4.162250742818303095e-01
5.735222276502196515e-01 -2.569864595964533316e-01
5.754763067904251628e-01 8.460244299809931423e-01
5.774303859306302300e-01 9.013180977214558798e-01
5.793844650708352972e-01 2.236307740981064163e-01
5.813385442110403645e-01 2.104004188305892975e-01
5.832926233512454317e-01 3.431292081212149458e-01
5.852467024914509430e-01 2.040730408768445525e-01
5.872007816316560103e-01 -3.532048303835311764e-01
5.891548607718610775e-01 -2.067461283111618198e-01
5.911089399120665888e-01 3.193658720377591242e-01
5.930630190522716561e-01 4.102158802496042589e-01
5.950170981924767233e-01 1.742155860865224337e-01
5.969711773326817905e-01 -2.905312793683851313e-01
5.989252564728868578e-01 4.661535871476913534e-02
6.008793356130923691e-01 4.848580299181764475e-01
6.028334147532974363e-01 5.918058788160686368e-02
6.047874938935025035e-01 -2.372966340193344570e-01
6.067415730337080149e-01 -2.420964250162749853e-01
6.086956521739130821e-01 -8.215724787165203935e-01
6.106497313141181493e-01 -9.816585037838860828e-01
6.126038104543232166e-01 -1.337637292837434988e-01
6.145578895945282838e-01 -3.403244887777572281e-01
6.165119687347337951e-01 -1.706186063672952835e-01
6.184660478749388623e-01 1.342384602690246953e-01
6.204201270151439296e-01 -2.570148401872155430e-01
6.223742061553494409e-01 -1.617589204541823589e-01
6.243282852955545081e-01 -4.451413033744692355e-02
6.262823644357595754e-01 -1.556240896605679269e-01
6.282364435759646426e-01 -3.500548568033967078e-01
6.301905227161697098e-01 1.820497992518229913e-01
6.321446018563752212e-01 4.700521754205150282e-01
6.340986809965802884e-01 9.766307298103629186e-01
6.360527601367853556e-01 8.385911136261161580e-01
6.380068392769908669e-01 -9.337520304918064951e-02
6.399609184171959342e-01 -7.542542922866657396e-01
6.419149975574010014e-01 -2.931339102902366101e-01
6.438690766976060686e-01 -4.143098025130196316e-01
6.458231558378111359e-01 -1.012682722524420820e+00
6.477772349780166472e-01 -1.092283464568855500e+00
6.497313141182217144e-01 -3.082925696221245904e-01
6.516853932584267817e-01 -5.104239364787780536e-02
6.536394723986322930e-01 -4.224012185315487722e-01
6.555935515388373602e-01 -4.566393649908696006e-01
6.575476306790424275e-01 6.534142591012498391e-01
6.595017098192474947e-01 4.501820804231720929e-01
6.614557889594525619e-01 5.534706523129294675e-01
6.634098680996580732e-01 8.211891497685507302e-01
6.653639472398631405e-01 5.177972483430339778e-01
6.673180263800682077e-01 6.103201160253003410e-01
6.692721055202737190e-01 5.968430718911168498e-01
6.712261846604787863e-01 5.976606305474226888e-01
6.731802638006838535e-01 1.379547964831583928e-01
6.751343429408889207e-01 4.886014995272778272e-01
6.770884220810939880e-01 -7.672080281405376824e-03
6.790425012212994993e-01 -4.481657266660574873e-02
6.809965803615045665e-01 -2.707132814003854748e-01
6.829506595017096338e-01 -8.654723850476963021e-01
6.849047386419151451e-01 -7.355340082363801546e-01
6.868588177821202123e-01 -5.634743371410989576e-01
6.888128969223252795e-01 -5.119919770338813292e-01
6.907669760625303468e-01 -3.482285675872062169e-01
6.927210552027354140e-01 -4.241523569748119060e-01
6.946751343429409253e-01 5.273080083222609488e-02
6.966292134831459926e-01 1.057861465899611719e+00
6.985832926233510598e-01 1.201616426364574552e+00
7.005373717635565711e-01 3.909363127369052671e-01
7.024914509037616384e-01 -1.710135596856360296e-01
7.044455300439667056e-01 7.264257458836741177e-02
7.063996091841717728e-01 4.862754733773537730e-01
7.083536883243768401e-01 5.873180852885326875e-01
7.103077674645823514e-01 1.672570946235416578e-01
7.122618466047874186e-01 2.000850180323380245e-01
7.142159257449924858e-01 -1.467419169205615992e-01
7.161700048851979972e-01 -6.674069893163450118e-01
7.181240840254030644e-01 -7.235442693393633329e-01
7.200781631656081316e-01 -4.818032864482029165e-01
7.220322423058131989e-01 -1.279779054199641219e+00
7.239863214460182661e-01 -9.047867655446051316e-01
7.259404005862237774e-01 -5.516454038696341211e-01
7.278944797264288447e-01 -6.393065892291307506e-01
7.298485588666339119e-01 -8.442579583193379200e-01
7.318026380068394232e-01 -7.362489368464553152e-02
7.337567171470444904e-01 7.394444788086990128e-01
7.357107962872495577e-01 3.205469420580460138e-01
7.376648754274546249e-01 -4.137279066562448704e-01
7.396189545676596921e-01 -5.577116834880313512e-02
7.415730337078652035e-01 2.901212364457737003e-01
7.435271128480702707e-01 4.675111821961177583e-01
7.454811919882753379e-01 7.708753921688532573e-01
7.474352711284808493e-01 6.227401732441415483e-01
7.493893502686859165e-01 5.058426077055587777e-01
7.513434294088909837e-01 3.932941989686989936e-01
7.532975085490960510e-01 -5.701727138461523681e-02
7.552515876893011182e-01 -2.658608315119995180e-02
7.572056668295066295e-01 3.651831473893333430e-02
7.591597459697116967e-01 -6.248254609941803484e-01
7.611138251099167640e-01 -6.684062437758149233e-01
7.630679042501222753e-01 1.142098156106380463e-01
7.650219833903273425e-01 -3.504774503363067284e-02
7.669760625305324098e-01 -4.947327456370661375e-02
7.689301416707374770e-01 1.402661760467768526e-01
7.708842208109425442e-01 -2.965883880676884257e-02
7.728382999511480556e-01 -5.541933417445816801e-01
7.747923790913531228e-01 -6.631195814149070111e-01
7.767464582315581900e-01 4.974026289821723568e-01
7.787005373717637013e-01 7.295182982862634669e-01
7.806546165119687686e-01 3.616750324774293257e-01
7.826086956521738358e-01 1.726803698420929789e-01
7.845627747923789030e-01 2.700347294272572585e-01
7.865168539325839703e-01 1.106138967985877963e-01
7.884709330727894816e-01 -2.984092300273067377e-01
7.904250122129945488e-01 -4.345791136959853418e-01
7.923790913531996161e-01 -6.636671141417604947e-01
7.943331704934051274e-01 -1.990618807629197518e-01
7.962872496336101946e-01 4.186933828627526499e-01
7.982413287738152619e-01 5.110628824923187929e-01
8.001954079140203291e-01 7.728852825902980152e-03
8.021494870542253963e-01 -3.655303073522211399e-01
8.041035661944309076e-01 -5.504978968850209042e-02
8.060576453346359749e-01 -4.050536593649078365e-01
8.080117244748410421e-01 -2.224156791650067078e-01
8.099658036150465534e-01 -2.254391295719785360e-01
8.119198827552516207e-01 -4.711414434004553842e-01
8.138739618954566879e-01 -3.620599621389590794e-01
8.158280410356617551e-01 3.250317650249048840e-01
8.177821201758668224e-01 1.826020956232568826e-01
8.197361993160723337e-01 -1.882816614149728229e-01
8.216902784562774009e-01 -4.025679988290906119e-01
8.236443575964824682e-01 5.037499765981981459e-02
8.255984367366879795e-01 1.317276615870864760e-02
8.275525158768930467e-01 -2.336948973955511044e-01
8.295065950170981139e-01 -3.633518424335754338e-01
8.314606741573031812e-01 -4.190359132161439182e-01
8.334147532975082484e-01 -3.305372425103744183e-01
8.353688324377137597e-01 -1.840669760411711708e-01
8.373229115779188270e-01 5.578748740008303286e-02
8.392769907181238942e-01 1.476057151058124128e-01
8.412310698583294055e-01 -5.318320759187240565e-01
8.431851489985344728e-01 -2.708589189678973219e-01
8.451392281387395400e-01 -2.974185447045164798e-02
8.470933072789446072e-01 1.124222895206048456e-01
8.490473864191496745e-01 7.222975734080250287e-01
8.510014655593551858e-01 9.027481285932299482e-01
8.529555446995602530e-01 3.588002510187560112e-01
8.549096238397653202e-01 -1.007976570982672820e-01
8.568637029799708316e-01 -1.122039862546008460e-01
8.588177821201758988e-01 3.177843888789779747e-01
8.607718612603809660e-01 1.216461952954464715e-01
8.627259404005860333e-01 -8.019290214640142356e-01
8.646800195407911005e-01 -1.045898965490486221e+00
8.666340986809966118e-01 -4.723866939960296163e-01
8.685881778212016791e-01 -4.203429749936928861e-01
8.705422569614067463e-01 1.672573767140522194e-01
8.724963361016122576e-01 2.801704254487145107e-01
8.744504152418173248e-01 3.177563275010860527e-02
8.764044943820223921e-01 7.299459099937605222e-02
8.783585735222274593e-01 -1.399494075855139130e-01
8.803126526624325265e-01 5.907663002983510880e-01
8.822667318026380379e-01 -1.302531899262688309e-01
8.842208109428431051e-01 -4.452411035724523347e-01
8.861748900830481723e-01 1.586516747266657479e-01
8.881289692232536837e-01 1.146697301305056454e-01
8.900830483634587509e-01 3.811510463002129590e-02
8.920371275036638181e-01 3.466098415402769084e-01
8.939912066438688854e-01 1.769922553043410951e-01
8.959452857840739526e-01 -2.407145236139225930e-01
8.978993649242794639e-01 1.091039021447884894e-01
8.998534440644845311e-01 -4.529345112066646140e-01
9.018075232046895984e-01 -1.902156194934427336e-01
9.037616023448951097e-01 1.114729846921507089e-01
9.057156814851001769e-01 2.278801901601250068e-01
9.076697606253052442e-01 3.043007686177827686e-01
9.096238397655103114e-01 2.156190746884094622e-01
9.115779189057153786e-01 2.160415083675747416e-01
9.135319980459208900e-01 3.708002134819537998e-01
9.154860771861259572e-01 3.218142031275973425e-01
9.174401563263310244e-01 4.022231531224916834e-01
9.193942354665365357e-01 6.497775950537749701e-01
9.213483146067416030e-01 6.178731667678526440e-01
9.233023937469466702e-01 2.935702328738454825e-01
9.252564728871517374e-01 -3.800918632898691030e-01
9.272105520273568047e-01 -6.240637009721965445e-01
9.291646311675623160e-01 -3.104309780503914373e-01
9.311187103077673832e-01 -2.776387291183489703e-01
9.330727894479724505e-01 -2.738881163322127721e-01
9.350268685881779618e-01 1.388768922959180974e-01
9.369809477283830290e-01 4.491865618692913453e-01
9.389350268685880962e-01 -2.287203900226196240e-01
9.408891060087931635e-01 -2.966262944008300484e-01
9.428431851489982307e-01 -3.137534582112733728e-01
9.447972642892037420e-01 -4.426609653296642577e-01
9.467513434294088093e-01 -1.938004792893819050e-01
9.487054225696138765e-01 -4.859969790370060605e-01
9.506595017098193878e-01 -3.173086260313096041e-01
9.526135808500244551e-01 2.451789995941194289e-01
9.545676599902295223e-01 2.369644770281928783e-02
9.565217391304345895e-01 -4.402072225778114745e-01
9.584758182706396568e-01 -5.870005327395191319e-01
9.604298974108451681e-01 -1.732109131057655849e-01
9.623839765510502353e-01 2.254533832222026246e-01
9.643380556912553025e-01 5.657167003989869158e-01
9.662921348314608139e-01 4.673774334968072014e-02
9.682462139716658811e-01 -6.027210651455626733e-01
9.702002931118709483e-01 -5.263422675841581411e-01
9.721543722520760156e-01 -3.007474545975465929e-01
9.741084513922810828e-01 -3.531258826980359644e-01
9.760625305324865941e-01 -4.406068056862213478e-01
9.780166096726916614e-01 -2.256545307288750080e-01
9.799706888128967286e-01 -4.774153059580000247e-01
9.819247679531022399e-01 -1.218423589367326310e+00
9.838788470933073071e-01 -8.155105480621444025e-01
9.858329262335123744e-01 2.406697436430393910e-01
9.877870053737174416e-01 9.867209976619636946e-02
9.897410845139225088e-01 -4.214371699808248939e-02
9.916951636541280202e-01 -2.998935180688560437e-02
9.936492427943330874e-01 4.128442509056406973e-02
9.956033219345381546e-01 2.701656610772346645e-01
9.975574010747436660e-01 -1.859830540265543508e-01
9.995114802149487332e-01 2.504572533303793258e-01
1.001465559355153800e+00 2.769780183353937608e-01
1.003419638495358868e+00 -1.166207243960074302e-01
1.005373717635563935e+00 -2.186479800897072057e-01
1.007327796775769446e+00 -3.492376009452740626e-01
1.009281875915974513e+00 -4.779590746545592239e-01
1.011235955056179581e+00 -2.745529969158530537e-02
1.013190034196385092e+00 6.110593020857376656e-01
1.015144113336590159e+00 4.576973214749427421e-01
1.017098192476795226e+00 1.479963440896205074e-01
1.019052271617000294e+00 2.756346449618524153e-01
1.021006350757205361e+00 -4.147902511453264995e-02
1.022960429897410872e+00 -2.056317103710789407e-01
1.024914509037615939e+00 2.449224128662442768e-01
1.026868588177821007e+00 2.895671869943429177e-01
1.028822667318026518e+00 -3.608352949025379619e-01
1.030776746458231585e+00 1.430147887979325572e-01
1.032730825598436653e+00 5.735875489575602559e-01
1.034684904738641720e+00 5.030964358250531454e-01
1.036638983878846787e+00 1.534639893196449167e-01
1.038593063019052298e+00 -1.092999146309034525e-01
1.040547142159257366e+00 -6.124147738528307183e-01
1.042501221299462433e+00 1.672670617263486981e-01
1.044455300439667944e+00 2.346610979697310029e-01
1.046409379579873011e+00 -1.388448123909785115e-01
1.048363458720078079e+00 -5.253316763967281755e-01
1.050317537860283146e+00 -6.678911228489124996e-01
1.052271617000488213e+00 -5.478909882264889480e-02
1.054225696140693724e+00 -3.657485532910553228e-01
1.056179775280898792e+00 -5.622654221314975498e-01
1.058133854421103859e+00 -1.553420183673709654e-01
1.060087933561309370e+00 -3.267060524473738292e-01
1.062042012701514437e+00 8.105202276987650833e-01
1.063996091841719505e+00 9.624334916259129624e-01
1.065950170981924572e+00 3.411536977146129579e-01
1.067904250122129639e+00 5.626343223670551286e-01
1.069858329262335150e+00 3.851925951185916075e-01
1.071812408402540218e+00 1.884108234950502836e-01
1.073766487542745285e+00 -4.306108281736024113e-01
1.075720566682950796e+00 -4.515031964271203346e-01
1.077674645823155863e+00 -4.122373653859978671e-01
1.079628724963360931e+00 -9.237190379979391963e-01
1.081582804103565998e+00 -6.800843391475054345e-01
1.083536883243771065e+00 -1.068907134736199138e+00
1.085490962383976576e+00 -5.396781891154490696e-01
1.087445041524181644e+00 -5.087697637918210392e-01
1.089399120664386711e+00 -2.919160831746829832e-01
1.091353199804592222e+00 6.656628298332753491e-02
1.093307278944797289e+00 -2.237043638881135998e-01
1.095261358085002357e+00 -1.770209857919072538e-01
1.097215437225207424e+00 4.303854991513567096e-01
1.099169516365412491e+00 3.457558336572275071e-01
1.101123595505618002e+00 -7.600635326575206907e-01
1.103077674645823070e+00 -2.654990950451739939e-01
1.105031753786028137e+00 2.720004611365387515e-01
1.106985832926233648e+00 -2.774838457877242676e-02
1.108939912066438715e+00 -3.770036231110854286e-01
1.110893991206643783e+00 -1.950372225750827138e-01
1.112848070346848850e+00 3.762468482912244561e-01
1.114802149487053917e+00 4.076824682840499148e-01
1.116756228627259429e+00 -1.139757210064222537e-01
1.118710307767464496e+00 -8.962092903153007217e-02
1.120664386907669563e+00 2.662306047532182474e-01
1.122618466047875074e+00 1.646574603887464017e-01
1.124572545188080142e+00 2.690191199632232522e-01
1.126526624328285209e+00 1.492563645136233963e-01
1.128480703468490276e+00 2.954791037446213298e-01
1.130434782608695343e+00 1.986082541330182472e-01
1.132388861748900855e+00 3.302213754327046891e-01
1.134342940889105922e+00 4.023876333641102088e-01
1.136297020029310989e+00 3.701159849969103410e-01
1.138251099169516500e+00 -1.458885965449248923e-01
1.140205178309721568e+00 -2.357324907112097467e-01
1.142159257449926635e+00 -4.191685574432257311e-01
1.144113336590131702e+00 1.508645965290499047e-01
1.146067415730336769e+00 9.973457539064979616e-02
1.148021494870542281e+00 -5.643127932458839036e-01
1.149975574010747348e+00 -7.534452271210055896e-01
1.151929653150952415e+00 -2.031970984156240834e-01
1.153883732291157926e+00 1.443395937015110875e-01
1.155837811431362994e+00 6.502985829343731483e-01
1.157791890571568061e+00 2.722719557188217343e-01
1.159745969711773128e+00 -4.546773581110344908e-01
1.161700048851978195e+00 -6.236087619913726066e-01
1.163654127992183707e+00 -4.584085861861128541e-01
1.165608207132388774e+00 -2.004379109864252995e-01
1.167562286272593841e+00 -2.611855922788149376e-01
1.169516365412799352e+00 -5.203903945307180035e-01
1.171470444553004420e+00 -7.157769063076891980e-01
1.173424523693209487e+00 -2.890243387874343872e-01
1.175378602833414554e+00 4.344140974587628462e-02
1.177332681973619621e+00 -1.005566117933722053e-01
1.179286761113825133e+00 4.378317907545480336e-01
1.181240840254030200e+00 2.619170459315222632e-01
1.183194919394235267e+00 -9.681050206984592732e-02
1.185148998534440778e+00 1.884156304442782259e-01
1.187103077674645846e+00 2.654729284762790131e-01
1.189057156814850913e+00 4.104687490555448681e-01
1.191011235955055980e+00 2.825707002218929009e-01
1.192965315095261047e+00 1.054077056624010411e-01
1.194919394235466559e+00 -3.370534763278725809e-01
1.196873473375671626e+00 -4.650805191143964068e-01
1.198827552515876693e+00 -3.677119576293377268e-01
1.200781631656082205e+00 -4.209028992370835720e-01
1.202735710796287272e+00 -9.146160163061789472e-02
1.204689789936492339e+00 2.852322817250173559e-01
1.206643869076697406e+00 1.824713715070680753e-01
1.208597948216902473e+00 2.075177326513224507e-01
1.210552027357107985e+00 3.416627871902855884e-01
1.212506106497313052e+00 -1.398443783698920806e-01
1.214460185637518119e+00 2.358355634491857700e-01
1.216414264777723631e+00 4.230631803893208920e-02
1.218368343917928698e+00 -3.928163758384839999e-01
1.220322423058133765e+00 3.566006875582174857e-02
1.222276502198338832e+00 -4.143901121255880726e-01
1.224230581338543900e+00 -2.135955729026354222e-01
1.226184660478749411e+00 9.685353979348094999e-02
1.228138739618954478e+00 -4.729163090122167068e-01
1.230092818759159545e+00 -3.502849460576177298e-01
1.232046897899365057e+00 3.140060278045470055e-01
1.234000977039570124e+00 2.586584520623389505e-01
1.235955056179775191e+00 8.942128220672462824e-02
1.237909135319980258e+00 6.268336444451920453e-02
1.239863214460185326e+00 8.418384547263757511e-02
1.241817293600390837e+00 4.137163590317990414e-01
1.243771372740595904e+00 3.844215659629840465e-01
1.245725451880800971e+00 1.859780437432045908e-01
1.247679531021006483e+00 4.828918746700314873e-02
1.249633610161211550e+00 -2.826632656584500136e-01
1.251587689301416617e+00 -6.573582002898780141e-01
1.253541768441621684e+00 -2.531996361619571756e-01
1.255495847581826752e+00 4.695389195164226814e-01
1.257449926722032263e+00 4.420753487809127025e-01
1.259404005862237330e+00 -5.206921394460184427e-01
1.261358085002442397e+00 -5.233224852799709392e-01
1.263312164142647909e+00 2.487321801013689659e-01
1.265266243282852976e+00 -3.136930607933081094e-01
1.267220322423058043e+00 -1.999526750637086944e-03
1.269174401563263110e+00 3.190299148607566027e-01
1.271128480703468178e+00 2.741796356208132113e-01
1.273082559843673689e+00 1.516485220332631778e-01
1.275036638983878756e+00 1.694198868826073123e-01
1.276990718124083823e+00 8.593989855171713099e-01
1.278944797264289335e+00 7.893988395554069060e-01
1.280898876404494402e+00 -3.255211006341224844e-01
1.282852955544699469e+00 1.452585130388965411e-02
1.284807034684904536e+00 -1.632626907020827411e-01
1.286761113825109604e+00 -4.841429167849954640e-02
1.288715192965315115e+00 4.626395003254314409e-01
1.290669272105520182e+00 1.095090772183577449e-01
1.292623351245725249e+00 -1.588039565038305845e-02
1.294577430385930761e+00 -1.900719343275896756e-01
1.296531509526135828e+00 8.352066846359697261e-02
1.298485588666340895e+00 -1.275523687255344374e-01
1.300439667806545962e+00 -5.579041522714418555e-01
1.302393746946751030e+00 -2.300095807321488883e-01
1.304347826086956541e+00 -4.312702820771445733e-01
1.306301905227161608e+00 -6.491883483173657154e-01
1.308255984367366676e+00 2.654661562641781325e-01
1.310210063507572187e+00 1.998882654842744633e-01
1.312164142647777254e+00 -1.471275838630904942e-01
1.314118221787982321e+00 2.256091190531837598e-01
1.316072300928187389e+00 5.350628486097690206e-02
1.318026380068392456e+00 -2.455107108573001407e-02
1.319980459208597967e+00 -6.757185769717023727e-02
1.321934538348803034e+00 -6.348541040106293609e-01
1.323888617489008102e+00 -1.230820533502236636e+00
1.325842696629213613e+00 -1.192112461476371843e+00
1.327796775769418680e+00 -7.487348855526149149e-01
1.329750854909623747e+00 -4.908958309402989828e-01
1.331704934049828815e+00 -4.761446545688888810e-01
1.333659013190033882e+00 -6.726693187237976490e-01
1.335613092330239393e+00 -7.090228589091739364e-01
1.337567171470444460e+00 -2.275783353135653331e-01
1.339521250610649528e+00 -4.427843393708530972e-01
1.341475329750855039e+00 6.790293232836638881e-02
1.343429408891060106e+00 2.682486369900701773e-01
1.345383488031265173e+00 -3.613838507979027365e-02
1.347337567171470241e+00 7.050472640505511812e-03
1.349291646311675308e+00 -1.548913132770170144e-03
1.351245725451880819e+00 -1.503026444046997312e-01
1.353199804592085886e+00 4.143067062376362686e-01
1.355153883732290954e+00 4.855964458222630231e-01
1.357107962872496465e+00 1.350427591325356058e-01
1.359062042012701532e+00 -1.483111373543729572e-01
1.361016121152906599e+00 -5.137078211830438113e-01
1.362970200293111667e+00 -6.631731428065890110e-02
1.364924279433316734e+00 2.966553628553598720e-01
1.366878358573522245e+00 2.579360192709482247e-01
1.368832437713727312e+00 1.892371850865350869e-01
1.370786516853932380e+00 6.865097767999166489e-01
1.372740595994137891e+00 7.906892150166877631e-01
1.374694675134342958e+00 3.730899022291579437e-01
1.376648754274548025e+00 2.087828825351513706e-01
1.378602833414753093e+00 -5.321702818226339282e-01
1.380556912554958160e+00 -8.329947799600289082e-01
1.382510991695163671e+00 -3.292012602504804097e-01
1.384465070835368738e+00 -1.267278067716498535e-01
1.386419149975573806e+00 9.570510833339408718e-02
1.388373229115779317e+00 -3.403186070108951133e-01
1.390327308255984384e+00 -1.065057752326856511e+00
1.392281387396189452e+00 -9.130152156485269455e-01
1.394235466536394519e+00 -4.881943183218729887e-01
1.396189545676599586e+00 -8.238140051959481625e-01
1.398143624816805097e+00 -4.642719645041581411e-01
1.400097703957010165e+00 -4.370270315547726547e-02
1.402051783097215232e+00 3.256781362312188843e-02
1.404005862237420743e+00 -6.477201375342069856e-01
1.405959941377625810e+00 -9.550220320525809603e-01
1.407914020517830878e+00 -4.309440227268235279e-01
1.409868099658035945e+00 -8.910242858060482551e-02
1.411822178798241012e+00 -2.256983930844288500e-01
1.413776257938446523e+00 2.559216264588975651e-02
1.415730337078651591e+00 -6.364823752584343464e-02
1.417684416218856658e+00 2.001761313907426953e-01
1.419638495359062169e+00 1.902333071736442838e-01
1.421592574499267236e+00 -5.417776107552305653e-01
1.423546653639472304e+00 -9.469538315515624305e-01
1.425500732779677371e+00 -1.505697438422776424e-01
1.427454811919882438e+00 -3.884820118952442836e-01
1.429408891060087949e+00 -4.248121180983339684e-01
1.431362970200293017e+00 6.177470603183673331e-02
1.433317049340498084e+00 2.125249709459181846e-01
1.435271128480703595e+00 4.898016221191507924e-01
1.437225207620908662e+00 4.849385973396854732e-01
1.439179286761113730e+00 -4.466319925139071445e-02
1.441133365901318797e+00 -1.473794955964598530e-01
1.443087445041523864e+00 -2.528777045927391720e-01
1.445041524181729375e+00 4.741906008321281618e-01
1.446995603321934443e+00 2.841083816278860974e-01
1.448949682462139510e+00 1.133565062463897100e-01
1.450903761602345021e+00 5.564577395109425728e-01
1.452857840742550088e+00 2.878797108503431956e-01
1.454811919882755156e+00 1.449999712436364774e-01
1.456765999022960223e+00 3.171051213976228689e-01
1.458720078163165290e+00 1.629611530023533372e-01
1.460674157303370801e+00 -4.955971908048764640e-01
1.462628236443575869e+00 -5.240750727410842247e-01
1.464582315583780936e+00 -3.126700431983140405e-01
1.466536394723986447e+00 -5.980717234164829588e-01
1.468490473864191515e+00 -1.000429286860318401e+00
1.470444553004396582e+00 -1.575403428360410696e-01
1.472398632144601649e+00 -1.939127291761692795e-01
1.474352711284806716e+00 -9.110405741841782756e-01
1.476306790425012228e+00 -6.363391404638750748e-01
1.478260869565217295e+00 -7.694443157855037629e-01
1.480214948705422362e+00 -2.177348503676597158e-01
1.482169027845627873e+00 1.715289046270130346e-01
1.484123106985832941e+00 -4.522648080397044801e-01
1.486077186126038008e+00 -2.773099788923979458e-01
1.488031265266243075e+00 1.587590042941916524e-01
1.489985344406448142e+00 5.712911933765518757e-01
1.491939423546653654e+00 8.357287852572546916e-01
1.493893502686858721e+00 9.439621660642300016e-01
1.495847581827063788e+00 3.823349864159480971e-01
1.497801660967269299e+00 -2.964652605877277636e-01
1.499755740107474367e+00 -4.589697113526880479e-01
1.501709819247679434e+00 -3.746557614593030161e-01
1.503663898387884501e+00 -2.021143607585296209e-01
1.505617977528089568e+00 -1.073736653679820269e-01
1.507572056668295080e+00 -2.596948890813415844e-01
1.509526135808500147e+00 -7.405106684144972806e-02
1.511480214948705214e+00 -5.392094539880775556e-02
1.513434294088910725e+00 -2.565545225604406454e-01
1.515388373229115793e+00 -4.090046625898207666e-01
1.517342452369320860e+00 7.173909744836075644e-03
1.519296531509525927e+00 4.169290314732948532e-01
1.521250610649730994e+00 2.213525589691509587e-01
1.523204689789936506e+00 7.917069779436666788e-02
1.525158768930141573e+00 -6.272654167007494230e-01
1.527112848070346640e+00 -6.998607746851648326e-01
1.529066927210552151e+00 -1.442402015161069195e-01
1.531021006350757219e+00 7.440083218605461624e-02
1.532975085490962286e+00 5.350143528628195089e-01
1.534929164631167353e+00 3.654789940895787348e-01
1.536883243771372420e+00 -1.640101134595208995e-02
1.538837322911577932e+00 -5.648768750270256600e-01
1.540791402051782999e+00 -7.181439309580096853e-02
1.542745481191988066e+00 6.650308696890301630e-02
1.544699560332193577e+00 -6.500992727934745696e-01
1.546653639472398645e+00 -3.111519903093382666e-01
1.548607718612603712e+00 2.232017777808898984e-01
1.550561797752808779e+00 2.802679432884450095e-01
1.552515876893013846e+00 -2.546442322333806185e-01
1.554469956033219358e+00 -3.774047890978255437e-01
1.556424035173424425e+00 -1.147980218461134433e-01
1.558378114313629492e+00 4.287453026163256520e-01
1.560332193453835004e+00 3.638956804788451294e-01
1.562286272594040071e+00 2.060914164803892834e-01
1.564240351734245138e+00 -5.048035428451913553e-01
1.566194430874450205e+00 -6.946098082338098001e-01
1.568148510014655272e+00 -7.096646110204920532e-01
1.570102589154860784e+00 -8.860057235396843200e-01
1.572056668295065851e+00 -5.244920463568873981e-01
1.574010747435270918e+00 -6.324641812492636239e-01
1.575964826575476430e+00 -6.035221046872937256e-01
1.577918905715681497e+00 -1.721743804129414745e-01
1.579872984855886564e+00 3.121983030163076323e-01
1.581827063996091631e+00 1.643800404293911943e-01
1.583781143136296699e+00 4.718236421735942931e-01
1.585735222276502210e+00 1.048039034889122478e-01
1.587689301416707277e+00 -1.792363334572094277e-02
1.589643380556912344e+00 -2.203184573526284495e-01
1.591597459697117856e+00 -3.923331656343712059e-01
1.593551538837322923e+00 -1.235259186239544282e-01
1.595505617977527990e+00 3.900031608080262724e-01
1.597459697117733057e+00 1.175798951283424515e-01
1.599413776257938125e+00 -8.114013732296654346e-01
1.601367855398143636e+00 -1.165839337552784016e+00
1.603321934538348703e+00 -6.830059228938444305e-01
1.605276013678553770e+00 -7.858865944319305408e-01
1.607230092818759282e+00 -5.877398137615812423e-01
1.609184171958964349e+00 3.352118796892889496e-01
1.611138251099169416e+00 -2.307109923429123133e-01
1.613092330239374483e+00 -3.944990222614568748e-02
1.615046409379579551e+00 6.719020667083013265e-01
1.617000488519785062e+00 -1.614069438130395773e-01
1.618954567659990129e+00 -3.819951281839301105e-01
1.620908646800195196e+00 -3.271471599602593927e-01
1.622862725940400708e+00 -1.851625031135381572e-01
1.624816805080605775e+00 2.512935198392390879e-01
1.626770884220810842e+00 6.670100482253455976e-01
1.628724963361015909e+00 -2.320137686796168094e-02
1.630679042501220977e+00 -9.137638670463030799e-01
1.632633121641426488e+00 -4.659009355895843418e-01
1.634587200781631555e+00 5.802310481963137562e-02
1.636541279921836622e+00 6.796981047961012101e-02
1.638495359062042134e+00 -1.949788602738941889e-01
1.640449438202247201e+00 -3.015187700760771916e-01
1.642403517342452268e+00 3.448306189108754638e-01
1.644357596482657335e+00 5.831377282990766187e-01
1.646311675622862403e+00 9.256641284926414581e-01
1.648265754763067914e+00 6.715395391408952586e-01
1.650219833903272981e+00 -9.318404264226427813e-03
1.652173913043478048e+00 -7.118278089126173214e-02
1.654127992183683560e+00 1.634344729669577612e-01
1.656082071323888627e+00 2.851754821825081554e-01
1.658036150464093694e+00 5.936711558534839561e-01
1.659990229604298762e+00 3.843427722274040947e-01
1.661944308744503829e+00 -9.754689166758251373e-02
1.663898387884709340e+00 3.914335470020081087e-01
1.665852467024914407e+00 7.698435800284259001e-01
1.667806546165119475e+00 6.587023179371576109e-01
1.669760625305324986e+00 -1.600920710241016676e-01
1.671714704445530053e+00 -8.032564943068674218e-03
1.673668783585735120e+00 3.336411111697998311e-02
1.675622862725940188e+00 1.010183282119466036e-01
1.677576941866145255e+00 -1.110776042612104664e-01
1.679531021006350766e+00 2.522559786886096611e-01
1.681485100146555833e+00 5.476477086834650176e-01
1.683439179286760901e+00 5.283824586380395649e-01
1.685393258426966412e+00 -3.154122876034959333e-01
1.687347337567171479e+00 1.696257625747491504e-01
1.689301416707376546e+00 -1.117039231477104100e-01
1.691255495847581614e+00 1.211586055849941113e-01
1.693209574987786681e+00 2.148976355744660616e-01
1.695163654127992192e+00 5.537769232808284481e-02
1.697117733268197259e+00 2.185613321893590255e-01
1.699071812408402327e+00 6.877573739880831205e-01
1.701025891548607838e+00 4.079049028846114533e-01
1.702979970688812905e+00 3.804397202700985359e-01
1.704934049829017972e+00 2.433508127401118881e-01
1.706888128969223040e+00 7.760016328453589463e-02
1.708842208109428107e+00 -1.069738492486882603e-01
1.710796287249633618e+00 2.099385397760271388e-01
1.712750366389838685e+00 6.525356371467178063e-02
1.714704445530043753e+00 -5.777008123637313031e-02
1.716658524670249264e+00 2.093021634338369796e-01
1.718612603810454331e+00 3.110884693757046682e-01
1.720566682950659398e+00 3.887192708683269160e-01
1.722520762090864466e+00 3.241316391506209871e-01
1.724474841231069533e+00 4.117443364318650878e-01
1.726428920371275044e+00 7.694984432300032706e-01
1.728382999511480111e+00 4.065942525323809065e-01
1.730337078651685179e+00 6.888011442954482429e-03
1.732291157791890690e+00 1.589086969637262536e-01
1.734245236932095757e+00 3.153415543808917310e-01
1.736199316072300824e+00 7.076637393892860617e-01
1.738153395212505892e+00 1.592720761889996062e-01
1.740107474352710959e+00 -3.708776399965257875e-02
1.742061553492916470e+00 -1.015316363564524454e-01
1.744015632633121538e+00 -5.750363696574855021e-01
1.745969711773326605e+00 -2.973935396794708530e-01
1.747923790913532116e+00 -5.195354568294384690e-01
1.749877870053737183e+00 -4.298829448434063893e-01
1.751831949193942251e+00 1.108984277237430038e-01
1.753786028334147318e+00 -1.396260200154125601e-02
1.755740107474352385e+00 3.203467211804280623e-01
1.757694186614557896e+00 5.976461961232060194e-01
1.759648265754762964e+00 1.093611785310417694e-01
1.761602344894968031e+00 -7.548711259783822403e-01
1.763556424035173542e+00 -5.570742373240518130e-01
1.765510503175378609e+00 2.101385246292122588e-01
1.767464582315583677e+00 -1.516575626130410026e-01
1.769418661455788744e+00 -8.241987227865054111e-01
1.771372740595993811e+00 -3.950226551889163273e-01
1.773326819736199322e+00 -2.899686132704989427e-01
1.775280898876404390e+00 -1.868280173571321701e-01
1.777234978016609457e+00 -4.703210181482021524e-01
1.779189057156814968e+00 -5.636011478221973903e-01
1.781143136297020035e+00 -3.670579353306876458e-01
1.783097215437225103e+00 -1.429417847247129447e-01
1.785051294577430170e+00 2.920313775085876529e-01
1.787005373717635237e+00 3.654017029140096268e-02
1.788959452857840748e+00 -4.615311770632256616e-01
1.790913531998045816e+00 -6.420381674791780791e-01
1.792867611138250883e+00 -5.445086440144102369e-01
1.794821690278456394e+00 -3.873328720593525176e-01
1.796775769418661461e+00 -4.956902622436368255e-01
1.798729848558866529e+00 -2.316013325093501107e-01
1.800683927699071596e+00 1.805880944639050023e-01
1.802638006839276663e+00 -1.443959261451014942e-01
1.804592085979482174e+00 -3.831086099124111355e-01
1.806546165119687242e+00 -5.532794090496413464e-01
1.808500244259892309e+00 -4.629332837916861898e-01
1.810454323400097820e+00 2.417236399651947754e-01
1.812408402540302887e+00 4.611003874991621565e-01
1.814362481680507955e+00 3.172058207659456674e-01
1.816316560820713022e+00 -2.642238255187748242e-01
1.818270639960918089e+00 9.514522102080716359e-02
1.820224719101123600e+00 -3.472650580646448049e-01
1.822178798241328668e+00 -4.907313990752203425e-01
1.824132877381533735e+00 -6.959376086636076542e-01
1.826086956521739246e+00 -4.000686524679650802e-01
1.828041035661944314e+00 -3.985326544566580309e-01
1.829995114802149381e+00 -1.205933311524275964e-01
1.831949193942354448e+00 -3.052739456793122225e-02
1.833903273082559515e+00 -5.836592184024165242e-01
1.835857352222765027e+00 5.418343474407896765e-02
1.837811431362970094e+00 3.639047724929077576e-01
1.839765510503175161e+00 3.543145626522687941e-01
1.841719589643380672e+00 2.061124728282305307e-01
1.843673668783585740e+00 3.317991564811690886e-01
1.845627747923790807e+00 3.280446807024364198e-01
1.847581827063995874e+00 5.626297439199294537e-02
1.849535906204200941e+00 -2.342393597424002605e-01
1.851489985344406453e+00 -2.951526850307627514e-01
1.853444064484611520e+00 1.218026933556201757e-01
1.855398143624816587e+00 7.601821024745397670e-01
1.857352222765022098e+00 6.344434703309276280e-02
1.859306301905227166e+00 5.315344619557446637e-02
1.861260381045432233e+00 4.315883536073619742e-01
1.863214460185637300e+00 7.186448179872682029e-01
1.865168539325842367e+00 3.513202894406555199e-01
1.867122618466047879e+00 -1.396364282868161610e-01
1.869076697606252946e+00 -2.581372553354689403e-01
1.871030776746458013e+00 1.231767493443908235e-01
1.872984855886663524e+00 8.345777350803633698e-01
1.874938935026868592e+00 5.599096800584990596e-01
1.876893014167073659e+00 -2.114543116146034296e-01
1.878847093307278726e+00 1.463349164959497906e-01
1.880801172447483793e+00 3.977893034708227527e-01
1.882755251587689305e+00 5.733284053083791132e-02
1.884709330727894372e+00 7.936278760075014815e-03
1.886663409868099439e+00 1.669815672346270374e-01
1.888617489008304950e+00 -1.313082750279154221e-01
1.890571568148510018e+00 7.049965966526933192e-03
1.892525647288715085e+00 2.363613095450172938e-02
1.894479726428920152e+00 3.733323694612541432e-01
1.896433805569125219e+00 1.115908394998528785e-01
1.898387884709330731e+00 -5.585623142748717962e-01
1.900341963849535798e+00 3.315683355175400027e-01
1.902296042989740865e+00 3.221554034226930541e-01
1.904250122129946377e+00 -6.015917502389649396e-01
1.906204201270151444e+00 -1.208328158016728882e+00
1.908158280410356511e+00 4.716516528679107895e-02
1.910112359550561578e+00 -3.102184336345372231e-02
1.912066438690766645e+00 -5.805663801364498999e-01
1.914020517830972157e+00 -3.268219915559864019e-01
1.915974596971177224e+00 -3.906842686921855323e-01
1.917928676111382291e+00 -1.802708050932636252e-01
1.919882755251587803e+00 -4.284935972770014811e-01
1.921836834391792870e+00 -4.045570252033255931e-01
1.923790913531997937e+00 4.707643006990316348e-01
1.925744992672203004e+00 8.779568700068385301e-01
1.927699071812408071e+00 4.089484574946592454e-01
1.929653150952613583e+00 2.811275517309143046e-01
1.931607230092818650e+00 -8.674819276465758899e-02
1.933561309233023717e+00 -6.710379193529757424e-01
1.935515388373229229e+00 -6.266782027215067608e-01
1.937469467513434296e+00 -8.336125091198554049e-01
1.939423546653639363e+00 -4.778112260981846049e-01
1.941377625793844430e+00 1.542291867703912134e-01
1.943331704934049498e+00 5.248387742187704541e-01
1.945285784074255009e+00 3.896097474341091993e-01
1.947239863214460076e+00 2.604498154032247048e-01
1.949193942354665143e+00 -8.156635078842419673e-02
1.951148021494870655e+00 -3.539411377335933695e-01
1.953102100635075722e+00 -3.385714522243163382e-01
1.955056179775280789e+00 -2.937069804945108831e-01
1.957010258915485856e+00 -5.469383863360994802e-01
1.958964338055690924e+00 -1.298850497777829238e-01
1.960918417195896435e+00 -7.855357092367027949e-01
1.962872496336101502e+00 -8.514185080609060208e-01
1.964826575476306569e+00 -3.282183183849896602e-01
1.966780654616512081e+00 -4.321944543722333609e-01
1.968734733756717148e+00 -2.148034970024019219e-01
1.970688812896922215e+00 -2.523360349873401964e-01
1.972642892037127282e+00 -1.086666956188864913e-01
1.974596971177332350e+00 4.074715994451715284e-01
1.976551050317537861e+00 2.343565302160566799e-01
1.978505129457742928e+00 1.504481633003426910e-01
1.980459208597947995e+00 1.543774999707878681e-01
1.982413287738153507e+00 2.425412512130554199e-01
1.984367366878358574e+00 -1.925704701370689609e-01
1.986321446018563641e+00 -3.720949382442061970e-01
1.988275525158768708e+00 4.112870869157456699e-01
1.990229604298973776e+00 1.968821773093604177e-01
1.992183683439179287e+00 -1.493362857306821875e-02
1.994137762579384354e+00 -1.657745638988682990e-01
1.996091841719589421e+00 -1.894280141323978484e-01
1.998045920859794933e+00 -2.916178696955958882e-01
2.000000000000000000e+00 3.432331624521048896e-01
