-2.000000000000000000e+00 -4.092880680858428932e-01
-1.998045920859794933e+00 -4.280573498169379376e-01
-1.996091841719589643e+00 -3.144146258457647947e-01
-1.994137762579384354e+00 -1.267160578972805103e-02
-1.992183683439179287e+00 -1.992409809110054220e-01
-1.990229604298974220e+00 -2.894483406548251092e-01
-1.988275525158768930e+00 -1.199163732702732271e-01
-1.986321446018563641e+00 -3.722853258221818507e-02
-1.984367366878358574e+00 5.571980955274643543e-01
-1.982413287738153507e+00 6.370867931974992793e-01
-1.980459208597948217e+00 1.245240759970003552e-01
-1.978505129457742928e+00 -5.274617468338454324e-02
-1.976551050317537861e+00 4.432518738634463329e-01
-1.974596971177332794e+00 4.800359575977886650e-01
-1.972642892037127504e+00 1.921037384261080339e-01
-1.970688812896922215e+00 -7.541916942127635526e-02
-1.968734733756717148e+00 -2.060499519665419665e-01
-1.966780654616512081e+00 -2.979320599606167796e-01
-1.964826575476306791e+00 3.458970111832982974e-01
-1.962872496336101502e+00 2.121208952880908327e-01
-1.960918417195896435e+00 5.095522141197734722e-01
-1.958964338055691368e+00 1.061102919284710039e-01
-1.957010258915486078e+00 -4.762852359945874900e-03
-1.955056179775280789e+00 3.180496212486860208e-01
-1.953102100635075722e+00 -1.230112091763374826e-01
-1.951148021494870655e+00 -2.771500647169663489e-01
-1.949193942354665365e+00 4.457161236493514811e-01
-1.947239863214460076e+00 2.406819437781384796e-01
-1.945285784074255009e+00 3.499262173119679908e-01
-1.943331704934049942e+00 6.969942502269094176e-01
-1.941377625793844652e+00 1.610862955712552003e-01
-1.939423546653639363e+00 3.001327928624161201e-01
-1.937469467513434296e+00 1.057578041660257318e-01
-1.935515388373229229e+00 -5.043279172112525854e-01
-1.933561309233023939e+00 -3.842596120497629442e-01
-1.931607230092818650e+00 -2.817737056405397178e-01
-1.929653150952613583e+00 -3.210736573209428679e-02
-1.927699071812408516e+00 -3.524559148767792416e-01
-1.925744992672203226e+00 -1.748383630049578363e-01
-1.923790913531997937e+00 -2.861981013811280006e-01
-1.921836834391792870e+00 -3.595327267806668337e-01
-1.919882755251587803e+00 1.316091459254816742e-01
-1.917928676111382513e+00 2.988209329832018923e-01
-1.915974596971177224e+00 5.446048423391092186e-01
-1.914020517830972157e+00 6.632613751977476380e-01
-1.912066438690767090e+00 -5.290490347451209940e-01
-1.910112359550561800e+00 -4.859162449144914797e-01
-1.908158280410356511e+00 -1.168419496057002960e-01
-1.906204201270151444e+00 -2.959258041813551121e-01
-1.904250122129946377e+00 3.300963798458458193e-02
-1.902296042989741087e+00 2.702778922021003005e-01
-1.900341963849535798e+00 1.264406011947385444e-01
-1.898387884709330731e+00 1.977149435549770129e-01
-1.896433805569125663e+00 1.566415227714611225e-01
-1.894479726428920374e+00 -4.774231647293759595e-01
-1.892525647288715085e+00 -3.506414964458471339e-01
-1.890571568148510018e+00 -1.562557253051927442e-01
-1.888617489008304950e+00 3.014737227990353374e-01
-1.886663409868099661e+00 2.373911153746868508e-01
-1.884709330727894372e+00 -2.987308829459054405e-01
-1.882755251587689305e+00 8.145273819974074847e-02
-1.880801172447484237e+00 2.302954892000088905e-01
-1.878847093307278948e+00 3.957834033712809979e-02
-1.876893014167073659e+00 6.684577864947116588e-01
-1.874938935026868592e+00 1.037629805053293108e-01
-1.872984855886663524e+00 -2.601728758616960180e-01
-1.871030776746458235e+00 -5.437762035888489276e-01
-1.869076697606252946e+00 -7.162438750179467295e-01
-1.867122618466047879e+00 -4.578385317003539345e-01
-1.865168539325842811e+00 2.786078924144069213e-01
-1.863214460185637522e+00 1.082975379877615385e-01
-1.861260381045432233e+00 -7.014186869419749559e-01
-1.859306301905227166e+00 -1.120113243955696447e+00
-1.857352222765022098e+00 -1.446451319788849776e+00
-1.855398143624816809e+00 -9.119283647918854374e-01
-1.853444064484611520e+00 3.994718221620025544e-01
-1.851489985344406453e+00 5.706881182496571503e-01
-1.849535906204201385e+00 3.002443612545062090e-01
-1.847581827063996096e+00 2.969432571946350463e-01
-1.845627747923790807e+00 2.296718552492272025e-01
-1.843673668783585740e+00 2.016528111645582710e-01
-1.841719589643380672e+00 1.662146125851851064e-01
-1.839765510503175383e+00 2.534927698411477692e-01
-1.837811431362970094e+00 -1.735638799443635083e-01
-1.835857352222765027e+00 -3.152753609053583483e-01
-1.833903273082559959e+00 -7.011498448277488915e-01
-1.831949193942354670e+00 -6.122666790390517422e-01
-1.829995114802149381e+00 6.016898187463752823e-01
-1.828041035661944314e+00 3.536125700404039174e-01
-1.826086956521739246e+00 -8.844354122589240252e-02
-1.824132877381533957e+00 -6.661348891262287575e-01
-1.822178798241328668e+00 -1.014808005779783917e+00
-1.820224719101123600e+00 -6.852273334037888297e-01
-1.818270639960918533e+00 -3.540323860691583224e-01
-1.816316560820713244e+00 -8.938099256136264326e-02
-1.814362481680507955e+00 5.056804649095276716e-01
-1.812408402540302887e+00 1.317606870691074850e-01
-1.810454323400097820e+00 -8.017941221994730194e-02
-1.808500244259892531e+00 -2.357163716884556892e-01
-1.806546165119687242e+00 1.485924423949609025e-02
-1.804592085979482174e+00 -6.996850427094126745e-01
-1.802638006839277107e+00 -6.816545471569313008e-01
-1.800683927699071818e+00 1.772736154109136320e-02
-1.798729848558866529e+00 2.369738792120695825e-01
-1.796775769418661461e+00 8.578874432988112253e-02
-1.794821690278456394e+00 -3.217476308605740631e-01
-1.792867611138251105e+00 -8.572804669460560856e-01
-1.790913531998045816e+00 -1.111551407755667853e+00
-1.788959452857840748e+00 -9.613748586669556007e-01
-1.787005373717635681e+00 -3.476593008243162863e-01
-1.785051294577430392e+00 -3.773995484150294288e-01
-1.783097215437225103e+00 2.026757153158441349e-02
-1.781143136297020035e+00 2.505701807402768710e-01
-1.779189057156814968e+00 1.386625559982626876e-01
-1.777234978016609679e+00 -1.899393618630781655e-01
-1.775280898876404390e+00 -4.382640057473347062e-01
-1.773326819736199322e+00 -1.798072561861243923e-01
-1.771372740595994255e+00 4.879311767304232994e-01
-1.769418661455788966e+00 4.501091728234616479e-02
-1.767464582315583677e+00 -4.595707671567772490e-01
-1.765510503175378609e+00 1.169151403084463386e-01
-1.763556424035173542e+00 3.942589944341431396e-01
-1.761602344894968253e+00 7.907840429124523007e-01
-1.759648265754762964e+00 5.888251354428510886e-01
-1.757694186614557896e+00 2.229081745042079121e-01
-1.755740107474352829e+00 -1.514093594751065863e-01
-1.753786028334147540e+00 -8.125905593607313238e-01
-1.751831949193942251e+00 -2.527406008633382717e-01
-1.749877870053737183e+00 2.240252518425271677e-01
-1.747923790913532116e+00 2.164572314186805069e-01
-1.745969711773326827e+00 -2.543128854850738030e-01
-1.744015632633121538e+00 -3.823419879002947219e-01
-1.742061553492916470e+00 3.127624111536739249e-01
-1.740107474352711403e+00 2.820448436293753192e-01
-1.738153395212506114e+00 -3.978990916176662340e-01
-1.736199316072300824e+00 2.234733319155504383e-01
-1.734245236932095757e+00 6.627509172527861203e-01
-1.732291157791890690e+00 5.854968768389855471e-01
-1.730337078651685401e+00 1.699335448086914391e-01
-1.728382999511480111e+00 4.343908286023323573e-02
-1.726428920371275044e+00 2.897562229989375515e-01
-1.724474841231069977e+00 4.924883722249696061e-01
-1.722520762090864688e+00 6.006907377004823134e-01
-1.720566682950659398e+00 -1.855573430866625517e-01
-1.718612603810454331e+00 -3.400905196807197939e-01
-1.716658524670249264e+00 -3.501444461889453574e-01
-1.714704445530043975e+00 5.038169944746953011e-01
-1.712750366389838685e+00 1.962072243112690795e-01
-1.710796287249633618e+00 -5.419431946924812421e-02
-1.708842208109428551e+00 5.355208258986775549e-01
-1.706888128969223262e+00 4.114083312198184295e-02
-1.704934049829017972e+00 -6.432593245641099466e-01
-1.702979970688812905e+00 -6.728320724659755392e-01
-1.701025891548607838e+00 -2.957427171104566321e-01
-1.699071812408402549e+00 1.625223436755958298e-03
-1.697117733268197259e+00 -5.707838082627588600e-02
-1.695163654127992192e+00 2.363250403022784663e-01
-1.693209574987787125e+00 1.174245598732140405e-01
-1.691255495847581836e+00 1.823475672269784242e-01
-1.689301416707376546e+00 -3.526815330597552478e-01
-1.687347337567171479e+00 -3.276812326736189829e-01
-1.685393258426966412e+00 4.161957982523015187e-01
-1.683439179286761123e+00 7.216017114024922408e-02
-1.681485100146555833e+00 8.342991934114855901e-02
-1.679531021006350766e+00 -8.990413866204999271e-02
-1.677576941866145699e+00 -1.284160295538188112e-01
-1.675622862725940410e+00 -4.792199044929649210e-01
-1.673668783585735120e+00 -5.225887530426293059e-01
-1.671714704445530053e+00 -2.280000329261001879e-01
-1.669760625305324986e+00 -1.701660020134286855e-01
-1.667806546165119697e+00 4.382710896993473604e-01
-1.665852467024914407e+00 6.921283350329039685e-02
-1.663898387884709340e+00 -3.211630196992806829e-01
-1.661944308744504273e+00 -2.883278247791153936e-01
-1.659990229604298984e+00 -2.106400285908452130e-01
-1.658036150464093694e+00 -7.037058293986098167e-01
-1.656082071323888627e+00 -7.035155606316317867e-01
-1.654127992183683560e+00 -3.572476199129847596e-01
-1.652173913043478271e+00 -5.256413566644003721e-01
-1.650219833903272981e+00 -3.203872123223782675e-01
-1.648265754763067914e+00 3.098928558558334823e-01
-1.646311675622862847e+00 3.682596923382470133e-01
-1.644357596482657558e+00 6.294164271974933555e-01
-1.642403517342452268e+00 2.446429349643853279e-01
-1.640449438202247201e+00 1.092163464920472005e-01
-1.638495359062042134e+00 8.465233533192149107e-01
-1.636541279921836844e+00 8.922213761433011037e-01
-1.634587200781631555e+00 -8.943369961807319524e-02
-1.632633121641426488e+00 -4.794699391710358083e-01
-1.630679042501221421e+00 -3.024186724121803449e-01
-1.628724963361016131e+00 3.061138434343679271e-01
-1.626770884220810842e+00 5.705602567716943074e-01
-1.624816805080605775e+00 1.629312455772754381e-02
-1.622862725940400708e+00 -1.994323349384319322e-01
-1.620908646800195418e+00 1.173014766545060761e-01
-1.618954567659990129e+00 1.257713452573803181e-01
-1.617000488519785062e+00 2.765234884578552377e-01
-1.615046409379579995e+00 8.864224047927155015e-01
-1.613092330239374705e+00 5.490695203963029680e-01
-1.611138251099169416e+00 2.446549733248225555e-01
-1.609184171958964349e+00 -2.343368045129142763e-01
-1.607230092818759282e+00 4.252048041927886657e-01
-1.605276013678553992e+00 2.080960866716982383e-01
-1.603321934538348703e+00 -5.456392716701040646e-01
-1.601367855398143636e+00 -4.746179016787821503e-01
-1.599413776257938569e+00 -4.049503895163219513e-01
-1.597459697117733279e+00 -8.940900455749699605e-01
-1.595505617977527990e+00 -1.925154521734140367e-01
-1.593551538837322923e+00 4.775779332041668601e-01
-1.591597459697117856e+00 5.384229206188675398e-01
-1.589643380556912566e+00 3.639307767295588136e-01
-1.587689301416707277e+00 -1.696256660313432973e-01
-1.585735222276502210e+00 -5.450103675096206191e-01
-1.583781143136297143e+00 -4.574195101841232319e-02
-1.581827063996091853e+00 2.677521608575250678e-01
-1.579872984855886564e+00 2.571157639321223209e-01
-1.577918905715681497e+00 1.816044538187929214e-01
-1.575964826575476430e+00 -9.497616551209292143e-03
-1.574010747435271140e+00 -1.457127233887920911e-02
-1.572056668295065851e+00 -3.273056518690434791e-01
-1.570102589154860784e+00 -2.945812104799645781e-02
-1.568148510014655717e+00 5.278836013081721346e-01
-1.566194430874450427e+00 5.298552400710120347e-01
-1.564240351734245138e+00 1.718972521288442690e-01
-1.562286272594040071e+00 -2.726053924895242009e-01
-1.560332193453835004e+00 -1.962691829286295625e-02
-1.558378114313629714e+00 -4.479756599980375120e-01
-1.556424035173424425e+00 -2.919987557812713241e-01
-1.554469956033219358e+00 -1.410568573192000630e-01
-1.552515876893014291e+00 -6.720019797088707357e-03
-1.550561797752809001e+00 -1.231974025506417519e-01
-1.548607718612603712e+00 -3.950035103625003652e-01
-1.546653639472398645e+00 -4.211614327212611641e-01
-1.544699560332193577e+00 -2.714132840727627172e-01
-1.542745481191988288e+00 -4.370654191946408140e-01
-1.540791402051782999e+00 -5.260428512840998883e-01
-1.538837322911577932e+00 5.609988666812953939e-02
-1.536883243771372864e+00 1.873975895577211226e-01
-1.534929164631167575e+00 4.280002828418499883e-01
-1.532975085490962286e+00 5.036138028150461965e-01
-1.531021006350757219e+00 3.825063578424532373e-01
-1.529066927210552151e+00 2.984015973855568826e-01
-1.527112848070346862e+00 1.531474675407417940e-01
-1.525158768930141573e+00 3.419066173383502605e-01
-1.523204689789936506e+00 6.618967171699092766e-01
-1.521250610649731438e+00 4.696816784172109238e-01
-1.519296531509526149e+00 4.329212508844934582e-01
-1.517342452369320860e+00 -1.801778964252656046e-01
-1.515388373229115793e+00 -4.035756789741223316e-01
-1.513434294088910725e+00 -1.450791574360744685e-01
-1.511480214948705436e+00 2.154136913270082720e-01
-1.509526135808500147e+00 2.605245435602911441e-01
-1.507572056668295080e+00 -7.466220882841123618e-02
-1.505617977528090012e+00 -3.223773755543237751e-01
-1.503663898387884723e+00 5.110685140220159184e-01
-1.501709819247679434e+00 9.972983694043778824e-01
-1.499755740107474367e+00 5.841796401922704218e-01
-1.497801660967269299e+00 -2.418219050116796609e-01
-1.495847581827064010e+00 -1.987938533519797435e-01
-1.493893502686858721e+00 1.299026337575605039e-01
-1.491939423546653654e+00 -2.127535205397895757e-01
-1.489985344406448586e+00 2.318557363298545115e-01
-1.488031265266243297e+00 -9.164581948483059570e-02
-1.486077186126038008e+00 -2.541397917432080544e-01
-1.484123106985832941e+00 -3.572939708792058910e-01
-1.482169027845627873e+00 2.322749489404243861e-01
-1.480214948705422584e+00 -1.554552241333808857e-02
-1.478260869565217295e+00 -3.372102685102785768e-01
-1.476306790425012228e+00 1.232612132879390976e-01
-1.474352711284807160e+00 1.483442996295128713e-01
-1.472398632144601871e+00 1.576281177702856806e-01
-1.470444553004396582e+00 -3.105813235926772053e-01
-1.468490473864191515e+00 -5.685188810337429288e-01
-1.466536394723986447e+00 -8.845433154684607668e-01
-1.464582315583781158e+00 -3.211218134044842021e-01
-1.462628236443575869e+00 -9.055607810131115210e-02
-1.460674157303370801e+00 -1.673734891738774822e-01
-1.458720078163165734e+00 3.373834038339805774e-01
-1.456765999022960445e+00 2.621988369408114194e-01
-1.454811919882755156e+00 -7.763587150791806391e-02
-1.452857840742550088e+00 -1.523117064498421824e-01
-1.450903761602345021e+00 2.898594406868604256e-01
-1.448949682462139732e+00 -2.481699682409931051e-02
-1.446995603321934443e+00 -4.850260141726653318e-01
-1.445041524181729375e+00 -1.912427929739702048e-01
-1.443087445041524308e+00 6.109208320129468905e-01
-1.441133365901319019e+00 2.780024088159075424e-01
-1.439179286761113730e+00 3.667355037772937736e-03
-1.437225207620908662e+00 1.779585745363552185e-01
-1.435271128480703595e+00 -1.340646663710118869e-01
-1.433317049340498306e+00 -8.728287375395433756e-01
-1.431362970200293017e+00 -1.251729304368436546e+00
-1.429408891060087949e+00 -8.171233385674432359e-01
-1.427454811919882882e+00 -3.664307967639387487e-01
-1.425500732779677593e+00 -5.092284080871002372e-01
-1.423546653639472304e+00 -5.830731485750831888e-01
-1.421592574499267236e+00 -4.937413281018291356e-01
-1.419638495359062169e+00 -5.069779022569633753e-01
-1.417684416218856880e+00 -1.027243296309563458e-01
-1.415730337078651591e+00 -4.251737100959091520e-01
-1.413776257938446523e+00 -1.251534541487515195e+00
-1.411822178798241456e+00 -7.281959582825546784e-01
-1.409868099658036167e+00 -9.547132932107031678e-02
-1.407914020517830878e+00 7.535304170757667341e-01
-1.405959941377625810e+00 6.920864218609081853e-01
-1.404005862237420743e+00 -1.537382542452190026e-01
-1.402051783097215454e+00 3.664930173118562812e-02
-1.400097703957010165e+00 1.081600769570795484e-01
-1.398143624816805097e+00 -3.762432230488644835e-01
-1.396189545676600030e+00 -2.630872428172221222e-01
-1.394235466536394741e+00 2.614346057153154046e-01
-1.392281387396189452e+00 1.740721448405508909e-01
-1.390327308255984384e+00 -1.191991039410106173e-01
-1.388373229115779317e+00 -2.094297963943299312e-01
-1.386419149975574028e+00 -9.519489694304633653e-01
-1.384465070835368738e+00 -1.235298663520280948e+00
-1.382510991695163671e+00 -1.085260156111377938e+00
-1.380556912554958604e+00 -2.134103138846249470e-01
-1.378602833414753315e+00 -3.600066655187441622e-01
-1.376648754274548025e+00 -8.259660364238340380e-01
-1.374694675134342958e+00 -5.501807812580192802e-01
-1.372740595994137891e+00 -8.166189097106744954e-02
-1.370786516853932602e+00 4.600236567322834591e-01
-1.368832437713727312e+00 2.548500311783434835e-01
-1.366878358573522245e+00 -7.579513091911481704e-01
-1.364924279433317178e+00 -3.825181585133214934e-01
-1.362970200293111889e+00 -3.307887623691311285e-01
-1.361016121152906599e+00 1.728028920362603693e-01
-1.359062042012701532e+00 3.543237292262044758e-01
-1.357107962872496465e+00 2.087933625989665254e-01
-1.355153883732291176e+00 2.240817439339420208e-02
-1.353199804592085886e+00 -5.951817261570104822e-01
-1.351245725451880819e+00 -7.081530226424375130e-01
-1.349291646311675752e+00 -4.566644446900289256e-01
-1.347337567171470463e+00 2.820159833042047426e-01
-1.345383488031265173e+00 8.998839431899396946e-02
-1.343429408891060106e+00 4.473464780687493869e-01
-1.341475329750855039e+00 7.005830975414473194e-01
-1.339521250610649750e+00 -4.822406662736711258e-02
-1.337567171470444460e+00 -3.578798585251052877e-01
-1.335613092330239393e+00 1.961417031130534006e-01
-1.333659013190034326e+00 -8.952932725058554420e-01
-1.331704934049829037e+00 -9.727566420475484144e-01
-1.329750854909623747e+00 4.318723279695252382e-02
-1.327796775769418680e+00 8.680393987036222336e-02
-1.325842696629213613e+00 1.180353978717219032e-01
-1.323888617489008324e+00 1.541085159333750038e-02
-1.321934538348803034e+00 -2.520821074224712799e-01
-1.319980459208597967e+00 -8.614070480097366089e-02
-1.318026380068392900e+00 4.115633068592166599e-01
-1.316072300928187611e+00 1.045917582647970662e-01
-1.314118221787982321e+00 -9.702310990550852554e-02
-1.312164142647777254e+00 6.134343676312875582e-02
-1.310210063507572187e+00 1.097687159490632891e-01
-1.308255984367366898e+00 4.616160743231304542e-01
-1.306301905227161608e+00 2.625207364641452545e-01
-1.304347826086956541e+00 -2.435847952362819868e-02
-1.302393746946751474e+00 -4.642375517967388676e-01
-1.300439667806546185e+00 -5.155639484445321274e-01
-1.298485588666340895e+00 -3.950990201372122507e-02
-1.296531509526135828e+00 5.133530052678402233e-01
-1.294577430385930761e+00 8.333952112918365795e-01
-1.292623351245725472e+00 6.426003695557026552e-01
-1.290669272105520182e+00 2.405573457602514231e-01
-1.288715192965315115e+00 5.323253065085127300e-01
-1.286761113825110048e+00 7.121939148663525287e-01
-1.284807034684904758e+00 7.502497489055139079e-02
-1.282852955544699469e+00 -5.755332186413233408e-01
-1.280898876404494402e+00 -3.357903894591496297e-01
-1.278944797264289335e+00 2.848109533536014593e-01
-1.276990718124084045e+00 2.228304242000277158e-01
-1.275036638983878756e+00 3.650218171125023670e-01
-1.273082559843673689e+00 5.487918284955499715e-01
-1.271128480703468622e+00 5.886069645235976200e-01
-1.269174401563263332e+00 4.468042066900675957e-01
-1.267220322423058043e+00 2.426438964340422999e-01
-1.265266243282852976e+00 3.559495140526398038e-01
-1.263312164142647909e+00 4.165268874228403861e-01
-1.261358085002442619e+00 4.078532997040278940e-01
-1.259404005862237330e+00 -1.926345152135724992e-01
-1.257449926722032263e+00 3.523993591573602036e-01
-1.255495847581827196e+00 2.541911850991988020e-01
-1.253541768441621906e+00 -5.129758866013092167e-01
-1.251587689301416617e+00 -1.532615126726735166e-01
-1.249633610161211550e+00 1.369289630309384054e-01
-1.247679531021006483e+00 4.238223578940875091e-01
-1.245725451880801193e+00 6.234423016186523281e-01
-1.243771372740595904e+00 9.722806765494401704e-01
-1.241817293600390837e+00 1.226509575313196931e+00
-1.239863214460185770e+00 7.886004308360630155e-01
-1.237909135319980480e+00 6.150598216274628660e-01
-1.235955056179775191e+00 4.032117289274544381e-01
-1.234000977039570124e+00 1.716059104032902072e-01
-1.232046897899365057e+00 3.665594935140004673e-01
-1.230092818759159767e+00 7.021438347937745128e-01
-1.228138739618954478e+00 7.601338490169678996e-01
-1.226184660478749411e+00 3.989645023836780324e-01
-1.224230581338544344e+00 5.229642082029206662e-01
-1.222276502198339054e+00 3.598477424688108217e-02
-1.220322423058133765e+00 -3.281165482426439683e-01
-1.218368343917928698e+00 -4.808544176455473163e-01
-1.216414264777723631e+00 -6.978094445242112587e-02
-1.214460185637518341e+00 -4.105779195933950687e-01
-1.212506106497313052e+00 -7.174437026030290321e-01
-1.210552027357107985e+00 -4.403732259209898192e-01
-1.208597948216902918e+00 -1.073550866283710770e+00
-1.206643869076697628e+00 -1.590991297116786329e+00
-1.204689789936492339e+00 -1.208423599875281695e+00
-1.202735710796287272e+00 -5.478496982187339714e-01
-1.200781631656082205e+00 -1.417001945969797727e-01
-1.198827552515876915e+00 -2.251988093870389007e-01
-1.196873473375671626e+00 -4.514090884700624473e-01
-1.194919394235466559e+00 -3.446136896063222710e-01
-1.192965315095261492e+00 3.491330748237198023e-01
-1.191011235955056202e+00 5.317367501661369733e-01
-1.189057156814850913e+00 1.369345986642519705e-02
-1.187103077674645846e+00 -1.550227684103888115e-01
-1.185148998534440778e+00 1.730389630699017411e-01
-1.183194919394235489e+00 1.116940726878074830e-01
-1.181240840254030200e+00 -2.568052668944592054e-01
-1.179286761113825133e+00 -8.399197200471670843e-01
-1.177332681973620065e+00 -1.403907011946153860e+00
-1.175378602833414776e+00 -8.659948649755195849e-01
-1.173424523693209487e+00 -5.885075716831973391e-01
-1.171470444553004420e+00 -1.170199470533965558e+00
-1.169516365412799352e+00 -3.827494917493682314e-01
-1.167562286272594063e+00 -4.069874335487901895e-01
-1.165608207132388774e+00 1.869470763647657630e-01
-1.163654127992183707e+00 2.097931234335292938e-01
-1.161700048851978639e+00 3.257955013869068273e-01
-1.159745969711773350e+00 -4.583961104513062379e-02
-1.157791890571568061e+00 -4.511361192986450552e-01
-1.155837811431362994e+00 -6.225525797591255905e-01
-1.153883732291157926e+00 -4.646708485559296609e-01
-1.151929653150952637e+00 -7.562016251272319911e-01
-1.149975574010747348e+00 -1.571597643611839956e+00
-1.148021494870542281e+00 -1.084285767923079513e+00
-1.146067415730337213e+00 -1.432313162691727149e+00
-1.144113336590131924e+00 -1.881624570892248993e+00
-1.142159257449926635e+00 -1.048788826878026104e+00
-1.140205178309721568e+00 -6.708969796639391303e-01
-1.138251099169516500e+00 -5.271570542493002609e-01
-1.136297020029311211e+00 -4.559972146644302171e-01
-1.134342940889105922e+00 -1.008090709919790218e+00
-1.132388861748900855e+00 -1.257451900681825441e+00
-1.130434782608695787e+00 -1.694914145478369605e+00
-1.128480703468490498e+00 -2.325632694203629836e+00
-1.126526624328285209e+00 -1.446953817227406347e+00
-1.124572545188080142e+00 -1.316774218569096933e+00
-1.122618466047875074e+00 -1.680048931318880889e+00
-1.120664386907669785e+00 -1.597200063096130496e+00
-1.118710307767464496e+00 -2.083772737395987118e+00
-1.116756228627259429e+00 -2.389230439213445578e+00
-1.114802149487054361e+00 -2.209910164089489815e+00
-1.112848070346849072e+00 -1.835357054405118316e+00
-1.110893991206643783e+00 -1.959539373387345407e+00
-1.108939912066438715e+00 -1.810348557916417800e+00
-1.106985832926233648e+00 -2.599474476512328991e+00
-1.105031753786028359e+00 -2.731429703606312209e+00
-1.103077674645823070e+00 -2.084968588673629775e+00
-1.101123595505618002e+00 -1.718925242587837854e+00
-1.099169516365412935e+00 -2.268351377199994356e+00
-1.097215437225207646e+00 -2.853352148358044182e+00
-1.095261358085002357e+00 -2.848697507856572386e+00
-1.093307278944797289e+00 -2.588841075454748175e+00
-1.091353199804592222e+00 -2.465888984199636536e+00
-1.089399120664386933e+00 -2.623525994002693373e+00
-1.087445041524181644e+00 -3.345259622717422943e+00
-1.085490962383976576e+00 -3.422712041336010813e+00
-1.083536883243771509e+00 -3.468293856636211370e+00
-1.081582804103566220e+00 -3.922627038224033136e+00
-1.079628724963360931e+00 -3.751365028476541408e+00
-1.077674645823155863e+00 -4.138304043496077611e+00
-1.075720566682950796e+00 -3.770234686744262653e+00
-1.073766487542745507e+00 -3.721749038506949603e+00
-1.071812408402540218e+00 -4.203006228716671622e+00
-1.069858329262335150e+00 -4.651926290812996356e+00
-1.067904250122130083e+00 -4.528927171340817459e+00
-1.065950170981924794e+00 -4.244733505760171610e+00
-1.063996091841719505e+00 -4.264485443587900271e+00
-1.062042012701514437e+00 -4.672343206397460591e+00
-1.060087933561309370e+00 -5.282616138906769621e+00
-1.058133854421104081e+00 -5.240299393149915552e+00
-1.056179775280898792e+00 -4.591649724102629726e+00
-1.054225696140693724e+00 -4.755215028604289351e+00
-1.052271617000488657e+00 -4.819918328785533390e+00
-1.050317537860283368e+00 -4.702638813651690342e+00
-1.048363458720078079e+00 -4.781947840658535398e+00
-1.046409379579873011e+00 -5.091551475261676174e+00
-1.044455300439667944e+00 -5.469784014999655497e+00
-1.042501221299462655e+00 -5.842978819393918499e+00
-1.040547142159257366e+00 -5.846924349310328672e+00
-1.038593063019052298e+00 -5.502186533609188857e+00
-1.036638983878847231e+00 -6.090487136103837074e+00
-1.034684904738641942e+00 -6.766999114994169062e+00
-1.032730825598436653e+00 -6.920357064482919540e+00
-1.030776746458231585e+00 -7.551494846191940447e+00
-1.028822667318026518e+00 -7.042201687438716107e+00
-1.026868588177821229e+00 -6.924695529677771688e+00
-1.024914509037615939e+00 -7.620555722861958259e+00
-1.022960429897410872e+00 -7.785185196139527974e+00
-1.021006350757205805e+00 -6.811341318816733548e+00
-1.019052271617000516e+00 -6.675100172208153992e+00
-1.017098192476795226e+00 -7.366476243420382986e+00
-1.015144113336590159e+00 -7.220162365100808444e+00
-1.013190034196385092e+00 -6.896547754748628911e+00
-1.011235955056179803e+00 -7.489471229416746922e+00
-1.009281875915974513e+00 -8.111584234859259723e+00
-1.007327796775769446e+00 -8.424266300192204682e+00
-1.005373717635564379e+00 -8.261573048205196557e+00
-1.003419638495359090e+00 -8.294261646980729097e+00
-1.001465559355153800e+00 -8.665234537894958677e+00
-9.995114802149487332e-01 -9.006945598219296301e+00
-9.975574010747436660e-01 -9.000127340045136037e+00
-9.956033219345383767e-01 -8.357792257635411559e+00
-9.936492427943330874e-01 -7.971871550205525736e+00
-9.916951636541280202e-01 -7.849173417706430733e+00
-9.897410845139229529e-01 -8.068882127193271359e+00
-9.877870053737176637e-01 -7.950238520753324600e+00
-9.858329262335123744e-01 -8.017779405562627915e+00
-9.838788470933073071e-01 -7.517198478796948358e+00
-9.819247679531022399e-01 -7.491911527785283020e+00
-9.799706888128969506e-01 -7.406983785996425595e+00
-9.780166096726916614e-01 -6.859344492675819360e+00
-9.760625305324865941e-01 -6.669598072123315902e+00
-9.741084513922815269e-01 -6.995918971912002071e+00
-9.721543722520762376e-01 -7.350415897577922131e+00
-9.702002931118709483e-01 -6.956969635123988027e+00
-9.682462139716658811e-01 -7.091947878605956213e+00
-9.662921348314608139e-01 -6.547094050081909700e+00
-9.643380556912555246e-01 -6.388691060162133617e+00
-9.623839765510502353e-01 -5.768066599151293161e+00
-9.604298974108451681e-01 -5.227081852621714653e+00
-9.584758182706401008e-01 -5.603115990716506012e+00
-9.565217391304348116e-01 -5.818038433129670395e+00
-9.545676599902295223e-01 -5.565931057634968759e+00
-9.526135808500244551e-01 -5.515959854443091892e+00
-9.506595017098193878e-01 -6.437545157027114939e+00
-9.487054225696140985e-01 -5.245718671417734846e+00
-9.467513434294088093e-01 -4.610733012786679019e+00
-9.447972642892037420e-01 -4.896663138764725254e+00
-9.428431851489986748e-01 -4.842449981480337229e+00
-9.408891060087933855e-01 -4.455448794528739320e+00
-9.389350268685880962e-01 -4.514680699032258104e+00
-9.369809477283830290e-01 -4.827491042318337477e+00
-9.350268685881779618e-01 -4.959900288414689662e+00
-9.330727894479726725e-01 -4.338831311133581004e+00
-9.311187103077673832e-01 -4.529606873503257525e+00
-9.291646311675623160e-01 -5.059215481911614631e+00
-9.272105520273572488e-01 -4.072039506876508064e+00
-9.252564728871519595e-01 -3.622928523906098874e+00
-9.233023937469466702e-01 -3.575542688338868125e+00
-9.213483146067416030e-01 -2.965749204616045631e+00
-9.193942354665365357e-01 -3.046130121464059481e+00
-9.174401563263312465e-01 -3.800082139736313813e+00
-9.154860771861259572e-01 -3.116591995301004836e+00
-9.135319980459208900e-01 -3.059626312746288601e+00
-9.115779189057158227e-01 -3.070958926610916073e+00
-9.096238397655105334e-01 -2.555214960477854902e+00
-9.076697606253052442e-01 -2.707951786123970361e+00
-9.057156814851001769e-01 -3.158452393793383273e+00
-9.037616023448951097e-01 -3.403881099161072843e+00
-9.018075232046898204e-01 -2.874168437656024366e+00
-8.998534440644845311e-01 -2.336731946963464424e+00
-8.978993649242794639e-01 -2.146883185191784449e+00
-8.959452857840743967e-01 -2.320848184149916893e+00
-8.939912066438691074e-01 -1.636476583047732580e+00
-8.920371275036638181e-01 -1.867876857724474871e+00
-8.900830483634587509e-01 -2.160204145935439080e+00
-8.881289692232536837e-01 -2.323921099215548569e+00
-8.861748900830483944e-01 -2.756902286660034118e+00
-8.842208109428431051e-01 -2.370629130221196146e+00
-8.822667318026380379e-01 -1.573816294969487828e+00
-8.803126526624329706e-01 -1.583406217914551606e+00
-8.783585735222276814e-01 -2.056649087404782694e+00
-8.764044943820223921e-01 -2.097897841893296977e+00
-8.744504152418173248e-01 -1.487678391416327628e+00
-8.724963361016122576e-01 -1.118457221779107558e+00
-8.705422569614069683e-01 -1.519874924599641020e+00
-8.685881778212016791e-01 -2.359106460871989164e+00
-8.666340986809966118e-01 -1.652904132059205722e+00
-8.646800195407915446e-01 -1.314486183422145071e+00
-8.627259404005862553e-01 -1.894762597077612520e+00
-8.607718612603809660e-01 -2.077121103928616375e+00
-8.588177821201758988e-01 -2.287265004374750887e+00
-8.568637029799708316e-01 -1.017399818305696924e+00
-8.549096238397655423e-01 -9.589727475609550744e-01
-8.529555446995602530e-01 -7.986732000742076121e-01
-8.510014655593551858e-01 -5.909838550356188991e-01
-8.490473864191501185e-01 -1.580282318771526029e+00
-8.470933072789448293e-01 -1.682026818310222271e+00
-8.451392281387395400e-01 -1.154769351020851209e+00
-8.431851489985344728e-01 -7.321670187339337499e-01
-8.412310698583294055e-01 -7.090213424925269070e-01
-8.392769907181241162e-01 -4.954811965599342782e-01
-8.373229115779188270e-01 -4.246489252217972576e-01
-8.353688324377137597e-01 -9.168853915848855785e-01
-8.334147532975086925e-01 -3.794936512274766360e-01
-8.314606741573034032e-01 -1.361704590167211459e-01
-8.295065950170981139e-01 -9.407243542774236245e-01
-8.275525158768930467e-01 -1.198820356163746714e+00
-8.255984367366879795e-01 -3.200605427151028692e-01
-8.236443575964826902e-01 -4.816915450441183744e-01
-8.216902784562774009e-01 -3.160003100723101643e-01
-8.197361993160723337e-01 5.210515500571612224e-02
-8.177821201758672665e-01 -1.187558565307566261e-01
-8.158280410356619772e-01 -1.784191162473678371e-01
-8.138739618954566879e-01 -6.245068961184616629e-01
-8.119198827552516207e-01 -4.662887641357675861e-01
-8.099658036150465534e-01 3.601486198722575471e-01
-8.080117244748412642e-01 2.141446814611809302e-01
-8.060576453346359749e-01 2.942350162218760889e-01
-8.041035661944309076e-01 3.880205009342215794e-01
-8.021494870542258404e-01 4.950732178067948075e-01
-8.001954079140205511e-01 -2.247371300978817932e-01
-7.982413287738152619e-01 -4.672827545465805255e-01
-7.962872496336101946e-01 -4.713639774285510176e-01
-7.943331704934051274e-01 -2.942666948841193841e-01
-7.923790913531998381e-01 4.328780186753152653e-02
-7.904250122129945488e-01 -4.362958509411629660e-01
-7.884709330727894816e-01 -1.870779011970611361e-01
-7.865168539325844144e-01 2.756860119093610395e-01
-7.845627747923791251e-01 9.062846629735944459e-01
-7.826086956521738358e-01 4.386304189171604806e-01
-7.806546165119687686e-01 5.076929404623126141e-01
-7.787005373717637013e-01 3.855011386839894971e-01
-7.767464582315584121e-01 3.345492513612046553e-02
-7.747923790913531228e-01 -4.860730425926242937e-01
-7.728382999511480556e-01 -8.701090925738829140e-01
-7.708842208109429883e-01 3.699189642317246007e-01
-7.689301416707376990e-01 9.945608063162854062e-01
-7.669760625305324098e-01 3.559470944310632046e-01
-7.650219833903273425e-01 1.178175785785210393e-02
-7.630679042501222753e-01 1.520347985631480270e-01
-7.611138251099169860e-01 -7.164136718873581958e-03
-7.591597459697116967e-01 5.965364355505418242e-02
-7.572056668295066295e-01 6.464366031504196197e-01
-7.552515876893015623e-01 4.258985252335698024e-01
-7.532975085490962730e-01 8.085012235565107730e-01
-7.513434294088909837e-01 -1.933449043501411779e-02
-7.493893502686859165e-01 -1.393651270074098614e+00
-7.474352711284808493e-01 -6.952662392440457362e-01
-7.454811919882755600e-01 2.164315013589872549e-01
-7.435271128480702707e-01 3.155014063523636780e-01
-7.415730337078652035e-01 6.173675084637348341e-03
-7.396189545676601362e-01 3.232999327475928331e-01
-7.376648754274548470e-01 -3.151916857029991581e-01
-7.357107962872495577e-01 -4.830890085920921950e-01
-7.337567171470444904e-01 1.236201407344934278e-01
-7.318026380068394232e-01 5.940830267873027370e-01
-7.298485588666341339e-01 3.334637358310363342e-01
-7.278944797264288447e-01 -2.748763832087576520e-02
-7.259404005862237774e-01 6.852480981607410593e-01
-7.239863214460187102e-01 4.830690900123554843e-01
-7.220322423058134209e-01 4.396230952835738504e-01
-7.200781631656081316e-01 1.017306178793214028e-01
-7.181240840254030644e-01 -4.930689227169555156e-01
-7.161700048851979972e-01 -8.606435006995458853e-03
-7.142159257449927079e-01 8.497346771212449523e-01
-7.122618466047874186e-01 8.116451266389361763e-01
-7.103077674645823514e-01 6.983687900720090269e-01
-7.083536883243772841e-01 4.781547713568808922e-01
-7.063996091841719949e-01 1.246736640309678706e-01
-7.044455300439667056e-01 -3.092541530852239706e-01
-7.024914509037616384e-01 -2.960771247352932400e-01
-7.005373717635565711e-01 6.528947390616148816e-01
-6.985832926233512818e-01 8.887437175211153617e-01
-6.966292134831459926e-01 3.044219487722187312e-01
-6.946751343429409253e-01 1.554736411789182371e-01
-6.927210552027358581e-01 2.311203193104366949e-01
-6.907669760625305688e-01 6.216605295145873067e-02
-6.888128969223252795e-01 2.522164419756238174e-01
-6.868588177821202123e-01 6.713120412399652404e-01
-6.849047386419151451e-01 7.417666000280281891e-01
-6.829506595017098558e-01 3.383824482455697336e-01
-6.809965803615045665e-01 3.313634496576040034e-01
-6.790425012212994993e-01 8.366679924694370163e-02
-6.770884220810944321e-01 -1.786982774994311934e-02
-6.751343429408891428e-01 6.467164545843678836e-02
-6.731802638006838535e-01 -1.361093738419858201e-01
-6.712261846604787863e-01 -3.540673868625921483e-01
-6.692721055202737190e-01 -2.852647538897343238e-01
-6.673180263800684298e-01 -2.584901946152951546e-01
-6.653639472398631405e-01 -1.475005171065772377e-02
-6.634098680996580732e-01 -2.546706218174188407e-01
-6.614557889594530060e-01 -4.628144575404041783e-01
-6.595017098192477167e-01 -5.946126259867832164e-01
-6.575476306790424275e-01 1.125240512379925839e-01
-6.555935515388373602e-01 2.680166987159269265e-01
-6.536394723986322930e-01 4.771376805685825090e-02
-6.516853932584270037e-01 3.400762609964050887e-01
-6.497313141182217144e-01 -4.731708872418016743e-02
-6.477772349780166472e-01 -4.572173086746459392e-01
-6.458231558378115800e-01 -3.039149632154381497e-01
-6.438690766976062907e-01 -1.274552109876135597e-01
-6.419149975574010014e-01 5.311845486552655426e-01
-6.399609184171959342e-01 6.534054684450945061e-01
-6.380068392769908669e-01 -2.546745730656590490e-01
-6.360527601367855777e-01 -6.731007089635854257e-01
-6.340986809965802884e-01 5.603021654110049848e-02
-6.321446018563752212e-01 -1.810320781795310696e-01
-6.301905227161701539e-01 4.054071635639622251e-02
-6.282364435759648646e-01 8.251936935265831441e-02
-6.262823644357595754e-01 -3.670293014776259133e-01
-6.243282852955545081e-01 -1.794015526934558957e-01
-6.223742061553494409e-01 -1.113820340601334030e-01
-6.204201270151441516e-01 -5.437723457429251284e-02
-6.184660478749388623e-01 3.771399354955980165e-02
-6.165119687347337951e-01 -1.995527145986182860e-01
-6.145578895945287279e-01 -4.997816862280416439e-01
-6.126038104543234386e-01 -5.515998068551566380e-01
-6.106497313141181493e-01 -9.868060658466704105e-02
-6.086956521739130821e-01 -4.269470499198457780e-02
-6.067415730337080149e-01 4.863151174311761693e-01
-6.047874938935027256e-01 5.706651839564066409e-01
-6.028334147532974363e-01 1.499206011806258065e-01
-6.008793356130923691e-01 -6.636321668594097334e-01
-5.989252564728873018e-01 -8.263642373711371780e-01
-5.969711773326820126e-01 -2.576345317995348827e-01
-5.950170981924767233e-01 5.329941283223614823e-01
-5.930630190522716561e-01 3.234963606215878196e-01
-5.911089399120665888e-01 -3.863091416327287669e-02
-5.891548607718612995e-01 -3.499946873105970191e-01
-5.872007816316560103e-01 2.140542810156132181e-01
-5.852467024914509430e-01 1.187080249791970660e-01
-5.832926233512458758e-01 -2.313300899023672252e-01
-5.813385442110405865e-01 -5.691125736549763614e-01
-5.793844650708352972e-01 -3.584383228508490893e-01
-5.774303859306302300e-01 -9.428559925146816345e-02
-5.754763067904251628e-01 4.953116349044862921e-02
-5.735222276502198735e-01 5.436650931739716031e-01
-5.715681485100145842e-01 6.373237916767782174e-01
-5.696140693698095170e-01 4.499934547445038485e-02
-5.676599902296044498e-01 -4.787962096091918918e-01
-5.657059110893991605e-01 -9.111808395687269746e-01
-5.637518319491938712e-01 -4.034290333692862607e-01
-5.617977528089888040e-01 -2.234454778572015909e-01
-5.598436736687837367e-01 -9.196015942407702315e-02
-5.578895945285784475e-01 4.413346065124356121e-01
-5.559355153883731582e-01 2.517962263485368779e-01
-5.539814362481680909e-01 -3.231004916027502283e-01
-5.520273571079630237e-01 -4.997679059187078998e-01
-5.500732779677577344e-01 -1.789537551945818705e-01
-5.481191988275524452e-01 -3.492773834758217122e-02
-5.461651196873473779e-01 5.621223546330136323e-01
-5.442110405471423107e-01 6.537173765857130503e-01
-5.422569614069370214e-01 5.474516525685689528e-02
-5.403028822667317321e-01 -3.626184919075017832e-01
-5.383488031265266649e-01 -1.356590985326318610e-01
-5.363947239863215977e-01 3.951211057035831642e-01
-5.344406448461163084e-01 2.309285220315922538e-01
-5.324865657059110191e-01 1.043233309006192933e-01
-5.305324865657059519e-01 6.619492533079719410e-01
-5.285784074255008846e-01 6.271840945079754093e-01
-5.266243282852955954e-01 1.137941612869357438e-01
-5.246702491450903061e-01 -2.377850883630927836e-01
-5.227161700048852389e-01 -4.663322480861619712e-01
-5.207620908646801716e-01 -5.289324326167053059e-01
-5.188080117244748823e-01 -3.240248887344010509e-01
-5.168539325842695931e-01 1.115082803955607105e-01
-5.148998534440645258e-01 5.363148017463014172e-01
-5.129457743038594586e-01 -1.535650383918883977e-01
-5.109916951636541693e-01 -6.146715904316267798e-01
-5.090376160234488800e-01 -4.127522825921001171e-02
-5.070835368832438128e-01 1.229085076981299984e-01
-5.051294577430387456e-01 4.109980119305182145e-01
-5.031753786028334563e-01 5.408493819624380361e-01
-5.012212994626281670e-01 2.830934307833549157e-02
-4.992672203224230998e-01 -3.147881778347916826e-01
-4.973131411822180326e-01 -1.083194877050500798e-01
-4.953590620420127433e-01 3.428983930898514831e-01
-4.934049829018074540e-01 8.187330956451317476e-01
-4.914509037616023868e-01 -3.781509608863314886e-02
-4.894968246213973195e-01 -1.696571202464036143e-01
-4.875427454811920303e-01 2.915275457943522497e-01
-4.855886663409867410e-01 7.692741972207273182e-01
-4.836345872007816737e-01 3.385306059312806481e-01
-4.816805080605766065e-01 -2.908325252871656885e-01
-4.797264289203713172e-01 -2.209127021125972257e-01
-4.777723497801660280e-01 -4.080018300561545352e-01
-4.758182706399609607e-01 2.132026542042891604e-01
-4.738641914997558935e-01 -8.437073124652008649e-02
-4.719101123595506042e-01 -3.137856542618470135e-01
-4.699560332193453149e-01 1.532296175965799645e-01
-4.680019540791402477e-01 4.621974009836154335e-02
-4.660478749389351805e-01 -6.602187040304525745e-01
-4.640937957987298912e-01 -8.282459170754630229e-01
-4.621397166585246019e-01 -4.836563963310664960e-01
-4.601856375183195347e-01 -3.197341538289013574e-01
-4.582315583781144674e-01 1.584747110130022701e-02
-4.562774792379091782e-01 -1.181461883259851964e-01
-4.543234000977038889e-01 1.901115750161907481e-01
-4.523693209574988217e-01 5.258167938932829799e-02
-4.504152418172937544e-01 -2.936557465256695032e-01
-4.484611626770884651e-01 -7.891639091345298285e-01
-4.465070835368831759e-01 -4.703460994497988823e-01
-4.445530043966781086e-01 5.497868848347540194e-01
-4.425989252564730414e-01 8.129033757075914135e-01
-4.406448461162677521e-01 2.409772258009910684e-01
-4.386907669760624628e-01 -3.454192215164431645e-01
-4.367366878358573956e-01 1.210255856631985011e-01
-4.347826086956523284e-01 1.991754763365504166e-01
-4.328285295554470391e-01 -4.520050409444877904e-01
-4.308744504152417498e-01 -4.686622257331934382e-01
-4.289203712750366826e-01 -2.767813929818092045e-01
-4.269662921348316154e-01 -1.179543521053469241e-01
-4.250122129946263261e-01 9.845033354175078966e-01
-4.230581338544210368e-01 1.039233006974085605e+00
-4.211040547142159696e-01 3.606713880888547941e-01
-4.191499755740109023e-01 3.463963931602839774e-01
-4.171958964338056131e-01 4.780079428060160507e-01
-4.152418172936003238e-01 3.376703152646736705e-01
-4.132877381533952565e-01 -2.210220858289943524e-01
-4.113336590131901893e-01 -7.635637141131039474e-02
-4.093795798729849000e-01 4.480941785000225330e-01
-4.074255007327796108e-01 5.370957473944492078e-01
-4.054714215925745435e-01 2.991466788679959521e-01
-4.035173424523694763e-01 -1.677959235476072508e-01
-4.015632633121641870e-01 1.667908148765857024e-01
-3.996091841719588977e-01 6.028371606094679036e-01
-3.976551050317538305e-01 1.746893034271949086e-01
-3.957010258915487633e-01 -1.246065223856229198e-01
-3.937469467513434740e-01 -1.321350120286129970e-01
-3.917928676111381847e-01 -7.143911608375002054e-01
-3.898387884709331175e-01 -8.779623633722941634e-01
-3.878847093307280502e-01 -3.316080034654071002e-02
-3.859306301905227610e-01 -2.427012382444728722e-01
-3.839765510503174717e-01 -7.670444565879136478e-02
-3.820224719101124045e-01 2.250595390714290878e-01
-3.800683927699073372e-01 -1.698600303294464930e-01
-3.781143136297020479e-01 -7.836388791431399270e-02
-3.761602344894967587e-01 3.521409526555313585e-02
-3.742061553492916914e-01 -7.963578055810714706e-02
-3.722520762090866242e-01 -2.780268147244774890e-01
-3.702979970688813349e-01 2.498394504683827955e-01
-3.683439179286760456e-01 5.340019794922080676e-01
-3.663898387884709784e-01 1.036372431577445630e+00
-3.644357596482659112e-01 8.946093677244414399e-01
-3.624816805080606219e-01 -4.134456569107422541e-02
-3.605276013678553326e-01 -7.070005460817916365e-01
-3.585735222276502654e-01 -2.503498853325996087e-01
-3.566194430874451982e-01 -3.755014262596140240e-01
-3.546653639472399089e-01 -9.782089887577352094e-01
-3.527112848070346196e-01 -1.062752408743365296e+00
-3.507572056668295524e-01 -2.832078645005138284e-01
-3.488031265266244851e-01 -3.016331778009216646e-02
-3.468490473864191959e-01 -4.056870953483757702e-01
-3.448949682462139066e-01 -4.452994319388957623e-01
-3.429408891060088393e-01 6.606167112875899194e-01
-3.409868099658037721e-01 4.532542850601233297e-01
-3.390327308255984828e-01 5.515991866080958150e-01
-3.370786516853931936e-01 8.150584508416048868e-01
-3.351245725451881263e-01 5.072496585602439545e-01
-3.331704934049830591e-01 5.951513771221826898e-01
-3.312164142647777698e-01 5.772048127629504366e-01
-3.292623351245724805e-01 5.738309590910635194e-01
-3.273082559843674133e-01 1.094869983285488707e-01
-3.253541768441623461e-01 4.558144864936224394e-01
-3.234000977039570568e-01 -4.454840752511728119e-02
-3.214460185637517675e-01 -8.627903941113812536e-02
-3.194919394235467003e-01 -3.161568487836207697e-01
-3.175378602833416330e-01 -9.150883368923655725e-01
-3.155837811431363438e-01 -7.898208962637688346e-01
-3.136297020029310545e-01 -6.215011267402233974e-01
-3.116756228627259873e-01 -5.742006756616784280e-01
-3.097215437225209200e-01 -4.141768793179213537e-01
-3.077674645823156308e-01 -4.942094699936573354e-01
-3.058133854421103415e-01 -2.131386762243184588e-02
-3.038593063019052742e-01 9.800361036525812031e-01
-3.019052271617002070e-01 1.120622719233173914e+00
-2.999511480214949177e-01 3.066111693019819562e-01
-2.979970688812896285e-01 -2.592728529289732298e-01
-2.960429897410845612e-01 -1.899830272293781194e-02
-2.940889106008794940e-01 3.911822845057383868e-01
-2.921348314606742047e-01 4.892800977003359808e-01
-2.901807523204689154e-01 6.610584796425073018e-02
-2.882266731802638482e-01 9.581627023079647421e-02
-2.862725940400587810e-01 -2.536725534130807591e-01
-2.843185148998534917e-01 -7.772792739568791243e-01
-2.823644357596482024e-01 -8.363097924354289114e-01
-2.804103566194431352e-01 -5.969349668621403149e-01
-2.784562774792380679e-01 -1.397387823959256536e+00
-2.765021983390327787e-01 -1.025011943493162603e+00
-2.745481191988274894e-01 -6.739845502012757894e-01
-2.725940400586224222e-01 -7.637021530035247308e-01
-2.706399609184173549e-01 -9.707337514077052365e-01
-2.686858817782120656e-01 -2.022029062607275385e-01
-2.667318026380067764e-01 6.092715752727871914e-01
-2.647777234978017091e-01 1.889176482992010742e-01
-2.628236443575966419e-01 -5.470030192032182548e-01
-2.608695652173913526e-01 -1.905676545631107000e-01
-2.589154860771860633e-01 1.541100545883089812e-01
-2.569614069369809961e-01 3.303203662021174658e-01
-2.550073277967759289e-01 6.326598358121793275e-01
-2.530532486565706396e-01 4.836835731516226367e-01
-2.510991695163653503e-01 3.659484711836229476e-01
-2.491450903761602831e-01 2.527810722248419739e-01
-2.471910112359552159e-01 -1.980876583096219945e-01
-2.452369320957499266e-01 -1.680877448823434039e-01
-2.432828529555446373e-01 -1.052578705050966346e-01
-2.413287738153395701e-01 -7.667635045905684121e-01
-2.393746946751345028e-01 -8.103843847216718466e-01
-2.374206155349292136e-01 -2.769160006344551297e-02
-2.354665363947239243e-01 -1.767519567282168913e-01
-2.335124572545188570e-01 -1.908360536310124700e-01
-2.315583781143137898e-01 -6.507661153596548762e-04
-2.296042989741085005e-01 -1.700576614537317455e-01
-2.276502198339032113e-01 -6.939209487144279986e-01
-2.256961406936981440e-01 -8.019651510050309628e-01
-2.237420615534930768e-01 3.595102826741630730e-01
-2.217879824132877875e-01 5.925166786894625615e-01
-2.198339032730824982e-01 2.258029638322934796e-01
-2.178798241328774310e-01 3.807367755241748003e-02
-2.159257449926723638e-01 1.368118474358681058e-01
-2.139716658524670745e-01 -2.125897776506435743e-02
-2.120175867122617852e-01 -4.286490086380322917e-01
-2.100635075720567180e-01 -5.632221383187909769e-01
-2.081094284318516507e-01 -7.905003412163005283e-01
-2.061553492916463615e-01 -3.238497141373520849e-01
-2.042012701514410722e-01 2.957135936225721573e-01
-2.022471910112360050e-01 3.900727461138669971e-01
-2.002931118710309377e-01 -1.113044198682014291e-01
-1.983390327308256484e-01 -4.820697062607995909e-01
-1.963849535906203592e-01 -1.693851658872011501e-01
-1.944308744504152919e-01 -5.170623069875663891e-01
-1.924767953102102247e-01 -3.317902279450891667e-01
-1.905227161700049354e-01 -3.323897738979060268e-01
-1.885686370297996461e-01 -5.755034134579122274e-01
-1.866145578895945789e-01 -4.634848678619086781e-01
-1.846604787493895117e-01 2.262997439247103892e-01
-1.827063996091842224e-01 8.649846409958025784e-02
-1.807523204689789331e-01 -2.815068307223688726e-01
-1.787982413287738659e-01 -4.926437029625665431e-01
-1.768441621885687987e-01 -3.664230535983200449e-02
-1.748900830483635094e-01 -7.098516797326827332e-02
-1.729360039081582201e-01 -3.146931628383808355e-01
-1.709819247679531529e-01 -4.411050854974937763e-01
-1.690278456277480856e-01 -4.935903454077070207e-01
-1.670737664875427964e-01 -4.017239003606159486e-01
-1.651196873473375071e-01 -2.519872400940909585e-01
-1.631656082071324398e-01 -8.652329081614488007e-03
-1.612115290669273726e-01 8.620982953246741909e-02
-1.592574499267220833e-01 -5.897429008733253708e-01
-1.573033707865167941e-01 -3.250248925960212976e-01
-1.553492916463117268e-01 -8.058344302226072564e-02
-1.533952125061066596e-01 6.516730073726642591e-02
-1.514411333659013703e-01 6.787372023020727951e-01
-1.494870542256960810e-01 8.622811000427315076e-01
-1.475329750854910138e-01 3.219294463759452274e-01
-1.455788959452859466e-01 -1.341211341059882489e-01
-1.436248168050806573e-01 -1.415388350436154186e-01
-1.416707376648753680e-01 2.918630736422056504e-01
-1.397166585246703008e-01 9.913912915115509483e-02
-1.377625793844652335e-01 -8.211267824330779064e-01
-1.358085002442599443e-01 -1.060747515955086762e+00
-1.338544211040546550e-01 -4.838503845079992205e-01
-1.319003419638495878e-01 -4.281087628904456932e-01
-1.299462628236445205e-01 1.632010412253522280e-01
-1.279921836834392312e-01 2.794078115641576154e-01
-1.260381045432339420e-01 3.457740704091018247e-02
-1.240840254030288747e-01 7.947626244676216090e-02
-1.221299462628238075e-01 -1.298183659122398859e-01
-1.201758671226185182e-01 6.044447694798619208e-01
-1.182217879824132289e-01 -1.135963082682272390e-01
-1.162677088422081617e-01 -4.244129972737524792e-01
-1.143136297020030945e-01 1.828187780688042274e-01
-1.123595505617978052e-01 1.421806908459137819e-01
-1.104054714215925159e-01 6.907888352836878687e-02
-1.084513922813874487e-01 3.811146416647909763e-01
-1.064973131411823815e-01 2.144820214802295177e-01
-1.045432340009770922e-01 -1.995353684742530442e-01
-1.025891548607718029e-01 1.534414233033833397e-01
-1.006350757205667357e-01 -4.054507958156486902e-01
-9.868099658036166844e-02 -1.391388931203912382e-01
-9.672691744015637916e-02 1.655139732311530776e-01
-9.477283829995108988e-02 2.852234243888899234e-01
-9.281875915974602265e-02 3.645214304895763591e-01
-9.086468001954095541e-02 2.789947812485482626e-01
-8.891060087933566614e-02 2.824943907906636298e-01
-8.695652173913037686e-02 4.402084597832945367e-01
-8.500244259892530962e-02 3.940096524410092726e-01
-8.304836345872024239e-02 4.775455797342682551e-01
-8.109428431851495311e-02 7.277150424713525467e-01
-7.914020517830966384e-02 6.986564522697202850e-01
-7.718612603810459660e-02 3.768525594163922854e-01
-7.523204689789952937e-02 -2.940536140408946952e-01
-7.327796775769424009e-02 -5.353608542750943888e-01
-7.132388861748895081e-02 -2.189823866461844681e-01
-6.936980947728388358e-02 -1.839353643736442723e-01
-6.741573033707881635e-02 -1.775923719297766989e-01
-6.546165119687352707e-02 2.376315442109647458e-01
-6.350757205666823779e-02 5.500315471355725627e-01
-6.155349291646317056e-02 -1.256769625229120779e-01
-5.959941377625810333e-02 -1.912229350302041553e-01
-5.764533463605281405e-02 -2.062816983783631319e-01
-5.569125549584752477e-02 -3.330653612696214960e-01
-5.373717635564245754e-02 -8.221714733044284407e-02
-5.178309721543739030e-02 -3.725368132437996138e-01
-4.982901807523210103e-02 -2.018068676137617645e-01
-4.787493893502681175e-02 3.624168926355392784e-01
-4.592085979482174452e-02 1.425288086599488802e-01
-4.396678065461667728e-02 -3.196293395205169197e-01
-4.201270151441138800e-02 -4.648031175077312893e-01
-4.005862237420609873e-02 -4.932654297179238367e-02
-3.810454323400103149e-02 3.506791034226275361e-01
-3.615046409379596426e-02 6.924093898702163852e-01
-3.419638495359067498e-02 1.745076969450888860e-01
-3.224230581338538570e-02 -4.734990531017891358e-01
-3.028822667318031847e-02 -3.959086144873736890e-01
-2.833414753297525124e-02 -1.692127252916476032e-01
-2.638006839276996196e-02 -2.205413018201941577e-01
-2.442598925256467268e-02 -3.070579031814233972e-01
-2.247191011235960545e-02 -9.116417762245594691e-02
-2.051783097215453822e-02 -3.421666878490728370e-01
-1.856375183194924894e-02 -1.082388978854544215e+00
-1.660967269174395966e-02 -6.786746355635575600e-01
-1.465559355153889243e-02 3.780673555705532651e-01
-1.270151441133382519e-02 2.365794362467820711e-01
-1.074743527112853592e-02 9.625195874823117004e-02
-8.793356130923246639e-03 1.087985965246066888e-01
-6.839276990718179405e-03 1.804233445787170043e-01
-4.885197850513112172e-03 4.095435683032835339e-01
-2.931118710307822894e-03 -4.641759686969218479e-02
-9.770395701025336166e-04 3.901339675594810985e-01
9.770395701025336166e-04 -4.092880680858428932e-01
2.931118710307600850e-03 -4.280573498169379376e-01
4.885197850512668083e-03 -3.144146258457647947e-01
6.839276990718179405e-03 -1.267160578972805103e-02
8.793356130923246639e-03 -1.992409809110054220e-01
1.074743527112831387e-02 -2.894483406548251092e-01
1.270151441133382519e-02 -1.199163732702732271e-01
1.465559355153889243e-02 -3.722853258221818507e-02
1.660967269174395966e-02 5.571980955274643543e-01
1.856375183194902689e-02 6.370867931974992793e-01
2.051783097215409413e-02 1.245240759970003552e-01
2.247191011235960545e-02 -5.274617468338454324e-02
2.442598925256467268e-02 4.432518738634463329e-01
2.638006839276973992e-02 4.800359575977886650e-01
2.833414753297525124e-02 1.921037384261080339e-01
3.028822667318031847e-02 -7.541916942127635526e-02
3.224230581338538570e-02 -2.060499519665419665e-01
3.419638495359045294e-02 -2.979320599606167796e-01
3.615046409379552017e-02 3.458970111832982974e-01
3.810454323400103149e-02 2.121208952880908327e-01
4.005862237420609873e-02 5.095522141197734722e-01
4.201270151441116596e-02 1.061102919284710039e-01
4.396678065461667728e-02 -4.762852359945874900e-03
4.592085979482174452e-02 3.180496212486860208e-01
4.787493893502681175e-02 -1.230112091763374826e-01
4.982901807523187898e-02 -2.771500647169663489e-01
5.178309721543694621e-02 4.457161236493514811e-01
5.373717635564245754e-02 2.406819437781384796e-01
5.569125549584752477e-02 3.499262173119679908e-01
5.764533463605259200e-02 6.969942502269094176e-01
5.959941377625810333e-02 1.610862955712552003e-01
6.155349291646317056e-02 3.001327928624161201e-01
6.350757205666823779e-02 1.057578041660257318e-01
6.546165119687330503e-02 -5.043279172112525854e-01
6.741573033707837226e-02 -3.842596120497629442e-01
6.936980947728388358e-02 -2.817737056405397178e-01
7.132388861748895081e-02 -3.210736573209428679e-02
7.327796775769401805e-02 -3.524559148767792416e-01
7.523204689789952937e-02 -1.748383630049578363e-01
7.718612603810459660e-02 -2.861981013811280006e-01
7.914020517830966384e-02 -3.595327267806668337e-01
8.109428431851473107e-02 1.316091459254816742e-01
8.304836345871979830e-02 2.988209329832018923e-01
8.500244259892530962e-02 5.446048423391092186e-01
8.695652173913037686e-02 6.632613751977476380e-01
8.891060087933544409e-02 -5.290490347451209940e-01
9.086468001954095541e-02 -4.859162449144914797e-01
9.281875915974602265e-02 -1.168419496057002960e-01
9.477283829995108988e-02 -2.959258041813551121e-01
9.672691744015615711e-02 3.300963798458458193e-02
9.868099658036122435e-02 2.702778922021003005e-01
1.006350757205667357e-01 1.264406011947385444e-01
1.025891548607718029e-01 1.977149435549770129e-01
1.045432340009768701e-01 1.566415227714611225e-01
1.064973131411823815e-01 -4.774231647293759595e-01
1.084513922813874487e-01 -3.506414964458471339e-01
1.104054714215925159e-01 -1.562557253051927442e-01
1.123595505617975832e-01 3.014737227990353374e-01
1.143136297020026504e-01 2.373911153746868508e-01
1.162677088422081617e-01 -2.987308829459054405e-01
1.182217879824132289e-01 8.145273819974074847e-02
1.201758671226182962e-01 2.302954892000088905e-01
1.221299462628238075e-01 3.957834033712809979e-02
1.240840254030288747e-01 6.684577864947116588e-01
1.260381045432339420e-01 1.037629805053293108e-01
1.279921836834390092e-01 -2.601728758616960180e-01
1.299462628236440764e-01 -5.437762035888489276e-01
1.319003419638495878e-01 -7.162438750179467295e-01
1.338544211040546550e-01 -4.578385317003539345e-01
1.358085002442597222e-01 2.786078924144069213e-01
1.377625793844652335e-01 1.082975379877615385e-01
1.397166585246703008e-01 -7.014186869419749559e-01
1.416707376648753680e-01 -1.120113243955696447e+00
1.436248168050804352e-01 -1.446451319788849776e+00
1.455788959452855025e-01 -9.119283647918854374e-01
1.475329750854910138e-01 3.994718221620025544e-01
1.494870542256960810e-01 5.706881182496571503e-01
1.514411333659011483e-01 3.002443612545062090e-01
1.533952125061066596e-01 2.969432571946350463e-01
1.553492916463117268e-01 2.296718552492272025e-01
1.573033707865167941e-01 2.016528111645582710e-01
1.592574499267218613e-01 1.662146125851851064e-01
1.612115290669269285e-01 2.534927698411477692e-01
1.631656082071324398e-01 -1.735638799443635083e-01
1.651196873473375071e-01 -3.152753609053583483e-01
1.670737664875425743e-01 -7.011498448277488915e-01
1.690278456277480856e-01 -6.122666790390517422e-01
1.709819247679531529e-01 6.016898187463752823e-01
1.729360039081582201e-01 3.536125700404039174e-01
1.748900830483632873e-01 -8.844354122589240252e-02
1.768441621885683546e-01 -6.661348891262287575e-01
1.787982413287738659e-01 -1.014808005779783917e+00
1.807523204689789331e-01 -6.852273334037888297e-01
1.827063996091840004e-01 -3.540323860691583224e-01
1.846604787493895117e-01 -8.938099256136264326e-02
1.866145578895945789e-01 5.056804649095276716e-01
1.885686370297996461e-01 1.317606870691074850e-01
1.905227161700047134e-01 -8.017941221994730194e-02
1.924767953102097806e-01 -2.357163716884556892e-01
1.944308744504152919e-01 1.485924423949609025e-02
1.963849535906203592e-01 -6.996850427094126745e-01
1.983390327308254264e-01 -6.816545471569313008e-01
2.002931118710309377e-01 1.772736154109136320e-02
2.022471910112360050e-01 2.369738792120695825e-01
2.042012701514410722e-01 8.578874432988112253e-02
2.061553492916461394e-01 -3.217476308605740631e-01
2.081094284318512067e-01 -8.572804669460560856e-01
2.100635075720567180e-01 -1.111551407755667853e+00
2.120175867122617852e-01 -9.613748586669556007e-01
2.139716658524668524e-01 -3.476593008243162863e-01
2.159257449926723638e-01 -3.773995484150294288e-01
2.178798241328774310e-01 2.026757153158441349e-02
2.198339032730824982e-01 2.505701807402768710e-01
2.217879824132875655e-01 1.386625559982626876e-01
2.237420615534926327e-01 -1.899393618630781655e-01
2.256961406936981440e-01 -4.382640057473347062e-01
2.276502198339032113e-01 -1.798072561861243923e-01
2.296042989741082785e-01 4.879311767304232994e-01
2.315583781143137898e-01 4.501091728234616479e-02
2.335124572545188570e-01 -4.595707671567772490e-01
2.354665363947239243e-01 1.169151403084463386e-01
2.374206155349289915e-01 3.942589944341431396e-01
2.393746946751340587e-01 7.907840429124523007e-01
2.413287738153395701e-01 5.888251354428510886e-01
2.432828529555446373e-01 2.229081745042079121e-01
2.452369320957497045e-01 -1.514093594751065863e-01
2.471910112359552159e-01 -8.125905593607313238e-01
2.491450903761602831e-01 -2.527406008633382717e-01
2.510991695163653503e-01 2.240252518425271677e-01
2.530532486565704176e-01 2.164572314186805069e-01
2.550073277967754848e-01 -2.543128854850738030e-01
2.569614069369809961e-01 -3.823419879002947219e-01
2.589154860771860633e-01 3.127624111536739249e-01
2.608695652173911306e-01 2.820448436293753192e-01
2.628236443575966419e-01 -3.978990916176662340e-01
2.647777234978017091e-01 2.234733319155504383e-01
2.667318026380067764e-01 6.627509172527861203e-01
2.686858817782118436e-01 5.854968768389855471e-01
2.706399609184169108e-01 1.699335448086914391e-01
2.725940400586224222e-01 4.343908286023323573e-02
2.745481191988274894e-01 2.897562229989375515e-01
2.765021983390325566e-01 4.924883722249696061e-01
2.784562774792380679e-01 6.006907377004823134e-01
2.804103566194431352e-01 -1.855573430866625517e-01
2.823644357596482024e-01 -3.400905196807197939e-01
2.843185148998532696e-01 -3.501444461889453574e-01
2.862725940400583369e-01 5.038169944746953011e-01
2.882266731802638482e-01 1.962072243112690795e-01
2.901807523204689154e-01 -5.419431946924812421e-02
2.921348314606739827e-01 5.355208258986775549e-01
2.940889106008794940e-01 4.114083312198184295e-02
2.960429897410845612e-01 -6.432593245641099466e-01
2.979970688812896285e-01 -6.728320724659755392e-01
2.999511480214946957e-01 -2.957427171104566321e-01
3.019052271616997629e-01 1.625223436755958298e-03
3.038593063019052742e-01 -5.707838082627588600e-02
3.058133854421103415e-01 2.363250403022784663e-01
3.077674645823154087e-01 1.174245598732140405e-01
3.097215437225209200e-01 1.823475672269784242e-01
3.116756228627259873e-01 -3.526815330597552478e-01
3.136297020029310545e-01 -3.276812326736189829e-01
3.155837811431361217e-01 4.161957982523015187e-01
3.175378602833411890e-01 7.216017114024922408e-02
3.194919394235467003e-01 8.342991934114855901e-02
3.214460185637517675e-01 -8.990413866204999271e-02
3.234000977039568347e-01 -1.284160295538188112e-01
3.253541768441623461e-01 -4.792199044929649210e-01
3.273082559843674133e-01 -5.225887530426293059e-01
3.292623351245724805e-01 -2.280000329261001879e-01
3.312164142647775478e-01 -1.701660020134286855e-01
3.331704934049826150e-01 4.382710896993473604e-01
3.351245725451881263e-01 6.921283350329039685e-02
3.370786516853931936e-01 -3.211630196992806829e-01
3.390327308255982608e-01 -2.883278247791153936e-01
3.409868099658037721e-01 -2.106400285908452130e-01
3.429408891060088393e-01 -7.037058293986098167e-01
3.448949682462139066e-01 -7.035155606316317867e-01
3.468490473864189738e-01 -3.572476199129847596e-01
3.488031265266240410e-01 -5.256413566644003721e-01
3.507572056668295524e-01 -3.203872123223782675e-01
3.527112848070346196e-01 3.098928558558334823e-01
3.546653639472396868e-01 3.682596923382470133e-01
3.566194430874451982e-01 6.294164271974933555e-01
3.585735222276502654e-01 2.446429349643853279e-01
3.605276013678553326e-01 1.092163464920472005e-01
3.624816805080603999e-01 8.465233533192149107e-01
3.644357596482654671e-01 8.922213761433011037e-01
3.663898387884709784e-01 -8.943369961807319524e-02
3.683439179286760456e-01 -4.794699391710358083e-01
3.702979970688811129e-01 -3.024186724121803449e-01
3.722520762090866242e-01 3.061138434343679271e-01
3.742061553492916914e-01 5.705602567716943074e-01
3.761602344894967587e-01 1.629312455772754381e-02
3.781143136297018259e-01 -1.994323349384319322e-01
3.800683927699068931e-01 1.173014766545060761e-01
3.820224719101124045e-01 1.257713452573803181e-01
3.839765510503174717e-01 2.765234884578552377e-01
3.859306301905225389e-01 8.864224047927155015e-01
3.878847093307280502e-01 5.490695203963029680e-01
3.898387884709331175e-01 2.446549733248225555e-01
3.917928676111381847e-01 -2.343368045129142763e-01
3.937469467513432519e-01 4.252048041927886657e-01
3.957010258915483192e-01 2.080960866716982383e-01
3.976551050317538305e-01 -5.456392716701040646e-01
3.996091841719588977e-01 -4.746179016787821503e-01
4.015632633121639650e-01 -4.049503895163219513e-01
4.035173424523694763e-01 -8.940900455749699605e-01
4.054714215925745435e-01 -1.925154521734140367e-01
4.074255007327796108e-01 4.775779332041668601e-01
4.093795798729846780e-01 5.384229206188675398e-01
4.113336590131897452e-01 3.639307767295588136e-01
4.132877381533952565e-01 -1.696256660313432973e-01
4.152418172936003238e-01 -5.450103675096206191e-01
4.171958964338053910e-01 -4.574195101841232319e-02
4.191499755740109023e-01 2.677521608575250678e-01
4.211040547142159696e-01 2.571157639321223209e-01
4.230581338544210368e-01 1.816044538187929214e-01
4.250122129946261040e-01 -9.497616551209292143e-03
4.269662921348311713e-01 -1.457127233887920911e-02
4.289203712750366826e-01 -3.273056518690434791e-01
4.308744504152417498e-01 -2.945812104799645781e-02
4.328285295554468171e-01 5.278836013081721346e-01
4.347826086956523284e-01 5.298552400710120347e-01
4.367366878358573956e-01 1.718972521288442690e-01
4.386907669760624628e-01 -2.726053924895242009e-01
4.406448461162675301e-01 -1.962691829286295625e-02
4.425989252564725973e-01 -4.479756599980375120e-01
4.445530043966781086e-01 -2.919987557812713241e-01
4.465070835368831759e-01 -1.410568573192000630e-01
4.484611626770882431e-01 -6.720019797088707357e-03
4.504152418172937544e-01 -1.231974025506417519e-01
4.523693209574988217e-01 -3.950035103625003652e-01
4.543234000977038889e-01 -4.211614327212611641e-01
4.562774792379089561e-01 -2.714132840727627172e-01
4.582315583781140234e-01 -4.370654191946408140e-01
4.601856375183195347e-01 -5.260428512840998883e-01
4.621397166585246019e-01 5.609988666812953939e-02
4.640937957987296691e-01 1.873975895577211226e-01
4.660478749389351805e-01 4.280002828418499883e-01
4.680019540791402477e-01 5.036138028150461965e-01
4.699560332193453149e-01 3.825063578424532373e-01
4.719101123595503822e-01 2.984015973855568826e-01
4.738641914997554494e-01 1.531474675407417940e-01
4.758182706399609607e-01 3.419066173383502605e-01
4.777723497801660280e-01 6.618967171699092766e-01
4.797264289203710952e-01 4.696816784172109238e-01
4.816805080605766065e-01 4.329212508844934582e-01
4.836345872007816737e-01 -1.801778964252656046e-01
4.855886663409867410e-01 -4.035756789741223316e-01
4.875427454811918082e-01 -1.450791574360744685e-01
4.894968246213968754e-01 2.154136913270082720e-01
4.914509037616023868e-01 2.605245435602911441e-01
4.934049829018074540e-01 -7.466220882841123618e-02
4.953590620420125212e-01 -3.223773755543237751e-01
4.973131411822180326e-01 5.110685140220159184e-01
4.992672203224230998e-01 9.972983694043778824e-01
5.012212994626281670e-01 5.841796401922704218e-01
5.031753786028332343e-01 -2.418219050116796609e-01
5.051294577430383015e-01 -1.987938533519797435e-01
5.070835368832438128e-01 1.299026337575605039e-01
5.090376160234488800e-01 -2.127535205397895757e-01
5.109916951636539473e-01 2.318557363298545115e-01
5.129457743038594586e-01 -9.164581948483059570e-02
5.148998534440645258e-01 -2.541397917432080544e-01
5.168539325842695931e-01 -3.572939708792058910e-01
5.188080117244746603e-01 2.322749489404243861e-01
5.207620908646797275e-01 -1.554552241333808857e-02
5.227161700048852389e-01 -3.372102685102785768e-01
5.246702491450903061e-01 1.232612132879390976e-01
5.266243282852953733e-01 1.483442996295128713e-01
5.285784074255008846e-01 1.576281177702856806e-01
5.305324865657059519e-01 -3.105813235926772053e-01
5.324865657059110191e-01 -5.685188810337429288e-01
5.344406448461160863e-01 -8.845433154684607668e-01
5.363947239863211536e-01 -3.211218134044842021e-01
5.383488031265266649e-01 -9.055607810131115210e-02
5.403028822667317321e-01 -1.673734891738774822e-01
5.422569614069367994e-01 3.373834038339805774e-01
5.442110405471423107e-01 2.621988369408114194e-01
5.461651196873473779e-01 -7.763587150791806391e-02
5.481191988275524452e-01 -1.523117064498421824e-01
5.500732779677575124e-01 2.898594406868604256e-01
5.520273571079625796e-01 -2.481699682409931051e-02
5.539814362481680909e-01 -4.850260141726653318e-01
5.559355153883731582e-01 -1.912427929739702048e-01
5.578895945285782254e-01 6.109208320129468905e-01
5.598436736687837367e-01 2.780024088159075424e-01
5.617977528089888040e-01 3.667355037772937736e-03
5.637518319491938712e-01 1.779585745363552185e-01
5.657059110893989384e-01 -1.340646663710118869e-01
5.676599902296040057e-01 -8.728287375395433756e-01
5.696140693698095170e-01 -1.251729304368436546e+00
5.715681485100145842e-01 -8.171233385674432359e-01
5.735222276502196515e-01 -3.664307967639387487e-01
5.754763067904251628e-01 -5.092284080871002372e-01
5.774303859306302300e-01 -5.830731485750831888e-01
5.793844650708352972e-01 -4.937413281018291356e-01
5.813385442110403645e-01 -5.069779022569633753e-01
5.832926233512454317e-01 -1.027243296309563458e-01
5.852467024914509430e-01 -4.251737100959091520e-01
5.872007816316560103e-01 -1.251534541487515195e+00
5.891548607718610775e-01 -7.281959582825546784e-01
5.911089399120665888e-01 -9.547132932107031678e-02
5.930630190522716561e-01 7.535304170757667341e-01
5.950170981924767233e-01 6.920864218609081853e-01
5.969711773326817905e-01 -1.537382542452190026e-01
5.989252564728868578e-01 3.664930173118562812e-02
6.008793356130923691e-01 1.081600769570795484e-01
6.028334147532974363e-01 -3.762432230488644835e-01
6.047874938935025035e-01 -2.630872428172221222e-01
6.067415730337080149e-01 2.614346057153154046e-01
6.086956521739130821e-01 1.740721448405508909e-01
6.106497313141181493e-01 -1.191991039410106173e-01
6.126038104543232166e-01 -2.094297963943299312e-01
6.145578895945282838e-01 -9.519489694304633653e-01
6.165119687347337951e-01 -1.235298663520280948e+00
6.184660478749388623e-01 -1.085260156111377938e+00
6.204201270151439296e-01 -2.134103138846249470e-01
6.223742061553494409e-01 -3.600066655187441622e-01
6.243282852955545081e-01 -8.259660364238340380e-01
6.262823644357595754e-01 -5.501807812580192802e-01
6.282364435759646426e-01 -8.166189097106744954e-02
6.301905227161697098e-01 4.600236567322834591e-01
6.321446018563752212e-01 2.548500311783434835e-01
6.340986809965802884e-01 -7.579513091911481704e-01
6.360527601367853556e-01 -3.825181585133214934e-01
6.380068392769908669e-01 -3.307887623691311285e-01
6.399609184171959342e-01 1.728028920362603693e-01
6.419149975574010014e-01 3.543237292262044758e-01
6.438690766976060686e-01 2.087933625989665254e-01
6.458231558378111359e-01 2.240817439339420208e-02
6.477772349780166472e-01 -5.951817261570104822e-01
6.497313141182217144e-01 -7.081530226424375130e-01
6.516853932584267817e-01 -4.566644446900289256e-01
6.536394723986322930e-01 2.820159833042047426e-01
6.555935515388373602e-01 8.998839431899396946e-02
6.575476306790424275e-01 4.473464780687493869e-01
6.595017098192474947e-01 7.005830975414473194e-01
6.614557889594525619e-01 -4.822406662736711258e-02
6.634098680996580732e-01 -3.578798585251052877e-01
6.653639472398631405e-01 1.961417031130534006e-01
6.673180263800682077e-01 -8.952932725058554420e-01
6.692721055202737190e-01 -9.727566420475484144e-01
6.712261846604787863e-01 4.318723279695252382e-02
6.731802638006838535e-01 8.680393987036222336e-02
6.751343429408889207e-01 1.180353978717219032e-01
6.770884220810939880e-01 1.541085159333750038e-02
6.790425012212994993e-01 -2.520821074224712799e-01
6.809965803615045665e-01 -8.614070480097366089e-02
6.829506595017096338e-01 4.115633068592166599e-01
6.849047386419151451e-01 1.045917582647970662e-01
6.868588177821202123e-01 -9.702310990550852554e-02
6.888128969223252795e-01 6.134343676312875582e-02
6.907669760625303468e-01 1.097687159490632891e-01
6.927210552027354140e-01 4.616160743231304542e-01
6.946751343429409253e-01 2.625207364641452545e-01
6.966292134831459926e-01 -2.435847952362819868e-02
6.985832926233510598e-01 -4.642375517967388676e-01
7.005373717635565711e-01 -5.155639484445321274e-01
7.024914509037616384e-01 -3.950990201372122507e-02
7.044455300439667056e-01 5.133530052678402233e-01
7.063996091841717728e-01 8.333952112918365795e-01
7.083536883243768401e-01 6.426003695557026552e-01
7.103077674645823514e-01 2.405573457602514231e-01
7.122618466047874186e-01 5.323253065085127300e-01
7.142159257449924858e-01 7.121939148663525287e-01
7.161700048851979972e-01 7.502497489055139079e-02
7.181240840254030644e-01 -5.755332186413233408e-01
7.200781631656081316e-01 -3.357903894591496297e-01
7.220322423058131989e-01 2.848109533536014593e-01
7.239863214460182661e-01 2.228304242000277158e-01
7.259404005862237774e-01 3.650218171125023670e-01
7.278944797264288447e-01 5.487918284955499715e-01
7.298485588666339119e-01 5.886069645235976200e-01
7.318026380068394232e-01 4.468042066900675957e-01
7.337567171470444904e-01 2.426438964340422999e-01
7.357107962872495577e-01 3.559495140526398038e-01
7.376648754274546249e-01 4.165268874228403861e-01
7.396189545676596921e-01 4.078532997040278940e-01
7.415730337078652035e-01 -1.926345152135724992e-01
7.435271128480702707e-01 3.523993591573602036e-01
7.454811919882753379e-01 2.541911850991988020e-01
7.474352711284808493e-01 -5.129758866013092167e-01
7.493893502686859165e-01 -1.532615126726735166e-01
7.513434294088909837e-01 1.369289630309384054e-01
7.532975085490960510e-01 4.238223578940875091e-01
7.552515876893011182e-01 6.234423016186523281e-01
7.572056668295066295e-01 9.722806765494401704e-01
7.591597459697116967e-01 1.226509575313196931e+00
7.611138251099167640e-01 7.886004308360630155e-01
7.630679042501222753e-01 6.150598216274628660e-01
7.650219833903273425e-01 4.032117289274544381e-01
7.669760625305324098e-01 1.716059104032902072e-01
7.689301416707374770e-01 3.665594935140004673e-01
7.708842208109425442e-01 7.021438347937745128e-01
7.728382999511480556e-01 7.601338490169678996e-01
7.747923790913531228e-01 3.989645023836780324e-01
7.767464582315581900e-01 5.229642082029206662e-01
7.787005373717637013e-01 3.598477424688108217e-02
7.806546165119687686e-01 -3.281165482426439683e-01
7.826086956521738358e-01 -4.808544176455473163e-01
7.845627747923789030e-01 -6.978094445242112587e-02
7.865168539325839703e-01 -4.105779195933950687e-01
7.884709330727894816e-01 -7.174437026030290321e-01
7.904250122129945488e-01 -4.403732259209898192e-01
7.923790913531996161e-01 -1.073550866283710770e+00
7.943331704934051274e-01 -1.590991297116786329e+00
7.962872496336101946e-01 -1.208423599875281695e+00
7.982413287738152619e-01 -5.478496982187339714e-01
8.001954079140203291e-01 -1.417001945969797727e-01
8.021494870542253963e-01 -2.251988093870389007e-01
8.041035661944309076e-01 -4.514090884700624473e-01
8.060576453346359749e-01 -3.446136896063222710e-01
8.080117244748410421e-01 3.491330748237198023e-01
8.099658036150465534e-01 5.317367501661369733e-01
8.119198827552516207e-01 1.369345986642519705e-02
8.138739618954566879e-01 -1.550227684103888115e-01
8.158280410356617551e-01 1.730389630699017411e-01
8.177821201758668224e-01 1.116940726878074830e-01
8.197361993160723337e-01 -2.568052668944592054e-01
8.216902784562774009e-01 -8.399197200471670843e-01
8.236443575964824682e-01 -1.403907011946153860e+00
8.255984367366879795e-01 -8.659948649755195849e-01
8.275525158768930467e-01 -5.885075716831973391e-01
8.295065950170981139e-01 -1.170199470533965558e+00
8.314606741573031812e-01 -3.827494917493682314e-01
8.334147532975082484e-01 -4.069874335487901895e-01
8.353688324377137597e-01 1.869470763647657630e-01
8.373229115779188270e-01 2.097931234335292938e-01
8.392769907181238942e-01 3.257955013869068273e-01
8.412310698583294055e-01 -4.583961104513062379e-02
8.431851489985344728e-01 -4.511361192986450552e-01
8.451392281387395400e-01 -6.225525797591255905e-01
8.470933072789446072e-01 -4.646708485559296609e-01
8.490473864191496745e-01 -7.562016251272319911e-01
8.510014655593551858e-01 -1.571597643611839956e+00
8.529555446995602530e-01 -1.084285767923079513e+00
8.549096238397653202e-01 -1.432313162691727149e+00
8.568637029799708316e-01 -1.881624570892248993e+00
8.588177821201758988e-01 -1.048788826878026104e+00
8.607718612603809660e-01 -6.708969796639391303e-01
8.627259404005860333e-01 -5.271570542493002609e-01
8.646800195407911005e-01 -4.559972146644302171e-01
8.666340986809966118e-01 -1.008090709919790218e+00
8.685881778212016791e-01 -1.257451900681825441e+00
8.705422569614067463e-01 -1.694914145478369605e+00
8.724963361016122576e-01 -2.325632694203629836e+00
8.744504152418173248e-01 -1.446953817227406347e+00
8.764044943820223921e-01 -1.316774218569096933e+00
8.783585735222274593e-01 -1.680048931318880889e+00
8.803126526624325265e-01 -1.597200063096130496e+00
8.822667318026380379e-01 -2.083772737395987118e+00
8.842208109428431051e-01 -2.389230439213445578e+00
8.861748900830481723e-01 -2.209910164089489815e+00
8.881289692232536837e-01 -1.835357054405118316e+00
8.900830483634587509e-01 -1.959539373387345407e+00
8.920371275036638181e-01 -1.810348557916417800e+00
8.939912066438688854e-01 -2.599474476512328991e+00
8.959452857840739526e-01 -2.731429703606312209e+00
8.978993649242794639e-01 -2.084968588673629775e+00
8.998534440644845311e-01 -1.718925242587837854e+00
9.018075232046895984e-01 -2.268351377199994356e+00
9.037616023448951097e-01 -2.853352148358044182e+00
9.057156814851001769e-01 -2.848697507856572386e+00
9.076697606253052442e-01 -2.588841075454748175e+00
9.096238397655103114e-01 -2.465888984199636536e+00
9.115779189057153786e-01 -2.623525994002693373e+00
9.135319980459208900e-01 -3.345259622717422943e+00
9.154860771861259572e-01 -3.422712041336010813e+00
9.174401563263310244e-01 -3.468293856636211370e+00
9.193942354665365357e-01 -3.922627038224033136e+00
9.213483146067416030e-01 -3.751365028476541408e+00
9.233023937469466702e-01 -4.138304043496077611e+00
9.252564728871517374e-01 -3.770234686744262653e+00
9.272105520273568047e-01 -3.721749038506949603e+00
9.291646311675623160e-01 -4.203006228716671622e+00
9.311187103077673832e-01 -4.651926290812996356e+00
9.330727894479724505e-01 -4.528927171340817459e+00
9.350268685881779618e-01 -4.244733505760171610e+00
9.369809477283830290e-01 -4.264485443587900271e+00
9.389350268685880962e-01 -4.672343206397460591e+00
9.408891060087931635e-01 -5.282616138906769621e+00
9.428431851489982307e-01 -5.240299393149915552e+00
9.447972642892037420e-01 -4.591649724102629726e+00
9.467513434294088093e-01 -4.755215028604289351e+00
9.487054225696138765e-01 -4.819918328785533390e+00
9.506595017098193878e-01 -4.702638813651690342e+00
9.526135808500244551e-01 -4.781947840658535398e+00
9.545676599902295223e-01 -5.091551475261676174e+00
9.565217391304345895e-01 -5.469784014999655497e+00
9.584758182706396568e-01 -5.842978819393918499e+00
9.604298974108451681e-01 -5.846924349310328672e+00
9.623839765510502353e-01 -5.502186533609188857e+00
9.643380556912553025e-01 -6.090487136103837074e+00
9.662921348314608139e-01 -6.766999114994169062e+00
9.682462139716658811e-01 -6.920357064482919540e+00
9.702002931118709483e-01 -7.551494846191940447e+00
9.721543722520760156e-01 -7.042201687438716107e+00
9.741084513922810828e-01 -6.924695529677771688e+00
9.760625305324865941e-01 -7.620555722861958259e+00
9.780166096726916614e-01 -7.785185196139527974e+00
9.799706888128967286e-01 -6.811341318816733548e+00
9.819247679531022399e-01 -6.675100172208153992e+00
9.838788470933073071e-01 -7.366476243420382986e+00
9.858329262335123744e-01 -7.220162365100808444e+00
9.877870053737174416e-01 -6.896547754748628911e+00
9.897410845139225088e-01 -7.489471229416746922e+00
9.916951636541280202e-01 -8.111584234859259723e+00
9.936492427943330874e-01 -8.424266300192204682e+00
9.956033219345381546e-01 -8.261573048205196557e+00
9.975574010747436660e-01 -8.294261646980729097e+00
9.995114802149487332e-01 -8.665234537894958677e+00
1.001465559355153800e+00 -9.006945598219296301e+00
1.003419638495358868e+00 -9.000127340045136037e+00
1.005373717635563935e+00 -8.357792257635411559e+00
1.007327796775769446e+00 -7.971871550205525736e+00
1.009281875915974513e+00 -7.849173417706430733e+00
1.011235955056179581e+00 -8.068882127193271359e+00
1.013190034196385092e+00 -7.950238520753324600e+00
1.015144113336590159e+00 -8.017779405562627915e+00
1.017098192476795226e+00 -7.517198478796948358e+00
1.019052271617000294e+00 -7.491911527785283020e+00
1.021006350757205361e+00 -7.406983785996425595e+00
1.022960429897410872e+00 -6.859344492675819360e+00
1.024914509037615939e+00 -6.669598072123315902e+00
1.026868588177821007e+00 -6.995918971912002071e+00
1.028822667318026518e+00 -7.350415897577922131e+00
1.030776746458231585e+00 -6.956969635123988027e+00
1.032730825598436653e+00 -7.091947878605956213e+00
1.034684904738641720e+00 -6.547094050081909700e+00
1.036638983878846787e+00 -6.388691060162133617e+00
1.038593063019052298e+00 -5.768066599151293161e+00
1.040547142159257366e+00 -5.227081852621714653e+00
1.042501221299462433e+00 -5.603115990716506012e+00
1.044455300439667944e+00 -5.818038433129670395e+00
1.046409379579873011e+00 -5.565931057634968759e+00
1.048363458720078079e+00 -5.515959854443091892e+00
1.050317537860283146e+00 -6.437545157027114939e+00
1.052271617000488213e+00 -5.245718671417734846e+00
1.054225696140693724e+00 -4.610733012786679019e+00
1.056179775280898792e+00 -4.896663138764725254e+00
1.058133854421103859e+00 -4.842449981480337229e+00
1.060087933561309370e+00 -4.455448794528739320e+00
1.062042012701514437e+00 -4.514680699032258104e+00
1.063996091841719505e+00 -4.827491042318337477e+00
1.065950170981924572e+00 -4.959900288414689662e+00
1.067904250122129639e+00 -4.338831311133581004e+00
1.069858329262335150e+00 -4.529606873503257525e+00
1.071812408402540218e+00 -5.059215481911614631e+00
1.073766487542745285e+00 -4.072039506876508064e+00
1.075720566682950796e+00 -3.622928523906098874e+00
1.077674645823155863e+00 -3.575542688338868125e+00
1.079628724963360931e+00 -2.965749204616045631e+00
1.081582804103565998e+00 -3.046130121464059481e+00
1.083536883243771065e+00 -3.800082139736313813e+00
1.085490962383976576e+00 -3.116591995301004836e+00
1.087445041524181644e+00 -3.059626312746288601e+00
1.089399120664386711e+00 -3.070958926610916073e+00
1.091353199804592222e+00 -2.555214960477854902e+00
1.093307278944797289e+00 -2.707951786123970361e+00
1.095261358085002357e+00 -3.158452393793383273e+00
1.097215437225207424e+00 -3.403881099161072843e+00
1.099169516365412491e+00 -2.874168437656024366e+00
1.101123595505618002e+00 -2.336731946963464424e+00
1.103077674645823070e+00 -2.146883185191784449e+00
1.105031753786028137e+00 -2.320848184149916893e+00
1.106985832926233648e+00 -1.636476583047732580e+00
1.108939912066438715e+00 -1.867876857724474871e+00
1.110893991206643783e+00 -2.160204145935439080e+00
1.112848070346848850e+00 -2.323921099215548569e+00
1.114802149487053917e+00 -2.756902286660034118e+00
1.116756228627259429e+00 -2.370629130221196146e+00
1.118710307767464496e+00 -1.573816294969487828e+00
1.120664386907669563e+00 -1.583406217914551606e+00
1.122618466047875074e+00 -2.056649087404782694e+00
1.124572545188080142e+00 -2.097897841893296977e+00
1.126526624328285209e+00 -1.487678391416327628e+00
1.128480703468490276e+00 -1.118457221779107558e+00
1.130434782608695343e+00 -1.519874924599641020e+00
1.132388861748900855e+00 -2.359106460871989164e+00
1.134342940889105922e+00 -1.652904132059205722e+00
1.136297020029310989e+00 -1.314486183422145071e+00
1.138251099169516500e+00 -1.894762597077612520e+00
1.140205178309721568e+00 -2.077121103928616375e+00
1.142159257449926635e+00 -2.287265004374750887e+00
1.144113336590131702e+00 -1.017399818305696924e+00
1.146067415730336769e+00 -9.589727475609550744e-01
1.148021494870542281e+00 -7.986732000742076121e-01
1.149975574010747348e+00 -5.909838550356188991e-01
1.151929653150952415e+00 -1.580282318771526029e+00
1.153883732291157926e+00 -1.682026818310222271e+00
1.155837811431362994e+00 -1.154769351020851209e+00
1.157791890571568061e+00 -7.321670187339337499e-01
1.159745969711773128e+00 -7.090213424925269070e-01
1.161700048851978195e+00 -4.954811965599342782e-01
1.163654127992183707e+00 -4.246489252217972576e-01
1.165608207132388774e+00 -9.168853915848855785e-01
1.167562286272593841e+00 -3.794936512274766360e-01
1.169516365412799352e+00 -1.361704590167211459e-01
1.171470444553004420e+00 -9.407243542774236245e-01
1.173424523693209487e+00 -1.198820356163746714e+00
1.175378602833414554e+00 -3.200605427151028692e-01
1.177332681973619621e+00 -4.816915450441183744e-01
1.179286761113825133e+00 -3.160003100723101643e-01
1.181240840254030200e+00 5.210515500571612224e-02
1.183194919394235267e+00 -1.187558565307566261e-01
1.185148998534440778e+00 -1.784191162473678371e-01
1.187103077674645846e+00 -6.245068961184616629e-01
1.189057156814850913e+00 -4.662887641357675861e-01
1.191011235955055980e+00 3.601486198722575471e-01
1.192965315095261047e+00 2.141446814611809302e-01
1.194919394235466559e+00 2.942350162218760889e-01
1.196873473375671626e+00 3.880205009342215794e-01
1.198827552515876693e+00 4.950732178067948075e-01
1.200781631656082205e+00 -2.247371300978817932e-01
1.202735710796287272e+00 -4.672827545465805255e-01
1.204689789936492339e+00 -4.713639774285510176e-01
1.206643869076697406e+00 -2.942666948841193841e-01
1.208597948216902473e+00 4.328780186753152653e-02
1.210552027357107985e+00 -4.362958509411629660e-01
1.212506106497313052e+00 -1.870779011970611361e-01
1.214460185637518119e+00 2.756860119093610395e-01
1.216414264777723631e+00 9.062846629735944459e-01
1.218368343917928698e+00 4.386304189171604806e-01
1.220322423058133765e+00 5.076929404623126141e-01
1.222276502198338832e+00 3.855011386839894971e-01
1.224230581338543900e+00 3.345492513612046553e-02
1.226184660478749411e+00 -4.860730425926242937e-01
1.228138739618954478e+00 -8.701090925738829140e-01
1.230092818759159545e+00 3.699189642317246007e-01
1.232046897899365057e+00 9.945608063162854062e-01
1.234000977039570124e+00 3.559470944310632046e-01
1.235955056179775191e+00 1.178175785785210393e-02
1.237909135319980258e+00 1.520347985631480270e-01
1.239863214460185326e+00 -7.164136718873581958e-03
1.241817293600390837e+00 5.965364355505418242e-02
1.243771372740595904e+00 6.464366031504196197e-01
1.245725451880800971e+00 4.258985252335698024e-01
1.247679531021006483e+00 8.085012235565107730e-01
1.249633610161211550e+00 -1.933449043501411779e-02
1.251587689301416617e+00 -1.393651270074098614e+00
1.253541768441621684e+00 -6.952662392440457362e-01
1.255495847581826752e+00 2.164315013589872549e-01
1.257449926722032263e+00 3.155014063523636780e-01
1.259404005862237330e+00 6.173675084637348341e-03
1.261358085002442397e+00 3.232999327475928331e-01
1.263312164142647909e+00 -3.151916857029991581e-01
1.265266243282852976e+00 -4.830890085920921950e-01
1.267220322423058043e+00 1.236201407344934278e-01
1.269174401563263110e+00 5.940830267873027370e-01
1.271128480703468178e+00 3.334637358310363342e-01
1.273082559843673689e+00 -2.748763832087576520e-02
1.275036638983878756e+00 6.852480981607410593e-01
1.276990718124083823e+00 4.830690900123554843e-01
1.278944797264289335e+00 4.396230952835738504e-01
1.280898876404494402e+00 1.017306178793214028e-01
1.282852955544699469e+00 -4.930689227169555156e-01
1.284807034684904536e+00 -8.606435006995458853e-03
1.286761113825109604e+00 8.497346771212449523e-01
1.288715192965315115e+00 8.116451266389361763e-01
1.290669272105520182e+00 6.983687900720090269e-01
1.292623351245725249e+00 4.781547713568808922e-01
1.294577430385930761e+00 1.246736640309678706e-01
1.296531509526135828e+00 -3.092541530852239706e-01
1.298485588666340895e+00 -2.960771247352932400e-01
1.300439667806545962e+00 6.528947390616148816e-01
1.302393746946751030e+00 8.887437175211153617e-01
1.304347826086956541e+00 3.044219487722187312e-01
1.306301905227161608e+00 1.554736411789182371e-01
1.308255984367366676e+00 2.311203193104366949e-01
1.310210063507572187e+00 6.216605295145873067e-02
1.312164142647777254e+00 2.522164419756238174e-01
1.314118221787982321e+00 6.713120412399652404e-01
1.316072300928187389e+00 7.417666000280281891e-01
1.318026380068392456e+00 3.383824482455697336e-01
1.319980459208597967e+00 3.313634496576040034e-01
1.321934538348803034e+00 8.366679924694370163e-02
1.323888617489008102e+00 -1.786982774994311934e-02
1.325842696629213613e+00 6.467164545843678836e-02
1.327796775769418680e+00 -1.361093738419858201e-01
1.329750854909623747e+00 -3.540673868625921483e-01
1.331704934049828815e+00 -2.852647538897343238e-01
1.333659013190033882e+00 -2.584901946152951546e-01
1.335613092330239393e+00 -1.475005171065772377e-02
1.337567171470444460e+00 -2.546706218174188407e-01
1.339521250610649528e+00 -4.628144575404041783e-01
1.341475329750855039e+00 -5.946126259867832164e-01
1.343429408891060106e+00 1.125240512379925839e-01
1.345383488031265173e+00 2.680166987159269265e-01
1.347337567171470241e+00 4.771376805685825090e-02
1.349291646311675308e+00 3.400762609964050887e-01
1.351245725451880819e+00 -4.731708872418016743e-02
1.353199804592085886e+00 -4.572173086746459392e-01
1.355153883732290954e+00 -3.039149632154381497e-01
1.357107962872496465e+00 -1.274552109876135597e-01
1.359062042012701532e+00 5.311845486552655426e-01
1.361016121152906599e+00 6.534054684450945061e-01
1.362970200293111667e+00 -2.546745730656590490e-01
1.364924279433316734e+00 -6.731007089635854257e-01
1.366878358573522245e+00 5.603021654110049848e-02
1.368832437713727312e+00 -1.810320781795310696e-01
1.370786516853932380e+00 4.054071635639622251e-02
1.372740595994137891e+00 8.251936935265831441e-02
1.374694675134342958e+00 -3.670293014776259133e-01
1.376648754274548025e+00 -1.794015526934558957e-01
1.378602833414753093e+00 -1.113820340601334030e-01
1.380556912554958160e+00 -5.437723457429251284e-02
1.382510991695163671e+00 3.771399354955980165e-02
1.384465070835368738e+00 -1.995527145986182860e-01
1.386419149975573806e+00 -4.997816862280416439e-01
1.388373229115779317e+00 -5.515998068551566380e-01
1.390327308255984384e+00 -9.868060658466704105e-02
1.392281387396189452e+00 -4.269470499198457780e-02
1.394235466536394519e+00 4.863151174311761693e-01
1.396189545676599586e+00 5.706651839564066409e-01
1.398143624816805097e+00 1.499206011806258065e-01
1.400097703957010165e+00 -6.636321668594097334e-01
1.402051783097215232e+00 -8.263642373711371780e-01
1.404005862237420743e+00 -2.576345317995348827e-01
1.405959941377625810e+00 5.329941283223614823e-01
1.407914020517830878e+00 3.234963606215878196e-01
1.409868099658035945e+00 -3.863091416327287669e-02
1.411822178798241012e+00 -3.499946873105970191e-01
1.413776257938446523e+00 2.140542810156132181e-01
1.415730337078651591e+00 1.187080249791970660e-01
1.417684416218856658e+00 -2.313300899023672252e-01
1.419638495359062169e+00 -5.691125736549763614e-01
1.421592574499267236e+00 -3.584383228508490893e-01
1.423546653639472304e+00 -9.428559925146816345e-02
1.425500732779677371e+00 4.953116349044862921e-02
1.427454811919882438e+00 5.436650931739716031e-01
1.429408891060087949e+00 6.373237916767782174e-01
1.431362970200293017e+00 4.499934547445038485e-02
1.433317049340498084e+00 -4.787962096091918918e-01
1.435271128480703595e+00 -9.111808395687269746e-01
1.437225207620908662e+00 -4.034290333692862607e-01
1.439179286761113730e+00 -2.234454778572015909e-01
1.441133365901318797e+00 -9.196015942407702315e-02
1.443087445041523864e+00 4.413346065124356121e-01
1.445041524181729375e+00 2.517962263485368779e-01
1.446995603321934443e+00 -3.231004916027502283e-01
1.448949682462139510e+00 -4.997679059187078998e-01
1.450903761602345021e+00 -1.789537551945818705e-01
1.452857840742550088e+00 -3.492773834758217122e-02
1.454811919882755156e+00 5.621223546330136323e-01
1.456765999022960223e+00 6.537173765857130503e-01
1.458720078163165290e+00 5.474516525685689528e-02
1.460674157303370801e+00 -3.626184919075017832e-01
1.462628236443575869e+00 -1.356590985326318610e-01
1.464582315583780936e+00 3.951211057035831642e-01
1.466536394723986447e+00 2.309285220315922538e-01
1.468490473864191515e+00 1.043233309006192933e-01
1.470444553004396582e+00 6.619492533079719410e-01
1.472398632144601649e+00 6.271840945079754093e-01
1.474352711284806716e+00 1.137941612869357438e-01
1.476306790425012228e+00 -2.377850883630927836e-01
1.478260869565217295e+00 -4.663322480861619712e-01
1.480214948705422362e+00 -5.289324326167053059e-01
1.482169027845627873e+00 -3.240248887344010509e-01
1.484123106985832941e+00 1.115082803955607105e-01
1.486077186126038008e+00 5.363148017463014172e-01
1.488031265266243075e+00 -1.535650383918883977e-01
1.489985344406448142e+00 -6.146715904316267798e-01
1.491939423546653654e+00 -4.127522825921001171e-02
1.493893502686858721e+00 1.229085076981299984e-01
1.495847581827063788e+00 4.109980119305182145e-01
1.497801660967269299e+00 5.408493819624380361e-01
1.499755740107474367e+00 2.830934307833549157e-02
1.501709819247679434e+00 -3.147881778347916826e-01
1.503663898387884501e+00 -1.083194877050500798e-01
1.505617977528089568e+00 3.428983930898514831e-01
1.507572056668295080e+00 8.187330956451317476e-01
1.509526135808500147e+00 -3.781509608863314886e-02
1.511480214948705214e+00 -1.696571202464036143e-01
1.513434294088910725e+00 2.915275457943522497e-01
1.515388373229115793e+00 7.692741972207273182e-01
1.517342452369320860e+00 3.385306059312806481e-01
1.519296531509525927e+00 -2.908325252871656885e-01
1.521250610649730994e+00 -2.209127021125972257e-01
1.523204689789936506e+00 -4.080018300561545352e-01
1.525158768930141573e+00 2.132026542042891604e-01
1.527112848070346640e+00 -8.437073124652008649e-02
1.529066927210552151e+00 -3.137856542618470135e-01
1.531021006350757219e+00 1.532296175965799645e-01
1.532975085490962286e+00 4.621974009836154335e-02
1.534929164631167353e+00 -6.602187040304525745e-01
1.536883243771372420e+00 -8.282459170754630229e-01
1.538837322911577932e+00 -4.836563963310664960e-01
1.540791402051782999e+00 -3.197341538289013574e-01
1.542745481191988066e+00 1.584747110130022701e-02
1.544699560332193577e+00 -1.181461883259851964e-01
1.546653639472398645e+00 1.901115750161907481e-01
1.548607718612603712e+00 5.258167938932829799e-02
1.550561797752808779e+00 -2.936557465256695032e-01
1.552515876893013846e+00 -7.891639091345298285e-01
1.554469956033219358e+00 -4.703460994497988823e-01
1.556424035173424425e+00 5.497868848347540194e-01
1.558378114313629492e+00 8.129033757075914135e-01
1.560332193453835004e+00 2.409772258009910684e-01
1.562286272594040071e+00 -3.454192215164431645e-01
1.564240351734245138e+00 1.210255856631985011e-01
1.566194430874450205e+00 1.991754763365504166e-01
1.568148510014655272e+00 -4.520050409444877904e-01
1.570102589154860784e+00 -4.686622257331934382e-01
1.572056668295065851e+00 -2.767813929818092045e-01
1.574010747435270918e+00 -1.179543521053469241e-01
1.575964826575476430e+00 9.845033354175078966e-01
1.577918905715681497e+00 1.039233006974085605e+00
1.579872984855886564e+00 3.606713880888547941e-01
1.581827063996091631e+00 3.463963931602839774e-01
1.583781143136296699e+00 4.780079428060160507e-01
1.585735222276502210e+00 3.376703152646736705e-01
1.587689301416707277e+00 -2.210220858289943524e-01
1.589643380556912344e+00 -7.635637141131039474e-02
1.591597459697117856e+00 4.480941785000225330e-01
1.593551538837322923e+00 5.370957473944492078e-01
1.595505617977527990e+00 2.991466788679959521e-01
1.597459697117733057e+00 -1.677959235476072508e-01
1.599413776257938125e+00 1.667908148765857024e-01
1.601367855398143636e+00 6.028371606094679036e-01
1.603321934538348703e+00 1.746893034271949086e-01
1.605276013678553770e+00 -1.246065223856229198e-01
1.607230092818759282e+00 -1.321350120286129970e-01
1.609184171958964349e+00 -7.143911608375002054e-01
1.611138251099169416e+00 -8.779623633722941634e-01
1.613092330239374483e+00 -3.316080034654071002e-02
1.615046409379579551e+00 -2.427012382444728722e-01
1.617000488519785062e+00 -7.670444565879136478e-02
1.618954567659990129e+00 2.250595390714290878e-01
1.620908646800195196e+00 -1.698600303294464930e-01
1.622862725940400708e+00 -7.836388791431399270e-02
1.624816805080605775e+00 3.521409526555313585e-02
1.626770884220810842e+00 -7.963578055810714706e-02
1.628724963361015909e+00 -2.780268147244774890e-01
1.630679042501220977e+00 2.498394504683827955e-01
1.632633121641426488e+00 5.340019794922080676e-01
1.634587200781631555e+00 1.036372431577445630e+00
1.636541279921836622e+00 8.946093677244414399e-01
1.638495359062042134e+00 -4.134456569107422541e-02
1.640449438202247201e+00 -7.070005460817916365e-01
1.642403517342452268e+00 -2.503498853325996087e-01
1.644357596482657335e+00 -3.755014262596140240e-01
1.646311675622862403e+00 -9.782089887577352094e-01
1.648265754763067914e+00 -1.062752408743365296e+00
1.650219833903272981e+00 -2.832078645005138284e-01
1.652173913043478048e+00 -3.016331778009216646e-02
1.654127992183683560e+00 -4.056870953483757702e-01
1.656082071323888627e+00 -4.452994319388957623e-01
1.658036150464093694e+00 6.606167112875899194e-01
1.659990229604298762e+00 4.532542850601233297e-01
1.661944308744503829e+00 5.515991866080958150e-01
1.663898387884709340e+00 8.150584508416048868e-01
1.665852467024914407e+00 5.072496585602439545e-01
1.667806546165119475e+00 5.951513771221826898e-01
1.669760625305324986e+00 5.772048127629504366e-01
1.671714704445530053e+00 5.738309590910635194e-01
1.673668783585735120e+00 1.094869983285488707e-01
1.675622862725940188e+00 4.558144864936224394e-01
1.677576941866145255e+00 -4.454840752511728119e-02
1.679531021006350766e+00 -8.627903941113812536e-02
1.681485100146555833e+00 -3.161568487836207697e-01
1.683439179286760901e+00 -9.150883368923655725e-01
1.685393258426966412e+00 -7.898208962637688346e-01
1.687347337567171479e+00 -6.215011267402233974e-01
1.689301416707376546e+00 -5.742006756616784280e-01
1.691255495847581614e+00 -4.141768793179213537e-01
1.693209574987786681e+00 -4.942094699936573354e-01
1.695163654127992192e+00 -2.131386762243184588e-02
1.697117733268197259e+00 9.800361036525812031e-01
1.699071812408402327e+00 1.120622719233173914e+00
1.701025891548607838e+00 3.066111693019819562e-01
1.702979970688812905e+00 -2.592728529289732298e-01
1.704934049829017972e+00 -1.899830272293781194e-02
1.706888128969223040e+00 3.911822845057383868e-01
1.708842208109428107e+00 4.892800977003359808e-01
1.710796287249633618e+00 6.610584796425073018e-02
1.712750366389838685e+00 9.581627023079647421e-02
1.714704445530043753e+00 -2.536725534130807591e-01
1.716658524670249264e+00 -7.772792739568791243e-01
1.718612603810454331e+00 -8.363097924354289114e-01
1.720566682950659398e+00 -5.969349668621403149e-01
1.722520762090864466e+00 -1.397387823959256536e+00
1.724474841231069533e+00 -1.025011943493162603e+00
1.726428920371275044e+00 -6.739845502012757894e-01
1.728382999511480111e+00 -7.637021530035247308e-01
1.730337078651685179e+00 -9.707337514077052365e-01
1.732291157791890690e+00 -2.022029062607275385e-01
1.734245236932095757e+00 6.092715752727871914e-01
1.736199316072300824e+00 1.889176482992010742e-01
1.738153395212505892e+00 -5.470030192032182548e-01
1.740107474352710959e+00 -1.905676545631107000e-01
1.742061553492916470e+00 1.541100545883089812e-01
1.744015632633121538e+00 3.303203662021174658e-01
1.745969711773326605e+00 6.326598358121793275e-01
1.747923790913532116e+00 4.836835731516226367e-01
1.749877870053737183e+00 3.659484711836229476e-01
1.751831949193942251e+00 2.527810722248419739e-01
1.753786028334147318e+00 -1.980876583096219945e-01
1.755740107474352385e+00 -1.680877448823434039e-01
1.757694186614557896e+00 -1.052578705050966346e-01
1.759648265754762964e+00 -7.667635045905684121e-01
1.761602344894968031e+00 -8.103843847216718466e-01
1.763556424035173542e+00 -2.769160006344551297e-02
1.765510503175378609e+00 -1.767519567282168913e-01
1.767464582315583677e+00 -1.908360536310124700e-01
1.769418661455788744e+00 -6.507661153596548762e-04
1.771372740595993811e+00 -1.700576614537317455e-01
1.773326819736199322e+00 -6.939209487144279986e-01
1.775280898876404390e+00 -8.019651510050309628e-01
1.777234978016609457e+00 3.595102826741630730e-01
1.779189057156814968e+00 5.925166786894625615e-01
1.781143136297020035e+00 2.258029638322934796e-01
1.783097215437225103e+00 3.807367755241748003e-02
1.785051294577430170e+00 1.368118474358681058e-01
1.787005373717635237e+00 -2.125897776506435743e-02
1.788959452857840748e+00 -4.286490086380322917e-01
1.790913531998045816e+00 -5.632221383187909769e-01
1.792867611138250883e+00 -7.905003412163005283e-01
1.794821690278456394e+00 -3.238497141373520849e-01
1.796775769418661461e+00 2.957135936225721573e-01
1.798729848558866529e+00 3.900727461138669971e-01
1.800683927699071596e+00 -1.113044198682014291e-01
1.802638006839276663e+00 -4.820697062607995909e-01
1.804592085979482174e+00 -1.693851658872011501e-01
1.806546165119687242e+00 -5.170623069875663891e-01
1.808500244259892309e+00 -3.317902279450891667e-01
1.810454323400097820e+00 -3.323897738979060268e-01
1.812408402540302887e+00 -5.755034134579122274e-01
1.814362481680507955e+00 -4.634848678619086781e-01
1.816316560820713022e+00 2.262997439247103892e-01
1.818270639960918089e+00 8.649846409958025784e-02
1.820224719101123600e+00 -2.815068307223688726e-01
1.822178798241328668e+00 -4.926437029625665431e-01
1.824132877381533735e+00 -3.664230535983200449e-02
1.826086956521739246e+00 -7.098516797326827332e-02
1.828041035661944314e+00 -3.146931628383808355e-01
1.829995114802149381e+00 -4.411050854974937763e-01
1.831949193942354448e+00 -4.935903454077070207e-01
1.833903273082559515e+00 -4.017239003606159486e-01
1.835857352222765027e+00 -2.519872400940909585e-01
1.837811431362970094e+00 -8.652329081614488007e-03
1.839765510503175161e+00 8.620982953246741909e-02
1.841719589643380672e+00 -5.897429008733253708e-01
1.843673668783585740e+00 -3.250248925960212976e-01
1.845627747923790807e+00 -8.058344302226072564e-02
1.847581827063995874e+00 6.516730073726642591e-02
1.849535906204200941e+00 6.787372023020727951e-01
1.851489985344406453e+00 8.622811000427315076e-01
1.853444064484611520e+00 3.219294463759452274e-01
1.855398143624816587e+00 -1.341211341059882489e-01
1.857352222765022098e+00 -1.415388350436154186e-01
1.859306301905227166e+00 2.918630736422056504e-01
1.861260381045432233e+00 9.913912915115509483e-02
1.863214460185637300e+00 -8.211267824330779064e-01
1.865168539325842367e+00 -1.060747515955086762e+00
1.867122618466047879e+00 -4.838503845079992205e-01
1.869076697606252946e+00 -4.281087628904456932e-01
1.871030776746458013e+00 1.632010412253522280e-01
1.872984855886663524e+00 2.794078115641576154e-01
1.874938935026868592e+00 3.457740704091018247e-02
1.876893014167073659e+00 7.947626244676216090e-02
1.878847093307278726e+00 -1.298183659122398859e-01
1.880801172447483793e+00 6.044447694798619208e-01
1.882755251587689305e+00 -1.135963082682272390e-01
1.884709330727894372e+00 -4.244129972737524792e-01
1.886663409868099439e+00 1.828187780688042274e-01
1.888617489008304950e+00 1.421806908459137819e-01
1.890571568148510018e+00 6.907888352836878687e-02
1.892525647288715085e+00 3.811146416647909763e-01
1.894479726428920152e+00 2.144820214802295177e-01
1.896433805569125219e+00 -1.995353684742530442e-01
1.898387884709330731e+00 1.534414233033833397e-01
1.900341963849535798e+00 -4.054507958156486902e-01
1.902296042989740865e+00 -1.391388931203912382e-01
1.904250122129946377e+00 1.655139732311530776e-01
1.906204201270151444e+00 2.852234243888899234e-01
1.908158280410356511e+00 3.645214304895763591e-01
1.910112359550561578e+00 2.789947812485482626e-01
1.912066438690766645e+00 2.824943907906636298e-01
1.914020517830972157e+00 4.402084597832945367e-01
1.915974596971177224e+00 3.940096524410092726e-01
1.917928676111382291e+00 4.775455797342682551e-01
1.919882755251587803e+00 7.277150424713525467e-01
1.921836834391792870e+00 6.986564522697202850e-01
1.923790913531997937e+00 3.768525594163922854e-01
1.925744992672203004e+00 -2.940536140408946952e-01
1.927699071812408071e+00 -5.353608542750943888e-01
1.929653150952613583e+00 -2.189823866461844681e-01
1.931607230092818650e+00 -1.839353643736442723e-01
1.933561309233023717e+00 -1.775923719297766989e-01
1.935515388373229229e+00 2.376315442109647458e-01
1.937469467513434296e+00 5.500315471355725627e-01
1.939423546653639363e+00 -1.256769625229120779e-01
1.941377625793844430e+00 -1.912229350302041553e-01
1.943331704934049498e+00 -2.062816983783631319e-01
1.945285784074255009e+00 -3.330653612696214960e-01
1.947239863214460076e+00 -8.221714733044284407e-02
1.949193942354665143e+00 -3.725368132437996138e-01
1.951148021494870655e+00 -2.018068676137617645e-01
1.953102100635075722e+00 3.624168926355392784e-01
1.955056179775280789e+00 1.425288086599488802e-01
1.957010258915485856e+00 -3.196293395205169197e-01
1.958964338055690924e+00 -4.648031175077312893e-01
1.960918417195896435e+00 -4.932654297179238367e-02
1.962872496336101502e+00 3.506791034226275361e-01
1.964826575476306569e+00 6.924093898702163852e-01
1.966780654616512081e+00 1.745076969450888860e-01
1.968734733756717148e+00 -4.734990531017891358e-01
1.970688812896922215e+00 -3.959086144873736890e-01
1.972642892037127282e+00 -1.692127252916476032e-01
1.974596971177332350e+00 -2.205413018201941577e-01
1.976551050317537861e+00 -3.070579031814233972e-01
1.978505129457742928e+00 -9.116417762245594691e-02
1.980459208597947995e+00 -3.421666878490728370e-01
1.982413287738153507e+00 -1.082388978854544215e+00
1.984367366878358574e+00 -6.786746355635575600e-01
1.986321446018563641e+00 3.780673555705532651e-01
1.988275525158768708e+00 2.365794362467820711e-01
1.990229604298973776e+00 9.625195874823117004e-02
1.992183683439179287e+00 1.087985965246066888e-01
1.994137762579384354e+00 1.804233445787170043e-01
1.996091841719589421e+00 4.095435683032835339e-01
1.998045920859794933e+00 -4.641759686969218479e-02
2.000000000000000000e+00 3.901339675594810985e-01
