-2.000000000000000000e+00 -5.904878236028103089e+01
-1.998045920859794933e+00 -5.944977481659533680e+01
-1.996091841719589643e+00 -5.957526676469012017e+01
-1.994137762579384354e+00 -5.974263046633667784e+01
-1.992183683439179287e+00 -5.992767396608213915e+01
-1.990229604298974220e+00 -5.955063728238197029e+01
-1.988275525158768930e+00 -5.899310314467611960e+01
-1.986321446018563641e+00 -5.924146144126436297e+01
-1.984367366878358574e+00 -5.967544867739523795e+01
-1.982413287738153507e+00 -5.968030377394204322e+01
-1.980459208597948217e+00 -6.014597126509229952e+01
-1.978505129457742928e+00 -6.048718012784219411e+01
-1.976551050317537861e+00 -6.024006372089053230e+01
-1.974596971177332794e+00 -6.037389479058187192e+01
-1.972642892037127504e+00 -6.126659207301094057e+01
-1.970688812896922215e+00 -6.104208532243977459e+01
-1.968734733756717148e+00 -6.086747095112787775e+01
-1.966780654616512081e+00 -6.122369859052345475e+01
-1.964826575476306791e+00 -6.190839919867421770e+01
-1.962872496336101502e+00 -6.250350264257391331e+01
-1.960918417195896435e+00 -6.342914164034009161e+01
-1.958964338055691368e+00 -6.309043999913697576e+01
-1.957010258915486078e+00 -6.343420597925219795e+01
-1.955056179775280789e+00 -6.430792858773148168e+01
-1.953102100635075722e+00 -6.522505924824221779e+01
-1.951148021494870655e+00 -6.601774417611140677e+01
-1.949193942354665365e+00 -6.608268015919118454e+01
-1.947239863214460076e+00 -6.701304881050765516e+01
-1.945285784074255009e+00 -6.814556591011188402e+01
-1.943331704934049942e+00 -6.858191461794186239e+01
-1.941377625793844652e+00 -6.985623712254857764e+01
-1.939423546653639363e+00 -7.004260743537781764e+01
-1.937469467513434296e+00 -7.097781402827520481e+01
-1.935515388373229229e+00 -7.340469241548704815e+01
-1.933561309233023939e+00 -7.535540582980074475e+01
-1.931607230092818650e+00 -7.816870898585661109e+01
-1.929653150952613583e+00 -8.227335768619255418e+01
-1.927699071812408516e+00 -8.778012704909279762e+01
-1.925744992672203226e+00 -8.788428529698418856e+01
-1.923790913531997937e+00 -8.319235195302277930e+01
-1.921836834391792870e+00 -7.942678303545105223e+01
-1.919882755251587803e+00 -7.661748258897090125e+01
-1.917928676111382513e+00 -7.477864835186466053e+01
-1.915974596971177224e+00 -7.257543094420647378e+01
-1.914020517830972157e+00 -7.122568517495382423e+01
-1.912066438690767090e+00 -6.970369673747634920e+01
-1.910112359550561800e+00 -6.840024803004934029e+01
-1.908158280410356511e+00 -6.778015295789379024e+01
-1.906204201270151444e+00 -6.686299178235496754e+01
-1.904250122129946377e+00 -6.552513056254505841e+01
-1.902296042989741087e+00 -6.503268358281101769e+01
-1.900341963849535798e+00 -6.552792886209078915e+01
-1.898387884709330731e+00 -6.439087365949384889e+01
-1.896433805569125663e+00 -6.340782028268583304e+01
-1.894479726428920374e+00 -6.327240799177089770e+01
-1.892525647288715085e+00 -6.318553728170637385e+01
-1.890571568148510018e+00 -6.258840124097293511e+01
-1.888617489008304950e+00 -6.166827099386415512e+01
-1.886663409868099661e+00 -6.133872343544730654e+01
-1.884709330727894372e+00 -6.155730133673395699e+01
-1.882755251587689305e+00 -6.123255729837332950e+01
-1.880801172447484237e+00 -6.063964495385828002e+01
-1.878847093307278948e+00 -6.050530334285286926e+01
-1.876893014167073659e+00 -6.019529013205223578e+01
-1.874938935026868592e+00 -6.012019842584521001e+01
-1.872984855886663524e+00 -5.980649565011991342e+01
-1.871030776746458235e+00 -5.975237305898416906e+01
-1.869076697606252946e+00 -5.948441518282263019e+01
-1.867122618466047879e+00 -5.929353698556863606e+01
-1.865168539325842811e+00 -5.922950168705072116e+01
-1.863214460185637522e+00 -5.966087070779629897e+01
-1.861260381045432233e+00 -5.967875298888681357e+01
-1.859306301905227166e+00 -5.981051749757700975e+01
-1.857352222765022098e+00 -5.920071203032623686e+01
-1.855398143624816809e+00 -5.923365129165681253e+01
-1.853444064484611520e+00 -5.989029071304545937e+01
-1.851489985344406453e+00 -6.008947260949251756e+01
-1.849535906204201385e+00 -5.956456653826520409e+01
-1.847581827063996096e+00 -5.925860892828306703e+01
-1.845627747923790807e+00 -5.880736201366624272e+01
-1.843673668783585740e+00 -5.924750241232537462e+01
-1.841719589643380672e+00 -6.006686177596087362e+01
-1.839765510503175383e+00 -6.034257193744284820e+01
-1.837811431362970094e+00 -6.030277959314915392e+01
-1.835857352222765027e+00 -6.018225383172784149e+01
-1.833903273082559959e+00 -6.039340468169059761e+01
-1.831949193942354670e+00 -6.082802037317086530e+01
-1.829995114802149381e+00 -6.121792868987387237e+01
-1.828041035661944314e+00 -6.102786726744518120e+01
-1.826086956521739246e+00 -6.090888739367421323e+01
-1.824132877381533957e+00 -6.132627818457217472e+01
-1.822178798241328668e+00 -6.107641941112532180e+01
-1.820224719101123600e+00 -6.152200817999616334e+01
-1.818270639960918533e+00 -6.224583354099287646e+01
-1.816316560820713244e+00 -6.232733267558497658e+01
-1.814362481680507955e+00 -6.264943857257499360e+01
-1.812408402540302887e+00 -6.293551628092448880e+01
-1.810454323400097820e+00 -6.352122197551522476e+01
-1.808500244259892531e+00 -6.420721609106712435e+01
-1.806546165119687242e+00 -6.520039493486919469e+01
-1.804592085979482174e+00 -6.599721878352491444e+01
-1.802638006839277107e+00 -6.656787274778207575e+01
-1.800683927699071818e+00 -6.738994131228126605e+01
-1.798729848558866529e+00 -6.795104348017612494e+01
-1.796775769418661461e+00 -6.851299797553154747e+01
-1.794821690278456394e+00 -6.965158441885743912e+01
-1.792867611138251105e+00 -7.099912101708135026e+01
-1.790913531998045816e+00 -7.224964840151992007e+01
-1.788959452857840748e+00 -7.460365385908731639e+01
-1.787005373717635681e+00 -7.674360204564175092e+01
-1.785051294577430392e+00 -7.966441887422119805e+01
-1.783097215437225103e+00 -8.487252506888358994e+01
-1.781143136297020035e+00 -9.037786715877959409e+01
-1.779189057156814968e+00 -8.581746697396299339e+01
-1.777234978016609679e+00 -8.062703942480864328e+01
-1.775280898876404390e+00 -7.729613275405732509e+01
-1.773326819736199322e+00 -7.537259293892675771e+01
-1.771372740595994255e+00 -7.316440314286074909e+01
-1.769418661455788966e+00 -7.097603602555089708e+01
-1.767464582315583677e+00 -6.984899152052101101e+01
-1.765510503175378609e+00 -6.881644999232027260e+01
-1.763556424035173542e+00 -6.791035965300841326e+01
-1.761602344894968253e+00 -6.694330329964724058e+01
-1.759648265754762964e+00 -6.588895808870758231e+01
-1.757694186614557896e+00 -6.520784302555077261e+01
-1.755740107474352829e+00 -6.479781463967051991e+01
-1.753786028334147540e+00 -6.432998136912608800e+01
-1.751831949193942251e+00 -6.418753663064769910e+01
-1.749877870053737183e+00 -6.403410588877471810e+01
-1.747923790913532116e+00 -6.316851710675723552e+01
-1.745969711773326827e+00 -6.204407168302956421e+01
-1.744015632633121538e+00 -6.174711644796252585e+01
-1.742061553492916470e+00 -6.237971037478077108e+01
-1.740107474352711403e+00 -6.200235910407187845e+01
-1.738153395212506114e+00 -6.097493264222117659e+01
-1.736199316072300824e+00 -6.128743089893573881e+01
-1.734245236932095757e+00 -6.071095740036572863e+01
-1.732291157791890690e+00 -6.018472062995552108e+01
-1.730337078651685401e+00 -6.003683230473818355e+01
-1.728382999511480111e+00 -5.998087274352266007e+01
-1.726428920371275044e+00 -5.979590337821925772e+01
-1.724474841231069977e+00 -5.896621516726665391e+01
-1.722520762090864688e+00 -5.893003221824557158e+01
-1.720566682950659398e+00 -5.993951089138617760e+01
-1.718612603810454331e+00 -5.949868397597658998e+01
-1.716658524670249264e+00 -5.961462565376323397e+01
-1.714704445530043975e+00 -5.943742883023757884e+01
-1.712750366389838685e+00 -5.889080583944918601e+01
-1.710796287249633618e+00 -5.922395150199777447e+01
-1.708842208109428551e+00 -5.934166860787306064e+01
-1.706888128969223262e+00 -5.952588042434798865e+01
-1.704934049829017972e+00 -5.927868292385103643e+01
-1.702979970688812905e+00 -5.952768146066465249e+01
-1.701025891548607838e+00 -6.002000981449440076e+01
-1.699071812408402549e+00 -5.976783506241223165e+01
-1.697117733268197259e+00 -6.005325634533896562e+01
-1.695163654127992192e+00 -6.039399084046371513e+01
-1.693209574987787125e+00 -5.960946144812873371e+01
-1.691255495847581836e+00 -5.979763779999696993e+01
-1.689301416707376546e+00 -6.032559766576539317e+01
-1.687347337567171479e+00 -6.013287843268891919e+01
-1.685393258426966412e+00 -6.050541767210666677e+01
-1.683439179286761123e+00 -6.081001578855460110e+01
-1.681485100146555833e+00 -6.110255726828088996e+01
-1.679531021006350766e+00 -6.191274083646649729e+01
-1.677576941866145699e+00 -6.283292925542501450e+01
-1.675622862725940410e+00 -6.312460132570762994e+01
-1.673668783585735120e+00 -6.305958213167372151e+01
-1.671714704445530053e+00 -6.316786656362855013e+01
-1.669760625305324986e+00 -6.358300147937829649e+01
-1.667806546165119697e+00 -6.420766980841746374e+01
-1.665852467024914407e+00 -6.481903534493280006e+01
-1.663898387884709340e+00 -6.483871462746128600e+01
-1.661944308744504273e+00 -6.568723421975074928e+01
-1.659990229604298984e+00 -6.588624100443885823e+01
-1.658036150464093694e+00 -6.637501259369804529e+01
-1.656082071323888627e+00 -6.751773133771740731e+01
-1.654127992183683560e+00 -6.844520237281267327e+01
-1.652173913043478271e+00 -6.950916599983209210e+01
-1.650219833903272981e+00 -7.094497026800132744e+01
-1.648265754763067914e+00 -7.194334396860874392e+01
-1.646311675622862847e+00 -7.347383670033747194e+01
-1.644357596482657558e+00 -7.613824649478478079e+01
-1.642403517342452268e+00 -7.928124298883854237e+01
-1.640449438202247201e+00 -8.429341742454495545e+01
-1.638495359062042134e+00 -9.036137471791319342e+01
-1.636541279921836844e+00 -8.564312022782560518e+01
-1.634587200781631555e+00 -8.056841390978325990e+01
-1.632633121641426488e+00 -7.701545626598618810e+01
-1.630679042501221421e+00 -7.394728455738265893e+01
-1.628724963361016131e+00 -7.209610535973796175e+01
-1.626770884220810842e+00 -7.089639999431666695e+01
-1.624816805080605775e+00 -6.974906848988389640e+01
-1.622862725940400708e+00 -6.938544440663415003e+01
-1.620908646800195418e+00 -6.856722190103147341e+01
-1.618954567659990129e+00 -6.719514939040421098e+01
-1.617000488519785062e+00 -6.621781811508797944e+01
-1.615046409379579995e+00 -6.530758329453205135e+01
-1.613092330239374705e+00 -6.515883291102051089e+01
-1.611138251099169416e+00 -6.528343691161468598e+01
-1.609184171958964349e+00 -6.454444676589447738e+01
-1.607230092818759282e+00 -6.368253408284446948e+01
-1.605276013678553992e+00 -6.356198421646912067e+01
-1.603321934538348703e+00 -6.279603539886559815e+01
-1.601367855398143636e+00 -6.199718309203660738e+01
-1.599413776257938569e+00 -6.161656982941099869e+01
-1.597459697117733279e+00 -6.199609594572250870e+01
-1.595505617977527990e+00 -6.199216364378011690e+01
-1.593551538837322923e+00 -6.120386162702595811e+01
-1.591597459697117856e+00 -6.063915704661157235e+01
-1.589643380556912566e+00 -6.056711278369209595e+01
-1.587689301416707277e+00 -6.012402766797296749e+01
-1.585735222276502210e+00 -6.004721728005627313e+01
-1.583781143136297143e+00 -5.962952069874827288e+01
-1.581827063996091853e+00 -5.951634050877318316e+01
-1.579872984855886564e+00 -6.014478958349269533e+01
-1.577918905715681497e+00 -6.044114057641550630e+01
-1.575964826575476430e+00 -5.957209307301621948e+01
-1.574010747435271140e+00 -5.975916953578180824e+01
-1.572056668295065851e+00 -5.975186276319551126e+01
-1.570102589154860784e+00 -5.924293305803143284e+01
-1.568148510014655717e+00 -5.908769372993013747e+01
-1.566194430874450427e+00 -5.882331812776577351e+01
-1.564240351734245138e+00 -5.885612605248165607e+01
-1.562286272594040071e+00 -5.943316192765421135e+01
-1.560332193453835004e+00 -5.960226016126048876e+01
-1.558378114313629714e+00 -5.979535246843073537e+01
-1.556424035173424425e+00 -5.917263237106840279e+01
-1.554469956033219358e+00 -5.946698502179584978e+01
-1.552515876893014291e+00 -5.979781476365441506e+01
-1.550561797752809001e+00 -5.950628955103834272e+01
-1.548607718612603712e+00 -5.995371264887943852e+01
-1.546653639472398645e+00 -6.030326297327489726e+01
-1.544699560332193577e+00 -6.036768107357885782e+01
-1.542745481191988288e+00 -6.074762786390445513e+01
-1.540791402051782999e+00 -6.169093261543707030e+01
-1.538837322911577932e+00 -6.204220039788322083e+01
-1.536883243771372864e+00 -6.216584163663918616e+01
-1.534929164631167575e+00 -6.279255932114492111e+01
-1.532975085490962286e+00 -6.363768361873736978e+01
-1.531021006350757219e+00 -6.325592837979178995e+01
-1.529066927210552151e+00 -6.370797137470455596e+01
-1.527112848070346862e+00 -6.498450415160701255e+01
-1.525158768930141573e+00 -6.532079326755669513e+01
-1.523204689789936506e+00 -6.608583399368291111e+01
-1.521250610649731438e+00 -6.633655605400731758e+01
-1.519296531509526149e+00 -6.667451165845406535e+01
-1.517342452369320860e+00 -6.818147822039482264e+01
-1.515388373229115793e+00 -6.916492344687956972e+01
-1.513434294088910725e+00 -6.990877811846763734e+01
-1.511480214948705436e+00 -7.097312862340777428e+01
-1.509526135808500147e+00 -7.237853212544324322e+01
-1.507572056668295080e+00 -7.443104605459743084e+01
-1.505617977528090012e+00 -7.750133378194662725e+01
-1.503663898387884723e+00 -8.237237104028515944e+01
-1.501709819247679434e+00 -8.894489497023073454e+01
-1.499755740107474367e+00 -8.682527727469376089e+01
-1.497801660967269299e+00 -8.111616980898946849e+01
-1.495847581827064010e+00 -7.749080160973909415e+01
-1.493893502686858721e+00 -7.490147338134606514e+01
-1.491939423546653654e+00 -7.265871320710753878e+01
-1.489985344406448586e+00 -7.105721237993800798e+01
-1.488031265266243297e+00 -6.990439004137539314e+01
-1.486077186126038008e+00 -6.884488675153379234e+01
-1.484123106985832941e+00 -6.734553149124961635e+01
-1.482169027845627873e+00 -6.612461632114643351e+01
-1.480214948705422584e+00 -6.551532703218673248e+01
-1.478260869565217295e+00 -6.497850339171233713e+01
-1.476306790425012228e+00 -6.505096053794153477e+01
-1.474352711284807160e+00 -6.446540530334866048e+01
-1.472398632144601871e+00 -6.341484243982088742e+01
-1.470444553004396582e+00 -6.269897817148137875e+01
-1.468490473864191515e+00 -6.182076717063822002e+01
-1.466536394723986447e+00 -6.160466801680363602e+01
-1.464582315583781158e+00 -6.163889254110938509e+01
-1.462628236443575869e+00 -6.183660971354490243e+01
-1.460674157303370801e+00 -6.102836236536614933e+01
-1.458720078163165734e+00 -6.064767539615218084e+01
-1.456765999022960445e+00 -6.111743723456351063e+01
-1.454811919882755156e+00 -6.053161437239695175e+01
-1.452857840742550088e+00 -5.981945730055849708e+01
-1.450903761602345021e+00 -5.959995998138097661e+01
-1.448949682462139732e+00 -5.998930910948160289e+01
-1.446995603321934443e+00 -5.998027994669258334e+01
-1.445041524181729375e+00 -5.960598107656139888e+01
-1.443087445041524308e+00 -5.898481414736880879e+01
-1.441133365901319019e+00 -5.898954684972228790e+01
-1.439179286761113730e+00 -5.910483831855665926e+01
-1.437225207620908662e+00 -5.979390922208924053e+01
-1.435271128480703595e+00 -5.998137381666236934e+01
-1.433317049340498306e+00 -6.001412339623698955e+01
-1.431362970200293017e+00 -6.023307434925915516e+01
-1.429408891060087949e+00 -5.993176482259890747e+01
-1.427454811919882882e+00 -6.012048418138206074e+01
-1.425500732779677593e+00 -6.019864897481248533e+01
-1.423546653639472304e+00 -5.990539485306194223e+01
-1.421592574499267236e+00 -5.956049544322374345e+01
-1.419638495359062169e+00 -5.988871983710651392e+01
-1.417684416218856880e+00 -5.977986465176219610e+01
-1.415730337078651591e+00 -6.036331660715389091e+01
-1.413776257938446523e+00 -6.075175593944938157e+01
-1.411822178798241456e+00 -6.123796160843667025e+01
-1.409868099658036167e+00 -6.173418223831544083e+01
-1.407914020517830878e+00 -6.184404019755434945e+01
-1.405959941377625810e+00 -6.171360896118262218e+01
-1.404005862237420743e+00 -6.238509150964497252e+01
-1.402051783097215454e+00 -6.377867566179565983e+01
-1.400097703957010165e+00 -6.473604265331162821e+01
-1.398143624816805097e+00 -6.485861388404482852e+01
-1.396189545676600030e+00 -6.557358635613661590e+01
-1.394235466536394741e+00 -6.624676593647980383e+01
-1.392281387396189452e+00 -6.612140125975082583e+01
-1.390327308255984384e+00 -6.753283758237581935e+01
-1.388373229115779317e+00 -6.868915536463747173e+01
-1.386419149975574028e+00 -6.912248455059199159e+01
-1.384465070835368738e+00 -7.138906832948352132e+01
-1.382510991695163671e+00 -7.376288770923258653e+01
-1.380556912554958604e+00 -7.616901689791582442e+01
-1.378602833414753315e+00 -7.966261993921064288e+01
-1.376648754274548025e+00 -8.534516940381983829e+01
-1.374694675134342958e+00 -8.847221428428571244e+01
-1.372740595994137891e+00 -8.265226563445688157e+01
-1.370786516853932602e+00 -7.852964763862362929e+01
-1.368832437713727312e+00 -7.477014046028737937e+01
-1.366878358573522245e+00 -7.220117290590593484e+01
-1.364924279433317178e+00 -7.042961051589071531e+01
-1.362970200293111889e+00 -6.931581481601993744e+01
-1.361016121152906599e+00 -6.803411904295717250e+01
-1.359062042012701532e+00 -6.635556790289334117e+01
-1.357107962872496465e+00 -6.519541032197109587e+01
-1.355153883732291176e+00 -6.402522989163031752e+01
-1.353199804592085886e+00 -6.362218269956911598e+01
-1.351245725451880819e+00 -6.362290683682041958e+01
-1.349291646311675752e+00 -6.306502258606285238e+01
-1.347337567171470463e+00 -6.230964781019100940e+01
-1.345383488031265173e+00 -6.170332266426033385e+01
-1.343429408891060106e+00 -6.098158550708131287e+01
-1.341475329750855039e+00 -6.082719829322961402e+01
-1.339521250610649750e+00 -6.094760377653602745e+01
-1.337567171470444460e+00 -6.014523064623886484e+01
-1.335613092330239393e+00 -5.950341640444862890e+01
-1.333659013190034326e+00 -5.939825676449040515e+01
-1.331704934049829037e+00 -6.001235118701754345e+01
-1.329750854909623747e+00 -5.967073411026817098e+01
-1.327796775769418680e+00 -5.949515338724325630e+01
-1.325842696629213613e+00 -5.931639279624816652e+01
-1.323888617489008324e+00 -5.944616799398296791e+01
-1.321934538348803034e+00 -5.902541857464305508e+01
-1.319980459208597967e+00 -5.870866625594189259e+01
-1.318026380068392900e+00 -5.873121071713497798e+01
-1.316072300928187611e+00 -5.961478875449093096e+01
-1.314118221787982321e+00 -5.919765054367602630e+01
-1.312164142647777254e+00 -5.957250420318953132e+01
-1.310210063507572187e+00 -5.948303975786395625e+01
-1.308255984367366898e+00 -5.954450675509589530e+01
-1.306301905227161608e+00 -5.991300047646893745e+01
-1.304347826086956541e+00 -6.000475332002689299e+01
-1.302393746946751474e+00 -5.981269166688061034e+01
-1.300439667806546185e+00 -6.040445648261280098e+01
-1.298485588666340895e+00 -6.083483413027468600e+01
-1.296531509526135828e+00 -6.139514496967534996e+01
-1.294577430385930761e+00 -6.206504576182454969e+01
-1.292623351245725472e+00 -6.282207004191478461e+01
-1.290669272105520182e+00 -6.319146263976715971e+01
-1.288715192965315115e+00 -6.402943809508323625e+01
-1.286761113825110048e+00 -6.510232184496737773e+01
-1.284807034684904758e+00 -6.583331975112275813e+01
-1.282852955544699469e+00 -6.693268393568413899e+01
-1.280898876404494402e+00 -6.830945500736359577e+01
-1.278944797264289335e+00 -7.015295794952986341e+01
-1.276990718124084045e+00 -7.250325120499223885e+01
-1.275036638983878756e+00 -7.544771924522225959e+01
-1.273082559843673689e+00 -8.007542448343913577e+01
-1.271128480703468622e+00 -8.556295647027796747e+01
-1.269174401563263332e+00 -8.010455916068222848e+01
-1.267220322423058043e+00 -7.500229964257171389e+01
-1.265266243282852976e+00 -7.170634522716795800e+01
-1.263312164142647909e+00 -6.991376922229510171e+01
-1.261358085002442619e+00 -6.810898976343240463e+01
-1.259404005862237330e+00 -6.670655038402158254e+01
-1.257449926722032263e+00 -6.591442807702713935e+01
-1.255495847581827196e+00 -6.448997141527550525e+01
-1.253541768441621906e+00 -6.388494212128794203e+01
-1.251587689301416617e+00 -6.287928719165694247e+01
-1.249633610161211550e+00 -6.168876990081973588e+01
-1.247679531021006483e+00 -6.123294020044745878e+01
-1.245725451880801193e+00 -6.035227662776798496e+01
-1.243771372740595904e+00 -5.966195775003172486e+01
-1.241817293600390837e+00 -5.980647740097337817e+01
-1.239863214460185770e+00 -6.037290997110109458e+01
-1.237909135319980480e+00 -5.991304635354710229e+01
-1.235955056179775191e+00 -5.900668522569770857e+01
-1.234000977039570124e+00 -5.929471940401649022e+01
-1.232046897899365057e+00 -5.995904639370004929e+01
-1.230092818759159767e+00 -5.961335397605733277e+01
-1.228138739618954478e+00 -5.966281612049680660e+01
-1.226184660478749411e+00 -5.984827685745224102e+01
-1.224230581338544344e+00 -6.047523374916215744e+01
-1.222276502198339054e+00 -6.116779414723184516e+01
-1.220322423058133765e+00 -6.163872309688937889e+01
-1.218368343917928698e+00 -6.244810205355985033e+01
-1.216414264777723631e+00 -6.323632918545730774e+01
-1.214460185637518341e+00 -6.513349765745948616e+01
-1.212506106497313052e+00 -6.811167513036072307e+01
-1.210552027357107985e+00 -7.233996145724762528e+01
-1.208597948216902918e+00 -7.785495124201915473e+01
-1.206643869076697628e+00 -7.394419535910090246e+01
-1.204689789936492339e+00 -6.816041491522916829e+01
-1.202735710796287272e+00 -6.362197141128652333e+01
-1.200781631656082205e+00 -6.052701477780935591e+01
-1.198827552515876915e+00 -5.842594480939931145e+01
-1.196873473375671626e+00 -5.655170795862591149e+01
-1.194919394235466559e+00 -5.496895276017792753e+01
-1.192965315095261492e+00 -5.313114203079116038e+01
-1.191011235955056202e+00 -5.103374489205936015e+01
-1.189057156814850913e+00 -4.950537174321091527e+01
-1.187103077674645846e+00 -4.856186432292012967e+01
-1.185148998534440778e+00 -4.785382442739566500e+01
-1.183194919394235489e+00 -4.647898154555701211e+01
-1.181240840254030200e+00 -4.589489163017026385e+01
-1.179286761113825133e+00 -4.509952486540172600e+01
-1.177332681973620065e+00 -4.430260478230898258e+01
-1.175378602833414776e+00 -4.315226131045156421e+01
-1.173424523693209487e+00 -4.231072478947594107e+01
-1.171470444553004420e+00 -4.117038688005251856e+01
-1.169516365412799352e+00 -4.040192730037738045e+01
-1.167562286272594063e+00 -4.014206229986420738e+01
-1.165608207132388774e+00 -3.873260495478896104e+01
-1.163654127992183707e+00 -3.776756317032051413e+01
-1.161700048851978639e+00 -3.709482101101502849e+01
-1.159745969711773350e+00 -3.657498420369613967e+01
-1.157791890571568061e+00 -3.579142745836767858e+01
-1.155837811431362994e+00 -3.518953940065203767e+01
-1.153883732291157926e+00 -3.486211184564437815e+01
-1.151929653150952637e+00 -3.453303686303964071e+01
-1.149975574010747348e+00 -3.401234130685263324e+01
-1.148021494870542281e+00 -3.297416846161974036e+01
-1.146067415730337213e+00 -3.183555403026415576e+01
-1.144113336590131924e+00 -3.202992547873978424e+01
-1.142159257449926635e+00 -3.143526308395357916e+01
-1.140205178309721568e+00 -3.054915794087492742e+01
-1.138251099169516500e+00 -2.977461277380950122e+01
-1.136297020029311211e+00 -2.967100249260106892e+01
-1.134342940889105922e+00 -2.966051814643187612e+01
-1.132388861748900855e+00 -2.927445574297704667e+01
-1.130434782608695787e+00 -2.840889552124491146e+01
-1.128480703468490498e+00 -2.723812393827967071e+01
-1.126526624328285209e+00 -2.713334603704538850e+01
-1.124572545188080142e+00 -2.741277046801643280e+01
-1.122618466047875074e+00 -2.659623983371925959e+01
-1.120664386907669785e+00 -2.594558212513066309e+01
-1.118710307767464496e+00 -2.587648966452533728e+01
-1.116756228627259429e+00 -2.548010543199158207e+01
-1.114802149487054361e+00 -2.493605938138616196e+01
-1.112848070346849072e+00 -2.483234686861909779e+01
-1.110893991206643783e+00 -2.429088153052538956e+01
-1.108939912066438715e+00 -2.388655076997046933e+01
-1.106985832926233648e+00 -2.314509051371213744e+01
-1.105031753786028359e+00 -2.308826641992888540e+01
-1.103077674645823070e+00 -2.333902052588306830e+01
-1.101123595505618002e+00 -2.206480347364497163e+01
-1.099169516365412935e+00 -2.177221209813492209e+01
-1.097215437225207646e+00 -2.235134025083611675e+01
-1.095261358085002357e+00 -2.256145057864305770e+01
-1.093307278944797289e+00 -2.094425473587998354e+01
-1.091353199804592222e+00 -2.075491678242340399e+01
-1.089399120664386933e+00 -2.093149209371757991e+01
-1.087445041524181644e+00 -2.036268732119712155e+01
-1.085490962383976576e+00 -2.008951830869138888e+01
-1.083536883243771509e+00 -1.957352246031834753e+01
-1.081582804103566220e+00 -1.951214341634351612e+01
-1.079628724963360931e+00 -1.915718076266017533e+01
-1.077674645823155863e+00 -1.796457323551061336e+01
-1.075720566682950796e+00 -1.729117097525079672e+01
-1.073766487542745507e+00 -1.747043885443567746e+01
-1.071812408402540218e+00 -1.729238329652797646e+01
-1.069858329262335150e+00 -1.739536788432499392e+01
-1.067904250122130083e+00 -1.767586816927062898e+01
-1.065950170981924794e+00 -1.734586223604728872e+01
-1.063996091841719505e+00 -1.728182682412022686e+01
-1.062042012701514437e+00 -1.662650626399771170e+01
-1.060087933561309370e+00 -1.573361609819629869e+01
-1.058133854421104081e+00 -1.510819262797650708e+01
-1.056179775280898792e+00 -1.498935827794417541e+01
-1.054225696140693724e+00 -1.486238417666436540e+01
-1.052271617000488657e+00 -1.494533738189677763e+01
-1.050317537860283368e+00 -1.496602077769872530e+01
-1.048363458720078079e+00 -1.469047113997047305e+01
-1.046409379579873011e+00 -1.441570290875867855e+01
-1.044455300439667944e+00 -1.440525716150292723e+01
-1.042501221299462655e+00 -1.376807764523638689e+01
-1.040547142159257366e+00 -1.419550325022955306e+01
-1.038593063019052298e+00 -1.400122739144491035e+01
-1.036638983878847231e+00 -1.325793674374781972e+01
-1.034684904738641942e+00 -1.313773717091963888e+01
-1.032730825598436653e+00 -1.269089055636056607e+01
-1.030776746458231585e+00 -1.251461974898657736e+01
-1.028822667318026518e+00 -1.214084380492168691e+01
-1.026868588177821229e+00 -1.141332353153476298e+01
-1.024914509037615939e+00 -1.139047600442438579e+01
-1.022960429897410872e+00 -1.124867360158025953e+01
-1.021006350757205805e+00 -1.104586811537888558e+01
-1.019052271617000516e+00 -1.074606368258540279e+01
-1.017098192476795226e+00 -1.100298014651083456e+01
-1.015144113336590159e+00 -1.094637584363814398e+01
-1.013190034196385092e+00 -9.980332946729898680e+00
-1.011235955056179803e+00 -1.001215947332485534e+01
-1.009281875915974513e+00 -1.002723623521285390e+01
-1.007327796775769446e+00 -9.987221487641114948e+00
-1.005373717635564379e+00 -9.829241401704587489e+00
-1.003419638495359090e+00 -9.732285267688130403e+00
-1.001465559355153800e+00 -8.920664295525250864e+00
-9.995114802149487332e-01 -8.532612491117092191e+00
-9.975574010747436660e-01 -8.734380330991548647e+00
-9.956033219345383767e-01 -9.619702200864324482e+00
-9.936492427943330874e-01 -9.942791624950745089e+00
-9.916951636541280202e-01 -9.864676272385651146e+00
-9.897410845139229529e-01 -1.007166739187135107e+01
-9.877870053737176637e-01 -1.031995593979528714e+01
-9.858329262335123744e-01 -1.019623882687771044e+01
-9.838788470933073071e-01 -1.037425951978875815e+01
-9.819247679531022399e-01 -1.099302575730794551e+01
-9.799706888128969506e-01 -1.135872028487184338e+01
-9.780166096726916614e-01 -1.168348575544722046e+01
-9.760625305324865941e-01 -1.118201514990955481e+01
-9.741084513922815269e-01 -1.107686042196568721e+01
-9.721543722520762376e-01 -1.159691302831722126e+01
-9.702002931118709483e-01 -1.190803219611201236e+01
-9.682462139716658811e-01 -1.220098815965066663e+01
-9.662921348314608139e-01 -1.253829941021304961e+01
-9.643380556912555246e-01 -1.319719371048303280e+01
-9.623839765510502353e-01 -1.370784403726960932e+01
-9.604298974108451681e-01 -1.343960247642193195e+01
-9.584758182706401008e-01 -1.407998719060899084e+01
-9.565217391304348116e-01 -1.352031430058386263e+01
-9.545676599902295223e-01 -1.325293110956024201e+01
-9.526135808500244551e-01 -1.424180052162284582e+01
-9.506595017098193878e-01 -1.486784627354969146e+01
-9.487054225696140985e-01 -1.447788472939026683e+01
-9.467513434294088093e-01 -1.446042176737502771e+01
-9.447972642892037420e-01 -1.493919558713229989e+01
-9.428431851489986748e-01 -1.480646310663945187e+01
-9.408891060087933855e-01 -1.546893437406829719e+01
-9.389350268685880962e-01 -1.643269595878485134e+01
-9.369809477283830290e-01 -1.679213267962263245e+01
-9.350268685881779618e-01 -1.745925567974724402e+01
-9.330727894479726725e-01 -1.737867003856183956e+01
-9.311187103077673832e-01 -1.671479309562842630e+01
-9.291646311675623160e-01 -1.730899692663035694e+01
-9.272105520273572488e-01 -1.855798511388701044e+01
-9.252564728871519595e-01 -1.847910733569240094e+01
-9.233023937469466702e-01 -1.796541174912192673e+01
-9.213483146067416030e-01 -1.834307312067234719e+01
-9.193942354665365357e-01 -1.910384851730582056e+01
-9.174401563263312465e-01 -1.913123979573319389e+01
-9.154860771861259572e-01 -1.907162864002949831e+01
-9.135319980459208900e-01 -2.002149346134824270e+01
-9.115779189057158227e-01 -2.089543471811570541e+01
-9.096238397655105334e-01 -2.067142064874330742e+01
-9.076697606253052442e-01 -2.113717897299711979e+01
-9.057156814851001769e-01 -2.140917861351242379e+01
-9.037616023448951097e-01 -2.137714655377629924e+01
-9.018075232046898204e-01 -2.185009326728199142e+01
-8.998534440644845311e-01 -2.246695465032058436e+01
-8.978993649242794639e-01 -2.205953337578692697e+01
-8.959452857840743967e-01 -2.243516186959408998e+01
-8.939912066438691074e-01 -2.304433489441681004e+01
-8.920371275036638181e-01 -2.258061588168180478e+01
-8.900830483634587509e-01 -2.289973729017232174e+01
-8.881289692232536837e-01 -2.353528401686357441e+01
-8.861748900830483944e-01 -2.477422243517856870e+01
-8.842208109428431051e-01 -2.588145815785738790e+01
-8.822667318026380379e-01 -2.550552906584048429e+01
-8.803126526624329706e-01 -2.568042018023609430e+01
-8.783585735222276814e-01 -2.721756071324091053e+01
-8.764044943820223921e-01 -2.766218738181276748e+01
-8.744504152418173248e-01 -2.787671628247386479e+01
-8.724963361016122576e-01 -2.796467803081771208e+01
-8.705422569614069683e-01 -2.828532679491999957e+01
-8.685881778212016791e-01 -2.880106053454591830e+01
-8.666340986809966118e-01 -2.913688294956024194e+01
-8.646800195407915446e-01 -2.923243000053145835e+01
-8.627259404005862553e-01 -2.988766007489596532e+01
-8.607718612603809660e-01 -3.039224447044504274e+01
-8.588177821201758988e-01 -3.067545903561475029e+01
-8.568637029799708316e-01 -3.117055214062912682e+01
-8.549096238397655423e-01 -3.171032430715283112e+01
-8.529555446995602530e-01 -3.249115760602991543e+01
-8.510014655593551858e-01 -3.304022409839762275e+01
-8.490473864191501185e-01 -3.353236641173143795e+01
-8.470933072789448293e-01 -3.512219879832819203e+01
-8.451392281387395400e-01 -3.529838794653464618e+01
-8.431851489985344728e-01 -3.508367511898890001e+01
-8.412310698583294055e-01 -3.585708831132593133e+01
-8.392769907181241162e-01 -3.649453519353325959e+01
-8.373229115779188270e-01 -3.760741460621580501e+01
-8.353688324377137597e-01 -3.868363616068926802e+01
-8.334147532975086925e-01 -3.872812812945269201e+01
-8.314606741573034032e-01 -3.945487086616923023e+01
-8.295065950170981139e-01 -3.959535954902987953e+01
-8.275525158768930467e-01 -4.084521264789731987e+01
-8.255984367366879795e-01 -4.221650378058563291e+01
-8.236443575964826902e-01 -4.297444072671599713e+01
-8.216902784562774009e-01 -4.390134874515101870e+01
-8.197361993160723337e-01 -4.432473467783991339e+01
-8.177821201758672665e-01 -4.488990042408967440e+01
-8.158280410356619772e-01 -4.644096094184148882e+01
-8.138739618954566879e-01 -4.718769520655705207e+01
-8.119198827552516207e-01 -4.801275505579192071e+01
-8.099658036150465534e-01 -4.919225030775541541e+01
-8.080117244748412642e-01 -5.149788007773057075e+01
-8.060576453346359749e-01 -5.286134035126440978e+01
-8.041035661944309076e-01 -5.390034294243221780e+01
-8.021494870542258404e-01 -5.594391984753748659e+01
-8.001954079140205511e-01 -5.860428689311700623e+01
-7.982413287738152619e-01 -6.061512594308221935e+01
-7.962872496336101946e-01 -6.386321074603421266e+01
-7.943331704934051274e-01 -6.846435679513862738e+01
-7.923790913531998381e-01 -7.418295305089412750e+01
-7.904250122129945488e-01 -7.743779528352885677e+01
-7.884709330727894816e-01 -7.218695943512710755e+01
-7.865168539325844144e-01 -6.808917594587174449e+01
-7.845627747923791251e-01 -6.532726405072948239e+01
-7.826086956521738358e-01 -6.433397151334581565e+01
-7.806546165119687686e-01 -6.315989142515442012e+01
-7.787005373717637013e-01 -6.212777347834438757e+01
-7.767464582315584121e-01 -6.120225370947068200e+01
-7.747923790913531228e-01 -6.104864732638692004e+01
-7.728382999511480556e-01 -5.967492712462728122e+01
-7.708842208109429883e-01 -5.884771582290177605e+01
-7.689301416707376990e-01 -5.944523900979849174e+01
-7.669760625305324098e-01 -6.010098794774988562e+01
-7.650219833903273425e-01 -5.937531895616690036e+01
-7.630679042501222753e-01 -5.923820070114342684e+01
-7.611138251099169860e-01 -5.930331224904593057e+01
-7.591597459697116967e-01 -5.967527843214262617e+01
-7.572056668295066295e-01 -6.010958027859892638e+01
-7.552515876893015623e-01 -6.066001023080974619e+01
-7.532975085490962730e-01 -6.124015400534964471e+01
-7.513434294088909837e-01 -6.068514245024272213e+01
-7.493893502686859165e-01 -6.096223397491263540e+01
-7.474352711284808493e-01 -6.273085166396518275e+01
-7.454811919882755600e-01 -6.393676638343792007e+01
-7.435271128480702707e-01 -6.411900728653242254e+01
-7.415730337078652035e-01 -6.477031441227825326e+01
-7.396189545676601362e-01 -6.597745559614979527e+01
-7.376648754274548470e-01 -6.785053960124710670e+01
-7.357107962872495577e-01 -6.989231328248685315e+01
-7.337567171470444904e-01 -7.192153093237809003e+01
-7.318026380068394232e-01 -7.508279319761899728e+01
-7.298485588666341339e-01 -8.037158446946791912e+01
-7.278944797264288447e-01 -8.693517155859848344e+01
-7.259404005862237774e-01 -8.164243720141809035e+01
-7.239863214460187102e-01 -7.600630765464902083e+01
-7.220322423058134209e-01 -7.269632013833513895e+01
-7.200781631656081316e-01 -7.015919054689875622e+01
-7.181240840254030644e-01 -6.841250507977422046e+01
-7.161700048851979972e-01 -6.740132869065671173e+01
-7.142159257449927079e-01 -6.604418983413634692e+01
-7.122618466047874186e-01 -6.443351944076540860e+01
-7.103077674645823514e-01 -6.354939177397411498e+01
-7.083536883243772841e-01 -6.231492034788627166e+01
-7.063996091841719949e-01 -6.188647578414500572e+01
-7.044455300439667056e-01 -6.230920749507542666e+01
-7.024914509037616384e-01 -6.234005661273636179e+01
-7.005373717635565711e-01 -6.205346242573151017e+01
-6.985832926233512818e-01 -6.111234001959427786e+01
-6.966292134831459926e-01 -6.125103954467030576e+01
-6.946751343429409253e-01 -6.050207950931448408e+01
-6.927210552027358581e-01 -6.008834637235970888e+01
-6.907669760625305688e-01 -6.016503506437733506e+01
-6.888128969223252795e-01 -6.112223918108072951e+01
-6.868588177821202123e-01 -6.049849588195396421e+01
-6.849047386419151451e-01 -5.955254868722758488e+01
-6.829506595017098558e-01 -5.920421771369260000e+01
-6.809965803615045665e-01 -5.870620597780221317e+01
-6.790425012212994993e-01 -5.876329278758282726e+01
-6.770884220810944321e-01 -5.938010009116784005e+01
-6.751343429408891428e-01 -5.960060082005873738e+01
-6.731802638006838535e-01 -5.977404351663115278e+01
-6.712261846604787863e-01 -5.961379807101030792e+01
-6.692721055202737190e-01 -5.956005732935678765e+01
-6.673180263800684298e-01 -6.043291674106684752e+01
-6.653639472398631405e-01 -6.078541103176536353e+01
-6.634098680996580732e-01 -6.056773971671464807e+01
-6.614557889594530060e-01 -6.056084857018797152e+01
-6.595017098192477167e-01 -6.082598901731763874e+01
-6.575476306790424275e-01 -6.110413576520570444e+01
-6.555935515388373602e-01 -6.088117786290251843e+01
-6.536394723986322930e-01 -6.128642609364578675e+01
-6.516853932584270037e-01 -6.197860202773048854e+01
-6.497313141182217144e-01 -6.222606291017737590e+01
-6.477772349780166472e-01 -6.365235252477351224e+01
-6.458231558378115800e-01 -6.431346494520339263e+01
-6.438690766976062907e-01 -6.433205269128256987e+01
-6.419149975574010014e-01 -6.593154960444446999e+01
-6.399609184171959342e-01 -6.712622587315766509e+01
-6.380068392769908669e-01 -6.750972756910832118e+01
-6.360527601367855777e-01 -6.887249025443628625e+01
-6.340986809965802884e-01 -7.082725512739239093e+01
-6.321446018563752212e-01 -7.217381253154782428e+01
-6.301905227161701539e-01 -7.371468877618191584e+01
-6.282364435759648646e-01 -7.669268439570599583e+01
-6.262823644357595754e-01 -8.121496607913098842e+01
-6.243282852955545081e-01 -8.747513286693127554e+01
-6.223742061553494409e-01 -8.458931904659806378e+01
-6.204201270151441516e-01 -7.970871226177082747e+01
-6.184660478749388623e-01 -7.621200583152598540e+01
-6.165119687347337951e-01 -7.356500288695652046e+01
-6.145578895945287279e-01 -7.117281866043137484e+01
-6.126038104543234386e-01 -6.981870485903797885e+01
-6.106497313141181493e-01 -6.848218548129815986e+01
-6.086956521739130821e-01 -6.724668959692792214e+01
-6.067415730337080149e-01 -6.599701650592342617e+01
-6.047874938935027256e-01 -6.499681205544293050e+01
-6.028334147532974363e-01 -6.455387998374126823e+01
-6.008793356130923691e-01 -6.369243697529391568e+01
-5.989252564728873018e-01 -6.347372762262062906e+01
-5.969711773326820126e-01 -6.304168115224637603e+01
-5.950170981924767233e-01 -6.283480261754097285e+01
-5.930630190522716561e-01 -6.235682850065755645e+01
-5.911089399120665888e-01 -6.182272552733675042e+01
-5.891548607718612995e-01 -6.166725477349049811e+01
-5.872007816316560103e-01 -6.089016964121802289e+01
-5.852467024914509430e-01 -6.039953734048118150e+01
-5.832926233512458758e-01 -6.015891053016648016e+01
-5.813385442110405865e-01 -5.969431838981711280e+01
-5.793844650708352972e-01 -5.992952625775900088e+01
-5.774303859306302300e-01 -6.030284454682681883e+01
-5.754763067904251628e-01 -5.933155944100477797e+01
-5.735222276502198735e-01 -5.898852406713058372e+01
-5.715681485100145842e-01 -5.973936287369517117e+01
-5.696140693698095170e-01 -5.945889352152150309e+01
-5.676599902296044498e-01 -5.976280898910162165e+01
-5.657059110893991605e-01 -6.003781660548133914e+01
-5.637518319491938712e-01 -5.989896985181795230e+01
-5.617977528089888040e-01 -5.976649015839874579e+01
-5.598436736687837367e-01 -5.903218008173951858e+01
-5.578895945285784475e-01 -5.936461104100609987e+01
-5.559355153883731582e-01 -5.989281097844565238e+01
-5.539814362481680909e-01 -5.947649097850874256e+01
-5.520273571079630237e-01 -5.981238816370688482e+01
-5.500732779677577344e-01 -6.024192287668530810e+01
-5.481191988275524452e-01 -6.009869073515140769e+01
-5.461651196873473779e-01 -6.027530941138473253e+01
-5.442110405471423107e-01 -6.046105131423671963e+01
-5.422569614069370214e-01 -6.126053763274961739e+01
-5.403028822667317321e-01 -6.109132550195045752e+01
-5.383488031265266649e-01 -6.071424653309247788e+01
-5.363947239863215977e-01 -6.110946761110416503e+01
-5.344406448461163084e-01 -6.134734338652737762e+01
-5.324865657059110191e-01 -6.199634958899524406e+01
-5.305324865657059519e-01 -6.219688465166021274e+01
-5.285784074255008846e-01 -6.240553102228916060e+01
-5.266243282852955954e-01 -6.360514509796969662e+01
-5.246702491450903061e-01 -6.409881402926477278e+01
-5.227161700048852389e-01 -6.475589137953693353e+01
-5.207620908646801716e-01 -6.575217385972509021e+01
-5.188080117244748823e-01 -6.643934802423272856e+01
-5.168539325842695931e-01 -6.741547934375884665e+01
-5.148998534440645258e-01 -6.772807073932210642e+01
-5.129457743038594586e-01 -6.824943245880754716e+01
-5.109916951636541693e-01 -6.906625356529497139e+01
-5.090376160234488800e-01 -7.042451140304265778e+01
-5.070835368832438128e-01 -7.198351386393065354e+01
-5.051294577430387456e-01 -7.382890821639045953e+01
-5.031753786028334563e-01 -7.648225853466546198e+01
-5.012212994626281670e-01 -8.040819714854391975e+01
-4.992672203224230998e-01 -8.623840193403412968e+01
-4.973131411822180326e-01 -8.855434897734417632e+01
-4.953590620420127433e-01 -8.301658087913912709e+01
-4.934049829018074540e-01 -7.864088248874756459e+01
-4.914509037616023868e-01 -7.509182925059718627e+01
-4.894968246213973195e-01 -7.314088320795262632e+01
-4.875427454811920303e-01 -7.213633129157295798e+01
-4.855886663409867410e-01 -6.961865396608149581e+01
-4.836345872007816737e-01 -6.825407811303846017e+01
-4.816805080605766065e-01 -6.788609061167647951e+01
-4.797264289203713172e-01 -6.693429240450336692e+01
-4.777723497801660280e-01 -6.574120695418420723e+01
-4.758182706399609607e-01 -6.500683727502726583e+01
-4.738641914997558935e-01 -6.423664037916418579e+01
-4.719101123595506042e-01 -6.391904329092312054e+01
-4.699560332193453149e-01 -6.402681585168940614e+01
-4.680019540791402477e-01 -6.330766738984802089e+01
-4.660478749389351805e-01 -6.223109875377738121e+01
-4.640937957987298912e-01 -6.196146801088035261e+01
-4.621397166585246019e-01 -6.181049718969197215e+01
-4.601856375183195347e-01 -6.132317653968289051e+01
-4.582315583781144674e-01 -6.133277133419912985e+01
-4.562774792379091782e-01 -6.135400201172572565e+01
-4.543234000977038889e-01 -6.124680342001950351e+01
-4.523693209574988217e-01 -6.007696348426386379e+01
-4.504152418172937544e-01 -5.958246841516989889e+01
-4.484611626770884651e-01 -5.995963592405707487e+01
-4.465070835368831759e-01 -6.037639257877825116e+01
-4.445530043966781086e-01 -6.042062780254364895e+01
-4.425989252564730414e-01 -6.006213462189629126e+01
-4.406448461162677521e-01 -5.940501523589293242e+01
-4.386907669760624628e-01 -6.000174999207185067e+01
-4.367366878358573956e-01 -6.046500649641555469e+01
-4.347826086956523284e-01 -5.998366723978860904e+01
-4.328285295554470391e-01 -5.939258071538259287e+01
-4.308744504152417498e-01 -5.883888665305742904e+01
-4.289203712750366826e-01 -5.901613460228755770e+01
-4.269662921348316154e-01 -5.918590710150691336e+01
-4.250122129946263261e-01 -5.974479112262085323e+01
-4.230581338544210368e-01 -5.967924319423391921e+01
-4.211040547142159696e-01 -5.944070350601964492e+01
-4.191499755740109023e-01 -5.973610263735618986e+01
-4.171958964338056131e-01 -6.003622373398575007e+01
-4.152418172936003238e-01 -6.015325309836663337e+01
-4.132877381533952565e-01 -5.970671352803664433e+01
-4.113336590131901893e-01 -5.988815537004698086e+01
-4.093795798729849000e-01 -6.058927730279856405e+01
-4.074255007327796108e-01 -6.054198748761636040e+01
-4.054714215925745435e-01 -6.072406287626299104e+01
-4.035173424523694763e-01 -6.105861165197094920e+01
-4.015632633121641870e-01 -6.092268192546657701e+01
-3.996091841719588977e-01 -6.169119768301012385e+01
-3.976551050317538305e-01 -6.271535052508202313e+01
-3.957010258915487633e-01 -6.287854225284625187e+01
-3.937469467513434740e-01 -6.225476776113762156e+01
-3.917928676111381847e-01 -6.282914870888867398e+01
-3.898387884709331175e-01 -6.348442448417223716e+01
-3.878847093307280502e-01 -6.374505237025628901e+01
-3.859306301905227610e-01 -6.389833435066420719e+01
-3.839765510503174717e-01 -6.471703271261175416e+01
-3.820224719101124045e-01 -6.578024276583508367e+01
-3.800683927699073372e-01 -6.666060881476157363e+01
-3.781143136297020479e-01 -6.790106138652650714e+01
-3.761602344894967587e-01 -6.862304092109039289e+01
-3.742061553492916914e-01 -6.972865773717273896e+01
-3.722520762090866242e-01 -7.076496678113875305e+01
-3.702979970688813349e-01 -7.257664790731104176e+01
-3.683439179286760456e-01 -7.453660832012508308e+01
-3.663898387884709784e-01 -7.684369442373922254e+01
-3.644357596482659112e-01 -8.050558055146919401e+01
-3.624816805080606219e-01 -8.582357674100263978e+01
-3.605276013678553326e-01 -8.878376115216954645e+01
-3.585735222276502654e-01 -8.267754745791172866e+01
-3.566194430874451982e-01 -7.875501377445624485e+01
-3.546653639472399089e-01 -7.605105294937543192e+01
-3.527112848070346196e-01 -7.395927101527510672e+01
-3.507572056668295524e-01 -7.255550814187621711e+01
-3.488031265266244851e-01 -7.128540245737914915e+01
-3.468490473864191959e-01 -6.970154679101361239e+01
-3.448949682462139066e-01 -6.797113046050070295e+01
-3.429408891060088393e-01 -6.745983522865587645e+01
-3.409868099658037721e-01 -6.690308955981534211e+01
-3.390327308255984828e-01 -6.601584602359365306e+01
-3.370786516853931936e-01 -6.511466122255357902e+01
-3.351245725451881263e-01 -6.487380940989217493e+01
-3.331704934049830591e-01 -6.434870365864229314e+01
-3.312164142647777698e-01 -6.322661309653484807e+01
-3.292623351245724805e-01 -6.264764924743209917e+01
-3.273082559843674133e-01 -6.283087015370317374e+01
-3.253541768441623461e-01 -6.244594009218688768e+01
-3.234000977039570568e-01 -6.198651144608639640e+01
-3.214460185637517675e-01 -6.191966625983251049e+01
-3.194919394235467003e-01 -6.169475647989368383e+01
-3.175378602833416330e-01 -6.095013920681918762e+01
-3.155837811431363438e-01 -6.059129249490722913e+01
-3.136297020029310545e-01 -6.056082740810825271e+01
-3.116756228627259873e-01 -6.054450330568521821e+01
-3.097215437225209200e-01 -5.962049954738299107e+01
-3.077674645823156308e-01 -5.908393745873291181e+01
-3.058133854421103415e-01 -5.931752579349027599e+01
-3.038593063019052742e-01 -5.966477189267261849e+01
-3.019052271617002070e-01 -5.990691734676084934e+01
-2.999511480214949177e-01 -6.046773238869005240e+01
-2.979970688812896285e-01 -5.982225690058423595e+01
-2.960429897410845612e-01 -5.964025966414689606e+01
-2.940889106008794940e-01 -5.917389797831649645e+01
-2.921348314606742047e-01 -5.914611924825378964e+01
-2.901807523204689154e-01 -5.921144486056491729e+01
-2.882266731802638482e-01 -5.926030191930460944e+01
-2.862725940400587810e-01 -5.957249245776992552e+01
-2.843185148998534917e-01 -5.913462460409311916e+01
-2.823644357596482024e-01 -5.914003561239985629e+01
-2.804103566194431352e-01 -5.951398355117927963e+01
-2.784562774792380679e-01 -5.948120571900889786e+01
-2.765021983390327787e-01 -5.972823732473248981e+01
-2.745481191988274894e-01 -6.001544109641559999e+01
-2.725940400586224222e-01 -5.979931927323746521e+01
-2.706399609184173549e-01 -6.043003317817445463e+01
-2.686858817782120656e-01 -6.067515469955432650e+01
-2.667318026380067764e-01 -6.097926161487582419e+01
-2.647777234978017091e-01 -6.046702325017849944e+01
-2.628236443575966419e-01 -6.048650317590563930e+01
-2.608695652173913526e-01 -6.076708293988787801e+01
-2.589154860771860633e-01 -6.052064517695919221e+01
-2.569614069369809961e-01 -6.120834143793646831e+01
-2.550073277967759289e-01 -6.185270152676228150e+01
-2.530532486565706396e-01 -6.226036939793150538e+01
-2.510991695163653503e-01 -6.266598264899583626e+01
-2.491450903761602831e-01 -6.313481485919032821e+01
-2.471910112359552159e-01 -6.353480638023512483e+01
-2.452369320957499266e-01 -6.383846330879617881e+01
-2.432828529555446373e-01 -6.456279014420378815e+01
-2.413287738153395701e-01 -6.529955817716421507e+01
-2.393746946751345028e-01 -6.552231590692875329e+01
-2.374206155349292136e-01 -6.597562671452955385e+01
-2.354665363947239243e-01 -6.735670189990388224e+01
-2.335124572545188570e-01 -6.861463511672978655e+01
-2.315583781143137898e-01 -6.915637721515611247e+01
-2.296042989741085005e-01 -7.087623013685094975e+01
-2.276502198339032113e-01 -7.300147054049524797e+01
-2.256961406936981440e-01 -7.515578971754730730e+01
-2.237420615534930768e-01 -7.714098237625682941e+01
-2.217879824132877875e-01 -8.014504138247070841e+01
-2.198339032730824982e-01 -8.547148272622200693e+01
-2.178798241328774310e-01 -9.000243545261150757e+01
-2.159257449926723638e-01 -8.450781113821045665e+01
-2.139716658524670745e-01 -7.955304732794172651e+01
-2.120175867122617852e-01 -7.695540189350313653e+01
-2.100635075720567180e-01 -7.438575338862933961e+01
-2.081094284318516507e-01 -7.253800496757347105e+01
-2.061553492916463615e-01 -7.175211988083896131e+01
-2.042012701514410722e-01 -7.048395172216639537e+01
-2.022471910112360050e-01 -6.854744398707939013e+01
-2.002931118710309377e-01 -6.730766631590941529e+01
-1.983390327308256484e-01 -6.692046164306076150e+01
-1.963849535906203592e-01 -6.612961530793657516e+01
-1.944308744504152919e-01 -6.524151227729234392e+01
-1.924767953102102247e-01 -6.487786106308656997e+01
-1.905227161700049354e-01 -6.442145379066532485e+01
-1.885686370297996461e-01 -6.340448818023916289e+01
-1.866145578895945789e-01 -6.270475005879263364e+01
-1.846604787493895117e-01 -6.267434833694814245e+01
-1.827063996091842224e-01 -6.239392291566888105e+01
-1.807523204689789331e-01 -6.166354396899180301e+01
-1.787982413287738659e-01 -6.157283377668178304e+01
-1.768441621885687987e-01 -6.147746627179402168e+01
-1.748900830483635094e-01 -6.180354954381577670e+01
-1.729360039081582201e-01 -6.159207416074857377e+01
-1.709819247679531529e-01 -6.065897007284603148e+01
-1.690278456277480856e-01 -6.049975402612297160e+01
-1.670737664875427964e-01 -6.055459267155970338e+01
-1.651196873473375071e-01 -6.070968813999513003e+01
-1.631656082071324398e-01 -6.062622401848661013e+01
-1.612115290669273726e-01 -6.063872304845439487e+01
-1.592574499267220833e-01 -6.001108383628354659e+01
-1.573033707865167941e-01 -5.978584784889139314e+01
-1.553492916463117268e-01 -6.018277743584739170e+01
-1.533952125061066596e-01 -5.970369122722619437e+01
-1.514411333659013703e-01 -5.943756003124033072e+01
-1.494870542256960810e-01 -5.919886396317356514e+01
-1.475329750854910138e-01 -5.881953717604440612e+01
-1.455788959452859466e-01 -5.919546382018174313e+01
-1.436248168050806573e-01 -5.978990152532976055e+01
-1.416707376648753680e-01 -5.986730818001862531e+01
-1.397166585246703008e-01 -5.934875319251192138e+01
-1.377625793844652335e-01 -5.942523068506549322e+01
-1.358085002442599443e-01 -5.977960429557349187e+01
-1.338544211040546550e-01 -5.971945356037582542e+01
-1.319003419638495878e-01 -5.977013906464291892e+01
-1.299462628236445205e-01 -5.974381798451776859e+01
-1.279921836834392312e-01 -5.993979684922464202e+01
-1.260381045432339420e-01 -6.025173052026828913e+01
-1.240840254030288747e-01 -6.000179860780905017e+01
-1.221299462628238075e-01 -6.036512548065910266e+01
-1.201758671226185182e-01 -6.093172860034700022e+01
-1.182217879824132289e-01 -6.097561842512055819e+01
-1.162677088422081617e-01 -6.076111381303567782e+01
-1.143136297020030945e-01 -6.110727122318930782e+01
-1.123595505617978052e-01 -6.190967406709958709e+01
-1.104054714215925159e-01 -6.293427433886102307e+01
-1.084513922813874487e-01 -6.224693727444385871e+01
-1.064973131411823815e-01 -6.245630561922348534e+01
-1.045432340009770922e-01 -6.348129779542965423e+01
-1.025891548607718029e-01 -6.346256659753969842e+01
-1.006350757205667357e-01 -6.460267022168117990e+01
-9.868099658036166844e-02 -6.533396329218723508e+01
-9.672691744015637916e-02 -6.558338712351567779e+01
-9.477283829995108988e-02 -6.653087591219986052e+01
-9.281875915974602265e-02 -6.719270641259650745e+01
-9.086468001954095541e-02 -6.778962014495412802e+01
-8.891060087933566614e-02 -6.840074222576501484e+01
-8.695652173913037686e-02 -6.953049316644015221e+01
-8.500244259892530962e-02 -7.106553597206979589e+01
-8.304836345872024239e-02 -7.179197915062975710e+01
-8.109428431851495311e-02 -7.306014942936799628e+01
-7.914020517830966384e-02 -7.577207499293444926e+01
-7.718612603810459660e-02 -7.944318453071244335e+01
-7.523204689789952937e-02 -8.304503740970568515e+01
-7.327796775769424009e-02 -8.827957145058256572e+01
-7.132388861748895081e-02 -8.803625877425821500e+01
-6.936980947728388358e-02 -8.218712609054632878e+01
-6.741573033707881635e-02 -7.857182778775121790e+01
-6.546165119687352707e-02 -7.603004039414418003e+01
-6.350757205666823779e-02 -7.394621451384371369e+01
-6.155349291646317056e-02 -7.272996682362163767e+01
-5.959941377625810333e-02 -7.122673262669243854e+01
-5.764533463605281405e-02 -6.945523035808577106e+01
-5.569125549584752477e-02 -6.756058708406031599e+01
-5.373717635564245754e-02 -6.669429677305183191e+01
-5.178309721543739030e-02 -6.620007255010634140e+01
-4.982901807523210103e-02 -6.573826400355633837e+01
-4.787493893502681175e-02 -6.551254504260921863e+01
-4.592085979482174452e-02 -6.395444401352763464e+01
-4.396678065461667728e-02 -6.348938769295354234e+01
-4.201270151441138800e-02 -6.340275959527811978e+01
-4.005862237420609873e-02 -6.309905827927060074e+01
-3.810454323400103149e-02 -6.257994995218695067e+01
-3.615046409379596426e-02 -6.227579144749174844e+01
-3.419638495359067498e-02 -6.185300045545182002e+01
-3.224230581338538570e-02 -6.135021555788379999e+01
-3.028822667318031847e-02 -6.125644580077089074e+01
-2.833414753297525124e-02 -6.107111546514445877e+01
-2.638006839276996196e-02 -6.036482957591754683e+01
-2.442598925256467268e-02 -6.084427781613712227e+01
-2.247191011235960545e-02 -6.059200141390350325e+01
-2.051783097215453822e-02 -6.047824770912029635e+01
-1.856375183194924894e-02 -6.003658594930342218e+01
-1.660967269174395966e-02 -5.906314026819858043e+01
-1.465559355153889243e-02 -5.907690576881770994e+01
-1.270151441133382519e-02 -5.965164166573082127e+01
-1.074743527112853592e-02 -6.051030870487767999e+01
-8.793356130923246639e-03 -6.070035913768468561e+01
-6.839276990718179405e-03 -5.977326909103197039e+01
-4.885197850513112172e-03 -5.941371854630201454e+01
-2.931118710307822894e-03 -5.947498588066945047e+01
-9.770395701025336166e-04 -5.922074421935991495e+01
9.770395701025336166e-04 -5.904878236028103089e+01
2.931118710307600850e-03 -5.944977481659533680e+01
4.885197850512668083e-03 -5.957526676469012017e+01
6.839276990718179405e-03 -5.974263046633667784e+01
8.793356130923246639e-03 -5.992767396608213915e+01
1.074743527112831387e-02 -5.955063728238197029e+01
1.270151441133382519e-02 -5.899310314467611960e+01
1.465559355153889243e-02 -5.924146144126436297e+01
1.660967269174395966e-02 -5.967544867739523795e+01
1.856375183194902689e-02 -5.968030377394204322e+01
2.051783097215409413e-02 -6.014597126509229952e+01
2.247191011235960545e-02 -6.048718012784219411e+01
2.442598925256467268e-02 -6.024006372089053230e+01
2.638006839276973992e-02 -6.037389479058187192e+01
2.833414753297525124e-02 -6.126659207301094057e+01
3.028822667318031847e-02 -6.104208532243977459e+01
3.224230581338538570e-02 -6.086747095112787775e+01
3.419638495359045294e-02 -6.122369859052345475e+01
3.615046409379552017e-02 -6.190839919867421770e+01
3.810454323400103149e-02 -6.250350264257391331e+01
4.005862237420609873e-02 -6.342914164034009161e+01
4.201270151441116596e-02 -6.309043999913697576e+01
4.396678065461667728e-02 -6.343420597925219795e+01
4.592085979482174452e-02 -6.430792858773148168e+01
4.787493893502681175e-02 -6.522505924824221779e+01
4.982901807523187898e-02 -6.601774417611140677e+01
5.178309721543694621e-02 -6.608268015919118454e+01
5.373717635564245754e-02 -6.701304881050765516e+01
5.569125549584752477e-02 -6.814556591011188402e+01
5.764533463605259200e-02 -6.858191461794186239e+01
5.959941377625810333e-02 -6.985623712254857764e+01
6.155349291646317056e-02 -7.004260743537781764e+01
6.350757205666823779e-02 -7.097781402827520481e+01
6.546165119687330503e-02 -7.340469241548704815e+01
6.741573033707837226e-02 -7.535540582980074475e+01
6.936980947728388358e-02 -7.816870898585661109e+01
7.132388861748895081e-02 -8.227335768619255418e+01
7.327796775769401805e-02 -8.778012704909279762e+01
7.523204689789952937e-02 -8.788428529698418856e+01
7.718612603810459660e-02 -8.319235195302277930e+01
7.914020517830966384e-02 -7.942678303545105223e+01
8.109428431851473107e-02 -7.661748258897090125e+01
8.304836345871979830e-02 -7.477864835186466053e+01
8.500244259892530962e-02 -7.257543094420647378e+01
8.695652173913037686e-02 -7.122568517495382423e+01
8.891060087933544409e-02 -6.970369673747634920e+01
9.086468001954095541e-02 -6.840024803004934029e+01
9.281875915974602265e-02 -6.778015295789379024e+01
9.477283829995108988e-02 -6.686299178235496754e+01
9.672691744015615711e-02 -6.552513056254505841e+01
9.868099658036122435e-02 -6.503268358281101769e+01
1.006350757205667357e-01 -6.552792886209078915e+01
1.025891548607718029e-01 -6.439087365949384889e+01
1.045432340009768701e-01 -6.340782028268583304e+01
1.064973131411823815e-01 -6.327240799177089770e+01
1.084513922813874487e-01 -6.318553728170637385e+01
1.104054714215925159e-01 -6.258840124097293511e+01
1.123595505617975832e-01 -6.166827099386415512e+01
1.143136297020026504e-01 -6.133872343544730654e+01
1.162677088422081617e-01 -6.155730133673395699e+01
1.182217879824132289e-01 -6.123255729837332950e+01
1.201758671226182962e-01 -6.063964495385828002e+01
1.221299462628238075e-01 -6.050530334285286926e+01
1.240840254030288747e-01 -6.019529013205223578e+01
1.260381045432339420e-01 -6.012019842584521001e+01
1.279921836834390092e-01 -5.980649565011991342e+01
1.299462628236440764e-01 -5.975237305898416906e+01
1.319003419638495878e-01 -5.948441518282263019e+01
1.338544211040546550e-01 -5.929353698556863606e+01
1.358085002442597222e-01 -5.922950168705072116e+01
1.377625793844652335e-01 -5.966087070779629897e+01
1.397166585246703008e-01 -5.967875298888681357e+01
1.416707376648753680e-01 -5.981051749757700975e+01
1.436248168050804352e-01 -5.920071203032623686e+01
1.455788959452855025e-01 -5.923365129165681253e+01
1.475329750854910138e-01 -5.989029071304545937e+01
1.494870542256960810e-01 -6.008947260949251756e+01
1.514411333659011483e-01 -5.956456653826520409e+01
1.533952125061066596e-01 -5.925860892828306703e+01
1.553492916463117268e-01 -5.880736201366624272e+01
1.573033707865167941e-01 -5.924750241232537462e+01
1.592574499267218613e-01 -6.006686177596087362e+01
1.612115290669269285e-01 -6.034257193744284820e+01
1.631656082071324398e-01 -6.030277959314915392e+01
1.651196873473375071e-01 -6.018225383172784149e+01
1.670737664875425743e-01 -6.039340468169059761e+01
1.690278456277480856e-01 -6.082802037317086530e+01
1.709819247679531529e-01 -6.121792868987387237e+01
1.729360039081582201e-01 -6.102786726744518120e+01
1.748900830483632873e-01 -6.090888739367421323e+01
1.768441621885683546e-01 -6.132627818457217472e+01
1.787982413287738659e-01 -6.107641941112532180e+01
1.807523204689789331e-01 -6.152200817999616334e+01
1.827063996091840004e-01 -6.224583354099287646e+01
1.846604787493895117e-01 -6.232733267558497658e+01
1.866145578895945789e-01 -6.264943857257499360e+01
1.885686370297996461e-01 -6.293551628092448880e+01
1.905227161700047134e-01 -6.352122197551522476e+01
1.924767953102097806e-01 -6.420721609106712435e+01
1.944308744504152919e-01 -6.520039493486919469e+01
1.963849535906203592e-01 -6.599721878352491444e+01
1.983390327308254264e-01 -6.656787274778207575e+01
2.002931118710309377e-01 -6.738994131228126605e+01
2.022471910112360050e-01 -6.795104348017612494e+01
2.042012701514410722e-01 -6.851299797553154747e+01
2.061553492916461394e-01 -6.965158441885743912e+01
2.081094284318512067e-01 -7.099912101708135026e+01
2.100635075720567180e-01 -7.224964840151992007e+01
2.120175867122617852e-01 -7.460365385908731639e+01
2.139716658524668524e-01 -7.674360204564175092e+01
2.159257449926723638e-01 -7.966441887422119805e+01
2.178798241328774310e-01 -8.487252506888358994e+01
2.198339032730824982e-01 -9.037786715877959409e+01
2.217879824132875655e-01 -8.581746697396299339e+01
2.237420615534926327e-01 -8.062703942480864328e+01
2.256961406936981440e-01 -7.729613275405732509e+01
2.276502198339032113e-01 -7.537259293892675771e+01
2.296042989741082785e-01 -7.316440314286074909e+01
2.315583781143137898e-01 -7.097603602555089708e+01
2.335124572545188570e-01 -6.984899152052101101e+01
2.354665363947239243e-01 -6.881644999232027260e+01
2.374206155349289915e-01 -6.791035965300841326e+01
2.393746946751340587e-01 -6.694330329964724058e+01
2.413287738153395701e-01 -6.588895808870758231e+01
2.432828529555446373e-01 -6.520784302555077261e+01
2.452369320957497045e-01 -6.479781463967051991e+01
2.471910112359552159e-01 -6.432998136912608800e+01
2.491450903761602831e-01 -6.418753663064769910e+01
2.510991695163653503e-01 -6.403410588877471810e+01
2.530532486565704176e-01 -6.316851710675723552e+01
2.550073277967754848e-01 -6.204407168302956421e+01
2.569614069369809961e-01 -6.174711644796252585e+01
2.589154860771860633e-01 -6.237971037478077108e+01
2.608695652173911306e-01 -6.200235910407187845e+01
2.628236443575966419e-01 -6.097493264222117659e+01
2.647777234978017091e-01 -6.128743089893573881e+01
2.667318026380067764e-01 -6.071095740036572863e+01
2.686858817782118436e-01 -6.018472062995552108e+01
2.706399609184169108e-01 -6.003683230473818355e+01
2.725940400586224222e-01 -5.998087274352266007e+01
2.745481191988274894e-01 -5.979590337821925772e+01
2.765021983390325566e-01 -5.896621516726665391e+01
2.784562774792380679e-01 -5.893003221824557158e+01
2.804103566194431352e-01 -5.993951089138617760e+01
2.823644357596482024e-01 -5.949868397597658998e+01
2.843185148998532696e-01 -5.961462565376323397e+01
2.862725940400583369e-01 -5.943742883023757884e+01
2.882266731802638482e-01 -5.889080583944918601e+01
2.901807523204689154e-01 -5.922395150199777447e+01
2.921348314606739827e-01 -5.934166860787306064e+01
2.940889106008794940e-01 -5.952588042434798865e+01
2.960429897410845612e-01 -5.927868292385103643e+01
2.979970688812896285e-01 -5.952768146066465249e+01
2.999511480214946957e-01 -6.002000981449440076e+01
3.019052271616997629e-01 -5.976783506241223165e+01
3.038593063019052742e-01 -6.005325634533896562e+01
3.058133854421103415e-01 -6.039399084046371513e+01
3.077674645823154087e-01 -5.960946144812873371e+01
3.097215437225209200e-01 -5.979763779999696993e+01
3.116756228627259873e-01 -6.032559766576539317e+01
3.136297020029310545e-01 -6.013287843268891919e+01
3.155837811431361217e-01 -6.050541767210666677e+01
3.175378602833411890e-01 -6.081001578855460110e+01
3.194919394235467003e-01 -6.110255726828088996e+01
3.214460185637517675e-01 -6.191274083646649729e+01
3.234000977039568347e-01 -6.283292925542501450e+01
3.253541768441623461e-01 -6.312460132570762994e+01
3.273082559843674133e-01 -6.305958213167372151e+01
3.292623351245724805e-01 -6.316786656362855013e+01
3.312164142647775478e-01 -6.358300147937829649e+01
3.331704934049826150e-01 -6.420766980841746374e+01
3.351245725451881263e-01 -6.481903534493280006e+01
3.370786516853931936e-01 -6.483871462746128600e+01
3.390327308255982608e-01 -6.568723421975074928e+01
3.409868099658037721e-01 -6.588624100443885823e+01
3.429408891060088393e-01 -6.637501259369804529e+01
3.448949682462139066e-01 -6.751773133771740731e+01
3.468490473864189738e-01 -6.844520237281267327e+01
3.488031265266240410e-01 -6.950916599983209210e+01
3.507572056668295524e-01 -7.094497026800132744e+01
3.527112848070346196e-01 -7.194334396860874392e+01
3.546653639472396868e-01 -7.347383670033747194e+01
3.566194430874451982e-01 -7.613824649478478079e+01
3.585735222276502654e-01 -7.928124298883854237e+01
3.605276013678553326e-01 -8.429341742454495545e+01
3.624816805080603999e-01 -9.036137471791319342e+01
3.644357596482654671e-01 -8.564312022782560518e+01
3.663898387884709784e-01 -8.056841390978325990e+01
3.683439179286760456e-01 -7.701545626598618810e+01
3.702979970688811129e-01 -7.394728455738265893e+01
3.722520762090866242e-01 -7.209610535973796175e+01
3.742061553492916914e-01 -7.089639999431666695e+01
3.761602344894967587e-01 -6.974906848988389640e+01
3.781143136297018259e-01 -6.938544440663415003e+01
3.800683927699068931e-01 -6.856722190103147341e+01
3.820224719101124045e-01 -6.719514939040421098e+01
3.839765510503174717e-01 -6.621781811508797944e+01
3.859306301905225389e-01 -6.530758329453205135e+01
3.878847093307280502e-01 -6.515883291102051089e+01
3.898387884709331175e-01 -6.528343691161468598e+01
3.917928676111381847e-01 -6.454444676589447738e+01
3.937469467513432519e-01 -6.368253408284446948e+01
3.957010258915483192e-01 -6.356198421646912067e+01
3.976551050317538305e-01 -6.279603539886559815e+01
3.996091841719588977e-01 -6.199718309203660738e+01
4.015632633121639650e-01 -6.161656982941099869e+01
4.035173424523694763e-01 -6.199609594572250870e+01
4.054714215925745435e-01 -6.199216364378011690e+01
4.074255007327796108e-01 -6.120386162702595811e+01
4.093795798729846780e-01 -6.063915704661157235e+01
4.113336590131897452e-01 -6.056711278369209595e+01
4.132877381533952565e-01 -6.012402766797296749e+01
4.152418172936003238e-01 -6.004721728005627313e+01
4.171958964338053910e-01 -5.962952069874827288e+01
4.191499755740109023e-01 -5.951634050877318316e+01
4.211040547142159696e-01 -6.014478958349269533e+01
4.230581338544210368e-01 -6.044114057641550630e+01
4.250122129946261040e-01 -5.957209307301621948e+01
4.269662921348311713e-01 -5.975916953578180824e+01
4.289203712750366826e-01 -5.975186276319551126e+01
4.308744504152417498e-01 -5.924293305803143284e+01
4.328285295554468171e-01 -5.908769372993013747e+01
4.347826086956523284e-01 -5.882331812776577351e+01
4.367366878358573956e-01 -5.885612605248165607e+01
4.386907669760624628e-01 -5.943316192765421135e+01
4.406448461162675301e-01 -5.960226016126048876e+01
4.425989252564725973e-01 -5.979535246843073537e+01
4.445530043966781086e-01 -5.917263237106840279e+01
4.465070835368831759e-01 -5.946698502179584978e+01
4.484611626770882431e-01 -5.979781476365441506e+01
4.504152418172937544e-01 -5.950628955103834272e+01
4.523693209574988217e-01 -5.995371264887943852e+01
4.543234000977038889e-01 -6.030326297327489726e+01
4.562774792379089561e-01 -6.036768107357885782e+01
4.582315583781140234e-01 -6.074762786390445513e+01
4.601856375183195347e-01 -6.169093261543707030e+01
4.621397166585246019e-01 -6.204220039788322083e+01
4.640937957987296691e-01 -6.216584163663918616e+01
4.660478749389351805e-01 -6.279255932114492111e+01
4.680019540791402477e-01 -6.363768361873736978e+01
4.699560332193453149e-01 -6.325592837979178995e+01
4.719101123595503822e-01 -6.370797137470455596e+01
4.738641914997554494e-01 -6.498450415160701255e+01
4.758182706399609607e-01 -6.532079326755669513e+01
4.777723497801660280e-01 -6.608583399368291111e+01
4.797264289203710952e-01 -6.633655605400731758e+01
4.816805080605766065e-01 -6.667451165845406535e+01
4.836345872007816737e-01 -6.818147822039482264e+01
4.855886663409867410e-01 -6.916492344687956972e+01
4.875427454811918082e-01 -6.990877811846763734e+01
4.894968246213968754e-01 -7.097312862340777428e+01
4.914509037616023868e-01 -7.237853212544324322e+01
4.934049829018074540e-01 -7.443104605459743084e+01
4.953590620420125212e-01 -7.750133378194662725e+01
4.973131411822180326e-01 -8.237237104028515944e+01
4.992672203224230998e-01 -8.894489497023073454e+01
5.012212994626281670e-01 -8.682527727469376089e+01
5.031753786028332343e-01 -8.111616980898946849e+01
5.051294577430383015e-01 -7.749080160973909415e+01
5.070835368832438128e-01 -7.490147338134606514e+01
5.090376160234488800e-01 -7.265871320710753878e+01
5.109916951636539473e-01 -7.105721237993800798e+01
5.129457743038594586e-01 -6.990439004137539314e+01
5.148998534440645258e-01 -6.884488675153379234e+01
5.168539325842695931e-01 -6.734553149124961635e+01
5.188080117244746603e-01 -6.612461632114643351e+01
5.207620908646797275e-01 -6.551532703218673248e+01
5.227161700048852389e-01 -6.497850339171233713e+01
5.246702491450903061e-01 -6.505096053794153477e+01
5.266243282852953733e-01 -6.446540530334866048e+01
5.285784074255008846e-01 -6.341484243982088742e+01
5.305324865657059519e-01 -6.269897817148137875e+01
5.324865657059110191e-01 -6.182076717063822002e+01
5.344406448461160863e-01 -6.160466801680363602e+01
5.363947239863211536e-01 -6.163889254110938509e+01
5.383488031265266649e-01 -6.183660971354490243e+01
5.403028822667317321e-01 -6.102836236536614933e+01
5.422569614069367994e-01 -6.064767539615218084e+01
5.442110405471423107e-01 -6.111743723456351063e+01
5.461651196873473779e-01 -6.053161437239695175e+01
5.481191988275524452e-01 -5.981945730055849708e+01
5.500732779677575124e-01 -5.959995998138097661e+01
5.520273571079625796e-01 -5.998930910948160289e+01
5.539814362481680909e-01 -5.998027994669258334e+01
5.559355153883731582e-01 -5.960598107656139888e+01
5.578895945285782254e-01 -5.898481414736880879e+01
5.598436736687837367e-01 -5.898954684972228790e+01
5.617977528089888040e-01 -5.910483831855665926e+01
5.637518319491938712e-01 -5.979390922208924053e+01
5.657059110893989384e-01 -5.998137381666236934e+01
5.676599902296040057e-01 -6.001412339623698955e+01
5.696140693698095170e-01 -6.023307434925915516e+01
5.715681485100145842e-01 -5.993176482259890747e+01
5.735222276502196515e-01 -6.012048418138206074e+01
5.754763067904251628e-01 -6.019864897481248533e+01
5.774303859306302300e-01 -5.990539485306194223e+01
5.793844650708352972e-01 -5.956049544322374345e+01
5.813385442110403645e-01 -5.988871983710651392e+01
5.832926233512454317e-01 -5.977986465176219610e+01
5.852467024914509430e-01 -6.036331660715389091e+01
5.872007816316560103e-01 -6.075175593944938157e+01
5.891548607718610775e-01 -6.123796160843667025e+01
5.911089399120665888e-01 -6.173418223831544083e+01
5.930630190522716561e-01 -6.184404019755434945e+01
5.950170981924767233e-01 -6.171360896118262218e+01
5.969711773326817905e-01 -6.238509150964497252e+01
5.989252564728868578e-01 -6.377867566179565983e+01
6.008793356130923691e-01 -6.473604265331162821e+01
6.028334147532974363e-01 -6.485861388404482852e+01
6.047874938935025035e-01 -6.557358635613661590e+01
6.067415730337080149e-01 -6.624676593647980383e+01
6.086956521739130821e-01 -6.612140125975082583e+01
6.106497313141181493e-01 -6.753283758237581935e+01
6.126038104543232166e-01 -6.868915536463747173e+01
6.145578895945282838e-01 -6.912248455059199159e+01
6.165119687347337951e-01 -7.138906832948352132e+01
6.184660478749388623e-01 -7.376288770923258653e+01
6.204201270151439296e-01 -7.616901689791582442e+01
6.223742061553494409e-01 -7.966261993921064288e+01
6.243282852955545081e-01 -8.534516940381983829e+01
6.262823644357595754e-01 -8.847221428428571244e+01
6.282364435759646426e-01 -8.265226563445688157e+01
6.301905227161697098e-01 -7.852964763862362929e+01
6.321446018563752212e-01 -7.477014046028737937e+01
6.340986809965802884e-01 -7.220117290590593484e+01
6.360527601367853556e-01 -7.042961051589071531e+01
6.380068392769908669e-01 -6.931581481601993744e+01
6.399609184171959342e-01 -6.803411904295717250e+01
6.419149975574010014e-01 -6.635556790289334117e+01
6.438690766976060686e-01 -6.519541032197109587e+01
6.458231558378111359e-01 -6.402522989163031752e+01
6.477772349780166472e-01 -6.362218269956911598e+01
6.497313141182217144e-01 -6.362290683682041958e+01
6.516853932584267817e-01 -6.306502258606285238e+01
6.536394723986322930e-01 -6.230964781019100940e+01
6.555935515388373602e-01 -6.170332266426033385e+01
6.575476306790424275e-01 -6.098158550708131287e+01
6.595017098192474947e-01 -6.082719829322961402e+01
6.614557889594525619e-01 -6.094760377653602745e+01
6.634098680996580732e-01 -6.014523064623886484e+01
6.653639472398631405e-01 -5.950341640444862890e+01
6.673180263800682077e-01 -5.939825676449040515e+01
6.692721055202737190e-01 -6.001235118701754345e+01
6.712261846604787863e-01 -5.967073411026817098e+01
6.731802638006838535e-01 -5.949515338724325630e+01
6.751343429408889207e-01 -5.931639279624816652e+01
6.770884220810939880e-01 -5.944616799398296791e+01
6.790425012212994993e-01 -5.902541857464305508e+01
6.809965803615045665e-01 -5.870866625594189259e+01
6.829506595017096338e-01 -5.873121071713497798e+01
6.849047386419151451e-01 -5.961478875449093096e+01
6.868588177821202123e-01 -5.919765054367602630e+01
6.888128969223252795e-01 -5.957250420318953132e+01
6.907669760625303468e-01 -5.948303975786395625e+01
6.927210552027354140e-01 -5.954450675509589530e+01
6.946751343429409253e-01 -5.991300047646893745e+01
6.966292134831459926e-01 -6.000475332002689299e+01
6.985832926233510598e-01 -5.981269166688061034e+01
7.005373717635565711e-01 -6.040445648261280098e+01
7.024914509037616384e-01 -6.083483413027468600e+01
7.044455300439667056e-01 -6.139514496967534996e+01
7.063996091841717728e-01 -6.206504576182454969e+01
7.083536883243768401e-01 -6.282207004191478461e+01
7.103077674645823514e-01 -6.319146263976715971e+01
7.122618466047874186e-01 -6.402943809508323625e+01
7.142159257449924858e-01 -6.510232184496737773e+01
7.161700048851979972e-01 -6.583331975112275813e+01
7.181240840254030644e-01 -6.693268393568413899e+01
7.200781631656081316e-01 -6.830945500736359577e+01
7.220322423058131989e-01 -7.015295794952986341e+01
7.239863214460182661e-01 -7.250325120499223885e+01
7.259404005862237774e-01 -7.544771924522225959e+01
7.278944797264288447e-01 -8.007542448343913577e+01
7.298485588666339119e-01 -8.556295647027796747e+01
7.318026380068394232e-01 -8.010455916068222848e+01
7.337567171470444904e-01 -7.500229964257171389e+01
7.357107962872495577e-01 -7.170634522716795800e+01
7.376648754274546249e-01 -6.991376922229510171e+01
7.396189545676596921e-01 -6.810898976343240463e+01
7.415730337078652035e-01 -6.670655038402158254e+01
7.435271128480702707e-01 -6.591442807702713935e+01
7.454811919882753379e-01 -6.448997141527550525e+01
7.474352711284808493e-01 -6.388494212128794203e+01
7.493893502686859165e-01 -6.287928719165694247e+01
7.513434294088909837e-01 -6.168876990081973588e+01
7.532975085490960510e-01 -6.123294020044745878e+01
7.552515876893011182e-01 -6.035227662776798496e+01
7.572056668295066295e-01 -5.966195775003172486e+01
7.591597459697116967e-01 -5.980647740097337817e+01
7.611138251099167640e-01 -6.037290997110109458e+01
7.630679042501222753e-01 -5.991304635354710229e+01
7.650219833903273425e-01 -5.900668522569770857e+01
7.669760625305324098e-01 -5.929471940401649022e+01
7.689301416707374770e-01 -5.995904639370004929e+01
7.708842208109425442e-01 -5.961335397605733277e+01
7.728382999511480556e-01 -5.966281612049680660e+01
7.747923790913531228e-01 -5.984827685745224102e+01
7.767464582315581900e-01 -6.047523374916215744e+01
7.787005373717637013e-01 -6.116779414723184516e+01
7.806546165119687686e-01 -6.163872309688937889e+01
7.826086956521738358e-01 -6.244810205355985033e+01
7.845627747923789030e-01 -6.323632918545730774e+01
7.865168539325839703e-01 -6.513349765745948616e+01
7.884709330727894816e-01 -6.811167513036072307e+01
7.904250122129945488e-01 -7.233996145724762528e+01
7.923790913531996161e-01 -7.785495124201915473e+01
7.943331704934051274e-01 -7.394419535910090246e+01
7.962872496336101946e-01 -6.816041491522916829e+01
7.982413287738152619e-01 -6.362197141128652333e+01
8.001954079140203291e-01 -6.052701477780935591e+01
8.021494870542253963e-01 -5.842594480939931145e+01
8.041035661944309076e-01 -5.655170795862591149e+01
8.060576453346359749e-01 -5.496895276017792753e+01
8.080117244748410421e-01 -5.313114203079116038e+01
8.099658036150465534e-01 -5.103374489205936015e+01
8.119198827552516207e-01 -4.950537174321091527e+01
8.138739618954566879e-01 -4.856186432292012967e+01
8.158280410356617551e-01 -4.785382442739566500e+01
8.177821201758668224e-01 -4.647898154555701211e+01
8.197361993160723337e-01 -4.589489163017026385e+01
8.216902784562774009e-01 -4.509952486540172600e+01
8.236443575964824682e-01 -4.430260478230898258e+01
8.255984367366879795e-01 -4.315226131045156421e+01
8.275525158768930467e-01 -4.231072478947594107e+01
8.295065950170981139e-01 -4.117038688005251856e+01
8.314606741573031812e-01 -4.040192730037738045e+01
8.334147532975082484e-01 -4.014206229986420738e+01
8.353688324377137597e-01 -3.873260495478896104e+01
8.373229115779188270e-01 -3.776756317032051413e+01
8.392769907181238942e-01 -3.709482101101502849e+01
8.412310698583294055e-01 -3.657498420369613967e+01
8.431851489985344728e-01 -3.579142745836767858e+01
8.451392281387395400e-01 -3.518953940065203767e+01
8.470933072789446072e-01 -3.486211184564437815e+01
8.490473864191496745e-01 -3.453303686303964071e+01
8.510014655593551858e-01 -3.401234130685263324e+01
8.529555446995602530e-01 -3.297416846161974036e+01
8.549096238397653202e-01 -3.183555403026415576e+01
8.568637029799708316e-01 -3.202992547873978424e+01
8.588177821201758988e-01 -3.143526308395357916e+01
8.607718612603809660e-01 -3.054915794087492742e+01
8.627259404005860333e-01 -2.977461277380950122e+01
8.646800195407911005e-01 -2.967100249260106892e+01
8.666340986809966118e-01 -2.966051814643187612e+01
8.685881778212016791e-01 -2.927445574297704667e+01
8.705422569614067463e-01 -2.840889552124491146e+01
8.724963361016122576e-01 -2.723812393827967071e+01
8.744504152418173248e-01 -2.713334603704538850e+01
8.764044943820223921e-01 -2.741277046801643280e+01
8.783585735222274593e-01 -2.659623983371925959e+01
8.803126526624325265e-01 -2.594558212513066309e+01
8.822667318026380379e-01 -2.587648966452533728e+01
8.842208109428431051e-01 -2.548010543199158207e+01
8.861748900830481723e-01 -2.493605938138616196e+01
8.881289692232536837e-01 -2.483234686861909779e+01
8.900830483634587509e-01 -2.429088153052538956e+01
8.920371275036638181e-01 -2.388655076997046933e+01
8.939912066438688854e-01 -2.314509051371213744e+01
8.959452857840739526e-01 -2.308826641992888540e+01
8.978993649242794639e-01 -2.333902052588306830e+01
8.998534440644845311e-01 -2.206480347364497163e+01
9.018075232046895984e-01 -2.177221209813492209e+01
9.037616023448951097e-01 -2.235134025083611675e+01
9.057156814851001769e-01 -2.256145057864305770e+01
9.076697606253052442e-01 -2.094425473587998354e+01
9.096238397655103114e-01 -2.075491678242340399e+01
9.115779189057153786e-01 -2.093149209371757991e+01
9.135319980459208900e-01 -2.036268732119712155e+01
9.154860771861259572e-01 -2.008951830869138888e+01
9.174401563263310244e-01 -1.957352246031834753e+01
9.193942354665365357e-01 -1.951214341634351612e+01
9.213483146067416030e-01 -1.915718076266017533e+01
9.233023937469466702e-01 -1.796457323551061336e+01
9.252564728871517374e-01 -1.729117097525079672e+01
9.272105520273568047e-01 -1.747043885443567746e+01
9.291646311675623160e-01 -1.729238329652797646e+01
9.311187103077673832e-01 -1.739536788432499392e+01
9.330727894479724505e-01 -1.767586816927062898e+01
9.350268685881779618e-01 -1.734586223604728872e+01
9.369809477283830290e-01 -1.728182682412022686e+01
9.389350268685880962e-01 -1.662650626399771170e+01
9.408891060087931635e-01 -1.573361609819629869e+01
9.428431851489982307e-01 -1.510819262797650708e+01
9.447972642892037420e-01 -1.498935827794417541e+01
9.467513434294088093e-01 -1.486238417666436540e+01
9.487054225696138765e-01 -1.494533738189677763e+01
9.506595017098193878e-01 -1.496602077769872530e+01
9.526135808500244551e-01 -1.469047113997047305e+01
9.545676599902295223e-01 -1.441570290875867855e+01
9.565217391304345895e-01 -1.440525716150292723e+01
9.584758182706396568e-01 -1.376807764523638689e+01
9.604298974108451681e-01 -1.419550325022955306e+01
9.623839765510502353e-01 -1.400122739144491035e+01
9.643380556912553025e-01 -1.325793674374781972e+01
9.662921348314608139e-01 -1.313773717091963888e+01
9.682462139716658811e-01 -1.269089055636056607e+01
9.702002931118709483e-01 -1.251461974898657736e+01
9.721543722520760156e-01 -1.214084380492168691e+01
9.741084513922810828e-01 -1.141332353153476298e+01
9.760625305324865941e-01 -1.139047600442438579e+01
9.780166096726916614e-01 -1.124867360158025953e+01
9.799706888128967286e-01 -1.104586811537888558e+01
9.819247679531022399e-01 -1.074606368258540279e+01
9.838788470933073071e-01 -1.100298014651083456e+01
9.858329262335123744e-01 -1.094637584363814398e+01
9.877870053737174416e-01 -9.980332946729898680e+00
9.897410845139225088e-01 -1.001215947332485534e+01
9.916951636541280202e-01 -1.002723623521285390e+01
9.936492427943330874e-01 -9.987221487641114948e+00
9.956033219345381546e-01 -9.829241401704587489e+00
9.975574010747436660e-01 -9.732285267688130403e+00
9.995114802149487332e-01 -8.920664295525250864e+00
1.001465559355153800e+00 -8.532612491117092191e+00
1.003419638495358868e+00 -8.734380330991548647e+00
1.005373717635563935e+00 -9.619702200864324482e+00
1.007327796775769446e+00 -9.942791624950745089e+00
1.009281875915974513e+00 -9.864676272385651146e+00
1.011235955056179581e+00 -1.007166739187135107e+01
1.013190034196385092e+00 -1.031995593979528714e+01
1.015144113336590159e+00 -1.019623882687771044e+01
1.017098192476795226e+00 -1.037425951978875815e+01
1.019052271617000294e+00 -1.099302575730794551e+01
1.021006350757205361e+00 -1.135872028487184338e+01
1.022960429897410872e+00 -1.168348575544722046e+01
1.024914509037615939e+00 -1.118201514990955481e+01
1.026868588177821007e+00 -1.107686042196568721e+01
1.028822667318026518e+00 -1.159691302831722126e+01
1.030776746458231585e+00 -1.190803219611201236e+01
1.032730825598436653e+00 -1.220098815965066663e+01
1.034684904738641720e+00 -1.253829941021304961e+01
1.036638983878846787e+00 -1.319719371048303280e+01
1.038593063019052298e+00 -1.370784403726960932e+01
1.040547142159257366e+00 -1.343960247642193195e+01
1.042501221299462433e+00 -1.407998719060899084e+01
1.044455300439667944e+00 -1.352031430058386263e+01
1.046409379579873011e+00 -1.325293110956024201e+01
1.048363458720078079e+00 -1.424180052162284582e+01
1.050317537860283146e+00 -1.486784627354969146e+01
1.052271617000488213e+00 -1.447788472939026683e+01
1.054225696140693724e+00 -1.446042176737502771e+01
1.056179775280898792e+00 -1.493919558713229989e+01
1.058133854421103859e+00 -1.480646310663945187e+01
1.060087933561309370e+00 -1.546893437406829719e+01
1.062042012701514437e+00 -1.643269595878485134e+01
1.063996091841719505e+00 -1.679213267962263245e+01
1.065950170981924572e+00 -1.745925567974724402e+01
1.067904250122129639e+00 -1.737867003856183956e+01
1.069858329262335150e+00 -1.671479309562842630e+01
1.071812408402540218e+00 -1.730899692663035694e+01
1.073766487542745285e+00 -1.855798511388701044e+01
1.075720566682950796e+00 -1.847910733569240094e+01
1.077674645823155863e+00 -1.796541174912192673e+01
1.079628724963360931e+00 -1.834307312067234719e+01
1.081582804103565998e+00 -1.910384851730582056e+01
1.083536883243771065e+00 -1.913123979573319389e+01
1.085490962383976576e+00 -1.907162864002949831e+01
1.087445041524181644e+00 -2.002149346134824270e+01
1.089399120664386711e+00 -2.089543471811570541e+01
1.091353199804592222e+00 -2.067142064874330742e+01
1.093307278944797289e+00 -2.113717897299711979e+01
1.095261358085002357e+00 -2.140917861351242379e+01
1.097215437225207424e+00 -2.137714655377629924e+01
1.099169516365412491e+00 -2.185009326728199142e+01
1.101123595505618002e+00 -2.246695465032058436e+01
1.103077674645823070e+00 -2.205953337578692697e+01
1.105031753786028137e+00 -2.243516186959408998e+01
1.106985832926233648e+00 -2.304433489441681004e+01
1.108939912066438715e+00 -2.258061588168180478e+01
1.110893991206643783e+00 -2.289973729017232174e+01
1.112848070346848850e+00 -2.353528401686357441e+01
1.114802149487053917e+00 -2.477422243517856870e+01
1.116756228627259429e+00 -2.588145815785738790e+01
1.118710307767464496e+00 -2.550552906584048429e+01
1.120664386907669563e+00 -2.568042018023609430e+01
1.122618466047875074e+00 -2.721756071324091053e+01
1.124572545188080142e+00 -2.766218738181276748e+01
1.126526624328285209e+00 -2.787671628247386479e+01
1.128480703468490276e+00 -2.796467803081771208e+01
1.130434782608695343e+00 -2.828532679491999957e+01
1.132388861748900855e+00 -2.880106053454591830e+01
1.134342940889105922e+00 -2.913688294956024194e+01
1.136297020029310989e+00 -2.923243000053145835e+01
1.138251099169516500e+00 -2.988766007489596532e+01
1.140205178309721568e+00 -3.039224447044504274e+01
1.142159257449926635e+00 -3.067545903561475029e+01
1.144113336590131702e+00 -3.117055214062912682e+01
1.146067415730336769e+00 -3.171032430715283112e+01
1.148021494870542281e+00 -3.249115760602991543e+01
1.149975574010747348e+00 -3.304022409839762275e+01
1.151929653150952415e+00 -3.353236641173143795e+01
1.153883732291157926e+00 -3.512219879832819203e+01
1.155837811431362994e+00 -3.529838794653464618e+01
1.157791890571568061e+00 -3.508367511898890001e+01
1.159745969711773128e+00 -3.585708831132593133e+01
1.161700048851978195e+00 -3.649453519353325959e+01
1.163654127992183707e+00 -3.760741460621580501e+01
1.165608207132388774e+00 -3.868363616068926802e+01
1.167562286272593841e+00 -3.872812812945269201e+01
1.169516365412799352e+00 -3.945487086616923023e+01
1.171470444553004420e+00 -3.959535954902987953e+01
1.173424523693209487e+00 -4.084521264789731987e+01
1.175378602833414554e+00 -4.221650378058563291e+01
1.177332681973619621e+00 -4.297444072671599713e+01
1.179286761113825133e+00 -4.390134874515101870e+01
1.181240840254030200e+00 -4.432473467783991339e+01
1.183194919394235267e+00 -4.488990042408967440e+01
1.185148998534440778e+00 -4.644096094184148882e+01
1.187103077674645846e+00 -4.718769520655705207e+01
1.189057156814850913e+00 -4.801275505579192071e+01
1.191011235955055980e+00 -4.919225030775541541e+01
1.192965315095261047e+00 -5.149788007773057075e+01
1.194919394235466559e+00 -5.286134035126440978e+01
1.196873473375671626e+00 -5.390034294243221780e+01
1.198827552515876693e+00 -5.594391984753748659e+01
1.200781631656082205e+00 -5.860428689311700623e+01
1.202735710796287272e+00 -6.061512594308221935e+01
1.204689789936492339e+00 -6.386321074603421266e+01
1.206643869076697406e+00 -6.846435679513862738e+01
1.208597948216902473e+00 -7.418295305089412750e+01
1.210552027357107985e+00 -7.743779528352885677e+01
1.212506106497313052e+00 -7.218695943512710755e+01
1.214460185637518119e+00 -6.808917594587174449e+01
1.216414264777723631e+00 -6.532726405072948239e+01
1.218368343917928698e+00 -6.433397151334581565e+01
1.220322423058133765e+00 -6.315989142515442012e+01
1.222276502198338832e+00 -6.212777347834438757e+01
1.224230581338543900e+00 -6.120225370947068200e+01
1.226184660478749411e+00 -6.104864732638692004e+01
1.228138739618954478e+00 -5.967492712462728122e+01
1.230092818759159545e+00 -5.884771582290177605e+01
1.232046897899365057e+00 -5.944523900979849174e+01
1.234000977039570124e+00 -6.010098794774988562e+01
1.235955056179775191e+00 -5.937531895616690036e+01
1.237909135319980258e+00 -5.923820070114342684e+01
1.239863214460185326e+00 -5.930331224904593057e+01
1.241817293600390837e+00 -5.967527843214262617e+01
1.243771372740595904e+00 -6.010958027859892638e+01
1.245725451880800971e+00 -6.066001023080974619e+01
1.247679531021006483e+00 -6.124015400534964471e+01
1.249633610161211550e+00 -6.068514245024272213e+01
1.251587689301416617e+00 -6.096223397491263540e+01
1.253541768441621684e+00 -6.273085166396518275e+01
1.255495847581826752e+00 -6.393676638343792007e+01
1.257449926722032263e+00 -6.411900728653242254e+01
1.259404005862237330e+00 -6.477031441227825326e+01
1.261358085002442397e+00 -6.597745559614979527e+01
1.263312164142647909e+00 -6.785053960124710670e+01
1.265266243282852976e+00 -6.989231328248685315e+01
1.267220322423058043e+00 -7.192153093237809003e+01
1.269174401563263110e+00 -7.508279319761899728e+01
1.271128480703468178e+00 -8.037158446946791912e+01
1.273082559843673689e+00 -8.693517155859848344e+01
1.275036638983878756e+00 -8.164243720141809035e+01
1.276990718124083823e+00 -7.600630765464902083e+01
1.278944797264289335e+00 -7.269632013833513895e+01
1.280898876404494402e+00 -7.015919054689875622e+01
1.282852955544699469e+00 -6.841250507977422046e+01
1.284807034684904536e+00 -6.740132869065671173e+01
1.286761113825109604e+00 -6.604418983413634692e+01
1.288715192965315115e+00 -6.443351944076540860e+01
1.290669272105520182e+00 -6.354939177397411498e+01
1.292623351245725249e+00 -6.231492034788627166e+01
1.294577430385930761e+00 -6.188647578414500572e+01
1.296531509526135828e+00 -6.230920749507542666e+01
1.298485588666340895e+00 -6.234005661273636179e+01
1.300439667806545962e+00 -6.205346242573151017e+01
1.302393746946751030e+00 -6.111234001959427786e+01
1.304347826086956541e+00 -6.125103954467030576e+01
1.306301905227161608e+00 -6.050207950931448408e+01
1.308255984367366676e+00 -6.008834637235970888e+01
1.310210063507572187e+00 -6.016503506437733506e+01
1.312164142647777254e+00 -6.112223918108072951e+01
1.314118221787982321e+00 -6.049849588195396421e+01
1.316072300928187389e+00 -5.955254868722758488e+01
1.318026380068392456e+00 -5.920421771369260000e+01
1.319980459208597967e+00 -5.870620597780221317e+01
1.321934538348803034e+00 -5.876329278758282726e+01
1.323888617489008102e+00 -5.938010009116784005e+01
1.325842696629213613e+00 -5.960060082005873738e+01
1.327796775769418680e+00 -5.977404351663115278e+01
1.329750854909623747e+00 -5.961379807101030792e+01
1.331704934049828815e+00 -5.956005732935678765e+01
1.333659013190033882e+00 -6.043291674106684752e+01
1.335613092330239393e+00 -6.078541103176536353e+01
1.337567171470444460e+00 -6.056773971671464807e+01
1.339521250610649528e+00 -6.056084857018797152e+01
1.341475329750855039e+00 -6.082598901731763874e+01
1.343429408891060106e+00 -6.110413576520570444e+01
1.345383488031265173e+00 -6.088117786290251843e+01
1.347337567171470241e+00 -6.128642609364578675e+01
1.349291646311675308e+00 -6.197860202773048854e+01
1.351245725451880819e+00 -6.222606291017737590e+01
1.353199804592085886e+00 -6.365235252477351224e+01
1.355153883732290954e+00 -6.431346494520339263e+01
1.357107962872496465e+00 -6.433205269128256987e+01
1.359062042012701532e+00 -6.593154960444446999e+01
1.361016121152906599e+00 -6.712622587315766509e+01
1.362970200293111667e+00 -6.750972756910832118e+01
1.364924279433316734e+00 -6.887249025443628625e+01
1.366878358573522245e+00 -7.082725512739239093e+01
1.368832437713727312e+00 -7.217381253154782428e+01
1.370786516853932380e+00 -7.371468877618191584e+01
1.372740595994137891e+00 -7.669268439570599583e+01
1.374694675134342958e+00 -8.121496607913098842e+01
1.376648754274548025e+00 -8.747513286693127554e+01
1.378602833414753093e+00 -8.458931904659806378e+01
1.380556912554958160e+00 -7.970871226177082747e+01
1.382510991695163671e+00 -7.621200583152598540e+01
1.384465070835368738e+00 -7.356500288695652046e+01
1.386419149975573806e+00 -7.117281866043137484e+01
1.388373229115779317e+00 -6.981870485903797885e+01
1.390327308255984384e+00 -6.848218548129815986e+01
1.392281387396189452e+00 -6.724668959692792214e+01
1.394235466536394519e+00 -6.599701650592342617e+01
1.396189545676599586e+00 -6.499681205544293050e+01
1.398143624816805097e+00 -6.455387998374126823e+01
1.400097703957010165e+00 -6.369243697529391568e+01
1.402051783097215232e+00 -6.347372762262062906e+01
1.404005862237420743e+00 -6.304168115224637603e+01
1.405959941377625810e+00 -6.283480261754097285e+01
1.407914020517830878e+00 -6.235682850065755645e+01
1.409868099658035945e+00 -6.182272552733675042e+01
1.411822178798241012e+00 -6.166725477349049811e+01
1.413776257938446523e+00 -6.089016964121802289e+01
1.415730337078651591e+00 -6.039953734048118150e+01
1.417684416218856658e+00 -6.015891053016648016e+01
1.419638495359062169e+00 -5.969431838981711280e+01
1.421592574499267236e+00 -5.992952625775900088e+01
1.423546653639472304e+00 -6.030284454682681883e+01
1.425500732779677371e+00 -5.933155944100477797e+01
1.427454811919882438e+00 -5.898852406713058372e+01
1.429408891060087949e+00 -5.973936287369517117e+01
1.431362970200293017e+00 -5.945889352152150309e+01
1.433317049340498084e+00 -5.976280898910162165e+01
1.435271128480703595e+00 -6.003781660548133914e+01
1.437225207620908662e+00 -5.989896985181795230e+01
1.439179286761113730e+00 -5.976649015839874579e+01
1.441133365901318797e+00 -5.903218008173951858e+01
1.443087445041523864e+00 -5.936461104100609987e+01
1.445041524181729375e+00 -5.989281097844565238e+01
1.446995603321934443e+00 -5.947649097850874256e+01
1.448949682462139510e+00 -5.981238816370688482e+01
1.450903761602345021e+00 -6.024192287668530810e+01
1.452857840742550088e+00 -6.009869073515140769e+01
1.454811919882755156e+00 -6.027530941138473253e+01
1.456765999022960223e+00 -6.046105131423671963e+01
1.458720078163165290e+00 -6.126053763274961739e+01
1.460674157303370801e+00 -6.109132550195045752e+01
1.462628236443575869e+00 -6.071424653309247788e+01
1.464582315583780936e+00 -6.110946761110416503e+01
1.466536394723986447e+00 -6.134734338652737762e+01
1.468490473864191515e+00 -6.199634958899524406e+01
1.470444553004396582e+00 -6.219688465166021274e+01
1.472398632144601649e+00 -6.240553102228916060e+01
1.474352711284806716e+00 -6.360514509796969662e+01
1.476306790425012228e+00 -6.409881402926477278e+01
1.478260869565217295e+00 -6.475589137953693353e+01
1.480214948705422362e+00 -6.575217385972509021e+01
1.482169027845627873e+00 -6.643934802423272856e+01
1.484123106985832941e+00 -6.741547934375884665e+01
1.486077186126038008e+00 -6.772807073932210642e+01
1.488031265266243075e+00 -6.824943245880754716e+01
1.489985344406448142e+00 -6.906625356529497139e+01
1.491939423546653654e+00 -7.042451140304265778e+01
1.493893502686858721e+00 -7.198351386393065354e+01
1.495847581827063788e+00 -7.382890821639045953e+01
1.497801660967269299e+00 -7.648225853466546198e+01
1.499755740107474367e+00 -8.040819714854391975e+01
1.501709819247679434e+00 -8.623840193403412968e+01
1.503663898387884501e+00 -8.855434897734417632e+01
1.505617977528089568e+00 -8.301658087913912709e+01
1.507572056668295080e+00 -7.864088248874756459e+01
1.509526135808500147e+00 -7.509182925059718627e+01
1.511480214948705214e+00 -7.314088320795262632e+01
1.513434294088910725e+00 -7.213633129157295798e+01
1.515388373229115793e+00 -6.961865396608149581e+01
1.517342452369320860e+00 -6.825407811303846017e+01
1.519296531509525927e+00 -6.788609061167647951e+01
1.521250610649730994e+00 -6.693429240450336692e+01
1.523204689789936506e+00 -6.574120695418420723e+01
1.525158768930141573e+00 -6.500683727502726583e+01
1.527112848070346640e+00 -6.423664037916418579e+01
1.529066927210552151e+00 -6.391904329092312054e+01
1.531021006350757219e+00 -6.402681585168940614e+01
1.532975085490962286e+00 -6.330766738984802089e+01
1.534929164631167353e+00 -6.223109875377738121e+01
1.536883243771372420e+00 -6.196146801088035261e+01
1.538837322911577932e+00 -6.181049718969197215e+01
1.540791402051782999e+00 -6.132317653968289051e+01
1.542745481191988066e+00 -6.133277133419912985e+01
1.544699560332193577e+00 -6.135400201172572565e+01
1.546653639472398645e+00 -6.124680342001950351e+01
1.548607718612603712e+00 -6.007696348426386379e+01
1.550561797752808779e+00 -5.958246841516989889e+01
1.552515876893013846e+00 -5.995963592405707487e+01
1.554469956033219358e+00 -6.037639257877825116e+01
1.556424035173424425e+00 -6.042062780254364895e+01
1.558378114313629492e+00 -6.006213462189629126e+01
1.560332193453835004e+00 -5.940501523589293242e+01
1.562286272594040071e+00 -6.000174999207185067e+01
1.564240351734245138e+00 -6.046500649641555469e+01
1.566194430874450205e+00 -5.998366723978860904e+01
1.568148510014655272e+00 -5.939258071538259287e+01
1.570102589154860784e+00 -5.883888665305742904e+01
1.572056668295065851e+00 -5.901613460228755770e+01
1.574010747435270918e+00 -5.918590710150691336e+01
1.575964826575476430e+00 -5.974479112262085323e+01
1.577918905715681497e+00 -5.967924319423391921e+01
1.579872984855886564e+00 -5.944070350601964492e+01
1.581827063996091631e+00 -5.973610263735618986e+01
1.583781143136296699e+00 -6.003622373398575007e+01
1.585735222276502210e+00 -6.015325309836663337e+01
1.587689301416707277e+00 -5.970671352803664433e+01
1.589643380556912344e+00 -5.988815537004698086e+01
1.591597459697117856e+00 -6.058927730279856405e+01
1.593551538837322923e+00 -6.054198748761636040e+01
1.595505617977527990e+00 -6.072406287626299104e+01
1.597459697117733057e+00 -6.105861165197094920e+01
1.599413776257938125e+00 -6.092268192546657701e+01
1.601367855398143636e+00 -6.169119768301012385e+01
1.603321934538348703e+00 -6.271535052508202313e+01
1.605276013678553770e+00 -6.287854225284625187e+01
1.607230092818759282e+00 -6.225476776113762156e+01
1.609184171958964349e+00 -6.282914870888867398e+01
1.611138251099169416e+00 -6.348442448417223716e+01
1.613092330239374483e+00 -6.374505237025628901e+01
1.615046409379579551e+00 -6.389833435066420719e+01
1.617000488519785062e+00 -6.471703271261175416e+01
1.618954567659990129e+00 -6.578024276583508367e+01
1.620908646800195196e+00 -6.666060881476157363e+01
1.622862725940400708e+00 -6.790106138652650714e+01
1.624816805080605775e+00 -6.862304092109039289e+01
1.626770884220810842e+00 -6.972865773717273896e+01
1.628724963361015909e+00 -7.076496678113875305e+01
1.630679042501220977e+00 -7.257664790731104176e+01
1.632633121641426488e+00 -7.453660832012508308e+01
1.634587200781631555e+00 -7.684369442373922254e+01
1.636541279921836622e+00 -8.050558055146919401e+01
1.638495359062042134e+00 -8.582357674100263978e+01
1.640449438202247201e+00 -8.878376115216954645e+01
1.642403517342452268e+00 -8.267754745791172866e+01
1.644357596482657335e+00 -7.875501377445624485e+01
1.646311675622862403e+00 -7.605105294937543192e+01
1.648265754763067914e+00 -7.395927101527510672e+01
1.650219833903272981e+00 -7.255550814187621711e+01
1.652173913043478048e+00 -7.128540245737914915e+01
1.654127992183683560e+00 -6.970154679101361239e+01
1.656082071323888627e+00 -6.797113046050070295e+01
1.658036150464093694e+00 -6.745983522865587645e+01
1.659990229604298762e+00 -6.690308955981534211e+01
1.661944308744503829e+00 -6.601584602359365306e+01
1.663898387884709340e+00 -6.511466122255357902e+01
1.665852467024914407e+00 -6.487380940989217493e+01
1.667806546165119475e+00 -6.434870365864229314e+01
1.669760625305324986e+00 -6.322661309653484807e+01
1.671714704445530053e+00 -6.264764924743209917e+01
1.673668783585735120e+00 -6.283087015370317374e+01
1.675622862725940188e+00 -6.244594009218688768e+01
1.677576941866145255e+00 -6.198651144608639640e+01
1.679531021006350766e+00 -6.191966625983251049e+01
1.681485100146555833e+00 -6.169475647989368383e+01
1.683439179286760901e+00 -6.095013920681918762e+01
1.685393258426966412e+00 -6.059129249490722913e+01
1.687347337567171479e+00 -6.056082740810825271e+01
1.689301416707376546e+00 -6.054450330568521821e+01
1.691255495847581614e+00 -5.962049954738299107e+01
1.693209574987786681e+00 -5.908393745873291181e+01
1.695163654127992192e+00 -5.931752579349027599e+01
1.697117733268197259e+00 -5.966477189267261849e+01
1.699071812408402327e+00 -5.990691734676084934e+01
1.701025891548607838e+00 -6.046773238869005240e+01
1.702979970688812905e+00 -5.982225690058423595e+01
1.704934049829017972e+00 -5.964025966414689606e+01
1.706888128969223040e+00 -5.917389797831649645e+01
1.708842208109428107e+00 -5.914611924825378964e+01
1.710796287249633618e+00 -5.921144486056491729e+01
1.712750366389838685e+00 -5.926030191930460944e+01
1.714704445530043753e+00 -5.957249245776992552e+01
1.716658524670249264e+00 -5.913462460409311916e+01
1.718612603810454331e+00 -5.914003561239985629e+01
1.720566682950659398e+00 -5.951398355117927963e+01
1.722520762090864466e+00 -5.948120571900889786e+01
1.724474841231069533e+00 -5.972823732473248981e+01
1.726428920371275044e+00 -6.001544109641559999e+01
1.728382999511480111e+00 -5.979931927323746521e+01
1.730337078651685179e+00 -6.043003317817445463e+01
1.732291157791890690e+00 -6.067515469955432650e+01
1.734245236932095757e+00 -6.097926161487582419e+01
1.736199316072300824e+00 -6.046702325017849944e+01
1.738153395212505892e+00 -6.048650317590563930e+01
1.740107474352710959e+00 -6.076708293988787801e+01
1.742061553492916470e+00 -6.052064517695919221e+01
1.744015632633121538e+00 -6.120834143793646831e+01
1.745969711773326605e+00 -6.185270152676228150e+01
1.747923790913532116e+00 -6.226036939793150538e+01
1.749877870053737183e+00 -6.266598264899583626e+01
1.751831949193942251e+00 -6.313481485919032821e+01
1.753786028334147318e+00 -6.353480638023512483e+01
1.755740107474352385e+00 -6.383846330879617881e+01
1.757694186614557896e+00 -6.456279014420378815e+01
1.759648265754762964e+00 -6.529955817716421507e+01
1.761602344894968031e+00 -6.552231590692875329e+01
1.763556424035173542e+00 -6.597562671452955385e+01
1.765510503175378609e+00 -6.735670189990388224e+01
1.767464582315583677e+00 -6.861463511672978655e+01
1.769418661455788744e+00 -6.915637721515611247e+01
1.771372740595993811e+00 -7.087623013685094975e+01
1.773326819736199322e+00 -7.300147054049524797e+01
1.775280898876404390e+00 -7.515578971754730730e+01
1.777234978016609457e+00 -7.714098237625682941e+01
1.779189057156814968e+00 -8.014504138247070841e+01
1.781143136297020035e+00 -8.547148272622200693e+01
1.783097215437225103e+00 -9.000243545261150757e+01
1.785051294577430170e+00 -8.450781113821045665e+01
1.787005373717635237e+00 -7.955304732794172651e+01
1.788959452857840748e+00 -7.695540189350313653e+01
1.790913531998045816e+00 -7.438575338862933961e+01
1.792867611138250883e+00 -7.253800496757347105e+01
1.794821690278456394e+00 -7.175211988083896131e+01
1.796775769418661461e+00 -7.048395172216639537e+01
1.798729848558866529e+00 -6.854744398707939013e+01
1.800683927699071596e+00 -6.730766631590941529e+01
1.802638006839276663e+00 -6.692046164306076150e+01
1.804592085979482174e+00 -6.612961530793657516e+01
1.806546165119687242e+00 -6.524151227729234392e+01
1.808500244259892309e+00 -6.487786106308656997e+01
1.810454323400097820e+00 -6.442145379066532485e+01
1.812408402540302887e+00 -6.340448818023916289e+01
1.814362481680507955e+00 -6.270475005879263364e+01
1.816316560820713022e+00 -6.267434833694814245e+01
1.818270639960918089e+00 -6.239392291566888105e+01
1.820224719101123600e+00 -6.166354396899180301e+01
1.822178798241328668e+00 -6.157283377668178304e+01
1.824132877381533735e+00 -6.147746627179402168e+01
1.826086956521739246e+00 -6.180354954381577670e+01
1.828041035661944314e+00 -6.159207416074857377e+01
1.829995114802149381e+00 -6.065897007284603148e+01
1.831949193942354448e+00 -6.049975402612297160e+01
1.833903273082559515e+00 -6.055459267155970338e+01
1.835857352222765027e+00 -6.070968813999513003e+01
1.837811431362970094e+00 -6.062622401848661013e+01
1.839765510503175161e+00 -6.063872304845439487e+01
1.841719589643380672e+00 -6.001108383628354659e+01
1.843673668783585740e+00 -5.978584784889139314e+01
1.845627747923790807e+00 -6.018277743584739170e+01
1.847581827063995874e+00 -5.970369122722619437e+01
1.849535906204200941e+00 -5.943756003124033072e+01
1.851489985344406453e+00 -5.919886396317356514e+01
1.853444064484611520e+00 -5.881953717604440612e+01
1.855398143624816587e+00 -5.919546382018174313e+01
1.857352222765022098e+00 -5.978990152532976055e+01
1.859306301905227166e+00 -5.986730818001862531e+01
1.861260381045432233e+00 -5.934875319251192138e+01
1.863214460185637300e+00 -5.942523068506549322e+01
1.865168539325842367e+00 -5.977960429557349187e+01
1.867122618466047879e+00 -5.971945356037582542e+01
1.869076697606252946e+00 -5.977013906464291892e+01
1.871030776746458013e+00 -5.974381798451776859e+01
1.872984855886663524e+00 -5.993979684922464202e+01
1.874938935026868592e+00 -6.025173052026828913e+01
1.876893014167073659e+00 -6.000179860780905017e+01
1.878847093307278726e+00 -6.036512548065910266e+01
1.880801172447483793e+00 -6.093172860034700022e+01
1.882755251587689305e+00 -6.097561842512055819e+01
1.884709330727894372e+00 -6.076111381303567782e+01
1.886663409868099439e+00 -6.110727122318930782e+01
1.888617489008304950e+00 -6.190967406709958709e+01
1.890571568148510018e+00 -6.293427433886102307e+01
1.892525647288715085e+00 -6.224693727444385871e+01
1.894479726428920152e+00 -6.245630561922348534e+01
1.896433805569125219e+00 -6.348129779542965423e+01
1.898387884709330731e+00 -6.346256659753969842e+01
1.900341963849535798e+00 -6.460267022168117990e+01
1.902296042989740865e+00 -6.533396329218723508e+01
1.904250122129946377e+00 -6.558338712351567779e+01
1.906204201270151444e+00 -6.653087591219986052e+01
1.908158280410356511e+00 -6.719270641259650745e+01
1.910112359550561578e+00 -6.778962014495412802e+01
1.912066438690766645e+00 -6.840074222576501484e+01
1.914020517830972157e+00 -6.953049316644015221e+01
1.915974596971177224e+00 -7.106553597206979589e+01
1.917928676111382291e+00 -7.179197915062975710e+01
1.919882755251587803e+00 -7.306014942936799628e+01
1.921836834391792870e+00 -7.577207499293444926e+01
1.923790913531997937e+00 -7.944318453071244335e+01
1.925744992672203004e+00 -8.304503740970568515e+01
1.927699071812408071e+00 -8.827957145058256572e+01
1.929653150952613583e+00 -8.803625877425821500e+01
1.931607230092818650e+00 -8.218712609054632878e+01
1.933561309233023717e+00 -7.857182778775121790e+01
1.935515388373229229e+00 -7.603004039414418003e+01
1.937469467513434296e+00 -7.394621451384371369e+01
1.939423546653639363e+00 -7.272996682362163767e+01
1.941377625793844430e+00 -7.122673262669243854e+01
1.943331704934049498e+00 -6.945523035808577106e+01
1.945285784074255009e+00 -6.756058708406031599e+01
1.947239863214460076e+00 -6.669429677305183191e+01
1.949193942354665143e+00 -6.620007255010634140e+01
1.951148021494870655e+00 -6.573826400355633837e+01
1.953102100635075722e+00 -6.551254504260921863e+01
1.955056179775280789e+00 -6.395444401352763464e+01
1.957010258915485856e+00 -6.348938769295354234e+01
1.958964338055690924e+00 -6.340275959527811978e+01
1.960918417195896435e+00 -6.309905827927060074e+01
1.962872496336101502e+00 -6.257994995218695067e+01
1.964826575476306569e+00 -6.227579144749174844e+01
1.966780654616512081e+00 -6.185300045545182002e+01
1.968734733756717148e+00 -6.135021555788379999e+01
1.970688812896922215e+00 -6.125644580077089074e+01
1.972642892037127282e+00 -6.107111546514445877e+01
1.974596971177332350e+00 -6.036482957591754683e+01
1.976551050317537861e+00 -6.084427781613712227e+01
1.978505129457742928e+00 -6.059200141390350325e+01
1.980459208597947995e+00 -6.047824770912029635e+01
1.982413287738153507e+00 -6.003658594930342218e+01
1.984367366878358574e+00 -5.906314026819858043e+01
1.986321446018563641e+00 -5.907690576881770994e+01
1.988275525158768708e+00 -5.965164166573082127e+01
1.990229604298973776e+00 -6.051030870487767999e+01
1.992183683439179287e+00 -6.070035913768468561e+01
1.994137762579384354e+00 -5.977326909103197039e+01
1.996091841719589421e+00 -5.941371854630201454e+01
1.998045920859794933e+00 -5.947498588066945047e+01
2.000000000000000000e+00 -5.922074421935991495e+01
