-2.000000000000000000e+00 -6.059741510812902021e+01
-1.998045920859794933e+00 -6.038261663776195576e+01
-1.996091841719589643e+00 -6.061150613388537067e+01
-1.994137762579384354e+00 -6.083738039657713159e+01
-1.992183683439179287e+00 -6.076041474623502125e+01
-1.990229604298974220e+00 -6.068282210546003341e+01
-1.988275525158768930e+00 -6.055378236765253064e+01
-1.986321446018563641e+00 -6.023127114186331710e+01
-1.984367366878358574e+00 -6.004309609699311068e+01
-1.982413287738153507e+00 -6.036758941865768691e+01
-1.980459208597948217e+00 -6.055098621880691923e+01
-1.978505129457742928e+00 -6.080693840097116265e+01
-1.976551050317537861e+00 -6.083440112048996440e+01
-1.974596971177332794e+00 -6.113791006161041253e+01
-1.972642892037127504e+00 -6.090638289205215727e+01
-1.970688812896922215e+00 -6.124578868788024977e+01
-1.968734733756717148e+00 -6.154925082435910610e+01
-1.966780654616512081e+00 -6.171391529788404284e+01
-1.964826575476306791e+00 -6.200995161286621027e+01
-1.962872496336101502e+00 -6.227597786914137146e+01
-1.960918417195896435e+00 -6.230418099438291790e+01
-1.958964338055691368e+00 -6.176657441651915548e+01
-1.957010258915486078e+00 -6.176981054729266418e+01
-1.955056179775280789e+00 -6.257060318255128095e+01
-1.953102100635075722e+00 -6.301200665484802244e+01
-1.951148021494870655e+00 -6.343809692443498705e+01
-1.949193942354665365e+00 -6.359253398068348417e+01
-1.947239863214460076e+00 -6.381019729756275183e+01
-1.945285784074255009e+00 -6.417892700642137527e+01
-1.943331704934049942e+00 -6.464215635522377568e+01
-1.941377625793844652e+00 -6.445269742528603274e+01
-1.939423546653639363e+00 -6.420139450893842081e+01
-1.937469467513434296e+00 -6.477295197008076855e+01
-1.935515388373229229e+00 -6.483638421551353304e+01
-1.933561309233023939e+00 -6.526748291432409133e+01
-1.931607230092818650e+00 -6.579312816189481339e+01
-1.929653150952613583e+00 -6.653890158362979435e+01
-1.927699071812408516e+00 -6.715199292302447986e+01
-1.925744992672203226e+00 -6.719074397022995981e+01
-1.923790913531997937e+00 -6.734318875274016136e+01
-1.921836834391792870e+00 -6.807350299897655077e+01
-1.919882755251587803e+00 -6.902817803734782842e+01
-1.917928676111382513e+00 -6.967135026822457178e+01
-1.915974596971177224e+00 -7.031518740302695392e+01
-1.914020517830972157e+00 -7.084494824196573859e+01
-1.912066438690767090e+00 -7.160631000893305043e+01
-1.910112359550561800e+00 -7.247116048214097361e+01
-1.908158280410356511e+00 -7.381743333386525308e+01
-1.906204201270151444e+00 -7.471948330372494240e+01
-1.904250122129946377e+00 -7.624262634737773681e+01
-1.902296042989741087e+00 -7.784446153579062866e+01
-1.900341963849535798e+00 -7.947161460296834434e+01
-1.898387884709330731e+00 -8.239413369603988713e+01
-1.896433805569125663e+00 -8.617874831332939323e+01
-1.894479726428920374e+00 -9.177894507602292151e+01
-1.892525647288715085e+00 -9.367139415487051224e+01
-1.890571568148510018e+00 -8.782538834647594683e+01
-1.888617489008304950e+00 -8.360013124400541074e+01
-1.886663409868099661e+00 -8.116674278781827923e+01
-1.884709330727894372e+00 -7.882537485185206094e+01
-1.882755251587689305e+00 -7.702257616521714567e+01
-1.880801172447484237e+00 -7.529658077343114542e+01
-1.878847093307278948e+00 -7.417828781571418517e+01
-1.876893014167073659e+00 -7.321131687824848200e+01
-1.874938935026868592e+00 -7.181171089265217233e+01
-1.872984855886663524e+00 -7.045166445643074837e+01
-1.871030776746458235e+00 -7.044963126198965142e+01
-1.869076697606252946e+00 -7.011697157530400659e+01
-1.867122618466047879e+00 -6.933514672386039024e+01
-1.865168539325842811e+00 -6.833157229739423144e+01
-1.863214460185637522e+00 -6.811313420951360342e+01
-1.861260381045432233e+00 -6.751506977476437044e+01
-1.859306301905227166e+00 -6.698850299311880008e+01
-1.857352222765022098e+00 -6.589716627620708778e+01
-1.855398143624816809e+00 -6.537203029310296643e+01
-1.853444064484611520e+00 -6.563543835671680426e+01
-1.851489985344406453e+00 -6.578963819986594785e+01
-1.849535906204201385e+00 -6.568214406462371358e+01
-1.847581827063996096e+00 -6.515240946764438945e+01
-1.845627747923790807e+00 -6.425085286925865091e+01
-1.843673668783585740e+00 -6.406438150977615464e+01
-1.841719589643380672e+00 -6.393470500545920032e+01
-1.839765510503175383e+00 -6.363384386781560664e+01
-1.837811431362970094e+00 -6.331397774548847934e+01
-1.835857352222765027e+00 -6.332832828132950453e+01
-1.833903273082559959e+00 -6.338513231962757288e+01
-1.831949193942354670e+00 -6.278445143038486265e+01
-1.829995114802149381e+00 -6.217155365709875525e+01
-1.828041035661944314e+00 -6.187979093735891922e+01
-1.826086956521739246e+00 -6.192113031334535123e+01
-1.824132877381533957e+00 -6.180541583246991877e+01
-1.822178798241328668e+00 -6.113737376722997396e+01
-1.820224719101123600e+00 -6.095635237143788032e+01
-1.818270639960918533e+00 -6.136397760830111281e+01
-1.816316560820713244e+00 -6.153205993566750465e+01
-1.814362481680507955e+00 -6.153011763102546183e+01
-1.812408402540302887e+00 -6.164549226120338687e+01
-1.810454323400097820e+00 -6.173004830877037818e+01
-1.808500244259892531e+00 -6.152462044743226954e+01
-1.806546165119687242e+00 -6.140077207474901400e+01
-1.804592085979482174e+00 -6.090698187107763317e+01
-1.802638006839277107e+00 -6.113367438371070506e+01
-1.800683927699071818e+00 -6.097352869411415099e+01
-1.798729848558866529e+00 -5.997030247464414998e+01
-1.796775769418661461e+00 -5.999419946861920039e+01
-1.794821690278456394e+00 -6.050065790479303018e+01
-1.792867611138251105e+00 -6.096692275061883493e+01
-1.790913531998045816e+00 -6.101069718397710062e+01
-1.788959452857840748e+00 -6.024746428043124524e+01
-1.787005373717635681e+00 -6.051248673252171528e+01
-1.785051294577430392e+00 -6.032730874334121296e+01
-1.783097215437225103e+00 -6.010998699737658768e+01
-1.781143136297020035e+00 -6.021803277854513681e+01
-1.779189057156814968e+00 -6.059858069296318206e+01
-1.777234978016609679e+00 -6.080050732944046388e+01
-1.775280898876404390e+00 -6.067724082755502479e+01
-1.773326819736199322e+00 -6.052584616807279616e+01
-1.771372740595994255e+00 -6.077636154474824792e+01
-1.769418661455788966e+00 -6.099371700973746613e+01
-1.767464582315583677e+00 -6.103214005406786669e+01
-1.765510503175378609e+00 -6.094024390697995841e+01
-1.763556424035173542e+00 -6.090768389360265189e+01
-1.761602344894968253e+00 -6.129368471586089839e+01
-1.759648265754762964e+00 -6.175690816908289804e+01
-1.757694186614557896e+00 -6.179283091978223297e+01
-1.755740107474352829e+00 -6.175518131850297010e+01
-1.753786028334147540e+00 -6.198259710791759147e+01
-1.751831949193942251e+00 -6.204806997457396989e+01
-1.749877870053737183e+00 -6.229903859719438941e+01
-1.747923790913532116e+00 -6.262874486813530694e+01
-1.745969711773326827e+00 -6.274755112343339647e+01
-1.744015632633121538e+00 -6.304690290354546534e+01
-1.742061553492916470e+00 -6.343458573166854819e+01
-1.740107474352711403e+00 -6.371967783152684461e+01
-1.738153395212506114e+00 -6.372547530036257513e+01
-1.736199316072300824e+00 -6.399555146347597656e+01
-1.734245236932095757e+00 -6.420432298104029201e+01
-1.732291157791890690e+00 -6.440146866199454223e+01
-1.730337078651685401e+00 -6.484999216593857341e+01
-1.728382999511480111e+00 -6.517327436450115385e+01
-1.726428920371275044e+00 -6.557634843333197239e+01
-1.724474841231069977e+00 -6.622526814913835835e+01
-1.722520762090864688e+00 -6.621761686063405250e+01
-1.720566682950659398e+00 -6.737961722490032912e+01
-1.718612603810454331e+00 -6.783100285713035760e+01
-1.716658524670249264e+00 -6.815843290649226560e+01
-1.714704445530043975e+00 -6.874043388003047994e+01
-1.712750366389838685e+00 -6.926741869342336599e+01
-1.710796287249633618e+00 -6.966814626295413859e+01
-1.708842208109428551e+00 -7.062472040723251610e+01
-1.706888128969223262e+00 -7.159030333152989556e+01
-1.704934049829017972e+00 -7.263442416033778670e+01
-1.702979970688812905e+00 -7.393269076905363590e+01
-1.701025891548607838e+00 -7.491884702183460831e+01
-1.699071812408402549e+00 -7.670556992983898681e+01
-1.697117733268197259e+00 -7.885216447775108861e+01
-1.695163654127992192e+00 -8.077859729130388189e+01
-1.693209574987787125e+00 -8.317374471667019975e+01
-1.691255495847581836e+00 -8.772964497646385951e+01
-1.689301416707376546e+00 -9.404285076030328128e+01
-1.687347337567171479e+00 -9.007528516810425856e+01
-1.685393258426966412e+00 -8.462936789777485558e+01
-1.683439179286761123e+00 -8.102340594070864199e+01
-1.681485100146555833e+00 -7.839609655145765998e+01
-1.679531021006350766e+00 -7.656862367160272242e+01
-1.677576941866145699e+00 -7.510291443917606102e+01
-1.675622862725940410e+00 -7.378504999313582857e+01
-1.673668783585735120e+00 -7.236583663519843412e+01
-1.671714704445530053e+00 -7.117342132051221881e+01
-1.669760625305324986e+00 -7.035529905061520139e+01
-1.667806546165119697e+00 -6.970467718729142348e+01
-1.665852467024914407e+00 -6.873827546235662567e+01
-1.663898387884709340e+00 -6.820797461525681626e+01
-1.661944308744504273e+00 -6.783914208068155460e+01
-1.659990229604298984e+00 -6.690947413954143030e+01
-1.658036150464093694e+00 -6.670485169701633765e+01
-1.656082071323888627e+00 -6.696577723503725110e+01
-1.654127992183683560e+00 -6.598198038107233288e+01
-1.652173913043478271e+00 -6.503533427229567110e+01
-1.650219833903272981e+00 -6.457241349750023574e+01
-1.648265754763067914e+00 -6.398045420374472769e+01
-1.646311675622862847e+00 -6.362754974022099219e+01
-1.644357596482657558e+00 -6.381374100963434870e+01
-1.642403517342452268e+00 -6.380983719805079346e+01
-1.640449438202247201e+00 -6.368385108738217326e+01
-1.638495359062042134e+00 -6.335110714682074473e+01
-1.636541279921836844e+00 -6.267338421778163848e+01
-1.634587200781631555e+00 -6.239139695430687027e+01
-1.632633121641426488e+00 -6.228887440026181821e+01
-1.630679042501221421e+00 -6.215122492384550412e+01
-1.628724963361016131e+00 -6.191877313702331520e+01
-1.626770884220810842e+00 -6.187618900583874648e+01
-1.624816805080605775e+00 -6.142833005716437356e+01
-1.622862725940400708e+00 -6.114436126057127296e+01
-1.620908646800195418e+00 -6.174769457298948794e+01
-1.618954567659990129e+00 -6.155711538203227917e+01
-1.617000488519785062e+00 -6.130345036201254061e+01
-1.615046409379579995e+00 -6.130166284653533637e+01
-1.613092330239374705e+00 -6.141716058225017605e+01
-1.611138251099169416e+00 -6.092471451956050288e+01
-1.609184171958964349e+00 -6.065390186120446003e+01
-1.607230092818759282e+00 -6.099561716426151747e+01
-1.605276013678553992e+00 -6.104454802895183718e+01
-1.603321934538348703e+00 -6.084855716542288917e+01
-1.601367855398143636e+00 -6.028107606404647356e+01
-1.599413776257938569e+00 -6.041456572919383206e+01
-1.597459697117733279e+00 -6.065955393238943572e+01
-1.595505617977527990e+00 -6.082397274616506877e+01
-1.593551538837322923e+00 -6.065264170234932806e+01
-1.591597459697117856e+00 -6.122465282540859022e+01
-1.589643380556912566e+00 -6.095275031266595533e+01
-1.587689301416707277e+00 -6.045875200357593826e+01
-1.585735222276502210e+00 -6.071414274656714127e+01
-1.583781143136297143e+00 -6.051818258003999063e+01
-1.581827063996091853e+00 -6.060184431402235106e+01
-1.579872984855886564e+00 -6.119570649615451430e+01
-1.577918905715681497e+00 -6.138130859156166963e+01
-1.575964826575476430e+00 -6.116653379309851601e+01
-1.574010747435271140e+00 -6.122299440255176251e+01
-1.572056668295065851e+00 -6.148305494970070129e+01
-1.570102589154860784e+00 -6.173283035742123559e+01
-1.568148510014655717e+00 -6.215649378309629469e+01
-1.566194430874450427e+00 -6.253491772659526760e+01
-1.564240351734245138e+00 -6.264327464853685967e+01
-1.562286272594040071e+00 -6.235305795858802469e+01
-1.560332193453835004e+00 -6.253982865155897741e+01
-1.558378114313629714e+00 -6.299175118465611689e+01
-1.556424035173424425e+00 -6.310729850581068945e+01
-1.554469956033219358e+00 -6.384941496833752694e+01
-1.552515876893014291e+00 -6.429228561409263421e+01
-1.550561797752809001e+00 -6.435830055125951787e+01
-1.548607718612603712e+00 -6.468854965234275767e+01
-1.546653639472398645e+00 -6.553585094246734855e+01
-1.544699560332193577e+00 -6.603988524849648911e+01
-1.542745481191988288e+00 -6.625340476777159893e+01
-1.540791402051782999e+00 -6.676180613857282253e+01
-1.538837322911577932e+00 -6.738932626095922274e+01
-1.536883243771372864e+00 -6.823197553384284220e+01
-1.534929164631167575e+00 -6.895678608232957174e+01
-1.532975085490962286e+00 -7.001389235644091968e+01
-1.531021006350757219e+00 -7.107057133760557122e+01
-1.529066927210552151e+00 -7.260378243298045220e+01
-1.527112848070346862e+00 -7.497064910278699301e+01
-1.525158768930141573e+00 -7.716623023746410581e+01
-1.523204689789936506e+00 -7.915004497874724620e+01
-1.521250610649731438e+00 -8.252686338953137124e+01
-1.519296531509526149e+00 -8.764770647229255474e+01
-1.517342452369320860e+00 -9.064317507324695100e+01
-1.515388373229115793e+00 -8.492430729887954044e+01
-1.513434294088910725e+00 -8.040494863587943541e+01
-1.511480214948705436e+00 -7.755358238549497685e+01
-1.509526135808500147e+00 -7.500751704890672045e+01
-1.507572056668295080e+00 -7.288956842240169465e+01
-1.505617977528090012e+00 -7.178100686736260627e+01
-1.503663898387884723e+00 -7.022427857753964986e+01
-1.501709819247679434e+00 -6.958804543930503428e+01
-1.499755740107474367e+00 -6.914337802873559724e+01
-1.497801660967269299e+00 -6.783329734609105799e+01
-1.495847581827064010e+00 -6.696847942148009736e+01
-1.493893502686858721e+00 -6.637866027038798222e+01
-1.491939423546653654e+00 -6.528164601579079829e+01
-1.489985344406448586e+00 -6.476092440795143546e+01
-1.488031265266243297e+00 -6.421341028728210176e+01
-1.486077186126038008e+00 -6.315585133932115980e+01
-1.484123106985832941e+00 -6.276792667794198621e+01
-1.482169027845627873e+00 -6.288969548705421175e+01
-1.480214948705422584e+00 -6.253572492651061054e+01
-1.478260869565217295e+00 -6.189743618242538048e+01
-1.476306790425012228e+00 -6.165091137374689367e+01
-1.474352711284807160e+00 -6.171765209049646472e+01
-1.472398632144601871e+00 -6.118813946893602207e+01
-1.470444553004396582e+00 -6.078541305653136817e+01
-1.468490473864191515e+00 -6.075402014213792512e+01
-1.466536394723986447e+00 -6.072853759903499338e+01
-1.464582315583781158e+00 -6.000331191958201771e+01
-1.462628236443575869e+00 -5.987765651762931185e+01
-1.460674157303370801e+00 -5.988045683890422310e+01
-1.458720078163165734e+00 -6.019592205161303866e+01
-1.456765999022960445e+00 -6.038402328182837664e+01
-1.454811919882755156e+00 -6.068108968951651860e+01
-1.452857840742550088e+00 -6.051201335489053434e+01
-1.450903761602345021e+00 -6.049835690743012862e+01
-1.448949682462139732e+00 -6.051894403960314150e+01
-1.446995603321934443e+00 -6.046610463088603638e+01
-1.445041524181729375e+00 -6.073429162397522418e+01
-1.443087445041524308e+00 -6.130460342393967466e+01
-1.441133365901319019e+00 -6.148548664762215310e+01
-1.439179286761113730e+00 -6.190664261425268933e+01
-1.437225207620908662e+00 -6.187358427194212851e+01
-1.435271128480703595e+00 -6.180809411375027196e+01
-1.433317049340498306e+00 -6.261746093068622798e+01
-1.431362970200293017e+00 -6.330811414957193506e+01
-1.429408891060087949e+00 -6.429808633742750601e+01
-1.427454811919882882e+00 -6.493872707868993643e+01
-1.425500732779677593e+00 -6.489373780892576349e+01
-1.423546653639472304e+00 -6.621707340301406930e+01
-1.421592574499267236e+00 -6.820898019811862412e+01
-1.419638495359062169e+00 -7.028601709387262986e+01
-1.417684416218856880e+00 -7.370986387082500357e+01
-1.415730337078651591e+00 -7.847702041022255059e+01
-1.413776257938446523e+00 -8.318386187486497363e+01
-1.411822178798241456e+00 -7.808710966015920008e+01
-1.409868099658036167e+00 -7.260796863270373080e+01
-1.407914020517830878e+00 -6.870842570980117614e+01
-1.405959941377625810e+00 -6.632441611557898398e+01
-1.404005862237420743e+00 -6.424298834728017482e+01
-1.402051783097215454e+00 -6.233561723496259788e+01
-1.400097703957010165e+00 -6.084392300175854018e+01
-1.398143624816805097e+00 -5.950211482464403190e+01
-1.396189545676600030e+00 -5.795404308495275814e+01
-1.394235466536394741e+00 -5.682240359628710991e+01
-1.392281387396189452e+00 -5.584559023819370793e+01
-1.390327308255984384e+00 -5.499786910359254932e+01
-1.388373229115779317e+00 -5.472074174714676786e+01
-1.386419149975574028e+00 -5.320128692231408252e+01
-1.384465070835368738e+00 -5.156135134733936809e+01
-1.382510991695163671e+00 -5.101770270049367895e+01
-1.380556912554958604e+00 -5.032290630784221719e+01
-1.378602833414753315e+00 -4.941701637082453402e+01
-1.376648754274548025e+00 -4.899124827074213329e+01
-1.374694675134342958e+00 -4.826696898322545337e+01
-1.372740595994137891e+00 -4.721205575632257734e+01
-1.370786516853932602e+00 -4.676706849079386075e+01
-1.368832437713727312e+00 -4.623591194100068691e+01
-1.366878358573522245e+00 -4.526485999888360823e+01
-1.364924279433317178e+00 -4.516035271567189824e+01
-1.362970200293111889e+00 -4.482533432671257145e+01
-1.361016121152906599e+00 -4.454200788212770590e+01
-1.359062042012701532e+00 -4.420784414593060774e+01
-1.357107962872496465e+00 -4.324153895527101099e+01
-1.355153883732291176e+00 -4.243155967380820925e+01
-1.353199804592085886e+00 -4.201659586576823813e+01
-1.351245725451880819e+00 -4.171557987428516867e+01
-1.349291646311675752e+00 -4.122358558329374034e+01
-1.347337567171470463e+00 -4.077603947723723365e+01
-1.345383488031265173e+00 -4.023501197443256672e+01
-1.343429408891060106e+00 -3.999525476814007874e+01
-1.341475329750855039e+00 -3.965240363187292871e+01
-1.339521250610649750e+00 -3.878437065073632795e+01
-1.337567171470444460e+00 -3.835640565549808656e+01
-1.335613092330239393e+00 -3.848411980726141479e+01
-1.333659013190034326e+00 -3.773123191956121758e+01
-1.331704934049829037e+00 -3.710843651462356263e+01
-1.329750854909623747e+00 -3.679846058054694424e+01
-1.327796775769418680e+00 -3.705115201231103583e+01
-1.325842696629213613e+00 -3.690806900737855045e+01
-1.323888617489008324e+00 -3.623659538589257778e+01
-1.321934538348803034e+00 -3.573391086344631873e+01
-1.319980459208597967e+00 -3.496249735010642468e+01
-1.318026380068392900e+00 -3.474391407431473056e+01
-1.316072300928187611e+00 -3.510297866479285744e+01
-1.314118221787982321e+00 -3.433619255401580261e+01
-1.312164142647777254e+00 -3.382625056294932619e+01
-1.310210063507572187e+00 -3.365392968220744763e+01
-1.308255984367366898e+00 -3.286089351354313948e+01
-1.306301905227161608e+00 -3.249065812711104684e+01
-1.304347826086956541e+00 -3.230836759272543190e+01
-1.302393746946751474e+00 -3.246936431942280166e+01
-1.300439667806546185e+00 -3.211095156828883290e+01
-1.298485588666340895e+00 -3.168017807606972269e+01
-1.296531509526135828e+00 -3.177327495413749858e+01
-1.294577430385930761e+00 -3.122693717167016914e+01
-1.292623351245725472e+00 -3.065429712055646050e+01
-1.290669272105520182e+00 -3.018511218399368090e+01
-1.288715192965315115e+00 -2.976379002301195342e+01
-1.286761113825110048e+00 -2.940222719077294045e+01
-1.284807034684904758e+00 -2.887183694713045057e+01
-1.282852955544699469e+00 -2.830972717686272233e+01
-1.280898876404494402e+00 -2.848768145675692409e+01
-1.278944797264289335e+00 -2.831587148097591822e+01
-1.276990718124084045e+00 -2.794853107943181314e+01
-1.275036638983878756e+00 -2.792392207874353005e+01
-1.273082559843673689e+00 -2.760862905639836740e+01
-1.271128480703468622e+00 -2.736408280580155861e+01
-1.269174401563263332e+00 -2.740805466529068468e+01
-1.267220322423058043e+00 -2.767128191394679249e+01
-1.265266243282852976e+00 -2.741116620120622827e+01
-1.263312164142647909e+00 -2.645714244921898128e+01
-1.261358085002442619e+00 -2.616046582144253563e+01
-1.259404005862237330e+00 -2.589175017259894318e+01
-1.257449926722032263e+00 -2.572448078816258032e+01
-1.255495847581827196e+00 -2.555289242137030215e+01
-1.253541768441621906e+00 -2.503773639674280460e+01
-1.251587689301416617e+00 -2.473402482787708578e+01
-1.249633610161211550e+00 -2.462048034914311501e+01
-1.247679531021006483e+00 -2.448603518267017876e+01
-1.245725451880801193e+00 -2.390587685648271332e+01
-1.243771372740595904e+00 -2.372810708617544151e+01
-1.241817293600390837e+00 -2.368010162998037060e+01
-1.239863214460185770e+00 -2.360497701661569181e+01
-1.237909135319980480e+00 -2.358785029138554989e+01
-1.235955056179775191e+00 -2.344549706159483904e+01
-1.234000977039570124e+00 -2.308358967531496830e+01
-1.232046897899365057e+00 -2.251245539109859806e+01
-1.230092818759159767e+00 -2.208415778042508038e+01
-1.228138739618954478e+00 -2.212194854957230916e+01
-1.226184660478749411e+00 -2.209806797456820604e+01
-1.224230581338544344e+00 -2.165444332129814597e+01
-1.222276502198339054e+00 -2.176193567611835888e+01
-1.220322423058133765e+00 -2.155713587186247082e+01
-1.218368343917928698e+00 -2.129132460294622220e+01
-1.216414264777723631e+00 -2.089926120872949866e+01
-1.214460185637518341e+00 -2.083528003920975280e+01
-1.212506106497313052e+00 -2.067112004115657697e+01
-1.210552027357107985e+00 -2.009993546627086403e+01
-1.208597948216902918e+00 -1.990386904609464480e+01
-1.206643869076697628e+00 -1.990501738850398894e+01
-1.204689789936492339e+00 -1.966581768229859506e+01
-1.202735710796287272e+00 -1.920824611884090061e+01
-1.200781631656082205e+00 -1.948205876541189951e+01
-1.198827552515876915e+00 -1.967604525409955585e+01
-1.196873473375671626e+00 -1.896209752195904841e+01
-1.194919394235466559e+00 -1.916054518083576141e+01
-1.192965315095261492e+00 -1.905198999640247592e+01
-1.191011235955056202e+00 -1.855226819383367243e+01
-1.189057156814850913e+00 -1.888035646499993803e+01
-1.187103077674645846e+00 -1.868047691571904778e+01
-1.185148998534440778e+00 -1.770405652463090718e+01
-1.183194919394235489e+00 -1.785261449889542362e+01
-1.181240840254030200e+00 -1.779258947362102106e+01
-1.179286761113825133e+00 -1.730731226231474906e+01
-1.177332681973620065e+00 -1.727991691647045158e+01
-1.175378602833414776e+00 -1.712718556311705242e+01
-1.173424523693209487e+00 -1.701833834509412569e+01
-1.171470444553004420e+00 -1.695320838566539479e+01
-1.169516365412799352e+00 -1.727260974995320097e+01
-1.167562286272594063e+00 -1.640625251430292053e+01
-1.165608207132388774e+00 -1.603543759398195689e+01
-1.163654127992183707e+00 -1.605770619479567074e+01
-1.161700048851978639e+00 -1.572525364989106400e+01
-1.159745969711773350e+00 -1.593678519474363497e+01
-1.157791890571568061e+00 -1.570638695798652407e+01
-1.155837811431362994e+00 -1.560059703032537470e+01
-1.153883732291157926e+00 -1.534154328212638596e+01
-1.151929653150952637e+00 -1.527423961992138857e+01
-1.149975574010747348e+00 -1.538636473115388092e+01
-1.148021494870542281e+00 -1.457701805531670303e+01
-1.146067415730337213e+00 -1.456697515296989565e+01
-1.144113336590131924e+00 -1.519357590294357507e+01
-1.142159257449926635e+00 -1.457563698335734514e+01
-1.140205178309721568e+00 -1.402413527729869536e+01
-1.138251099169516500e+00 -1.427971509966344321e+01
-1.136297020029311211e+00 -1.405340011639554376e+01
-1.134342940889105922e+00 -1.369033226395304226e+01
-1.132388861748900855e+00 -1.345039266084770446e+01
-1.130434782608695787e+00 -1.306608711007797652e+01
-1.128480703468490498e+00 -1.315473239905274383e+01
-1.126526624328285209e+00 -1.325788269279182963e+01
-1.124572545188080142e+00 -1.316586022918997401e+01
-1.122618466047875074e+00 -1.280369486102572907e+01
-1.120664386907669785e+00 -1.259355935458006925e+01
-1.118710307767464496e+00 -1.261178909951081195e+01
-1.116756228627259429e+00 -1.268774913099055368e+01
-1.114802149487054361e+00 -1.256117528246684145e+01
-1.112848070346849072e+00 -1.270054187651691890e+01
-1.110893991206643783e+00 -1.249339989212530710e+01
-1.108939912066438715e+00 -1.207857521756656993e+01
-1.106985832926233648e+00 -1.216121371136977558e+01
-1.105031753786028359e+00 -1.182953454281757999e+01
-1.103077674645823070e+00 -1.163558937869179388e+01
-1.101123595505618002e+00 -1.102488504929512381e+01
-1.099169516365412935e+00 -1.113428691400449111e+01
-1.097215437225207646e+00 -1.124154383779265842e+01
-1.095261358085002357e+00 -1.128578016685359842e+01
-1.093307278944797289e+00 -1.102507635565108757e+01
-1.091353199804592222e+00 -1.090711325767360229e+01
-1.089399120664386933e+00 -1.108026372860432218e+01
-1.087445041524181644e+00 -1.083819652502727138e+01
-1.085490962383976576e+00 -1.052541923829919845e+01
-1.083536883243771509e+00 -1.004651711216137677e+01
-1.081582804103566220e+00 -9.898437090439198727e+00
-1.079628724963360931e+00 -9.999437625193461798e+00
-1.077674645823155863e+00 -1.007201213362043823e+01
-1.075720566682950796e+00 -9.923091846415141859e+00
-1.073766487542745507e+00 -9.418634320828134676e+00
-1.071812408402540218e+00 -8.955784085479720602e+00
-1.069858329262335150e+00 -9.026460968031059906e+00
-1.067904250122130083e+00 -8.924793744360888681e+00
-1.065950170981924794e+00 -9.204057071855968886e+00
-1.063996091841719505e+00 -9.393246820389745011e+00
-1.062042012701514437e+00 -9.313706102190709046e+00
-1.060087933561309370e+00 -9.048327734751264728e+00
-1.058133854421104081e+00 -8.476918739988683171e+00
-1.056179775280898792e+00 -8.449019260803098064e+00
-1.054225696140693724e+00 -8.549229760394057465e+00
-1.052271617000488657e+00 -8.036457502580327983e+00
-1.050317537860283368e+00 -7.973492604464572864e+00
-1.048363458720078079e+00 -7.785034885739828603e+00
-1.046409379579873011e+00 -7.854852556657419882e+00
-1.044455300439667944e+00 -8.248179857711587459e+00
-1.042501221299462655e+00 -8.132891186253509375e+00
-1.040547142159257366e+00 -7.647395025384765788e+00
-1.038593063019052298e+00 -7.548965876927838714e+00
-1.036638983878847231e+00 -7.323004676986527350e+00
-1.034684904738641942e+00 -7.417498327987262385e+00
-1.032730825598436653e+00 -7.458412830170662033e+00
-1.030776746458231585e+00 -7.214735053413116717e+00
-1.028822667318026518e+00 -7.432339313822872384e+00
-1.026868588177821229e+00 -7.309979627541127734e+00
-1.024914509037615939e+00 -7.011698343439171310e+00
-1.022960429897410872e+00 -7.125726712394232720e+00
-1.021006350757205805e+00 -7.180425311406377631e+00
-1.019052271617000516e+00 -6.841180607993062601e+00
-1.017098192476795226e+00 -6.400190570913604660e+00
-1.015144113336590159e+00 -6.382496292053275511e+00
-1.013190034196385092e+00 -6.520481292581781219e+00
-1.011235955056179803e+00 -6.369145520125861992e+00
-1.009281875915974513e+00 -6.302330074417952233e+00
-1.007327796775769446e+00 -6.266618985354055482e+00
-1.005373717635564379e+00 -6.325099582811670729e+00
-1.003419638495359090e+00 -6.042736138076191033e+00
-1.001465559355153800e+00 -5.822121107796548678e+00
-9.995114802149487332e-01 -5.575046882819414407e+00
-9.975574010747436660e-01 -5.596865457181074532e+00
-9.956033219345383767e-01 -5.984440940709619738e+00
-9.936492427943330874e-01 -6.118417410980134363e+00
-9.916951636541280202e-01 -5.779764977714060059e+00
-9.897410845139229529e-01 -5.453038399439363637e+00
-9.877870053737176637e-01 -5.839978978233283158e+00
-9.858329262335123744e-01 -6.413736535379920056e+00
-9.838788470933073071e-01 -6.387084729383940562e+00
-9.819247679531022399e-01 -6.179343023795778045e+00
-9.799706888128969506e-01 -6.250553564158067843e+00
-9.780166096726916614e-01 -6.566223212782778873e+00
-9.760625305324865941e-01 -7.174561661893781306e+00
-9.741084513922815269e-01 -7.185045953770346827e+00
-9.721543722520762376e-01 -6.728075354461150681e+00
-9.702002931118709483e-01 -6.510036762876003635e+00
-9.682462139716658811e-01 -6.615761363823022378e+00
-9.662921348314608139e-01 -6.970212411970759803e+00
-9.643380556912555246e-01 -6.776334823668519469e+00
-9.623839765510502353e-01 -7.359903444288734775e+00
-9.604298974108451681e-01 -7.815021341641475772e+00
-9.584758182706401008e-01 -7.802912741624608017e+00
-9.565217391304348116e-01 -7.959184865233439155e+00
-9.545676599902295223e-01 -8.217400687515221236e+00
-9.526135808500244551e-01 -8.221949412266663870e+00
-9.506595017098193878e-01 -8.088902928089501287e+00
-9.487054225696140985e-01 -8.202784856228422683e+00
-9.467513434294088093e-01 -8.328308489335666920e+00
-9.447972642892037420e-01 -8.394057804841246195e+00
-9.428431851489986748e-01 -8.526085327244794954e+00
-9.408891060087933855e-01 -8.756443423663412773e+00
-9.389350268685880962e-01 -9.231578065123965615e+00
-9.369809477283830290e-01 -9.554043655020493020e+00
-9.350268685881779618e-01 -9.295612872180585740e+00
-9.330727894479726725e-01 -8.851234423990863576e+00
-9.311187103077673832e-01 -8.936617111432029859e+00
-9.291646311675623160e-01 -9.521484745510313985e+00
-9.272105520273572488e-01 -9.265870572517409087e+00
-9.252564728871519595e-01 -9.092869631556663279e+00
-9.233023937469466702e-01 -9.831274311576480684e+00
-9.213483146067416030e-01 -9.852907064263959569e+00
-9.193942354665365357e-01 -9.697511955435404118e+00
-9.174401563263312465e-01 -1.000032768227236346e+01
-9.154860771861259572e-01 -1.023793750764674826e+01
-9.135319980459208900e-01 -1.019573797277206140e+01
-9.115779189057158227e-01 -1.019584727203923613e+01
-9.096238397655105334e-01 -1.110117007834626257e+01
-9.076697606253052442e-01 -1.116154870258626630e+01
-9.057156814851001769e-01 -1.122897943893560679e+01
-9.037616023448951097e-01 -1.109175966542153446e+01
-9.018075232046898204e-01 -1.120151528787763517e+01
-8.998534440644845311e-01 -1.185347829401600883e+01
-8.978993649242794639e-01 -1.157275335252246862e+01
-8.959452857840743967e-01 -1.119284194474284888e+01
-8.939912066438691074e-01 -1.115737521290035339e+01
-8.920371275036638181e-01 -1.138497516603426796e+01
-8.900830483634587509e-01 -1.176887539268230398e+01
-8.881289692232536837e-01 -1.206314992672826314e+01
-8.861748900830483944e-01 -1.254660211470657138e+01
-8.842208109428431051e-01 -1.250215330753825427e+01
-8.822667318026380379e-01 -1.209298254854287258e+01
-8.803126526624329706e-01 -1.210439987722877930e+01
-8.783585735222276814e-01 -1.256403902680336593e+01
-8.764044943820223921e-01 -1.283904311899568640e+01
-8.744504152418173248e-01 -1.286328443714479697e+01
-8.724963361016122576e-01 -1.270344595871478077e+01
-8.705422569614069683e-01 -1.289940605911671412e+01
-8.685881778212016791e-01 -1.296799484039684813e+01
-8.666340986809966118e-01 -1.301899572346460232e+01
-8.646800195407915446e-01 -1.344889558188090817e+01
-8.627259404005862553e-01 -1.382260693807656970e+01
-8.607718612603809660e-01 -1.382945697342627689e+01
-8.588177821201758988e-01 -1.386299653004946464e+01
-8.568637029799708316e-01 -1.460218865592323212e+01
-8.549096238397655423e-01 -1.524915528607941795e+01
-8.529555446995602530e-01 -1.510552831814967867e+01
-8.510014655593551858e-01 -1.519005317778522546e+01
-8.490473864191501185e-01 -1.547458582474381927e+01
-8.470933072789448293e-01 -1.559908634155334539e+01
-8.451392281387395400e-01 -1.524582762085568888e+01
-8.431851489985344728e-01 -1.517357326265477369e+01
-8.412310698583294055e-01 -1.540519242539922473e+01
-8.392769907181241162e-01 -1.569265462718955462e+01
-8.373229115779188270e-01 -1.604860463968651274e+01
-8.353688324377137597e-01 -1.616941567737372409e+01
-8.334147532975086925e-01 -1.618208622850725931e+01
-8.314606741573034032e-01 -1.611501327127428240e+01
-8.295065950170981139e-01 -1.649506035240249702e+01
-8.275525158768930467e-01 -1.726509130509509760e+01
-8.255984367366879795e-01 -1.718273400841790632e+01
-8.236443575964826902e-01 -1.652926296778831983e+01
-8.216902784562774009e-01 -1.675131791616291110e+01
-8.197361993160723337e-01 -1.730655561111993990e+01
-8.177821201758672665e-01 -1.786171790514499946e+01
-8.158280410356619772e-01 -1.850599085553218259e+01
-8.138739618954566879e-01 -1.811064154051665298e+01
-8.119198827552516207e-01 -1.821651900242259359e+01
-8.099658036150465534e-01 -1.830482276419193965e+01
-8.080117244748412642e-01 -1.823214341863741339e+01
-8.060576453346359749e-01 -1.878429377510664011e+01
-8.041035661944309076e-01 -1.922264820735273361e+01
-8.021494870542258404e-01 -1.912392681706803188e+01
-8.001954079140205511e-01 -1.936096586459402502e+01
-7.982413287738152619e-01 -1.956485533353043849e+01
-7.962872496336101946e-01 -1.961036950233879494e+01
-7.943331704934051274e-01 -1.993993930544403526e+01
-7.923790913531998381e-01 -2.062217537358037944e+01
-7.904250122129945488e-01 -2.096807102326672023e+01
-7.884709330727894816e-01 -2.058109536804221307e+01
-7.865168539325844144e-01 -2.031629355641099366e+01
-7.845627747923791251e-01 -2.085746931038745444e+01
-7.826086956521738358e-01 -2.135423111373344796e+01
-7.806546165119687686e-01 -2.136480786064241499e+01
-7.787005373717637013e-01 -2.184919815562786738e+01
-7.767464582315584121e-01 -2.164431245188285757e+01
-7.747923790913531228e-01 -2.120406125797054386e+01
-7.728382999511480556e-01 -2.175375662907694263e+01
-7.708842208109429883e-01 -2.273918880064379522e+01
-7.689301416707376990e-01 -2.307141375152168195e+01
-7.669760625305324098e-01 -2.326564399631690705e+01
-7.650219833903273425e-01 -2.323445380885697631e+01
-7.630679042501222753e-01 -2.319231531847114525e+01
-7.611138251099169860e-01 -2.333447384666625624e+01
-7.591597459697116967e-01 -2.371279195289153563e+01
-7.572056668295066295e-01 -2.367921854187392228e+01
-7.552515876893015623e-01 -2.410875894226819227e+01
-7.532975085490962730e-01 -2.482598800593060417e+01
-7.513434294088909837e-01 -2.483661779024015104e+01
-7.493893502686859165e-01 -2.508308699996065627e+01
-7.474352711284808493e-01 -2.535550212911845236e+01
-7.454811919882755600e-01 -2.536206234006140292e+01
-7.435271128480702707e-01 -2.541967045717286311e+01
-7.415730337078652035e-01 -2.581974943662440936e+01
-7.396189545676601362e-01 -2.635664239180373869e+01
-7.376648754274548470e-01 -2.635508476417142987e+01
-7.357107962872495577e-01 -2.630998780697559170e+01
-7.337567171470444904e-01 -2.685550328261389197e+01
-7.318026380068394232e-01 -2.708018660204512074e+01
-7.298485588666341339e-01 -2.717042728187007228e+01
-7.278944797264288447e-01 -2.711667756837337961e+01
-7.259404005862237774e-01 -2.778075694804171292e+01
-7.239863214460187102e-01 -2.831892631177468900e+01
-7.220322423058134209e-01 -2.846265420837301008e+01
-7.200781631656081316e-01 -2.879387749912697814e+01
-7.181240840254030644e-01 -2.862879540670707357e+01
-7.161700048851979972e-01 -2.880028213111067004e+01
-7.142159257449927079e-01 -2.930749024054325247e+01
-7.122618466047874186e-01 -2.981581679541385910e+01
-7.103077674645823514e-01 -3.017751892494981902e+01
-7.083536883243772841e-01 -3.031656091302496492e+01
-7.063996091841719949e-01 -3.068299335645687620e+01
-7.044455300439667056e-01 -3.089820958809883678e+01
-7.024914509037616384e-01 -3.145998259939973707e+01
-7.005373717635565711e-01 -3.195754858058563386e+01
-6.985832926233512818e-01 -3.182115658457763985e+01
-6.966292134831459926e-01 -3.225409355130953770e+01
-6.946751343429409253e-01 -3.354150976411705187e+01
-6.927210552027358581e-01 -3.311422255477915400e+01
-6.907669760625305688e-01 -3.305531021055315222e+01
-6.888128969223252795e-01 -3.363434592321591765e+01
-6.868588177821202123e-01 -3.405128536279684681e+01
-6.849047386419151451e-01 -3.447548502992213315e+01
-6.829506595017098558e-01 -3.482306460566466910e+01
-6.809965803615045665e-01 -3.479569937434922622e+01
-6.790425012212994993e-01 -3.482980055365814565e+01
-6.770884220810944321e-01 -3.532684452726152813e+01
-6.751343429408891428e-01 -3.598385157570614012e+01
-6.731802638006838535e-01 -3.615044726016240872e+01
-6.712261846604787863e-01 -3.649923567759635290e+01
-6.692721055202737190e-01 -3.714068792262663976e+01
-6.673180263800684298e-01 -3.789482795390603798e+01
-6.653639472398631405e-01 -3.797195207742154821e+01
-6.634098680996580732e-01 -3.800619322113143284e+01
-6.614557889594530060e-01 -3.845304549677623385e+01
-6.595017098192477167e-01 -3.910191586823086141e+01
-6.575476306790424275e-01 -3.919077367664785783e+01
-6.555935515388373602e-01 -3.946080400199755900e+01
-6.536394723986322930e-01 -3.988804312311509648e+01
-6.516853932584270037e-01 -4.062368657468831401e+01
-6.497313141182217144e-01 -4.130239423024246292e+01
-6.477772349780166472e-01 -4.198544999256892396e+01
-6.458231558378115800e-01 -4.228559986389477388e+01
-6.438690766976062907e-01 -4.297712671445628985e+01
-6.419149975574010014e-01 -4.326676728869345112e+01
-6.399609184171959342e-01 -4.341556875573171226e+01
-6.380068392769908669e-01 -4.406874281535490923e+01
-6.360527601367855777e-01 -4.463931597094300230e+01
-6.340986809965802884e-01 -4.530388710930655805e+01
-6.321446018563752212e-01 -4.589974794865356955e+01
-6.301905227161701539e-01 -4.667670656884988034e+01
-6.282364435759648646e-01 -4.738835935542266498e+01
-6.262823644357595754e-01 -4.820727961563608233e+01
-6.243282852955545081e-01 -4.885062373296519667e+01
-6.223742061553494409e-01 -4.917214543966174745e+01
-6.204201270151441516e-01 -4.970032199163151176e+01
-6.184660478749388623e-01 -5.012831317420435795e+01
-6.165119687347337951e-01 -5.121488412659769551e+01
-6.145578895945287279e-01 -5.248658604464706912e+01
-6.126038104543234386e-01 -5.333501323890313728e+01
-6.106497313141181493e-01 -5.374682159843243312e+01
-6.086956521739130821e-01 -5.490593520292333096e+01
-6.067415730337080149e-01 -5.606263479558062102e+01
-6.047874938935027256e-01 -5.706100934579909278e+01
-6.028334147532974363e-01 -5.818247469134697525e+01
-6.008793356130923691e-01 -5.923749678986416711e+01
-5.989252564728873018e-01 -6.080255676753817795e+01
-5.969711773326820126e-01 -6.235177504684219230e+01
-5.950170981924767233e-01 -6.393993066926449842e+01
-5.930630190522716561e-01 -6.614922451644974899e+01
-5.911089399120665888e-01 -6.893935683838550688e+01
-5.891548607718612995e-01 -7.265057669605498347e+01
-5.872007816316560103e-01 -7.827190049671567351e+01
-5.852467024914509430e-01 -8.295743946508048339e+01
-5.832926233512458758e-01 -7.784709607679184273e+01
-5.813385442110405865e-01 -7.355078715605461070e+01
-5.793844650708352972e-01 -7.082689039619555160e+01
-5.774303859306302300e-01 -6.834481174732212594e+01
-5.754763067904251628e-01 -6.661995035990483416e+01
-5.735222276502198735e-01 -6.587048748315811508e+01
-5.715681485100145842e-01 -6.533500821532484792e+01
-5.696140693698095170e-01 -6.446966170628081727e+01
-5.676599902296044498e-01 -6.353424974740490683e+01
-5.657059110893991605e-01 -6.261944600085912072e+01
-5.637518319491938712e-01 -6.200150308090446316e+01
-5.617977528089888040e-01 -6.140558524269118834e+01
-5.598436736687837367e-01 -6.128577343253968479e+01
-5.578895945285784475e-01 -6.105313250429050242e+01
-5.559355153883731582e-01 -6.081418150920909227e+01
-5.539814362481680909e-01 -6.071969594208613330e+01
-5.520273571079630237e-01 -6.071664417793942903e+01
-5.500732779677577344e-01 -6.027282646511608988e+01
-5.481191988275524452e-01 -5.964764560558720774e+01
-5.461651196873473779e-01 -6.000160297488511674e+01
-5.442110405471423107e-01 -6.012379602600583439e+01
-5.422569614069370214e-01 -5.983228742929962607e+01
-5.403028822667317321e-01 -6.013970026119381629e+01
-5.383488031265266649e-01 -6.045009378585046989e+01
-5.363947239863215977e-01 -6.047027506494548277e+01
-5.344406448461163084e-01 -6.070086208377585280e+01
-5.324865657059110191e-01 -6.061198983559571474e+01
-5.305324865657059519e-01 -6.104964942899820102e+01
-5.285784074255008846e-01 -6.165934277656479168e+01
-5.266243282852955954e-01 -6.163225792099981959e+01
-5.246702491450903061e-01 -6.182609176359840575e+01
-5.227161700048852389e-01 -6.186732962755136356e+01
-5.207620908646801716e-01 -6.217307456801470522e+01
-5.188080117244748823e-01 -6.229706659099263533e+01
-5.168539325842695931e-01 -6.330254070467678673e+01
-5.148998534440645258e-01 -6.337907808262959009e+01
-5.129457743038594586e-01 -6.348876774087131736e+01
-5.109916951636541693e-01 -6.428218707540607113e+01
-5.090376160234488800e-01 -6.535761565438535570e+01
-5.070835368832438128e-01 -6.538978050233099282e+01
-5.051294577430387456e-01 -6.585082643156356141e+01
-5.031753786028334563e-01 -6.690550051695608147e+01
-5.012212994626281670e-01 -6.740168255595831681e+01
-4.992672203224230998e-01 -6.836971745463715422e+01
-4.973131411822180326e-01 -6.955855121178493050e+01
-4.953590620420127433e-01 -7.031241932971741448e+01
-4.934049829018074540e-01 -7.191451463545129741e+01
-4.914509037616023868e-01 -7.357032679150992749e+01
-4.894968246213973195e-01 -7.506079498160362107e+01
-4.875427454811920303e-01 -7.786241198597507207e+01
-4.855886663409867410e-01 -8.095968316527208231e+01
-4.836345872007816737e-01 -8.491722016780327920e+01
-4.816805080605766065e-01 -9.105492102750719141e+01
-4.797264289203713172e-01 -8.846664810621999209e+01
-4.777723497801660280e-01 -8.251558226606606183e+01
-4.758182706399609607e-01 -7.860770437423923340e+01
-4.738641914997558935e-01 -7.650719551975683430e+01
-4.719101123595506042e-01 -7.495284705399635072e+01
-4.699560332193453149e-01 -7.348192278858766713e+01
-4.680019540791402477e-01 -7.167693190342723142e+01
-4.660478749389351805e-01 -6.990204268792085429e+01
-4.640937957987298912e-01 -6.899953317042154310e+01
-4.621397166585246019e-01 -6.843396642094604942e+01
-4.601856375183195347e-01 -6.766548131031926516e+01
-4.582315583781144674e-01 -6.706095163294045847e+01
-4.562774792379091782e-01 -6.623695853898374253e+01
-4.543234000977038889e-01 -6.571252224439915324e+01
-4.523693209574988217e-01 -6.530167065721477115e+01
-4.504152418172937544e-01 -6.479041062941455209e+01
-4.484611626770884651e-01 -6.461587049921868697e+01
-4.465070835368831759e-01 -6.454355854184578334e+01
-4.445530043966781086e-01 -6.431430150509090993e+01
-4.425989252564730414e-01 -6.357514001677642312e+01
-4.406448461162677521e-01 -6.287875607355262275e+01
-4.386907669760624628e-01 -6.269605984282756594e+01
-4.367366878358573956e-01 -6.263561739164956066e+01
-4.347826086956523284e-01 -6.208578709199645118e+01
-4.328285295554470391e-01 -6.192390370358331353e+01
-4.308744504152417498e-01 -6.222088858652513466e+01
-4.289203712750366826e-01 -6.205126146513701713e+01
-4.269662921348316154e-01 -6.156422458523870489e+01
-4.250122129946263261e-01 -6.184375915450232242e+01
-4.230581338544210368e-01 -6.190827051313569740e+01
-4.211040547142159696e-01 -6.152771029096499689e+01
-4.191499755740109023e-01 -6.066808505071989543e+01
-4.171958964338056131e-01 -6.016771405151257568e+01
-4.152418172936003238e-01 -6.070481320692455540e+01
-4.132877381533952565e-01 -6.078429030104602759e+01
-4.113336590131901893e-01 -6.034334076925429002e+01
-4.093795798729849000e-01 -6.077502341305270761e+01
-4.074255007327796108e-01 -6.064956981943444703e+01
-4.054714215925745435e-01 -6.027537397269958319e+01
-4.035173424523694763e-01 -6.075030936005335036e+01
-4.015632633121641870e-01 -6.095332304004986668e+01
-3.996091841719588977e-01 -6.058603837521555846e+01
-3.976551050317538305e-01 -6.049999030834185021e+01
-3.957010258915487633e-01 -6.061925599076739957e+01
-3.937469467513434740e-01 -6.034759282906357214e+01
-3.917928676111381847e-01 -6.012276307530109420e+01
-3.898387884709331175e-01 -6.032168897688546139e+01
-3.878847093307280502e-01 -6.074551195718444774e+01
-3.859306301905227610e-01 -6.093679062118113876e+01
-3.839765510503174717e-01 -6.074697139581878247e+01
-3.820224719101124045e-01 -6.114635071968112356e+01
-3.800683927699073372e-01 -6.159969186674384645e+01
-3.781143136297020479e-01 -6.122915220970583761e+01
-3.761602344894967587e-01 -6.116099665506617811e+01
-3.742061553492916914e-01 -6.162390214266123678e+01
-3.722520762090866242e-01 -6.237949682355839087e+01
-3.702979970688813349e-01 -6.227664425299508366e+01
-3.683439179286760456e-01 -6.190896394683748127e+01
-3.663898387884709784e-01 -6.212054926220161377e+01
-3.644357596482659112e-01 -6.241361381074452197e+01
-3.624816805080606219e-01 -6.281596947429856925e+01
-3.605276013678553326e-01 -6.286942043943824387e+01
-3.585735222276502654e-01 -6.287468492882211279e+01
-3.566194430874451982e-01 -6.330814117344678493e+01
-3.546653639472399089e-01 -6.366283624694600007e+01
-3.527112848070346196e-01 -6.383434692677444389e+01
-3.507572056668295524e-01 -6.389860465352707308e+01
-3.488031265266244851e-01 -6.437522355481887359e+01
-3.468490473864191959e-01 -6.507052212286943416e+01
-3.448949682462139066e-01 -6.575723208179331891e+01
-3.429408891060088393e-01 -6.622196284303922198e+01
-3.409868099658037721e-01 -6.690842422217578189e+01
-3.390327308255984828e-01 -6.726936019860575300e+01
-3.370786516853931936e-01 -6.742108005083467503e+01
-3.351245725451881263e-01 -6.812515058659188583e+01
-3.331704934049830591e-01 -6.885148077012014767e+01
-3.312164142647777698e-01 -6.970944661363475348e+01
-3.292623351245724805e-01 -7.069977144908625633e+01
-3.273082559843674133e-01 -7.167447406991391290e+01
-3.253541768441623461e-01 -7.276646125931378606e+01
-3.234000977039570568e-01 -7.386604966059374533e+01
-3.214460185637517675e-01 -7.505857395344996519e+01
-3.194919394235467003e-01 -7.670859281993612910e+01
-3.175378602833416330e-01 -7.829049984953154251e+01
-3.155837811431363438e-01 -8.095225031924201176e+01
-3.136297020029310545e-01 -8.463456174060395654e+01
-3.116756228627259873e-01 -8.995991482396570404e+01
-3.097215437225209200e-01 -9.416946045252808517e+01
-3.077674645823156308e-01 -8.848560804207704678e+01
-3.058133854421103415e-01 -8.379522417549934232e+01
-3.038593063019052742e-01 -8.028087027154410293e+01
-3.019052271617002070e-01 -7.776598196420677311e+01
-2.999511480214949177e-01 -7.600605281822086567e+01
-2.979970688812896285e-01 -7.482132679611375181e+01
-2.960429897410845612e-01 -7.376842081378029548e+01
-2.940889106008794940e-01 -7.253778879623531850e+01
-2.921348314606742047e-01 -7.144141532810037631e+01
-2.901807523204689154e-01 -7.053452824065455218e+01
-2.882266731802638482e-01 -6.977329996973396931e+01
-2.862725940400587810e-01 -6.913890904510438418e+01
-2.843185148998534917e-01 -6.849210563376936989e+01
-2.823644357596482024e-01 -6.821685858990201723e+01
-2.804103566194431352e-01 -6.802588808639275442e+01
-2.784562774792380679e-01 -6.720504671681656816e+01
-2.765021983390327787e-01 -6.636589534396745194e+01
-2.745481191988274894e-01 -6.570717570313794909e+01
-2.725940400586224222e-01 -6.548310272137983645e+01
-2.706399609184173549e-01 -6.507656184051359105e+01
-2.686858817782120656e-01 -6.485229658954696674e+01
-2.667318026380067764e-01 -6.472910467334853024e+01
-2.647777234978017091e-01 -6.430334928093797942e+01
-2.628236443575966419e-01 -6.398775087361514124e+01
-2.608695652173913526e-01 -6.337791891634385877e+01
-2.589154860771860633e-01 -6.297442520707760849e+01
-2.569614069369809961e-01 -6.264094986448843372e+01
-2.550073277967759289e-01 -6.249158290028092466e+01
-2.530532486565706396e-01 -6.235716810607917182e+01
-2.510991695163653503e-01 -6.224967571412513223e+01
-2.491450903761602831e-01 -6.223977755417909918e+01
-2.471910112359552159e-01 -6.204281027765869538e+01
-2.452369320957499266e-01 -6.187238128188742792e+01
-2.432828529555446373e-01 -6.138447440696286606e+01
-2.413287738153395701e-01 -6.155391094742954294e+01
-2.393746946751345028e-01 -6.164856805064196976e+01
-2.374206155349292136e-01 -6.121210371726650834e+01
-2.354665363947239243e-01 -6.067263545927577439e+01
-2.335124572545188570e-01 -6.098581068086504331e+01
-2.315583781143137898e-01 -6.106433158092183078e+01
-2.296042989741085005e-01 -6.110590250183135197e+01
-2.276502198339032113e-01 -6.129058887153458812e+01
-2.256961406936981440e-01 -6.134761105998127562e+01
-2.237420615534930768e-01 -6.080670796335872552e+01
-2.217879824132877875e-01 -6.075122973765020618e+01
-2.198339032730824982e-01 -6.117908548337821628e+01
-2.178798241328774310e-01 -6.106820944382398153e+01
-2.159257449926723638e-01 -6.072183522338509221e+01
-2.139716658524670745e-01 -6.095837002615823508e+01
-2.120175867122617852e-01 -6.093281715863524539e+01
-2.100635075720567180e-01 -6.018461696408728301e+01
-2.081094284318516507e-01 -5.985395923534795770e+01
-2.061553492916463615e-01 -6.021781822413935714e+01
-2.042012701514410722e-01 -6.043719400589009183e+01
-2.022471910112360050e-01 -6.016782798192661375e+01
-2.002931118710309377e-01 -6.020350616005572419e+01
-1.983390327308256484e-01 -6.082935953431157827e+01
-1.963849535906203592e-01 -6.129476435968336290e+01
-1.944308744504152919e-01 -6.063392380732739184e+01
-1.924767953102102247e-01 -6.032625608825712504e+01
-1.905227161700049354e-01 -6.024537073863766068e+01
-1.885686370297996461e-01 -6.061005980314101294e+01
-1.866145578895945789e-01 -6.105215931125732709e+01
-1.846604787493895117e-01 -6.110056902424424408e+01
-1.827063996091842224e-01 -6.105434194454289099e+01
-1.807523204689789331e-01 -6.140135825708949113e+01
-1.787982413287738659e-01 -6.157066678330980380e+01
-1.768441621885687987e-01 -6.185318836499115491e+01
-1.748900830483635094e-01 -6.228485055954138261e+01
-1.729360039081582201e-01 -6.198971529950250670e+01
-1.709819247679531529e-01 -6.211598081785513870e+01
-1.690278456277480856e-01 -6.225481255004120840e+01
-1.670737664875427964e-01 -6.217323246172319529e+01
-1.651196873473375071e-01 -6.250245607262745295e+01
-1.631656082071324398e-01 -6.271162108341496833e+01
-1.612115290669273726e-01 -6.301041713127484911e+01
-1.592574499267220833e-01 -6.333545818289015017e+01
-1.573033707865167941e-01 -6.371400534094057377e+01
-1.553492916463117268e-01 -6.421010958284222170e+01
-1.533952125061066596e-01 -6.453586906524539302e+01
-1.514411333659013703e-01 -6.454027690501534664e+01
-1.494870542256960810e-01 -6.522713353839606043e+01
-1.475329750854910138e-01 -6.554006401336276610e+01
-1.455788959452859466e-01 -6.569473492568224060e+01
-1.436248168050806573e-01 -6.609460740125142308e+01
-1.416707376648753680e-01 -6.636514108264995571e+01
-1.397166585246703008e-01 -6.663001017933113701e+01
-1.377625793844652335e-01 -6.682797639837536963e+01
-1.358085002442599443e-01 -6.733851257876449381e+01
-1.338544211040546550e-01 -6.846903512906825995e+01
-1.319003419638495878e-01 -6.954067870101498272e+01
-1.299462628236445205e-01 -6.994485312184154679e+01
-1.279921836834392312e-01 -7.082275267608315517e+01
-1.260381045432339420e-01 -7.128297201573489872e+01
-1.240840254030288747e-01 -7.192237187532887788e+01
-1.221299462628238075e-01 -7.274055137369389001e+01
-1.201758671226185182e-01 -7.337837841730899413e+01
-1.182217879824132289e-01 -7.518069108744140294e+01
-1.162677088422081617e-01 -7.699587598910500219e+01
-1.143136297020030945e-01 -7.865161029159418149e+01
-1.123595505617978052e-01 -8.083908271705647053e+01
-1.104054714215925159e-01 -8.372857916220527841e+01
-1.084513922813874487e-01 -8.808516008834857303e+01
-1.064973131411823815e-01 -9.370237038259236328e+01
-1.045432340009770922e-01 -9.165290757239614550e+01
-1.025891548607718029e-01 -8.573498655682884362e+01
-1.006350757205667357e-01 -8.183813330060502267e+01
-9.868099658036166844e-02 -7.938495437214017159e+01
-9.672691744015637916e-02 -7.781676752480301218e+01
-9.477283829995108988e-02 -7.622945500404972563e+01
-9.281875915974602265e-02 -7.522909461921710772e+01
-9.086468001954095541e-02 -7.361799201191145414e+01
-8.891060087933566614e-02 -7.255027657470031954e+01
-8.695652173913037686e-02 -7.139549393408910305e+01
-8.500244259892530962e-02 -7.065437828904158835e+01
-8.304836345872024239e-02 -7.012248089724076294e+01
-8.109428431851495311e-02 -6.957026878494814071e+01
-7.914020517830966384e-02 -6.904250464842058932e+01
-7.718612603810459660e-02 -6.849153356833285500e+01
-7.523204689789952937e-02 -6.789505511249613789e+01
-7.327796775769424009e-02 -6.765492575602864633e+01
-7.132388861748895081e-02 -6.722490176257183236e+01
-6.936980947728388358e-02 -6.629520907754836401e+01
-6.741573033707881635e-02 -6.551654776102513722e+01
-6.546165119687352707e-02 -6.523279520525480280e+01
-6.350757205666823779e-02 -6.487591833783524464e+01
-6.155349291646317056e-02 -6.435576580647418155e+01
-5.959941377625810333e-02 -6.434230518823676448e+01
-5.764533463605281405e-02 -6.427131350605952775e+01
-5.569125549584752477e-02 -6.428650025013095615e+01
-5.373717635564245754e-02 -6.402942577712903471e+01
-5.178309721543739030e-02 -6.298676399074105348e+01
-4.982901807523210103e-02 -6.247983970925978525e+01
-4.787493893502681175e-02 -6.307510534934235125e+01
-4.592085979482174452e-02 -6.295767949270378239e+01
-4.396678065461667728e-02 -6.274095417732549151e+01
-4.201270151441138800e-02 -6.257542080637040272e+01
-4.005862237420609873e-02 -6.265405472309129919e+01
-3.810454323400103149e-02 -6.258342248654302864e+01
-3.615046409379596426e-02 -6.258324302298901642e+01
-3.419638495359067498e-02 -6.204488754735631062e+01
-3.224230581338538570e-02 -6.164921481754376487e+01
-3.028822667318031847e-02 -6.161984058494567762e+01
-2.833414753297525124e-02 -6.167452050330628310e+01
-2.638006839276996196e-02 -6.149444939354587092e+01
-2.442598925256467268e-02 -6.152779748093757917e+01
-2.247191011235960545e-02 -6.156871757515139620e+01
-2.051783097215453822e-02 -6.138936609360428776e+01
-1.856375183194924894e-02 -6.117146888079597034e+01
-1.660967269174395966e-02 -6.120427815564744378e+01
-1.465559355153889243e-02 -6.091776600040395806e+01
-1.270151441133382519e-02 -6.090484693713693787e+01
-1.074743527112853592e-02 -6.112663060410481819e+01
-8.793356130923246639e-03 -6.089966269024933609e+01
-6.839276990718179405e-03 -6.056890231778935174e+01
-4.885197850513112172e-03 -6.071953898759958435e+01
-2.931118710307822894e-03 -6.074101977533922536e+01
-9.770395701025336166e-04 -6.079410682181197245e+01
9.770395701025336166e-04 -6.059741510812902021e+01
2.931118710307600850e-03 -6.038261663776195576e+01
4.885197850512668083e-03 -6.061150613388537067e+01
6.839276990718179405e-03 -6.083738039657713159e+01
8.793356130923246639e-03 -6.076041474623502125e+01
1.074743527112831387e-02 -6.068282210546003341e+01
1.270151441133382519e-02 -6.055378236765253064e+01
1.465559355153889243e-02 -6.023127114186331710e+01
1.660967269174395966e-02 -6.004309609699311068e+01
1.856375183194902689e-02 -6.036758941865768691e+01
2.051783097215409413e-02 -6.055098621880691923e+01
2.247191011235960545e-02 -6.080693840097116265e+01
2.442598925256467268e-02 -6.083440112048996440e+01
2.638006839276973992e-02 -6.113791006161041253e+01
2.833414753297525124e-02 -6.090638289205215727e+01
3.028822667318031847e-02 -6.124578868788024977e+01
3.224230581338538570e-02 -6.154925082435910610e+01
3.419638495359045294e-02 -6.171391529788404284e+01
3.615046409379552017e-02 -6.200995161286621027e+01
3.810454323400103149e-02 -6.227597786914137146e+01
4.005862237420609873e-02 -6.230418099438291790e+01
4.201270151441116596e-02 -6.176657441651915548e+01
4.396678065461667728e-02 -6.176981054729266418e+01
4.592085979482174452e-02 -6.257060318255128095e+01
4.787493893502681175e-02 -6.301200665484802244e+01
4.982901807523187898e-02 -6.343809692443498705e+01
5.178309721543694621e-02 -6.359253398068348417e+01
5.373717635564245754e-02 -6.381019729756275183e+01
5.569125549584752477e-02 -6.417892700642137527e+01
5.764533463605259200e-02 -6.464215635522377568e+01
5.959941377625810333e-02 -6.445269742528603274e+01
6.155349291646317056e-02 -6.420139450893842081e+01
6.350757205666823779e-02 -6.477295197008076855e+01
6.546165119687330503e-02 -6.483638421551353304e+01
6.741573033707837226e-02 -6.526748291432409133e+01
6.936980947728388358e-02 -6.579312816189481339e+01
7.132388861748895081e-02 -6.653890158362979435e+01
7.327796775769401805e-02 -6.715199292302447986e+01
7.523204689789952937e-02 -6.719074397022995981e+01
7.718612603810459660e-02 -6.734318875274016136e+01
7.914020517830966384e-02 -6.807350299897655077e+01
8.109428431851473107e-02 -6.902817803734782842e+01
8.304836345871979830e-02 -6.967135026822457178e+01
8.500244259892530962e-02 -7.031518740302695392e+01
8.695652173913037686e-02 -7.084494824196573859e+01
8.891060087933544409e-02 -7.160631000893305043e+01
9.086468001954095541e-02 -7.247116048214097361e+01
9.281875915974602265e-02 -7.381743333386525308e+01
9.477283829995108988e-02 -7.471948330372494240e+01
9.672691744015615711e-02 -7.624262634737773681e+01
9.868099658036122435e-02 -7.784446153579062866e+01
1.006350757205667357e-01 -7.947161460296834434e+01
1.025891548607718029e-01 -8.239413369603988713e+01
1.045432340009768701e-01 -8.617874831332939323e+01
1.064973131411823815e-01 -9.177894507602292151e+01
1.084513922813874487e-01 -9.367139415487051224e+01
1.104054714215925159e-01 -8.782538834647594683e+01
1.123595505617975832e-01 -8.360013124400541074e+01
1.143136297020026504e-01 -8.116674278781827923e+01
1.162677088422081617e-01 -7.882537485185206094e+01
1.182217879824132289e-01 -7.702257616521714567e+01
1.201758671226182962e-01 -7.529658077343114542e+01
1.221299462628238075e-01 -7.417828781571418517e+01
1.240840254030288747e-01 -7.321131687824848200e+01
1.260381045432339420e-01 -7.181171089265217233e+01
1.279921836834390092e-01 -7.045166445643074837e+01
1.299462628236440764e-01 -7.044963126198965142e+01
1.319003419638495878e-01 -7.011697157530400659e+01
1.338544211040546550e-01 -6.933514672386039024e+01
1.358085002442597222e-01 -6.833157229739423144e+01
1.377625793844652335e-01 -6.811313420951360342e+01
1.397166585246703008e-01 -6.751506977476437044e+01
1.416707376648753680e-01 -6.698850299311880008e+01
1.436248168050804352e-01 -6.589716627620708778e+01
1.455788959452855025e-01 -6.537203029310296643e+01
1.475329750854910138e-01 -6.563543835671680426e+01
1.494870542256960810e-01 -6.578963819986594785e+01
1.514411333659011483e-01 -6.568214406462371358e+01
1.533952125061066596e-01 -6.515240946764438945e+01
1.553492916463117268e-01 -6.425085286925865091e+01
1.573033707865167941e-01 -6.406438150977615464e+01
1.592574499267218613e-01 -6.393470500545920032e+01
1.612115290669269285e-01 -6.363384386781560664e+01
1.631656082071324398e-01 -6.331397774548847934e+01
1.651196873473375071e-01 -6.332832828132950453e+01
1.670737664875425743e-01 -6.338513231962757288e+01
1.690278456277480856e-01 -6.278445143038486265e+01
1.709819247679531529e-01 -6.217155365709875525e+01
1.729360039081582201e-01 -6.187979093735891922e+01
1.748900830483632873e-01 -6.192113031334535123e+01
1.768441621885683546e-01 -6.180541583246991877e+01
1.787982413287738659e-01 -6.113737376722997396e+01
1.807523204689789331e-01 -6.095635237143788032e+01
1.827063996091840004e-01 -6.136397760830111281e+01
1.846604787493895117e-01 -6.153205993566750465e+01
1.866145578895945789e-01 -6.153011763102546183e+01
1.885686370297996461e-01 -6.164549226120338687e+01
1.905227161700047134e-01 -6.173004830877037818e+01
1.924767953102097806e-01 -6.152462044743226954e+01
1.944308744504152919e-01 -6.140077207474901400e+01
1.963849535906203592e-01 -6.090698187107763317e+01
1.983390327308254264e-01 -6.113367438371070506e+01
2.002931118710309377e-01 -6.097352869411415099e+01
2.022471910112360050e-01 -5.997030247464414998e+01
2.042012701514410722e-01 -5.999419946861920039e+01
2.061553492916461394e-01 -6.050065790479303018e+01
2.081094284318512067e-01 -6.096692275061883493e+01
2.100635075720567180e-01 -6.101069718397710062e+01
2.120175867122617852e-01 -6.024746428043124524e+01
2.139716658524668524e-01 -6.051248673252171528e+01
2.159257449926723638e-01 -6.032730874334121296e+01
2.178798241328774310e-01 -6.010998699737658768e+01
2.198339032730824982e-01 -6.021803277854513681e+01
2.217879824132875655e-01 -6.059858069296318206e+01
2.237420615534926327e-01 -6.080050732944046388e+01
2.256961406936981440e-01 -6.067724082755502479e+01
2.276502198339032113e-01 -6.052584616807279616e+01
2.296042989741082785e-01 -6.077636154474824792e+01
2.315583781143137898e-01 -6.099371700973746613e+01
2.335124572545188570e-01 -6.103214005406786669e+01
2.354665363947239243e-01 -6.094024390697995841e+01
2.374206155349289915e-01 -6.090768389360265189e+01
2.393746946751340587e-01 -6.129368471586089839e+01
2.413287738153395701e-01 -6.175690816908289804e+01
2.432828529555446373e-01 -6.179283091978223297e+01
2.452369320957497045e-01 -6.175518131850297010e+01
2.471910112359552159e-01 -6.198259710791759147e+01
2.491450903761602831e-01 -6.204806997457396989e+01
2.510991695163653503e-01 -6.229903859719438941e+01
2.530532486565704176e-01 -6.262874486813530694e+01
2.550073277967754848e-01 -6.274755112343339647e+01
2.569614069369809961e-01 -6.304690290354546534e+01
2.589154860771860633e-01 -6.343458573166854819e+01
2.608695652173911306e-01 -6.371967783152684461e+01
2.628236443575966419e-01 -6.372547530036257513e+01
2.647777234978017091e-01 -6.399555146347597656e+01
2.667318026380067764e-01 -6.420432298104029201e+01
2.686858817782118436e-01 -6.440146866199454223e+01
2.706399609184169108e-01 -6.484999216593857341e+01
2.725940400586224222e-01 -6.517327436450115385e+01
2.745481191988274894e-01 -6.557634843333197239e+01
2.765021983390325566e-01 -6.622526814913835835e+01
2.784562774792380679e-01 -6.621761686063405250e+01
2.804103566194431352e-01 -6.737961722490032912e+01
2.823644357596482024e-01 -6.783100285713035760e+01
2.843185148998532696e-01 -6.815843290649226560e+01
2.862725940400583369e-01 -6.874043388003047994e+01
2.882266731802638482e-01 -6.926741869342336599e+01
2.901807523204689154e-01 -6.966814626295413859e+01
2.921348314606739827e-01 -7.062472040723251610e+01
2.940889106008794940e-01 -7.159030333152989556e+01
2.960429897410845612e-01 -7.263442416033778670e+01
2.979970688812896285e-01 -7.393269076905363590e+01
2.999511480214946957e-01 -7.491884702183460831e+01
3.019052271616997629e-01 -7.670556992983898681e+01
3.038593063019052742e-01 -7.885216447775108861e+01
3.058133854421103415e-01 -8.077859729130388189e+01
3.077674645823154087e-01 -8.317374471667019975e+01
3.097215437225209200e-01 -8.772964497646385951e+01
3.116756228627259873e-01 -9.404285076030328128e+01
3.136297020029310545e-01 -9.007528516810425856e+01
3.155837811431361217e-01 -8.462936789777485558e+01
3.175378602833411890e-01 -8.102340594070864199e+01
3.194919394235467003e-01 -7.839609655145765998e+01
3.214460185637517675e-01 -7.656862367160272242e+01
3.234000977039568347e-01 -7.510291443917606102e+01
3.253541768441623461e-01 -7.378504999313582857e+01
3.273082559843674133e-01 -7.236583663519843412e+01
3.292623351245724805e-01 -7.117342132051221881e+01
3.312164142647775478e-01 -7.035529905061520139e+01
3.331704934049826150e-01 -6.970467718729142348e+01
3.351245725451881263e-01 -6.873827546235662567e+01
3.370786516853931936e-01 -6.820797461525681626e+01
3.390327308255982608e-01 -6.783914208068155460e+01
3.409868099658037721e-01 -6.690947413954143030e+01
3.429408891060088393e-01 -6.670485169701633765e+01
3.448949682462139066e-01 -6.696577723503725110e+01
3.468490473864189738e-01 -6.598198038107233288e+01
3.488031265266240410e-01 -6.503533427229567110e+01
3.507572056668295524e-01 -6.457241349750023574e+01
3.527112848070346196e-01 -6.398045420374472769e+01
3.546653639472396868e-01 -6.362754974022099219e+01
3.566194430874451982e-01 -6.381374100963434870e+01
3.585735222276502654e-01 -6.380983719805079346e+01
3.605276013678553326e-01 -6.368385108738217326e+01
3.624816805080603999e-01 -6.335110714682074473e+01
3.644357596482654671e-01 -6.267338421778163848e+01
3.663898387884709784e-01 -6.239139695430687027e+01
3.683439179286760456e-01 -6.228887440026181821e+01
3.702979970688811129e-01 -6.215122492384550412e+01
3.722520762090866242e-01 -6.191877313702331520e+01
3.742061553492916914e-01 -6.187618900583874648e+01
3.761602344894967587e-01 -6.142833005716437356e+01
3.781143136297018259e-01 -6.114436126057127296e+01
3.800683927699068931e-01 -6.174769457298948794e+01
3.820224719101124045e-01 -6.155711538203227917e+01
3.839765510503174717e-01 -6.130345036201254061e+01
3.859306301905225389e-01 -6.130166284653533637e+01
3.878847093307280502e-01 -6.141716058225017605e+01
3.898387884709331175e-01 -6.092471451956050288e+01
3.917928676111381847e-01 -6.065390186120446003e+01
3.937469467513432519e-01 -6.099561716426151747e+01
3.957010258915483192e-01 -6.104454802895183718e+01
3.976551050317538305e-01 -6.084855716542288917e+01
3.996091841719588977e-01 -6.028107606404647356e+01
4.015632633121639650e-01 -6.041456572919383206e+01
4.035173424523694763e-01 -6.065955393238943572e+01
4.054714215925745435e-01 -6.082397274616506877e+01
4.074255007327796108e-01 -6.065264170234932806e+01
4.093795798729846780e-01 -6.122465282540859022e+01
4.113336590131897452e-01 -6.095275031266595533e+01
4.132877381533952565e-01 -6.045875200357593826e+01
4.152418172936003238e-01 -6.071414274656714127e+01
4.171958964338053910e-01 -6.051818258003999063e+01
4.191499755740109023e-01 -6.060184431402235106e+01
4.211040547142159696e-01 -6.119570649615451430e+01
4.230581338544210368e-01 -6.138130859156166963e+01
4.250122129946261040e-01 -6.116653379309851601e+01
4.269662921348311713e-01 -6.122299440255176251e+01
4.289203712750366826e-01 -6.148305494970070129e+01
4.308744504152417498e-01 -6.173283035742123559e+01
4.328285295554468171e-01 -6.215649378309629469e+01
4.347826086956523284e-01 -6.253491772659526760e+01
4.367366878358573956e-01 -6.264327464853685967e+01
4.386907669760624628e-01 -6.235305795858802469e+01
4.406448461162675301e-01 -6.253982865155897741e+01
4.425989252564725973e-01 -6.299175118465611689e+01
4.445530043966781086e-01 -6.310729850581068945e+01
4.465070835368831759e-01 -6.384941496833752694e+01
4.484611626770882431e-01 -6.429228561409263421e+01
4.504152418172937544e-01 -6.435830055125951787e+01
4.523693209574988217e-01 -6.468854965234275767e+01
4.543234000977038889e-01 -6.553585094246734855e+01
4.562774792379089561e-01 -6.603988524849648911e+01
4.582315583781140234e-01 -6.625340476777159893e+01
4.601856375183195347e-01 -6.676180613857282253e+01
4.621397166585246019e-01 -6.738932626095922274e+01
4.640937957987296691e-01 -6.823197553384284220e+01
4.660478749389351805e-01 -6.895678608232957174e+01
4.680019540791402477e-01 -7.001389235644091968e+01
4.699560332193453149e-01 -7.107057133760557122e+01
4.719101123595503822e-01 -7.260378243298045220e+01
4.738641914997554494e-01 -7.497064910278699301e+01
4.758182706399609607e-01 -7.716623023746410581e+01
4.777723497801660280e-01 -7.915004497874724620e+01
4.797264289203710952e-01 -8.252686338953137124e+01
4.816805080605766065e-01 -8.764770647229255474e+01
4.836345872007816737e-01 -9.064317507324695100e+01
4.855886663409867410e-01 -8.492430729887954044e+01
4.875427454811918082e-01 -8.040494863587943541e+01
4.894968246213968754e-01 -7.755358238549497685e+01
4.914509037616023868e-01 -7.500751704890672045e+01
4.934049829018074540e-01 -7.288956842240169465e+01
4.953590620420125212e-01 -7.178100686736260627e+01
4.973131411822180326e-01 -7.022427857753964986e+01
4.992672203224230998e-01 -6.958804543930503428e+01
5.012212994626281670e-01 -6.914337802873559724e+01
5.031753786028332343e-01 -6.783329734609105799e+01
5.051294577430383015e-01 -6.696847942148009736e+01
5.070835368832438128e-01 -6.637866027038798222e+01
5.090376160234488800e-01 -6.528164601579079829e+01
5.109916951636539473e-01 -6.476092440795143546e+01
5.129457743038594586e-01 -6.421341028728210176e+01
5.148998534440645258e-01 -6.315585133932115980e+01
5.168539325842695931e-01 -6.276792667794198621e+01
5.188080117244746603e-01 -6.288969548705421175e+01
5.207620908646797275e-01 -6.253572492651061054e+01
5.227161700048852389e-01 -6.189743618242538048e+01
5.246702491450903061e-01 -6.165091137374689367e+01
5.266243282852953733e-01 -6.171765209049646472e+01
5.285784074255008846e-01 -6.118813946893602207e+01
5.305324865657059519e-01 -6.078541305653136817e+01
5.324865657059110191e-01 -6.075402014213792512e+01
5.344406448461160863e-01 -6.072853759903499338e+01
5.363947239863211536e-01 -6.000331191958201771e+01
5.383488031265266649e-01 -5.987765651762931185e+01
5.403028822667317321e-01 -5.988045683890422310e+01
5.422569614069367994e-01 -6.019592205161303866e+01
5.442110405471423107e-01 -6.038402328182837664e+01
5.461651196873473779e-01 -6.068108968951651860e+01
5.481191988275524452e-01 -6.051201335489053434e+01
5.500732779677575124e-01 -6.049835690743012862e+01
5.520273571079625796e-01 -6.051894403960314150e+01
5.539814362481680909e-01 -6.046610463088603638e+01
5.559355153883731582e-01 -6.073429162397522418e+01
5.578895945285782254e-01 -6.130460342393967466e+01
5.598436736687837367e-01 -6.148548664762215310e+01
5.617977528089888040e-01 -6.190664261425268933e+01
5.637518319491938712e-01 -6.187358427194212851e+01
5.657059110893989384e-01 -6.180809411375027196e+01
5.676599902296040057e-01 -6.261746093068622798e+01
5.696140693698095170e-01 -6.330811414957193506e+01
5.715681485100145842e-01 -6.429808633742750601e+01
5.735222276502196515e-01 -6.493872707868993643e+01
5.754763067904251628e-01 -6.489373780892576349e+01
5.774303859306302300e-01 -6.621707340301406930e+01
5.793844650708352972e-01 -6.820898019811862412e+01
5.813385442110403645e-01 -7.028601709387262986e+01
5.832926233512454317e-01 -7.370986387082500357e+01
5.852467024914509430e-01 -7.847702041022255059e+01
5.872007816316560103e-01 -8.318386187486497363e+01
5.891548607718610775e-01 -7.808710966015920008e+01
5.911089399120665888e-01 -7.260796863270373080e+01
5.930630190522716561e-01 -6.870842570980117614e+01
5.950170981924767233e-01 -6.632441611557898398e+01
5.969711773326817905e-01 -6.424298834728017482e+01
5.989252564728868578e-01 -6.233561723496259788e+01
6.008793356130923691e-01 -6.084392300175854018e+01
6.028334147532974363e-01 -5.950211482464403190e+01
6.047874938935025035e-01 -5.795404308495275814e+01
6.067415730337080149e-01 -5.682240359628710991e+01
6.086956521739130821e-01 -5.584559023819370793e+01
6.106497313141181493e-01 -5.499786910359254932e+01
6.126038104543232166e-01 -5.472074174714676786e+01
6.145578895945282838e-01 -5.320128692231408252e+01
6.165119687347337951e-01 -5.156135134733936809e+01
6.184660478749388623e-01 -5.101770270049367895e+01
6.204201270151439296e-01 -5.032290630784221719e+01
6.223742061553494409e-01 -4.941701637082453402e+01
6.243282852955545081e-01 -4.899124827074213329e+01
6.262823644357595754e-01 -4.826696898322545337e+01
6.282364435759646426e-01 -4.721205575632257734e+01
6.301905227161697098e-01 -4.676706849079386075e+01
6.321446018563752212e-01 -4.623591194100068691e+01
6.340986809965802884e-01 -4.526485999888360823e+01
6.360527601367853556e-01 -4.516035271567189824e+01
6.380068392769908669e-01 -4.482533432671257145e+01
6.399609184171959342e-01 -4.454200788212770590e+01
6.419149975574010014e-01 -4.420784414593060774e+01
6.438690766976060686e-01 -4.324153895527101099e+01
6.458231558378111359e-01 -4.243155967380820925e+01
6.477772349780166472e-01 -4.201659586576823813e+01
6.497313141182217144e-01 -4.171557987428516867e+01
6.516853932584267817e-01 -4.122358558329374034e+01
6.536394723986322930e-01 -4.077603947723723365e+01
6.555935515388373602e-01 -4.023501197443256672e+01
6.575476306790424275e-01 -3.999525476814007874e+01
6.595017098192474947e-01 -3.965240363187292871e+01
6.614557889594525619e-01 -3.878437065073632795e+01
6.634098680996580732e-01 -3.835640565549808656e+01
6.653639472398631405e-01 -3.848411980726141479e+01
6.673180263800682077e-01 -3.773123191956121758e+01
6.692721055202737190e-01 -3.710843651462356263e+01
6.712261846604787863e-01 -3.679846058054694424e+01
6.731802638006838535e-01 -3.705115201231103583e+01
6.751343429408889207e-01 -3.690806900737855045e+01
6.770884220810939880e-01 -3.623659538589257778e+01
6.790425012212994993e-01 -3.573391086344631873e+01
6.809965803615045665e-01 -3.496249735010642468e+01
6.829506595017096338e-01 -3.474391407431473056e+01
6.849047386419151451e-01 -3.510297866479285744e+01
6.868588177821202123e-01 -3.433619255401580261e+01
6.888128969223252795e-01 -3.382625056294932619e+01
6.907669760625303468e-01 -3.365392968220744763e+01
6.927210552027354140e-01 -3.286089351354313948e+01
6.946751343429409253e-01 -3.249065812711104684e+01
6.966292134831459926e-01 -3.230836759272543190e+01
6.985832926233510598e-01 -3.246936431942280166e+01
7.005373717635565711e-01 -3.211095156828883290e+01
7.024914509037616384e-01 -3.168017807606972269e+01
7.044455300439667056e-01 -3.177327495413749858e+01
7.063996091841717728e-01 -3.122693717167016914e+01
7.083536883243768401e-01 -3.065429712055646050e+01
7.103077674645823514e-01 -3.018511218399368090e+01
7.122618466047874186e-01 -2.976379002301195342e+01
7.142159257449924858e-01 -2.940222719077294045e+01
7.161700048851979972e-01 -2.887183694713045057e+01
7.181240840254030644e-01 -2.830972717686272233e+01
7.200781631656081316e-01 -2.848768145675692409e+01
7.220322423058131989e-01 -2.831587148097591822e+01
7.239863214460182661e-01 -2.794853107943181314e+01
7.259404005862237774e-01 -2.792392207874353005e+01
7.278944797264288447e-01 -2.760862905639836740e+01
7.298485588666339119e-01 -2.736408280580155861e+01
7.318026380068394232e-01 -2.740805466529068468e+01
7.337567171470444904e-01 -2.767128191394679249e+01
7.357107962872495577e-01 -2.741116620120622827e+01
7.376648754274546249e-01 -2.645714244921898128e+01
7.396189545676596921e-01 -2.616046582144253563e+01
7.415730337078652035e-01 -2.589175017259894318e+01
7.435271128480702707e-01 -2.572448078816258032e+01
7.454811919882753379e-01 -2.555289242137030215e+01
7.474352711284808493e-01 -2.503773639674280460e+01
7.493893502686859165e-01 -2.473402482787708578e+01
7.513434294088909837e-01 -2.462048034914311501e+01
7.532975085490960510e-01 -2.448603518267017876e+01
7.552515876893011182e-01 -2.390587685648271332e+01
7.572056668295066295e-01 -2.372810708617544151e+01
7.591597459697116967e-01 -2.368010162998037060e+01
7.611138251099167640e-01 -2.360497701661569181e+01
7.630679042501222753e-01 -2.358785029138554989e+01
7.650219833903273425e-01 -2.344549706159483904e+01
7.669760625305324098e-01 -2.308358967531496830e+01
7.689301416707374770e-01 -2.251245539109859806e+01
7.708842208109425442e-01 -2.208415778042508038e+01
7.728382999511480556e-01 -2.212194854957230916e+01
7.747923790913531228e-01 -2.209806797456820604e+01
7.767464582315581900e-01 -2.165444332129814597e+01
7.787005373717637013e-01 -2.176193567611835888e+01
7.806546165119687686e-01 -2.155713587186247082e+01
7.826086956521738358e-01 -2.129132460294622220e+01
7.845627747923789030e-01 -2.089926120872949866e+01
7.865168539325839703e-01 -2.083528003920975280e+01
7.884709330727894816e-01 -2.067112004115657697e+01
7.904250122129945488e-01 -2.009993546627086403e+01
7.923790913531996161e-01 -1.990386904609464480e+01
7.943331704934051274e-01 -1.990501738850398894e+01
7.962872496336101946e-01 -1.966581768229859506e+01
7.982413287738152619e-01 -1.920824611884090061e+01
8.001954079140203291e-01 -1.948205876541189951e+01
8.021494870542253963e-01 -1.967604525409955585e+01
8.041035661944309076e-01 -1.896209752195904841e+01
8.060576453346359749e-01 -1.916054518083576141e+01
8.080117244748410421e-01 -1.905198999640247592e+01
8.099658036150465534e-01 -1.855226819383367243e+01
8.119198827552516207e-01 -1.888035646499993803e+01
8.138739618954566879e-01 -1.868047691571904778e+01
8.158280410356617551e-01 -1.770405652463090718e+01
8.177821201758668224e-01 -1.785261449889542362e+01
8.197361993160723337e-01 -1.779258947362102106e+01
8.216902784562774009e-01 -1.730731226231474906e+01
8.236443575964824682e-01 -1.727991691647045158e+01
8.255984367366879795e-01 -1.712718556311705242e+01
8.275525158768930467e-01 -1.701833834509412569e+01
8.295065950170981139e-01 -1.695320838566539479e+01
8.314606741573031812e-01 -1.727260974995320097e+01
8.334147532975082484e-01 -1.640625251430292053e+01
8.353688324377137597e-01 -1.603543759398195689e+01
8.373229115779188270e-01 -1.605770619479567074e+01
8.392769907181238942e-01 -1.572525364989106400e+01
8.412310698583294055e-01 -1.593678519474363497e+01
8.431851489985344728e-01 -1.570638695798652407e+01
8.451392281387395400e-01 -1.560059703032537470e+01
8.470933072789446072e-01 -1.534154328212638596e+01
8.490473864191496745e-01 -1.527423961992138857e+01
8.510014655593551858e-01 -1.538636473115388092e+01
8.529555446995602530e-01 -1.457701805531670303e+01
8.549096238397653202e-01 -1.456697515296989565e+01
8.568637029799708316e-01 -1.519357590294357507e+01
8.588177821201758988e-01 -1.457563698335734514e+01
8.607718612603809660e-01 -1.402413527729869536e+01
8.627259404005860333e-01 -1.427971509966344321e+01
8.646800195407911005e-01 -1.405340011639554376e+01
8.666340986809966118e-01 -1.369033226395304226e+01
8.685881778212016791e-01 -1.345039266084770446e+01
8.705422569614067463e-01 -1.306608711007797652e+01
8.724963361016122576e-01 -1.315473239905274383e+01
8.744504152418173248e-01 -1.325788269279182963e+01
8.764044943820223921e-01 -1.316586022918997401e+01
8.783585735222274593e-01 -1.280369486102572907e+01
8.803126526624325265e-01 -1.259355935458006925e+01
8.822667318026380379e-01 -1.261178909951081195e+01
8.842208109428431051e-01 -1.268774913099055368e+01
8.861748900830481723e-01 -1.256117528246684145e+01
8.881289692232536837e-01 -1.270054187651691890e+01
8.900830483634587509e-01 -1.249339989212530710e+01
8.920371275036638181e-01 -1.207857521756656993e+01
8.939912066438688854e-01 -1.216121371136977558e+01
8.959452857840739526e-01 -1.182953454281757999e+01
8.978993649242794639e-01 -1.163558937869179388e+01
8.998534440644845311e-01 -1.102488504929512381e+01
9.018075232046895984e-01 -1.113428691400449111e+01
9.037616023448951097e-01 -1.124154383779265842e+01
9.057156814851001769e-01 -1.128578016685359842e+01
9.076697606253052442e-01 -1.102507635565108757e+01
9.096238397655103114e-01 -1.090711325767360229e+01
9.115779189057153786e-01 -1.108026372860432218e+01
9.135319980459208900e-01 -1.083819652502727138e+01
9.154860771861259572e-01 -1.052541923829919845e+01
9.174401563263310244e-01 -1.004651711216137677e+01
9.193942354665365357e-01 -9.898437090439198727e+00
9.213483146067416030e-01 -9.999437625193461798e+00
9.233023937469466702e-01 -1.007201213362043823e+01
9.252564728871517374e-01 -9.923091846415141859e+00
9.272105520273568047e-01 -9.418634320828134676e+00
9.291646311675623160e-01 -8.955784085479720602e+00
9.311187103077673832e-01 -9.026460968031059906e+00
9.330727894479724505e-01 -8.924793744360888681e+00
9.350268685881779618e-01 -9.204057071855968886e+00
9.369809477283830290e-01 -9.393246820389745011e+00
9.389350268685880962e-01 -9.313706102190709046e+00
9.408891060087931635e-01 -9.048327734751264728e+00
9.428431851489982307e-01 -8.476918739988683171e+00
9.447972642892037420e-01 -8.449019260803098064e+00
9.467513434294088093e-01 -8.549229760394057465e+00
9.487054225696138765e-01 -8.036457502580327983e+00
9.506595017098193878e-01 -7.973492604464572864e+00
9.526135808500244551e-01 -7.785034885739828603e+00
9.545676599902295223e-01 -7.854852556657419882e+00
9.565217391304345895e-01 -8.248179857711587459e+00
9.584758182706396568e-01 -8.132891186253509375e+00
9.604298974108451681e-01 -7.647395025384765788e+00
9.623839765510502353e-01 -7.548965876927838714e+00
9.643380556912553025e-01 -7.323004676986527350e+00
9.662921348314608139e-01 -7.417498327987262385e+00
9.682462139716658811e-01 -7.458412830170662033e+00
9.702002931118709483e-01 -7.214735053413116717e+00
9.721543722520760156e-01 -7.432339313822872384e+00
9.741084513922810828e-01 -7.309979627541127734e+00
9.760625305324865941e-01 -7.011698343439171310e+00
9.780166096726916614e-01 -7.125726712394232720e+00
9.799706888128967286e-01 -7.180425311406377631e+00
9.819247679531022399e-01 -6.841180607993062601e+00
9.838788470933073071e-01 -6.400190570913604660e+00
9.858329262335123744e-01 -6.382496292053275511e+00
9.877870053737174416e-01 -6.520481292581781219e+00
9.897410845139225088e-01 -6.369145520125861992e+00
9.916951636541280202e-01 -6.302330074417952233e+00
9.936492427943330874e-01 -6.266618985354055482e+00
9.956033219345381546e-01 -6.325099582811670729e+00
9.975574010747436660e-01 -6.042736138076191033e+00
9.995114802149487332e-01 -5.822121107796548678e+00
1.001465559355153800e+00 -5.575046882819414407e+00
1.003419638495358868e+00 -5.596865457181074532e+00
1.005373717635563935e+00 -5.984440940709619738e+00
1.007327796775769446e+00 -6.118417410980134363e+00
1.009281875915974513e+00 -5.779764977714060059e+00
1.011235955056179581e+00 -5.453038399439363637e+00
1.013190034196385092e+00 -5.839978978233283158e+00
1.015144113336590159e+00 -6.413736535379920056e+00
1.017098192476795226e+00 -6.387084729383940562e+00
1.019052271617000294e+00 -6.179343023795778045e+00
1.021006350757205361e+00 -6.250553564158067843e+00
1.022960429897410872e+00 -6.566223212782778873e+00
1.024914509037615939e+00 -7.174561661893781306e+00
1.026868588177821007e+00 -7.185045953770346827e+00
1.028822667318026518e+00 -6.728075354461150681e+00
1.030776746458231585e+00 -6.510036762876003635e+00
1.032730825598436653e+00 -6.615761363823022378e+00
1.034684904738641720e+00 -6.970212411970759803e+00
1.036638983878846787e+00 -6.776334823668519469e+00
1.038593063019052298e+00 -7.359903444288734775e+00
1.040547142159257366e+00 -7.815021341641475772e+00
1.042501221299462433e+00 -7.802912741624608017e+00
1.044455300439667944e+00 -7.959184865233439155e+00
1.046409379579873011e+00 -8.217400687515221236e+00
1.048363458720078079e+00 -8.221949412266663870e+00
1.050317537860283146e+00 -8.088902928089501287e+00
1.052271617000488213e+00 -8.202784856228422683e+00
1.054225696140693724e+00 -8.328308489335666920e+00
1.056179775280898792e+00 -8.394057804841246195e+00
1.058133854421103859e+00 -8.526085327244794954e+00
1.060087933561309370e+00 -8.756443423663412773e+00
1.062042012701514437e+00 -9.231578065123965615e+00
1.063996091841719505e+00 -9.554043655020493020e+00
1.065950170981924572e+00 -9.295612872180585740e+00
1.067904250122129639e+00 -8.851234423990863576e+00
1.069858329262335150e+00 -8.936617111432029859e+00
1.071812408402540218e+00 -9.521484745510313985e+00
1.073766487542745285e+00 -9.265870572517409087e+00
1.075720566682950796e+00 -9.092869631556663279e+00
1.077674645823155863e+00 -9.831274311576480684e+00
1.079628724963360931e+00 -9.852907064263959569e+00
1.081582804103565998e+00 -9.697511955435404118e+00
1.083536883243771065e+00 -1.000032768227236346e+01
1.085490962383976576e+00 -1.023793750764674826e+01
1.087445041524181644e+00 -1.019573797277206140e+01
1.089399120664386711e+00 -1.019584727203923613e+01
1.091353199804592222e+00 -1.110117007834626257e+01
1.093307278944797289e+00 -1.116154870258626630e+01
1.095261358085002357e+00 -1.122897943893560679e+01
1.097215437225207424e+00 -1.109175966542153446e+01
1.099169516365412491e+00 -1.120151528787763517e+01
1.101123595505618002e+00 -1.185347829401600883e+01
1.103077674645823070e+00 -1.157275335252246862e+01
1.105031753786028137e+00 -1.119284194474284888e+01
1.106985832926233648e+00 -1.115737521290035339e+01
1.108939912066438715e+00 -1.138497516603426796e+01
1.110893991206643783e+00 -1.176887539268230398e+01
1.112848070346848850e+00 -1.206314992672826314e+01
1.114802149487053917e+00 -1.254660211470657138e+01
1.116756228627259429e+00 -1.250215330753825427e+01
1.118710307767464496e+00 -1.209298254854287258e+01
1.120664386907669563e+00 -1.210439987722877930e+01
1.122618466047875074e+00 -1.256403902680336593e+01
1.124572545188080142e+00 -1.283904311899568640e+01
1.126526624328285209e+00 -1.286328443714479697e+01
1.128480703468490276e+00 -1.270344595871478077e+01
1.130434782608695343e+00 -1.289940605911671412e+01
1.132388861748900855e+00 -1.296799484039684813e+01
1.134342940889105922e+00 -1.301899572346460232e+01
1.136297020029310989e+00 -1.344889558188090817e+01
1.138251099169516500e+00 -1.382260693807656970e+01
1.140205178309721568e+00 -1.382945697342627689e+01
1.142159257449926635e+00 -1.386299653004946464e+01
1.144113336590131702e+00 -1.460218865592323212e+01
1.146067415730336769e+00 -1.524915528607941795e+01
1.148021494870542281e+00 -1.510552831814967867e+01
1.149975574010747348e+00 -1.519005317778522546e+01
1.151929653150952415e+00 -1.547458582474381927e+01
1.153883732291157926e+00 -1.559908634155334539e+01
1.155837811431362994e+00 -1.524582762085568888e+01
1.157791890571568061e+00 -1.517357326265477369e+01
1.159745969711773128e+00 -1.540519242539922473e+01
1.161700048851978195e+00 -1.569265462718955462e+01
1.163654127992183707e+00 -1.604860463968651274e+01
1.165608207132388774e+00 -1.616941567737372409e+01
1.167562286272593841e+00 -1.618208622850725931e+01
1.169516365412799352e+00 -1.611501327127428240e+01
1.171470444553004420e+00 -1.649506035240249702e+01
1.173424523693209487e+00 -1.726509130509509760e+01
1.175378602833414554e+00 -1.718273400841790632e+01
1.177332681973619621e+00 -1.652926296778831983e+01
1.179286761113825133e+00 -1.675131791616291110e+01
1.181240840254030200e+00 -1.730655561111993990e+01
1.183194919394235267e+00 -1.786171790514499946e+01
1.185148998534440778e+00 -1.850599085553218259e+01
1.187103077674645846e+00 -1.811064154051665298e+01
1.189057156814850913e+00 -1.821651900242259359e+01
1.191011235955055980e+00 -1.830482276419193965e+01
1.192965315095261047e+00 -1.823214341863741339e+01
1.194919394235466559e+00 -1.878429377510664011e+01
1.196873473375671626e+00 -1.922264820735273361e+01
1.198827552515876693e+00 -1.912392681706803188e+01
1.200781631656082205e+00 -1.936096586459402502e+01
1.202735710796287272e+00 -1.956485533353043849e+01
1.204689789936492339e+00 -1.961036950233879494e+01
1.206643869076697406e+00 -1.993993930544403526e+01
1.208597948216902473e+00 -2.062217537358037944e+01
1.210552027357107985e+00 -2.096807102326672023e+01
1.212506106497313052e+00 -2.058109536804221307e+01
1.214460185637518119e+00 -2.031629355641099366e+01
1.216414264777723631e+00 -2.085746931038745444e+01
1.218368343917928698e+00 -2.135423111373344796e+01
1.220322423058133765e+00 -2.136480786064241499e+01
1.222276502198338832e+00 -2.184919815562786738e+01
1.224230581338543900e+00 -2.164431245188285757e+01
1.226184660478749411e+00 -2.120406125797054386e+01
1.228138739618954478e+00 -2.175375662907694263e+01
1.230092818759159545e+00 -2.273918880064379522e+01
1.232046897899365057e+00 -2.307141375152168195e+01
1.234000977039570124e+00 -2.326564399631690705e+01
1.235955056179775191e+00 -2.323445380885697631e+01
1.237909135319980258e+00 -2.319231531847114525e+01
1.239863214460185326e+00 -2.333447384666625624e+01
1.241817293600390837e+00 -2.371279195289153563e+01
1.243771372740595904e+00 -2.367921854187392228e+01
1.245725451880800971e+00 -2.410875894226819227e+01
1.247679531021006483e+00 -2.482598800593060417e+01
1.249633610161211550e+00 -2.483661779024015104e+01
1.251587689301416617e+00 -2.508308699996065627e+01
1.253541768441621684e+00 -2.535550212911845236e+01
1.255495847581826752e+00 -2.536206234006140292e+01
1.257449926722032263e+00 -2.541967045717286311e+01
1.259404005862237330e+00 -2.581974943662440936e+01
1.261358085002442397e+00 -2.635664239180373869e+01
1.263312164142647909e+00 -2.635508476417142987e+01
1.265266243282852976e+00 -2.630998780697559170e+01
1.267220322423058043e+00 -2.685550328261389197e+01
1.269174401563263110e+00 -2.708018660204512074e+01
1.271128480703468178e+00 -2.717042728187007228e+01
1.273082559843673689e+00 -2.711667756837337961e+01
1.275036638983878756e+00 -2.778075694804171292e+01
1.276990718124083823e+00 -2.831892631177468900e+01
1.278944797264289335e+00 -2.846265420837301008e+01
1.280898876404494402e+00 -2.879387749912697814e+01
1.282852955544699469e+00 -2.862879540670707357e+01
1.284807034684904536e+00 -2.880028213111067004e+01
1.286761113825109604e+00 -2.930749024054325247e+01
1.288715192965315115e+00 -2.981581679541385910e+01
1.290669272105520182e+00 -3.017751892494981902e+01
1.292623351245725249e+00 -3.031656091302496492e+01
1.294577430385930761e+00 -3.068299335645687620e+01
1.296531509526135828e+00 -3.089820958809883678e+01
1.298485588666340895e+00 -3.145998259939973707e+01
1.300439667806545962e+00 -3.195754858058563386e+01
1.302393746946751030e+00 -3.182115658457763985e+01
1.304347826086956541e+00 -3.225409355130953770e+01
1.306301905227161608e+00 -3.354150976411705187e+01
1.308255984367366676e+00 -3.311422255477915400e+01
1.310210063507572187e+00 -3.305531021055315222e+01
1.312164142647777254e+00 -3.363434592321591765e+01
1.314118221787982321e+00 -3.405128536279684681e+01
1.316072300928187389e+00 -3.447548502992213315e+01
1.318026380068392456e+00 -3.482306460566466910e+01
1.319980459208597967e+00 -3.479569937434922622e+01
1.321934538348803034e+00 -3.482980055365814565e+01
1.323888617489008102e+00 -3.532684452726152813e+01
1.325842696629213613e+00 -3.598385157570614012e+01
1.327796775769418680e+00 -3.615044726016240872e+01
1.329750854909623747e+00 -3.649923567759635290e+01
1.331704934049828815e+00 -3.714068792262663976e+01
1.333659013190033882e+00 -3.789482795390603798e+01
1.335613092330239393e+00 -3.797195207742154821e+01
1.337567171470444460e+00 -3.800619322113143284e+01
1.339521250610649528e+00 -3.845304549677623385e+01
1.341475329750855039e+00 -3.910191586823086141e+01
1.343429408891060106e+00 -3.919077367664785783e+01
1.345383488031265173e+00 -3.946080400199755900e+01
1.347337567171470241e+00 -3.988804312311509648e+01
1.349291646311675308e+00 -4.062368657468831401e+01
1.351245725451880819e+00 -4.130239423024246292e+01
1.353199804592085886e+00 -4.198544999256892396e+01
1.355153883732290954e+00 -4.228559986389477388e+01
1.357107962872496465e+00 -4.297712671445628985e+01
1.359062042012701532e+00 -4.326676728869345112e+01
1.361016121152906599e+00 -4.341556875573171226e+01
1.362970200293111667e+00 -4.406874281535490923e+01
1.364924279433316734e+00 -4.463931597094300230e+01
1.366878358573522245e+00 -4.530388710930655805e+01
1.368832437713727312e+00 -4.589974794865356955e+01
1.370786516853932380e+00 -4.667670656884988034e+01
1.372740595994137891e+00 -4.738835935542266498e+01
1.374694675134342958e+00 -4.820727961563608233e+01
1.376648754274548025e+00 -4.885062373296519667e+01
1.378602833414753093e+00 -4.917214543966174745e+01
1.380556912554958160e+00 -4.970032199163151176e+01
1.382510991695163671e+00 -5.012831317420435795e+01
1.384465070835368738e+00 -5.121488412659769551e+01
1.386419149975573806e+00 -5.248658604464706912e+01
1.388373229115779317e+00 -5.333501323890313728e+01
1.390327308255984384e+00 -5.374682159843243312e+01
1.392281387396189452e+00 -5.490593520292333096e+01
1.394235466536394519e+00 -5.606263479558062102e+01
1.396189545676599586e+00 -5.706100934579909278e+01
1.398143624816805097e+00 -5.818247469134697525e+01
1.400097703957010165e+00 -5.923749678986416711e+01
1.402051783097215232e+00 -6.080255676753817795e+01
1.404005862237420743e+00 -6.235177504684219230e+01
1.405959941377625810e+00 -6.393993066926449842e+01
1.407914020517830878e+00 -6.614922451644974899e+01
1.409868099658035945e+00 -6.893935683838550688e+01
1.411822178798241012e+00 -7.265057669605498347e+01
1.413776257938446523e+00 -7.827190049671567351e+01
1.415730337078651591e+00 -8.295743946508048339e+01
1.417684416218856658e+00 -7.784709607679184273e+01
1.419638495359062169e+00 -7.355078715605461070e+01
1.421592574499267236e+00 -7.082689039619555160e+01
1.423546653639472304e+00 -6.834481174732212594e+01
1.425500732779677371e+00 -6.661995035990483416e+01
1.427454811919882438e+00 -6.587048748315811508e+01
1.429408891060087949e+00 -6.533500821532484792e+01
1.431362970200293017e+00 -6.446966170628081727e+01
1.433317049340498084e+00 -6.353424974740490683e+01
1.435271128480703595e+00 -6.261944600085912072e+01
1.437225207620908662e+00 -6.200150308090446316e+01
1.439179286761113730e+00 -6.140558524269118834e+01
1.441133365901318797e+00 -6.128577343253968479e+01
1.443087445041523864e+00 -6.105313250429050242e+01
1.445041524181729375e+00 -6.081418150920909227e+01
1.446995603321934443e+00 -6.071969594208613330e+01
1.448949682462139510e+00 -6.071664417793942903e+01
1.450903761602345021e+00 -6.027282646511608988e+01
1.452857840742550088e+00 -5.964764560558720774e+01
1.454811919882755156e+00 -6.000160297488511674e+01
1.456765999022960223e+00 -6.012379602600583439e+01
1.458720078163165290e+00 -5.983228742929962607e+01
1.460674157303370801e+00 -6.013970026119381629e+01
1.462628236443575869e+00 -6.045009378585046989e+01
1.464582315583780936e+00 -6.047027506494548277e+01
1.466536394723986447e+00 -6.070086208377585280e+01
1.468490473864191515e+00 -6.061198983559571474e+01
1.470444553004396582e+00 -6.104964942899820102e+01
1.472398632144601649e+00 -6.165934277656479168e+01
1.474352711284806716e+00 -6.163225792099981959e+01
1.476306790425012228e+00 -6.182609176359840575e+01
1.478260869565217295e+00 -6.186732962755136356e+01
1.480214948705422362e+00 -6.217307456801470522e+01
1.482169027845627873e+00 -6.229706659099263533e+01
1.484123106985832941e+00 -6.330254070467678673e+01
1.486077186126038008e+00 -6.337907808262959009e+01
1.488031265266243075e+00 -6.348876774087131736e+01
1.489985344406448142e+00 -6.428218707540607113e+01
1.491939423546653654e+00 -6.535761565438535570e+01
1.493893502686858721e+00 -6.538978050233099282e+01
1.495847581827063788e+00 -6.585082643156356141e+01
1.497801660967269299e+00 -6.690550051695608147e+01
1.499755740107474367e+00 -6.740168255595831681e+01
1.501709819247679434e+00 -6.836971745463715422e+01
1.503663898387884501e+00 -6.955855121178493050e+01
1.505617977528089568e+00 -7.031241932971741448e+01
1.507572056668295080e+00 -7.191451463545129741e+01
1.509526135808500147e+00 -7.357032679150992749e+01
1.511480214948705214e+00 -7.506079498160362107e+01
1.513434294088910725e+00 -7.786241198597507207e+01
1.515388373229115793e+00 -8.095968316527208231e+01
1.517342452369320860e+00 -8.491722016780327920e+01
1.519296531509525927e+00 -9.105492102750719141e+01
1.521250610649730994e+00 -8.846664810621999209e+01
1.523204689789936506e+00 -8.251558226606606183e+01
1.525158768930141573e+00 -7.860770437423923340e+01
1.527112848070346640e+00 -7.650719551975683430e+01
1.529066927210552151e+00 -7.495284705399635072e+01
1.531021006350757219e+00 -7.348192278858766713e+01
1.532975085490962286e+00 -7.167693190342723142e+01
1.534929164631167353e+00 -6.990204268792085429e+01
1.536883243771372420e+00 -6.899953317042154310e+01
1.538837322911577932e+00 -6.843396642094604942e+01
1.540791402051782999e+00 -6.766548131031926516e+01
1.542745481191988066e+00 -6.706095163294045847e+01
1.544699560332193577e+00 -6.623695853898374253e+01
1.546653639472398645e+00 -6.571252224439915324e+01
1.548607718612603712e+00 -6.530167065721477115e+01
1.550561797752808779e+00 -6.479041062941455209e+01
1.552515876893013846e+00 -6.461587049921868697e+01
1.554469956033219358e+00 -6.454355854184578334e+01
1.556424035173424425e+00 -6.431430150509090993e+01
1.558378114313629492e+00 -6.357514001677642312e+01
1.560332193453835004e+00 -6.287875607355262275e+01
1.562286272594040071e+00 -6.269605984282756594e+01
1.564240351734245138e+00 -6.263561739164956066e+01
1.566194430874450205e+00 -6.208578709199645118e+01
1.568148510014655272e+00 -6.192390370358331353e+01
1.570102589154860784e+00 -6.222088858652513466e+01
1.572056668295065851e+00 -6.205126146513701713e+01
1.574010747435270918e+00 -6.156422458523870489e+01
1.575964826575476430e+00 -6.184375915450232242e+01
1.577918905715681497e+00 -6.190827051313569740e+01
1.579872984855886564e+00 -6.152771029096499689e+01
1.581827063996091631e+00 -6.066808505071989543e+01
1.583781143136296699e+00 -6.016771405151257568e+01
1.585735222276502210e+00 -6.070481320692455540e+01
1.587689301416707277e+00 -6.078429030104602759e+01
1.589643380556912344e+00 -6.034334076925429002e+01
1.591597459697117856e+00 -6.077502341305270761e+01
1.593551538837322923e+00 -6.064956981943444703e+01
1.595505617977527990e+00 -6.027537397269958319e+01
1.597459697117733057e+00 -6.075030936005335036e+01
1.599413776257938125e+00 -6.095332304004986668e+01
1.601367855398143636e+00 -6.058603837521555846e+01
1.603321934538348703e+00 -6.049999030834185021e+01
1.605276013678553770e+00 -6.061925599076739957e+01
1.607230092818759282e+00 -6.034759282906357214e+01
1.609184171958964349e+00 -6.012276307530109420e+01
1.611138251099169416e+00 -6.032168897688546139e+01
1.613092330239374483e+00 -6.074551195718444774e+01
1.615046409379579551e+00 -6.093679062118113876e+01
1.617000488519785062e+00 -6.074697139581878247e+01
1.618954567659990129e+00 -6.114635071968112356e+01
1.620908646800195196e+00 -6.159969186674384645e+01
1.622862725940400708e+00 -6.122915220970583761e+01
1.624816805080605775e+00 -6.116099665506617811e+01
1.626770884220810842e+00 -6.162390214266123678e+01
1.628724963361015909e+00 -6.237949682355839087e+01
1.630679042501220977e+00 -6.227664425299508366e+01
1.632633121641426488e+00 -6.190896394683748127e+01
1.634587200781631555e+00 -6.212054926220161377e+01
1.636541279921836622e+00 -6.241361381074452197e+01
1.638495359062042134e+00 -6.281596947429856925e+01
1.640449438202247201e+00 -6.286942043943824387e+01
1.642403517342452268e+00 -6.287468492882211279e+01
1.644357596482657335e+00 -6.330814117344678493e+01
1.646311675622862403e+00 -6.366283624694600007e+01
1.648265754763067914e+00 -6.383434692677444389e+01
1.650219833903272981e+00 -6.389860465352707308e+01
1.652173913043478048e+00 -6.437522355481887359e+01
1.654127992183683560e+00 -6.507052212286943416e+01
1.656082071323888627e+00 -6.575723208179331891e+01
1.658036150464093694e+00 -6.622196284303922198e+01
1.659990229604298762e+00 -6.690842422217578189e+01
1.661944308744503829e+00 -6.726936019860575300e+01
1.663898387884709340e+00 -6.742108005083467503e+01
1.665852467024914407e+00 -6.812515058659188583e+01
1.667806546165119475e+00 -6.885148077012014767e+01
1.669760625305324986e+00 -6.970944661363475348e+01
1.671714704445530053e+00 -7.069977144908625633e+01
1.673668783585735120e+00 -7.167447406991391290e+01
1.675622862725940188e+00 -7.276646125931378606e+01
1.677576941866145255e+00 -7.386604966059374533e+01
1.679531021006350766e+00 -7.505857395344996519e+01
1.681485100146555833e+00 -7.670859281993612910e+01
1.683439179286760901e+00 -7.829049984953154251e+01
1.685393258426966412e+00 -8.095225031924201176e+01
1.687347337567171479e+00 -8.463456174060395654e+01
1.689301416707376546e+00 -8.995991482396570404e+01
1.691255495847581614e+00 -9.416946045252808517e+01
1.693209574987786681e+00 -8.848560804207704678e+01
1.695163654127992192e+00 -8.379522417549934232e+01
1.697117733268197259e+00 -8.028087027154410293e+01
1.699071812408402327e+00 -7.776598196420677311e+01
1.701025891548607838e+00 -7.600605281822086567e+01
1.702979970688812905e+00 -7.482132679611375181e+01
1.704934049829017972e+00 -7.376842081378029548e+01
1.706888128969223040e+00 -7.253778879623531850e+01
1.708842208109428107e+00 -7.144141532810037631e+01
1.710796287249633618e+00 -7.053452824065455218e+01
1.712750366389838685e+00 -6.977329996973396931e+01
1.714704445530043753e+00 -6.913890904510438418e+01
1.716658524670249264e+00 -6.849210563376936989e+01
1.718612603810454331e+00 -6.821685858990201723e+01
1.720566682950659398e+00 -6.802588808639275442e+01
1.722520762090864466e+00 -6.720504671681656816e+01
1.724474841231069533e+00 -6.636589534396745194e+01
1.726428920371275044e+00 -6.570717570313794909e+01
1.728382999511480111e+00 -6.548310272137983645e+01
1.730337078651685179e+00 -6.507656184051359105e+01
1.732291157791890690e+00 -6.485229658954696674e+01
1.734245236932095757e+00 -6.472910467334853024e+01
1.736199316072300824e+00 -6.430334928093797942e+01
1.738153395212505892e+00 -6.398775087361514124e+01
1.740107474352710959e+00 -6.337791891634385877e+01
1.742061553492916470e+00 -6.297442520707760849e+01
1.744015632633121538e+00 -6.264094986448843372e+01
1.745969711773326605e+00 -6.249158290028092466e+01
1.747923790913532116e+00 -6.235716810607917182e+01
1.749877870053737183e+00 -6.224967571412513223e+01
1.751831949193942251e+00 -6.223977755417909918e+01
1.753786028334147318e+00 -6.204281027765869538e+01
1.755740107474352385e+00 -6.187238128188742792e+01
1.757694186614557896e+00 -6.138447440696286606e+01
1.759648265754762964e+00 -6.155391094742954294e+01
1.761602344894968031e+00 -6.164856805064196976e+01
1.763556424035173542e+00 -6.121210371726650834e+01
1.765510503175378609e+00 -6.067263545927577439e+01
1.767464582315583677e+00 -6.098581068086504331e+01
1.769418661455788744e+00 -6.106433158092183078e+01
1.771372740595993811e+00 -6.110590250183135197e+01
1.773326819736199322e+00 -6.129058887153458812e+01
1.775280898876404390e+00 -6.134761105998127562e+01
1.777234978016609457e+00 -6.080670796335872552e+01
1.779189057156814968e+00 -6.075122973765020618e+01
1.781143136297020035e+00 -6.117908548337821628e+01
1.783097215437225103e+00 -6.106820944382398153e+01
1.785051294577430170e+00 -6.072183522338509221e+01
1.787005373717635237e+00 -6.095837002615823508e+01
1.788959452857840748e+00 -6.093281715863524539e+01
1.790913531998045816e+00 -6.018461696408728301e+01
1.792867611138250883e+00 -5.985395923534795770e+01
1.794821690278456394e+00 -6.021781822413935714e+01
1.796775769418661461e+00 -6.043719400589009183e+01
1.798729848558866529e+00 -6.016782798192661375e+01
1.800683927699071596e+00 -6.020350616005572419e+01
1.802638006839276663e+00 -6.082935953431157827e+01
1.804592085979482174e+00 -6.129476435968336290e+01
1.806546165119687242e+00 -6.063392380732739184e+01
1.808500244259892309e+00 -6.032625608825712504e+01
1.810454323400097820e+00 -6.024537073863766068e+01
1.812408402540302887e+00 -6.061005980314101294e+01
1.814362481680507955e+00 -6.105215931125732709e+01
1.816316560820713022e+00 -6.110056902424424408e+01
1.818270639960918089e+00 -6.105434194454289099e+01
1.820224719101123600e+00 -6.140135825708949113e+01
1.822178798241328668e+00 -6.157066678330980380e+01
1.824132877381533735e+00 -6.185318836499115491e+01
1.826086956521739246e+00 -6.228485055954138261e+01
1.828041035661944314e+00 -6.198971529950250670e+01
1.829995114802149381e+00 -6.211598081785513870e+01
1.831949193942354448e+00 -6.225481255004120840e+01
1.833903273082559515e+00 -6.217323246172319529e+01
1.835857352222765027e+00 -6.250245607262745295e+01
1.837811431362970094e+00 -6.271162108341496833e+01
1.839765510503175161e+00 -6.301041713127484911e+01
1.841719589643380672e+00 -6.333545818289015017e+01
1.843673668783585740e+00 -6.371400534094057377e+01
1.845627747923790807e+00 -6.421010958284222170e+01
1.847581827063995874e+00 -6.453586906524539302e+01
1.849535906204200941e+00 -6.454027690501534664e+01
1.851489985344406453e+00 -6.522713353839606043e+01
1.853444064484611520e+00 -6.554006401336276610e+01
1.855398143624816587e+00 -6.569473492568224060e+01
1.857352222765022098e+00 -6.609460740125142308e+01
1.859306301905227166e+00 -6.636514108264995571e+01
1.861260381045432233e+00 -6.663001017933113701e+01
1.863214460185637300e+00 -6.682797639837536963e+01
1.865168539325842367e+00 -6.733851257876449381e+01
1.867122618466047879e+00 -6.846903512906825995e+01
1.869076697606252946e+00 -6.954067870101498272e+01
1.871030776746458013e+00 -6.994485312184154679e+01
1.872984855886663524e+00 -7.082275267608315517e+01
1.874938935026868592e+00 -7.128297201573489872e+01
1.876893014167073659e+00 -7.192237187532887788e+01
1.878847093307278726e+00 -7.274055137369389001e+01
1.880801172447483793e+00 -7.337837841730899413e+01
1.882755251587689305e+00 -7.518069108744140294e+01
1.884709330727894372e+00 -7.699587598910500219e+01
1.886663409868099439e+00 -7.865161029159418149e+01
1.888617489008304950e+00 -8.083908271705647053e+01
1.890571568148510018e+00 -8.372857916220527841e+01
1.892525647288715085e+00 -8.808516008834857303e+01
1.894479726428920152e+00 -9.370237038259236328e+01
1.896433805569125219e+00 -9.165290757239614550e+01
1.898387884709330731e+00 -8.573498655682884362e+01
1.900341963849535798e+00 -8.183813330060502267e+01
1.902296042989740865e+00 -7.938495437214017159e+01
1.904250122129946377e+00 -7.781676752480301218e+01
1.906204201270151444e+00 -7.622945500404972563e+01
1.908158280410356511e+00 -7.522909461921710772e+01
1.910112359550561578e+00 -7.361799201191145414e+01
1.912066438690766645e+00 -7.255027657470031954e+01
1.914020517830972157e+00 -7.139549393408910305e+01
1.915974596971177224e+00 -7.065437828904158835e+01
1.917928676111382291e+00 -7.012248089724076294e+01
1.919882755251587803e+00 -6.957026878494814071e+01
1.921836834391792870e+00 -6.904250464842058932e+01
1.923790913531997937e+00 -6.849153356833285500e+01
1.925744992672203004e+00 -6.789505511249613789e+01
1.927699071812408071e+00 -6.765492575602864633e+01
1.929653150952613583e+00 -6.722490176257183236e+01
1.931607230092818650e+00 -6.629520907754836401e+01
1.933561309233023717e+00 -6.551654776102513722e+01
1.935515388373229229e+00 -6.523279520525480280e+01
1.937469467513434296e+00 -6.487591833783524464e+01
1.939423546653639363e+00 -6.435576580647418155e+01
1.941377625793844430e+00 -6.434230518823676448e+01
1.943331704934049498e+00 -6.427131350605952775e+01
1.945285784074255009e+00 -6.428650025013095615e+01
1.947239863214460076e+00 -6.402942577712903471e+01
1.949193942354665143e+00 -6.298676399074105348e+01
1.951148021494870655e+00 -6.247983970925978525e+01
1.953102100635075722e+00 -6.307510534934235125e+01
1.955056179775280789e+00 -6.295767949270378239e+01
1.957010258915485856e+00 -6.274095417732549151e+01
1.958964338055690924e+00 -6.257542080637040272e+01
1.960918417195896435e+00 -6.265405472309129919e+01
1.962872496336101502e+00 -6.258342248654302864e+01
1.964826575476306569e+00 -6.258324302298901642e+01
1.966780654616512081e+00 -6.204488754735631062e+01
1.968734733756717148e+00 -6.164921481754376487e+01
1.970688812896922215e+00 -6.161984058494567762e+01
1.972642892037127282e+00 -6.167452050330628310e+01
1.974596971177332350e+00 -6.149444939354587092e+01
1.976551050317537861e+00 -6.152779748093757917e+01
1.978505129457742928e+00 -6.156871757515139620e+01
1.980459208597947995e+00 -6.138936609360428776e+01
1.982413287738153507e+00 -6.117146888079597034e+01
1.984367366878358574e+00 -6.120427815564744378e+01
1.986321446018563641e+00 -6.091776600040395806e+01
1.988275525158768708e+00 -6.090484693713693787e+01
1.990229604298973776e+00 -6.112663060410481819e+01
1.992183683439179287e+00 -6.089966269024933609e+01
1.994137762579384354e+00 -6.056890231778935174e+01
1.996091841719589421e+00 -6.071953898759958435e+01
1.998045920859794933e+00 -6.074101977533922536e+01
2.000000000000000000e+00 -6.079410682181197245e+01
