-2.000000000000000000e+00 3.009658541053601866e+00
-1.998045920859794933e+00 3.383330464571215224e+00
-1.996091841719589643e+00 3.421748086216944262e+00
-1.994137762579384354e+00 3.316436409374018623e+00
-1.992183683439179287e+00 3.222563629079814973e+00
-1.990229604298974220e+00 3.363355902585034585e+00
-1.988275525158768930e+00 2.944525760606626630e+00
-1.986321446018563641e+00 3.363208973357881160e+00
-1.984367366878358574e+00 3.748738143727346817e+00
-1.982413287738153507e+00 3.607577676442879078e+00
-1.980459208597948217e+00 2.701079710467687356e+00
-1.978505129457742928e+00 2.261841685573870553e+00
-1.976551050317537861e+00 2.572363839416980102e+00
-1.974596971177332794e+00 2.580142643900384947e+00
-1.972642892037127504e+00 3.061143983229532406e+00
-1.970688812896922215e+00 2.851889353297196283e+00
-1.968734733756717148e+00 2.745676671796130730e+00
-1.966780654616512081e+00 2.726806288074443696e+00
-1.964826575476306791e+00 2.960540300982754669e+00
-1.962872496336101502e+00 3.036892875505055933e+00
-1.960918417195896435e+00 3.571797162929957192e+00
-1.958964338055691368e+00 3.959379081539143641e+00
-1.957010258915486078e+00 3.437945053512217797e+00
-1.955056179775280789e+00 2.971990185399989493e+00
-1.953102100635075722e+00 2.809915615189085170e+00
-1.951148021494870655e+00 3.274235688882534134e+00
-1.949193942354665365e+00 3.345326721794040115e+00
-1.947239863214460076e+00 3.173306135881359680e+00
-1.945285784074255009e+00 3.124944939273059497e+00
-1.943331704934049942e+00 3.022188129047072458e+00
-1.941377625793844652e+00 3.047786292479344183e+00
-1.939423546653639363e+00 2.618113104765230403e+00
-1.937469467513434296e+00 2.593274253028834853e+00
-1.935515388373229229e+00 2.466337550603045603e+00
-1.933561309233023939e+00 2.799633070621360798e+00
-1.931607230092818650e+00 3.439830317558449480e+00
-1.929653150952613583e+00 3.520160439372271188e+00
-1.927699071812408516e+00 3.655685757491767163e+00
-1.925744992672203226e+00 3.518687669663941975e+00
-1.923790913531997937e+00 3.220846940230829070e+00
-1.921836834391792870e+00 3.174493989939327854e+00
-1.919882755251587803e+00 3.248158761822079743e+00
-1.917928676111382513e+00 3.048471308665972934e+00
-1.915974596971177224e+00 2.596082316530241130e+00
-1.914020517830972157e+00 2.577459080896350230e+00
-1.912066438690767090e+00 2.999379372637127172e+00
-1.910112359550561800e+00 2.949976323821130730e+00
-1.908158280410356511e+00 3.061885235243486658e+00
-1.906204201270151444e+00 3.421995260333850375e+00
-1.904250122129946377e+00 3.349595749419739477e+00
-1.902296042989741087e+00 3.218188354457252487e+00
-1.900341963849535798e+00 3.079462824222254369e+00
-1.898387884709330731e+00 3.047186245826646100e+00
-1.896433805569125663e+00 3.304816613388830593e+00
-1.894479726428920374e+00 2.790275385111623763e+00
-1.892525647288715085e+00 2.689961825424953101e+00
-1.890571568148510018e+00 3.039983709024973724e+00
-1.888617489008304950e+00 3.529855755084919000e+00
-1.886663409868099661e+00 3.703837030417474807e+00
-1.884709330727894372e+00 3.257045789790268930e+00
-1.882755251587689305e+00 2.918440304454592571e+00
-1.880801172447484237e+00 3.355283510094201560e+00
-1.878847093307278948e+00 3.015697930271387328e+00
-1.876893014167073659e+00 2.684822016810444634e+00
-1.874938935026868592e+00 2.671634246640941068e+00
-1.872984855886663524e+00 2.637612693385826379e+00
-1.871030776746458235e+00 2.976754512892960669e+00
-1.869076697606252946e+00 3.407508344766768005e+00
-1.867122618466047879e+00 3.543545778095185561e+00
-1.865168539325842811e+00 3.087489146029185338e+00
-1.863214460185637522e+00 3.052267411519086870e+00
-1.861260381045432233e+00 2.666455325511773111e+00
-1.859306301905227166e+00 3.147352149092634832e+00
-1.857352222765022098e+00 3.535239842049464176e+00
-1.855398143624816809e+00 3.543333442193841609e+00
-1.853444064484611520e+00 3.136082105917012530e+00
-1.851489985344406453e+00 2.937509172488705467e+00
-1.849535906204201385e+00 2.871871361831932479e+00
-1.847581827063996096e+00 2.776175881748434993e+00
-1.845627747923790807e+00 2.681439785977405066e+00
-1.843673668783585740e+00 2.746006633445060352e+00
-1.841719589643380672e+00 2.886699898512437024e+00
-1.839765510503175383e+00 3.299757108469278499e+00
-1.837811431362970094e+00 3.484357945419793712e+00
-1.835857352222765027e+00 3.292737901163311331e+00
-1.833903273082559959e+00 3.337544772638556534e+00
-1.831949193942354670e+00 3.289311789717903167e+00
-1.829995114802149381e+00 3.374997933497387415e+00
-1.828041035661944314e+00 3.321200967937410375e+00
-1.826086956521739246e+00 2.934295848191129430e+00
-1.824132877381533957e+00 2.646266599204340597e+00
-1.822178798241328668e+00 3.440928531666488155e+00
-1.820224719101123600e+00 3.183325005898320903e+00
-1.818270639960918533e+00 2.380152690034716745e+00
-1.816316560820713244e+00 2.820600445170193815e+00
-1.814362481680507955e+00 2.801124245861226214e+00
-1.812408402540302887e+00 2.441210000170642047e+00
-1.810454323400097820e+00 2.490780343069861402e+00
-1.808500244259892531e+00 2.595854133668089148e+00
-1.806546165119687242e+00 3.148946482045795747e+00
-1.804592085979482174e+00 3.532206990286487880e+00
-1.802638006839277107e+00 3.314576699827108008e+00
-1.800683927699071818e+00 3.127062740772160510e+00
-1.798729848558866529e+00 2.947491680364376698e+00
-1.796775769418661461e+00 2.957969935404274331e+00
-1.794821690278456394e+00 3.107440343502352320e+00
-1.792867611138251105e+00 3.022747963874648391e+00
-1.790913531998045816e+00 2.998349702771236025e+00
-1.788959452857840748e+00 3.167386098519830551e+00
-1.787005373717635681e+00 2.896055864571213334e+00
-1.785051294577430392e+00 2.392085114792536604e+00
-1.783097215437225103e+00 2.339287244051896586e+00
-1.781143136297020035e+00 2.390950526630320372e+00
-1.779189057156814968e+00 2.231418552391696508e+00
-1.777234978016609679e+00 2.210385898846205954e+00
-1.775280898876404390e+00 2.354898853779238799e+00
-1.773326819736199322e+00 2.173209123201820248e+00
-1.771372740595994255e+00 2.425103484203810389e+00
-1.769418661455788966e+00 2.969319512415374618e+00
-1.767464582315583677e+00 2.923298500706046354e+00
-1.765510503175378609e+00 3.243452421664349661e+00
-1.763556424035173542e+00 3.432441112471880107e+00
-1.761602344894968253e+00 3.158583481067655185e+00
-1.759648265754762964e+00 2.796223219609952348e+00
-1.757694186614557896e+00 2.510524477854142233e+00
-1.755740107474352829e+00 2.354051362185705099e+00
-1.753786028334147540e+00 2.546521347197720608e+00
-1.751831949193942251e+00 2.599835598987957574e+00
-1.749877870053737183e+00 2.668794422429422220e+00
-1.747923790913532116e+00 2.971937356441041622e+00
-1.745969711773326827e+00 3.171874513946602470e+00
-1.744015632633121538e+00 2.951040871784019970e+00
-1.742061553492916470e+00 2.730702244094293185e+00
-1.740107474352711403e+00 2.776160075893389312e+00
-1.738153395212506114e+00 2.638779737517895629e+00
-1.736199316072300824e+00 2.761453307804926816e+00
-1.734245236932095757e+00 2.930527350018860666e+00
-1.732291157791890690e+00 3.291861246919820516e+00
-1.730337078651685401e+00 2.975735094129821512e+00
-1.728382999511480111e+00 2.706065173470002083e+00
-1.726428920371275044e+00 2.980164213722522604e+00
-1.724474841231069977e+00 3.628411528123497654e+00
-1.722520762090864688e+00 3.903875988853735546e+00
-1.720566682950659398e+00 3.140736779263669121e+00
-1.718612603810454331e+00 3.113673317191985035e+00
-1.716658524670249264e+00 3.289123846188670264e+00
-1.714704445530043975e+00 3.138197631150661415e+00
-1.712750366389838685e+00 3.009449675765684340e+00
-1.710796287249633618e+00 2.845114720286370691e+00
-1.708842208109428551e+00 2.715252831956491697e+00
-1.706888128969223262e+00 2.826368125494806982e+00
-1.704934049829017972e+00 3.106224654643992444e+00
-1.702979970688812905e+00 2.998143357344562610e+00
-1.701025891548607838e+00 2.662493216147800990e+00
-1.699071812408402549e+00 2.414313389130507304e+00
-1.697117733268197259e+00 2.727179312871410133e+00
-1.695163654127992192e+00 2.841461461650208520e+00
-1.693209574987787125e+00 2.855367870788581008e+00
-1.691255495847581836e+00 3.001556748622909332e+00
-1.689301416707376546e+00 3.095890444773539141e+00
-1.687347337567171479e+00 3.171220444137545336e+00
-1.685393258426966412e+00 2.945854084178907151e+00
-1.683439179286761123e+00 3.270819915667220634e+00
-1.681485100146555833e+00 3.546885264149119976e+00
-1.679531021006350766e+00 3.147880898736552968e+00
-1.677576941866145699e+00 2.904157233950542150e+00
-1.675622862725940410e+00 2.702075291775375199e+00
-1.673668783585735120e+00 2.399245572584496777e+00
-1.671714704445530053e+00 3.119301922277534445e+00
-1.669760625305324986e+00 3.663046138032753696e+00
-1.667806546165119697e+00 3.091867738350675854e+00
-1.665852467024914407e+00 2.561232477459940426e+00
-1.663898387884709340e+00 2.515985610736918510e+00
-1.661944308744504273e+00 2.736031737446842360e+00
-1.659990229604298984e+00 3.212896682012534200e+00
-1.658036150464093694e+00 3.281274920989984967e+00
-1.656082071323888627e+00 3.263081009735854465e+00
-1.654127992183683560e+00 2.531359678206690056e+00
-1.652173913043478271e+00 2.300046436528987215e+00
-1.650219833903272981e+00 2.603547962731389109e+00
-1.648265754763067914e+00 2.846018608582671749e+00
-1.646311675622862847e+00 2.869287385605800988e+00
-1.644357596482657558e+00 3.085061094201362764e+00
-1.642403517342452268e+00 2.966994169039222751e+00
-1.640449438202247201e+00 2.971039932626030833e+00
-1.638495359062042134e+00 2.709530851206774393e+00
-1.636541279921836844e+00 2.501782502466720626e+00
-1.634587200781631555e+00 2.560423130165091266e+00
-1.632633121641426488e+00 2.603155333502430224e+00
-1.630679042501221421e+00 2.756808125714814928e+00
-1.628724963361016131e+00 2.999185531963442397e+00
-1.626770884220810842e+00 2.834150960844262102e+00
-1.624816805080605775e+00 3.007235142710892983e+00
-1.622862725940400708e+00 2.990071641862214857e+00
-1.620908646800195418e+00 2.974358978808732346e+00
-1.618954567659990129e+00 3.178049263679563641e+00
-1.617000488519785062e+00 2.972979758607406708e+00
-1.615046409379579995e+00 2.604828150999302760e+00
-1.613092330239374705e+00 2.862126009061948473e+00
-1.611138251099169416e+00 2.976838985526397252e+00
-1.609184171958964349e+00 2.693208201675747482e+00
-1.607230092818759282e+00 2.843783518432058788e+00
-1.605276013678553992e+00 3.084710825697996039e+00
-1.603321934538348703e+00 3.115618866582425817e+00
-1.601367855398143636e+00 2.922377708357336346e+00
-1.599413776257938569e+00 3.149334579161310543e+00
-1.597459697117733279e+00 3.012293906651982045e+00
-1.595505617977527990e+00 2.674618083389415535e+00
-1.593551538837322923e+00 2.962409657392038209e+00
-1.591597459697117856e+00 3.314358320458892226e+00
-1.589643380556912566e+00 3.609985149008349659e+00
-1.587689301416707277e+00 3.509654677285975133e+00
-1.585735222276502210e+00 3.241051226488832704e+00
-1.583781143136297143e+00 3.004949748004439147e+00
-1.581827063996091853e+00 2.917140408194020651e+00
-1.579872984855886564e+00 3.051031346844203185e+00
-1.577918905715681497e+00 2.863450892061369935e+00
-1.575964826575476430e+00 3.107061420509787286e+00
-1.574010747435271140e+00 3.310557045577322999e+00
-1.572056668295065851e+00 3.096421072583925849e+00
-1.570102589154860784e+00 3.004109714302338752e+00
-1.568148510014655717e+00 2.966305713747370287e+00
-1.566194430874450427e+00 3.287262819684659387e+00
-1.564240351734245138e+00 3.208808849407695618e+00
-1.562286272594040071e+00 3.022001570536871462e+00
-1.560332193453835004e+00 2.878537626518617554e+00
-1.558378114313629714e+00 2.163755707814120299e+00
-1.556424035173424425e+00 2.139589597090754580e+00
-1.554469956033219358e+00 2.762646619017120386e+00
-1.552515876893014291e+00 3.102356102590290821e+00
-1.550561797752809001e+00 2.956038314025875025e+00
-1.548607718612603712e+00 2.768136811970633548e+00
-1.546653639472398645e+00 3.004911482420922209e+00
-1.544699560332193577e+00 3.506855536398010731e+00
-1.542745481191988288e+00 3.507150978483942083e+00
-1.540791402051782999e+00 3.428680754941326736e+00
-1.538837322911577932e+00 3.115379706282164207e+00
-1.536883243771372864e+00 3.050558677687726039e+00
-1.534929164631167575e+00 3.135512069448788353e+00
-1.532975085490962286e+00 3.195667696763425880e+00
-1.531021006350757219e+00 3.006866358104822279e+00
-1.529066927210552151e+00 2.983844701187746029e+00
-1.527112848070346862e+00 3.484087418179436124e+00
-1.525158768930141573e+00 3.161249145314118270e+00
-1.523204689789936506e+00 2.970602325806872113e+00
-1.521250610649731438e+00 3.142997075640343141e+00
-1.519296531509526149e+00 2.741981581134890877e+00
-1.517342452369320860e+00 2.915168635464326030e+00
-1.515388373229115793e+00 3.390338559824897402e+00
-1.513434294088910725e+00 3.374548581362211142e+00
-1.511480214948705436e+00 2.912643178849718240e+00
-1.509526135808500147e+00 2.508070714363821008e+00
-1.507572056668295080e+00 2.323204538464906044e+00
-1.505617977528090012e+00 2.925643036589812951e+00
-1.503663898387884723e+00 3.473593865776266831e+00
-1.501709819247679434e+00 3.807453781972917728e+00
-1.499755740107474367e+00 3.823723721458767599e+00
-1.497801660967269299e+00 3.086047407358723405e+00
-1.495847581827064010e+00 3.022243221025629367e+00
-1.493893502686858721e+00 3.508046434830299987e+00
-1.491939423546653654e+00 3.410434114571338604e+00
-1.489985344406448586e+00 2.871272297546114238e+00
-1.488031265266243297e+00 2.830998269739615214e+00
-1.486077186126038008e+00 3.028396234837607004e+00
-1.484123106985832941e+00 3.338485871422746776e+00
-1.482169027845627873e+00 3.618847635830801046e+00
-1.480214948705422584e+00 3.475609578832423718e+00
-1.478260869565217295e+00 3.121004464663901246e+00
-1.476306790425012228e+00 3.420657468878074869e+00
-1.474352711284807160e+00 3.614330708245476753e+00
-1.472398632144601871e+00 3.064881010999045419e+00
-1.470444553004396582e+00 2.899634531490184131e+00
-1.468490473864191515e+00 2.873149174682442464e+00
-1.466536394723986447e+00 2.649472913072636882e+00
-1.464582315583781158e+00 2.474243332902626769e+00
-1.462628236443575869e+00 2.576957850356147439e+00
-1.460674157303370801e+00 3.170191108670699531e+00
-1.458720078163165734e+00 3.566516239013041822e+00
-1.456765999022960445e+00 3.564840483874107235e+00
-1.454811919882755156e+00 3.330797400967294042e+00
-1.452857840742550088e+00 3.045350202636854853e+00
-1.450903761602345021e+00 2.951355462890633774e+00
-1.448949682462139732e+00 2.721336642066170874e+00
-1.446995603321934443e+00 3.098093824755024706e+00
-1.445041524181729375e+00 3.422116999714904129e+00
-1.443087445041524308e+00 3.100286467311124117e+00
-1.441133365901319019e+00 3.440728266633130694e+00
-1.439179286761113730e+00 3.264397858118465834e+00
-1.437225207620908662e+00 2.633584740584212103e+00
-1.435271128480703595e+00 2.971734926813920374e+00
-1.433317049340498306e+00 2.838346685478381204e+00
-1.431362970200293017e+00 3.080655517248524600e+00
-1.429408891060087949e+00 2.785240736986142718e+00
-1.427454811919882882e+00 2.654638404110287286e+00
-1.425500732779677593e+00 2.802377694275070663e+00
-1.423546653639472304e+00 2.791305454210003312e+00
-1.421592574499267236e+00 2.642964807016988438e+00
-1.419638495359062169e+00 3.080397649492390144e+00
-1.417684416218856880e+00 2.911135917389735539e+00
-1.415730337078651591e+00 2.417146739401144107e+00
-1.413776257938446523e+00 2.813074284119970070e+00
-1.411822178798241456e+00 3.002358179125547810e+00
-1.409868099658036167e+00 3.456683325269932716e+00
-1.407914020517830878e+00 3.595659815858446962e+00
-1.405959941377625810e+00 3.053109983629882507e+00
-1.404005862237420743e+00 2.572699873595813536e+00
-1.402051783097215454e+00 2.696671997400032161e+00
-1.400097703957010165e+00 3.034106203924560763e+00
-1.398143624816805097e+00 3.173103853488558279e+00
-1.396189545676600030e+00 3.289810244512070270e+00
-1.394235466536394741e+00 2.728215439736522363e+00
-1.392281387396189452e+00 2.501558052858829484e+00
-1.390327308255984384e+00 2.736564528875093494e+00
-1.388373229115779317e+00 2.625262549575984927e+00
-1.386419149975574028e+00 2.420857271300251412e+00
-1.384465070835368738e+00 2.784687756882734178e+00
-1.382510991695163671e+00 2.471831106199473105e+00
-1.380556912554958604e+00 2.332029350593942674e+00
-1.378602833414753315e+00 2.474470251644559582e+00
-1.376648754274548025e+00 2.670502811157927425e+00
-1.374694675134342958e+00 3.019953801591185982e+00
-1.372740595994137891e+00 3.033378752299499048e+00
-1.370786516853932602e+00 3.405287845874594321e+00
-1.368832437713727312e+00 3.076172725725017099e+00
-1.366878358573522245e+00 3.110291191451127091e+00
-1.364924279433317178e+00 2.811734691672889142e+00
-1.362970200293111889e+00 2.466822627592010875e+00
-1.361016121152906599e+00 2.550614378998081744e+00
-1.359062042012701532e+00 2.480388813969923056e+00
-1.357107962872496465e+00 2.491746406071865039e+00
-1.355153883732291176e+00 2.442010335962260914e+00
-1.353199804592085886e+00 2.277663918344255745e+00
-1.351245725451880819e+00 2.609884459448659655e+00
-1.349291646311675752e+00 2.410546190137438760e+00
-1.347337567171470463e+00 2.362212403418419981e+00
-1.345383488031265173e+00 2.382001953298440444e+00
-1.343429408891060106e+00 2.505185719883092688e+00
-1.341475329750855039e+00 2.075004845629039529e+00
-1.339521250610649750e+00 2.138172298170143204e+00
-1.337567171470444460e+00 2.268344278196084751e+00
-1.335613092330239393e+00 2.416803919936042711e+00
-1.333659013190034326e+00 2.469161598141245584e+00
-1.331704934049829037e+00 2.328233478503201948e+00
-1.329750854909623747e+00 2.431935975802320016e+00
-1.327796775769418680e+00 2.579105290988681354e+00
-1.325842696629213613e+00 2.425998618662994932e+00
-1.323888617489008324e+00 2.693107504596728319e+00
-1.321934538348803034e+00 2.733104901108979856e+00
-1.319980459208597967e+00 2.249772974182557839e+00
-1.318026380068392900e+00 2.307126785748619735e+00
-1.316072300928187611e+00 2.571440536828584200e+00
-1.314118221787982321e+00 2.769930567435898716e+00
-1.312164142647777254e+00 2.852676441720464418e+00
-1.310210063507572187e+00 2.656662348375538496e+00
-1.308255984367366898e+00 2.312736427352491297e+00
-1.306301905227161608e+00 2.442135175701303229e+00
-1.304347826086956541e+00 2.948339116595062759e+00
-1.302393746946751474e+00 2.711522305387458864e+00
-1.300439667806546185e+00 1.946578714958085765e+00
-1.298485588666340895e+00 2.410547952341175026e+00
-1.296531509526135828e+00 2.433114742289362198e+00
-1.294577430385930761e+00 2.115801422579405955e+00
-1.292623351245725472e+00 1.969263637247893772e+00
-1.290669272105520182e+00 1.895740226451027688e+00
-1.288715192965315115e+00 1.781057686551190899e+00
-1.286761113825110048e+00 2.199021948705724760e+00
-1.284807034684904758e+00 2.214725201438870084e+00
-1.282852955544699469e+00 1.843260922229963183e+00
-1.280898876404494402e+00 1.807319224572093930e+00
-1.278944797264289335e+00 1.580386722653966958e+00
-1.276990718124084045e+00 1.639929887656756735e+00
-1.275036638983878756e+00 1.778653299221226503e+00
-1.273082559843673689e+00 1.887725746946458338e+00
-1.271128480703468622e+00 1.882537798577340604e+00
-1.269174401563263332e+00 1.751760805135916810e+00
-1.267220322423058043e+00 1.964029993975424437e+00
-1.265266243282852976e+00 2.104004943829998364e+00
-1.263312164142647909e+00 1.489762239248112685e+00
-1.261358085002442619e+00 1.599045040500723713e+00
-1.259404005862237330e+00 1.992633741034044448e+00
-1.257449926722032263e+00 2.297261635960121229e+00
-1.255495847581827196e+00 2.392713829998121877e+00
-1.253541768441621906e+00 2.241961979420276752e+00
-1.251587689301416617e+00 1.851771375137211795e+00
-1.249633610161211550e+00 1.853791743181507856e+00
-1.247679531021006483e+00 1.470508292102344683e+00
-1.245725451880801193e+00 9.141900522504052828e-01
-1.243771372740595904e+00 1.139423975753506513e+00
-1.241817293600390837e+00 1.723436443515265148e+00
-1.239863214460185770e+00 1.887750798815341691e+00
-1.237909135319980480e+00 1.605436304250837720e+00
-1.235955056179775191e+00 1.205145255812133387e+00
-1.234000977039570124e+00 9.545965592553902201e-01
-1.232046897899365057e+00 1.436691149755807917e+00
-1.230092818759159767e+00 1.382644956094585709e+00
-1.228138739618954478e+00 1.492122918542666543e+00
-1.226184660478749411e+00 1.567760880584684546e+00
-1.224230581338544344e+00 1.426171270888099363e+00
-1.222276502198339054e+00 1.289870149222197560e+00
-1.220322423058133765e+00 1.525566326404686368e+00
-1.218368343917928698e+00 1.503159757550568409e+00
-1.216414264777723631e+00 1.171816805261258976e+00
-1.214460185637518341e+00 8.601299149201679928e-01
-1.212506106497313052e+00 5.282840890775579723e-01
-1.210552027357107985e+00 7.476246402294954851e-01
-1.208597948216902918e+00 1.029554085578736178e+00
-1.206643869076697628e+00 1.122332795184187493e+00
-1.204689789936492339e+00 8.535385869970958383e-01
-1.202735710796287272e+00 6.879522463222098594e-01
-1.200781631656082205e+00 8.786713207706045026e-01
-1.198827552515876915e+00 5.499439711489216842e-01
-1.196873473375671626e+00 5.459378335572576679e-01
-1.194919394235466559e+00 8.624672854591017845e-01
-1.192965315095261492e+00 8.210985869985962804e-01
-1.191011235955056202e+00 5.197612945291087971e-01
-1.189057156814850913e+00 7.495567021854486756e-01
-1.187103077674645846e+00 9.639200340578685244e-01
-1.185148998534440778e+00 1.025553773815584435e+00
-1.183194919394235489e+00 6.346918957408160811e-01
-1.181240840254030200e+00 5.745210349787517323e-01
-1.179286761113825133e+00 9.921372930245706545e-01
-1.177332681973620065e+00 7.697406903620451768e-01
-1.175378602833414776e+00 3.243892201221259541e-01
-1.173424523693209487e+00 -3.868429413413370099e-01
-1.171470444553004420e+00 -3.729405126478665400e-01
-1.169516365412799352e+00 1.110365417611422489e-01
-1.167562286272594063e+00 7.583284918259543261e-02
-1.165608207132388774e+00 -4.255123410567346331e-02
-1.163654127992183707e+00 8.136933260552992042e-02
-1.161700048851978639e+00 -3.661842363793364058e-02
-1.159745969711773350e+00 4.734577074798851370e-02
-1.157791890571568061e+00 -3.730374702513080676e-01
-1.155837811431362994e+00 -3.367510243022371341e-01
-1.153883732291157926e+00 -4.176467776868239556e-02
-1.151929653150952637e+00 -2.929980453741052315e-01
-1.149975574010747348e+00 -2.446809655484291635e-01
-1.148021494870542281e+00 -1.721437870244819646e-01
-1.146067415730337213e+00 -2.474177375053403238e-01
-1.144113336590131924e+00 -1.233136052030419927e-01
-1.142159257449926635e+00 -4.423440432864633731e-01
-1.140205178309721568e+00 -1.027651490518767918e+00
-1.138251099169516500e+00 -8.884797701278929205e-01
-1.136297020029311211e+00 -8.412665742111826717e-01
-1.134342940889105922e+00 -1.087585732518309145e+00
-1.132388861748900855e+00 -1.100941882173757325e+00
-1.130434782608695787e+00 -1.347070706604426960e+00
-1.128480703468490498e+00 -1.138213145048363906e+00
-1.126526624328285209e+00 -9.975891696417544807e-01
-1.124572545188080142e+00 -1.117177594510488925e+00
-1.122618466047875074e+00 -1.018131765945281986e+00
-1.120664386907669785e+00 -1.329834248534414787e+00
-1.118710307767464496e+00 -1.750962799675872539e+00
-1.116756228627259429e+00 -1.643406238813732489e+00
-1.114802149487054361e+00 -1.282386679007353703e+00
-1.112848070346849072e+00 -1.549523356738147672e+00
-1.110893991206643783e+00 -1.802556955031935582e+00
-1.108939912066438715e+00 -1.521664243302079944e+00
-1.106985832926233648e+00 -1.778100493002245708e+00
-1.105031753786028359e+00 -1.973945573720193192e+00
-1.103077674645823070e+00 -1.713504851125153605e+00
-1.101123595505618002e+00 -1.343158965666039206e+00
-1.099169516365412935e+00 -1.299355463908486774e+00
-1.097215437225207646e+00 -1.597313089303584954e+00
-1.095261358085002357e+00 -1.828783537505263013e+00
-1.093307278944797289e+00 -2.158636147086440360e+00
-1.091353199804592222e+00 -2.187541715921957231e+00
-1.089399120664386933e+00 -2.027920272297055071e+00
-1.087445041524181644e+00 -2.470104316338098016e+00
-1.085490962383976576e+00 -2.482270745934283429e+00
-1.083536883243771509e+00 -2.128479308522214897e+00
-1.081582804103566220e+00 -2.248877277139465392e+00
-1.079628724963360931e+00 -2.273909944636948399e+00
-1.077674645823155863e+00 -1.978201345722354842e+00
-1.075720566682950796e+00 -2.142630914291261846e+00
-1.073766487542745507e+00 -2.195047102597531996e+00
-1.071812408402540218e+00 -2.518313348576808330e+00
-1.069858329262335150e+00 -2.935492256042675496e+00
-1.067904250122130083e+00 -2.835501185566675630e+00
-1.065950170981924794e+00 -2.618861392523966103e+00
-1.063996091841719505e+00 -3.046980049183417805e+00
-1.062042012701514437e+00 -3.485833612748289845e+00
-1.060087933561309370e+00 -3.749806805082622763e+00
-1.058133854421104081e+00 -3.196818799812423784e+00
-1.056179775280898792e+00 -2.998205657428769211e+00
-1.054225696140693724e+00 -3.210910944138447132e+00
-1.052271617000488657e+00 -3.504558268037593738e+00
-1.050317537860283368e+00 -3.819665024745386717e+00
-1.048363458720078079e+00 -3.720550297194394229e+00
-1.046409379579873011e+00 -3.882512203641781401e+00
-1.044455300439667944e+00 -4.189490994349835518e+00
-1.042501221299462655e+00 -4.291520470916449170e+00
-1.040547142159257366e+00 -3.905272709402811682e+00
-1.038593063019052298e+00 -3.811684722637988632e+00
-1.036638983878847231e+00 -3.877778975803014117e+00
-1.034684904738641942e+00 -4.301236292426844798e+00
-1.032730825598436653e+00 -4.075646576439425850e+00
-1.030776746458231585e+00 -3.671622975896729368e+00
-1.028822667318026518e+00 -3.874611549191161686e+00
-1.026868588177821229e+00 -4.684549707629919624e+00
-1.024914509037615939e+00 -4.752136462675519368e+00
-1.022960429897410872e+00 -4.774711026780867229e+00
-1.021006350757205805e+00 -4.946621779105942807e+00
-1.019052271617000516e+00 -5.118819117780897265e+00
-1.017098192476795226e+00 -5.427429314181244635e+00
-1.015144113336590159e+00 -5.402530446980641443e+00
-1.013190034196385092e+00 -5.300454945881449831e+00
-1.011235955056179803e+00 -5.065686547334639300e+00
-1.009281875915974513e+00 -5.378907326826589674e+00
-1.007327796775769446e+00 -5.438523867841821513e+00
-1.005373717635564379e+00 -5.256658637331010908e+00
-1.003419638495359090e+00 -5.709436102814004599e+00
-1.001465559355153800e+00 -5.829672886509868590e+00
-9.995114802149487332e-01 -5.872357409281152130e+00
-9.975574010747436660e-01 -6.069007717739082430e+00
-9.956033219345383767e-01 -5.826863926616151268e+00
-9.936492427943330874e-01 -5.529863760529993399e+00
-9.916951636541280202e-01 -5.530898463645850249e+00
-9.897410845139229529e-01 -5.341159986847458185e+00
-9.877870053737176637e-01 -5.272067116921768104e+00
-9.858329262335123744e-01 -4.875254768721344334e+00
-9.838788470933073071e-01 -5.582862678607442675e+00
-9.819247679531022399e-01 -5.686912010567457543e+00
-9.799706888128969506e-01 -5.100623846942374584e+00
-9.780166096726916614e-01 -4.827098212823194956e+00
-9.760625305324865941e-01 -4.678591000007775946e+00
-9.741084513922815269e-01 -4.442510109802862317e+00
-9.721543722520762376e-01 -4.151948313093948073e+00
-9.702002931118709483e-01 -3.804416852504535207e+00
-9.682462139716658811e-01 -3.825560159947096750e+00
-9.662921348314608139e-01 -3.670106626888285373e+00
-9.643380556912555246e-01 -3.846935024428877359e+00
-9.623839765510502353e-01 -3.978859175494784406e+00
-9.604298974108451681e-01 -3.873973975938080017e+00
-9.584758182706401008e-01 -3.972258846311879310e+00
-9.565217391304348116e-01 -3.853266907011518416e+00
-9.545676599902295223e-01 -3.645086587267569289e+00
-9.526135808500244551e-01 -3.575188325819453894e+00
-9.506595017098193878e-01 -3.668508312431772556e+00
-9.487054225696140985e-01 -3.385375444263575950e+00
-9.467513434294088093e-01 -3.326904019454417938e+00
-9.447972642892037420e-01 -3.360516642305590551e+00
-9.428431851489986748e-01 -3.215550821814901372e+00
-9.408891060087933855e-01 -3.348464478181883308e+00
-9.389350268685880962e-01 -2.815902018438181553e+00
-9.369809477283830290e-01 -2.355183184108525118e+00
-9.350268685881779618e-01 -2.353567769305533464e+00
-9.330727894479726725e-01 -2.377341733966310766e+00
-9.311187103077673832e-01 -2.399398540107827049e+00
-9.291646311675623160e-01 -2.442219564717645230e+00
-9.272105520273572488e-01 -2.870215433433460639e+00
-9.252564728871519595e-01 -3.086966859143149389e+00
-9.233023937469466702e-01 -3.058733113737928111e+00
-9.213483146067416030e-01 -3.012702176484873373e+00
-9.193942354665365357e-01 -2.632581524892829705e+00
-9.174401563263312465e-01 -2.110581517713440824e+00
-9.154860771861259572e-01 -2.337741225227750519e+00
-9.135319980459208900e-01 -2.544689356886211673e+00
-9.115779189057158227e-01 -2.474498581580497181e+00
-9.096238397655105334e-01 -1.796973893776153464e+00
-9.076697606253052442e-01 -1.529019156070826391e+00
-9.057156814851001769e-01 -2.099142384225147318e+00
-9.037616023448951097e-01 -2.195235263137659931e+00
-9.018075232046898204e-01 -2.029760677294034199e+00
-8.998534440644845311e-01 -1.543295756228938442e+00
-8.978993649242794639e-01 -1.286931753551244562e+00
-8.959452857840743967e-01 -1.260602701837761019e+00
-8.939912066438691074e-01 -1.402473257326524392e+00
-8.920371275036638181e-01 -1.923613044670497096e+00
-8.900830483634587509e-01 -1.665143268244336783e+00
-8.881289692232536837e-01 -1.146654966841560208e+00
-8.861748900830483944e-01 -8.327622484392116498e-01
-8.842208109428431051e-01 -1.237858753495013842e+00
-8.822667318026380379e-01 -1.357615415562838601e+00
-8.803126526624329706e-01 -1.177431868947467652e+00
-8.783585735222276814e-01 -1.525263271015435906e+00
-8.764044943820223921e-01 -9.850724328187929757e-01
-8.744504152418173248e-01 -7.876099934337043029e-01
-8.724963361016122576e-01 -1.313736108662362678e+00
-8.705422569614069683e-01 -1.332262005576623221e+00
-8.685881778212016791e-01 -4.525877944720632651e-01
-8.666340986809966118e-01 -2.978403082720985640e-01
-8.646800195407915446e-01 -3.257758822188617787e-01
-8.627259404005862553e-01 -3.486088602664328406e-01
-8.607718612603809660e-01 -7.056871488580312990e-01
-8.588177821201758988e-01 -4.695735146423186124e-01
-8.568637029799708316e-01 -3.616287572971322861e-01
-8.549096238397655423e-01 -6.839125280543811858e-01
-8.529555446995602530e-01 -9.926221898142746358e-01
-8.510014655593551858e-01 -8.189749299050588238e-01
-8.490473864191501185e-01 -2.621498678636046686e-01
-8.470933072789448293e-01 1.957287775825486131e-01
-8.451392281387395400e-01 1.276504741687740918e-01
-8.431851489985344728e-01 -5.385271616207536471e-01
-8.412310698583294055e-01 -2.948653651829173383e-01
-8.392769907181241162e-01 3.929956068177915818e-02
-8.373229115779188270e-01 -6.204354852751516047e-02
-8.353688324377137597e-01 -5.426403208938233025e-01
-8.334147532975086925e-01 -2.651454928488365947e-01
-8.314606741573034032e-01 -1.282156793979370157e-01
-8.295065950170981139e-01 -1.978978715493923402e-01
-8.275525158768930467e-01 -6.278925780612766572e-02
-8.255984367366879795e-01 -4.851857887511483447e-02
-8.236443575964826902e-01 -1.880372535437564996e-01
-8.216902784562774009e-01 -3.266832471718996711e-01
-8.197361993160723337e-01 -1.593610687338481088e-02
-8.177821201758672665e-01 2.557867054167590193e-01
-8.158280410356619772e-01 1.588735593949808789e-01
-8.138739618954566879e-01 2.358643691916489371e-01
-8.119198827552516207e-01 4.421657040124659654e-01
-8.099658036150465534e-01 5.230669166752630606e-01
-8.080117244748412642e-01 4.374546496604263535e-01
-8.060576453346359749e-01 1.399906313077687314e-01
-8.041035661944309076e-01 4.727260064485009350e-01
-8.021494870542258404e-01 7.858603582232841500e-01
-8.001954079140205511e-01 7.958576639508632145e-01
-7.982413287738152619e-01 3.771730619122456996e-01
-7.962872496336101946e-01 2.176377726253534983e-01
-7.943331704934051274e-01 9.915761520949835095e-01
-7.923790913531998381e-01 1.465344060155636896e+00
-7.904250122129945488e-01 8.073756685385214960e-01
-7.884709330727894816e-01 4.620519913003703905e-01
-7.865168539325844144e-01 5.498263719381322190e-01
-7.845627747923791251e-01 8.034840627957295922e-01
-7.826086956521738358e-01 8.615942427339482457e-01
-7.806546165119687686e-01 8.882010660751343822e-01
-7.787005373717637013e-01 9.145821802826609170e-01
-7.767464582315584121e-01 8.515863735627209330e-01
-7.747923790913531228e-01 1.158082748501324311e+00
-7.728382999511480556e-01 1.136009672678530258e+00
-7.708842208109429883e-01 1.134095217459837990e+00
-7.689301416707376990e-01 6.526082856759847228e-01
-7.669760625305324098e-01 8.888064843300544915e-01
-7.650219833903273425e-01 1.342532277313747802e+00
-7.630679042501222753e-01 1.468625194358212038e+00
-7.611138251099169860e-01 1.350806842557667586e+00
-7.591597459697116967e-01 1.290073881165078262e+00
-7.572056668295066295e-01 1.647690687583833524e+00
-7.552515876893015623e-01 2.091173485179824709e+00
-7.532975085490962730e-01 1.725849893266553803e+00
-7.513434294088909837e-01 1.396141733852679589e+00
-7.493893502686859165e-01 1.361683729589085345e+00
-7.474352711284808493e-01 1.320221206308268780e+00
-7.454811919882755600e-01 1.397301108404316095e+00
-7.435271128480702707e-01 1.541656840968531839e+00
-7.415730337078652035e-01 1.067505577894427349e+00
-7.396189545676601362e-01 1.663252160124113477e+00
-7.376648754274548470e-01 1.900826111150486941e+00
-7.357107962872495577e-01 1.799487183100473509e+00
-7.337567171470444904e-01 1.675363325271912007e+00
-7.318026380068394232e-01 1.689125947841838338e+00
-7.298485588666341339e-01 1.949766419142078488e+00
-7.278944797264288447e-01 1.551004851794084871e+00
-7.259404005862237774e-01 1.402334965680385181e+00
-7.239863214460187102e-01 1.996767579472889409e+00
-7.220322423058134209e-01 2.275360979415394169e+00
-7.200781631656081316e-01 2.145184649208810246e+00
-7.181240840254030644e-01 2.038386272062503224e+00
-7.161700048851979972e-01 2.341093281151091610e+00
-7.142159257449927079e-01 2.829302946967640509e+00
-7.122618466047874186e-01 2.474297608445800378e+00
-7.103077674645823514e-01 2.271629108054248114e+00
-7.083536883243772841e-01 2.726409501279529746e+00
-7.063996091841719949e-01 2.344352130854052696e+00
-7.044455300439667056e-01 1.968883182070620963e+00
-7.024914509037616384e-01 2.394070113591129534e+00
-7.005373717635565711e-01 2.466557880084040200e+00
-6.985832926233512818e-01 2.318856631707514993e+00
-6.966292134831459926e-01 2.525249639956719250e+00
-6.946751343429409253e-01 1.962998474623459000e+00
-6.927210552027358581e-01 2.013782628158375054e+00
-6.907669760625305688e-01 2.062888712525829060e+00
-6.888128969223252795e-01 2.097999523001917499e+00
-6.868588177821202123e-01 2.738033538366583031e+00
-6.849047386419151451e-01 2.777146012732273128e+00
-6.829506595017098558e-01 2.509879089989375256e+00
-6.809965803615045665e-01 1.892347117281176772e+00
-6.790425012212994993e-01 1.568777785238115507e+00
-6.770884220810944321e-01 2.124855422793666460e+00
-6.751343429408891428e-01 2.158897876760354606e+00
-6.731802638006838535e-01 2.247909285224425346e+00
-6.712261846604787863e-01 2.785341594808266485e+00
-6.692721055202737190e-01 2.597183443095016475e+00
-6.673180263800684298e-01 2.451043374840153000e+00
-6.653639472398631405e-01 2.402767528909755868e+00
-6.634098680996580732e-01 2.248470045553670804e+00
-6.614557889594530060e-01 2.901471525724881761e+00
-6.595017098192477167e-01 2.941105496658574125e+00
-6.575476306790424275e-01 2.661487996958840974e+00
-6.555935515388373602e-01 2.680071507144865972e+00
-6.536394723986322930e-01 2.775823602052607253e+00
-6.516853932584270037e-01 2.844119583813514929e+00
-6.497313141182217144e-01 2.621564809715606792e+00
-6.477772349780166472e-01 2.784705298499978721e+00
-6.458231558378115800e-01 3.391506262206851030e+00
-6.438690766976062907e-01 2.808983317888690934e+00
-6.419149975574010014e-01 2.312711466012490114e+00
-6.399609184171959342e-01 2.483579107882047499e+00
-6.380068392769908669e-01 2.577039677163373010e+00
-6.360527601367855777e-01 2.685492216581917280e+00
-6.340986809965802884e-01 2.939551065145286746e+00
-6.321446018563752212e-01 2.744123653657901230e+00
-6.301905227161701539e-01 2.555641789581737822e+00
-6.282364435759648646e-01 2.784095013613796077e+00
-6.262823644357595754e-01 2.676128817133712978e+00
-6.243282852955545081e-01 2.614474753095363813e+00
-6.223742061553494409e-01 2.607375046656852380e+00
-6.204201270151441516e-01 2.816756733128777945e+00
-6.184660478749388623e-01 3.134700880959522262e+00
-6.165119687347337951e-01 3.061254270266431821e+00
-6.145578895945287279e-01 2.982513311187754645e+00
-6.126038104543234386e-01 2.689356185290252554e+00
-6.106497313141181493e-01 2.369477796705153239e+00
-6.086956521739130821e-01 2.340275605076851839e+00
-6.067415730337080149e-01 2.966151483879979622e+00
-6.047874938935027256e-01 3.191031770674607859e+00
-6.028334147532974363e-01 2.746804182888149093e+00
-6.008793356130923691e-01 2.749040004069740917e+00
-5.989252564728873018e-01 3.025382808892854491e+00
-5.969711773326820126e-01 3.310225126841704224e+00
-5.950170981924767233e-01 3.031221660267211959e+00
-5.930630190522716561e-01 3.013033719597712601e+00
-5.911089399120665888e-01 3.397236059882764447e+00
-5.891548607718612995e-01 3.341625178053020839e+00
-5.872007816316560103e-01 3.207353350038839590e+00
-5.852467024914509430e-01 3.094812660702925822e+00
-5.832926233512458758e-01 2.593399533170687832e+00
-5.813385442110405865e-01 2.510693322022356622e+00
-5.793844650708352972e-01 2.711435259064882253e+00
-5.774303859306302300e-01 2.868443646203213238e+00
-5.754763067904251628e-01 3.188923765426525225e+00
-5.735222276502198735e-01 3.140606693921122350e+00
-5.715681485100145842e-01 2.554064561542899181e+00
-5.696140693698095170e-01 2.779170967549496218e+00
-5.676599902296044498e-01 3.436295585639469685e+00
-5.657059110893991605e-01 3.153225089209534371e+00
-5.637518319491938712e-01 3.398878133914930988e+00
-5.617977528089888040e-01 3.118554353930387713e+00
-5.598436736687837367e-01 2.986386961146556107e+00
-5.578895945285784475e-01 3.376989976465429866e+00
-5.559355153883731582e-01 3.339359806472860015e+00
-5.539814362481680909e-01 3.457799860618395282e+00
-5.520273571079630237e-01 3.459214426643708595e+00
-5.500732779677577344e-01 3.369981859621274278e+00
-5.481191988275524452e-01 3.243101101883536064e+00
-5.461651196873473779e-01 3.037542629808255512e+00
-5.442110405471423107e-01 3.009996892730444795e+00
-5.422569614069370214e-01 3.559377635497213532e+00
-5.403028822667317321e-01 3.423351769465970307e+00
-5.383488031265266649e-01 3.297479688507493734e+00
-5.363947239863215977e-01 3.026370369482849210e+00
-5.344406448461163084e-01 2.691643558337562414e+00
-5.324865657059110191e-01 2.591339166531787974e+00
-5.305324865657059519e-01 2.713033307501655500e+00
-5.285784074255008846e-01 2.968511657505725321e+00
-5.266243282852955954e-01 3.093796034035429798e+00
-5.246702491450903061e-01 2.770724007186959437e+00
-5.227161700048852389e-01 3.089650254187698675e+00
-5.207620908646801716e-01 3.467848403088373832e+00
-5.188080117244748823e-01 3.321870051795491108e+00
-5.168539325842695931e-01 3.096495424454844603e+00
-5.148998534440645258e-01 3.312819965915695164e+00
-5.129457743038594586e-01 3.424104857610688946e+00
-5.109916951636541693e-01 3.177091419769985770e+00
-5.090376160234488800e-01 2.930132559684026194e+00
-5.070835368832438128e-01 2.680277437989712297e+00
-5.051294577430387456e-01 2.823539932793572405e+00
-5.031753786028334563e-01 3.212227470453471234e+00
-5.012212994626281670e-01 2.605900482783798378e+00
-4.992672203224230998e-01 2.557859691744695407e+00
-4.973131411822180326e-01 2.724058420267196468e+00
-4.953590620420127433e-01 2.925694844037908027e+00
-4.934049829018074540e-01 3.198221511097640857e+00
-4.914509037616023868e-01 3.228177720075275481e+00
-4.894968246213973195e-01 3.098277255082031889e+00
-4.875427454811920303e-01 2.897200708658698609e+00
-4.855886663409867410e-01 2.719333411626485120e+00
-4.836345872007816737e-01 3.091711137102778117e+00
-4.816805080605766065e-01 3.265223673224195711e+00
-4.797264289203713172e-01 3.329416862577090352e+00
-4.777723497801660280e-01 3.220398915660080519e+00
-4.758182706399609607e-01 3.126380526373778057e+00
-4.738641914997558935e-01 3.141881107062808098e+00
-4.719101123595506042e-01 3.333715358158651387e+00
-4.699560332193453149e-01 2.687340182257058174e+00
-4.680019540791402477e-01 2.810013630451585698e+00
-4.660478749389351805e-01 3.119123469980180197e+00
-4.640937957987298912e-01 3.007644539820161000e+00
-4.621397166585246019e-01 3.034419701089095422e+00
-4.601856375183195347e-01 2.866747465001784345e+00
-4.582315583781144674e-01 2.845211543719495140e+00
-4.562774792379091782e-01 2.816503602830484621e+00
-4.543234000977038889e-01 2.669537126742666633e+00
-4.523693209574988217e-01 2.717952368059848745e+00
-4.504152418172937544e-01 3.039174028883395717e+00
-4.484611626770884651e-01 3.532203274635704382e+00
-4.465070835368831759e-01 3.127209898167472524e+00
-4.445530043966781086e-01 3.105660956077986867e+00
-4.425989252564730414e-01 3.302025454375106861e+00
-4.406448461162677521e-01 3.077186505156306318e+00
-4.386907669760624628e-01 3.282401632076049403e+00
-4.367366878358573956e-01 3.361428287979879581e+00
-4.347826086956523284e-01 3.497298167038255912e+00
-4.328285295554470391e-01 3.177434190133020309e+00
-4.308744504152417498e-01 3.188179217038988877e+00
-4.289203712750366826e-01 3.310494459707238768e+00
-4.269662921348316154e-01 2.887359341442604865e+00
-4.250122129946263261e-01 2.881727428389333934e+00
-4.230581338544210368e-01 3.174837198349713230e+00
-4.211040547142159696e-01 3.518071125032568691e+00
-4.191499755740109023e-01 3.218268544009109000e+00
-4.171958964338056131e-01 2.677743703696251920e+00
-4.152418172936003238e-01 2.701844936378550166e+00
-4.132877381533952565e-01 2.861529014491742906e+00
-4.113336590131901893e-01 2.666899788443189312e+00
-4.093795798729849000e-01 3.003466852603592585e+00
-4.074255007327796108e-01 2.855598511832999176e+00
-4.054714215925745435e-01 2.804180094037702187e+00
-4.035173424523694763e-01 3.177096921096205673e+00
-4.015632633121641870e-01 3.597973455945136401e+00
-3.996091841719588977e-01 3.445635328032635947e+00
-3.976551050317538305e-01 3.358508183795738677e+00
-3.957010258915487633e-01 3.419190123051782493e+00
-3.937469467513434740e-01 3.249842758592297987e+00
-3.917928676111381847e-01 3.289289264975081117e+00
-3.898387884709331175e-01 3.517439502639343907e+00
-3.878847093307280502e-01 3.663016387474442137e+00
-3.859306301905227610e-01 3.205783157386077331e+00
-3.839765510503174717e-01 3.487515247831540766e+00
-3.820224719101124045e-01 3.721726520610291633e+00
-3.800683927699073372e-01 3.007534571947312774e+00
-3.781143136297020479e-01 2.645180728821152627e+00
-3.761602344894967587e-01 3.084843340915121690e+00
-3.742061553492916914e-01 3.354190619131857787e+00
-3.722520762090866242e-01 3.076416467924475207e+00
-3.702979970688813349e-01 2.651999421290192505e+00
-3.683439179286760456e-01 2.795286376595536471e+00
-3.663898387884709784e-01 2.828678610918755165e+00
-3.644357596482659112e-01 2.737994641136781482e+00
-3.624816805080606219e-01 3.109127051104300765e+00
-3.605276013678553326e-01 3.103044165967043799e+00
-3.585735222276502654e-01 3.049184195375275408e+00
-3.566194430874451982e-01 3.047508185944420411e+00
-3.546653639472399089e-01 2.687239365510563083e+00
-3.527112848070346196e-01 2.749072417024855497e+00
-3.507572056668295524e-01 2.610258166992243112e+00
-3.488031265266244851e-01 2.654577901821353336e+00
-3.468490473864191959e-01 3.015046813936864467e+00
-3.448949682462139066e-01 2.935054430960766680e+00
-3.429408891060088393e-01 2.764410964962807249e+00
-3.409868099658037721e-01 2.945245421005138198e+00
-3.390327308255984828e-01 3.192531832081175303e+00
-3.370786516853931936e-01 3.078394649605806777e+00
-3.351245725451881263e-01 3.032470937853123161e+00
-3.331704934049830591e-01 2.830677464179871539e+00
-3.312164142647777698e-01 2.765327911814159378e+00
-3.292623351245724805e-01 2.967328244142349192e+00
-3.273082559843674133e-01 3.141984304252745108e+00
-3.253541768441623461e-01 2.983806847550067420e+00
-3.234000977039570568e-01 2.695604596415502208e+00
-3.214460185637517675e-01 2.835848379506550998e+00
-3.194919394235467003e-01 3.241369535536509972e+00
-3.175378602833416330e-01 3.237762189656177902e+00
-3.155837811431363438e-01 2.923385275307208264e+00
-3.136297020029310545e-01 2.786931059952295620e+00
-3.116756228627259873e-01 3.122137493376134998e+00
-3.097215437225209200e-01 3.170684033067264984e+00
-3.077674645823156308e-01 3.010239237590131456e+00
-3.058133854421103415e-01 2.902360181019240315e+00
-3.038593063019052742e-01 2.743571289402780167e+00
-3.019052271617002070e-01 3.067288529359172955e+00
-2.999511480214949177e-01 3.215730658738041203e+00
-2.979970688812896285e-01 2.865916831262107500e+00
-2.960429897410845612e-01 2.965736237681456000e+00
-2.940889106008794940e-01 3.160854491424903934e+00
-2.921348314606742047e-01 2.943283967558919301e+00
-2.901807523204689154e-01 2.745308726148024014e+00
-2.882266731802638482e-01 2.662464433567311328e+00
-2.862725940400587810e-01 2.765296780147596500e+00
-2.843185148998534917e-01 2.777693665810753387e+00
-2.823644357596482024e-01 2.383862757795755627e+00
-2.804103566194431352e-01 2.940266840801592174e+00
-2.784562774792380679e-01 3.162665570872770893e+00
-2.765021983390327787e-01 2.969511581573141434e+00
-2.745481191988274894e-01 2.821511805109712778e+00
-2.725940400586224222e-01 2.781490658308558128e+00
-2.706399609184173549e-01 2.878493945089898975e+00
-2.686858817782120656e-01 2.982546003689400926e+00
-2.667318026380067764e-01 3.431715136844017966e+00
-2.647777234978017091e-01 3.524690809545336645e+00
-2.628236443575966419e-01 3.077756475061725894e+00
-2.608695652173913526e-01 2.503334490136294832e+00
-2.589154860771860633e-01 2.567509280908632618e+00
-2.569614069369809961e-01 2.804427596775985077e+00
-2.550073277967759289e-01 3.219984363589208698e+00
-2.530532486565706396e-01 3.342277045448449169e+00
-2.510991695163653503e-01 2.655921007973585546e+00
-2.491450903761602831e-01 2.538959442053402960e+00
-2.471910112359552159e-01 2.759851896551104744e+00
-2.452369320957499266e-01 2.881403845580982725e+00
-2.432828529555446373e-01 2.675871975384574775e+00
-2.413287738153395701e-01 2.560528878975840694e+00
-2.393746946751345028e-01 2.718630565238824737e+00
-2.374206155349292136e-01 2.798492821371441508e+00
-2.354665363947239243e-01 3.213682544999068469e+00
-2.335124572545188570e-01 3.030123936624212533e+00
-2.315583781143137898e-01 2.885832784864121869e+00
-2.296042989741085005e-01 3.074081028518214964e+00
-2.276502198339032113e-01 2.585678638629943293e+00
-2.256961406936981440e-01 2.349615487007817194e+00
-2.237420615534930768e-01 2.395335816245217408e+00
-2.217879824132877875e-01 2.513021913808807462e+00
-2.198339032730824982e-01 2.767896396693971806e+00
-2.178798241328774310e-01 2.764621420718937461e+00
-2.159257449926723638e-01 2.330743320296783327e+00
-2.139716658524670745e-01 2.512697555140571914e+00
-2.120175867122617852e-01 3.013122390430698072e+00
-2.100635075720567180e-01 3.301309358423165197e+00
-2.081094284318516507e-01 3.111174229756389131e+00
-2.061553492916463615e-01 2.249188294747079375e+00
-2.042012701514410722e-01 2.596681290846135859e+00
-2.022471910112360050e-01 3.320070081739758816e+00
-2.002931118710309377e-01 3.140207310045886491e+00
-1.983390327308256484e-01 2.978182991156010928e+00
-1.963849535906203592e-01 2.857433998638020611e+00
-1.944308744504152919e-01 2.462145261357776338e+00
-1.924767953102102247e-01 2.405048044249832984e+00
-1.905227161700049354e-01 2.699624149462914957e+00
-1.885686370297996461e-01 2.783192019276461426e+00
-1.866145578895945789e-01 2.817434767179394672e+00
-1.846604787493895117e-01 2.837090543729229974e+00
-1.827063996091842224e-01 2.361877013792596625e+00
-1.807523204689789331e-01 2.879081079541927046e+00
-1.787982413287738659e-01 3.374798659676882640e+00
-1.768441621885687987e-01 2.732867142621929979e+00
-1.748900830483635094e-01 2.529907645796463100e+00
-1.729360039081582201e-01 2.633233168615367159e+00
-1.709819247679531529e-01 3.402705907756155668e+00
-1.690278456277480856e-01 3.415462570929089559e+00
-1.670737664875427964e-01 3.137854780868583493e+00
-1.651196873473375071e-01 2.627856391671044012e+00
-1.631656082071324398e-01 1.992759223174668248e+00
-1.612115290669273726e-01 2.431022407992226242e+00
-1.592574499267220833e-01 2.461253081325602388e+00
-1.573033707865167941e-01 2.700006142103634765e+00
-1.553492916463117268e-01 2.571190538193300235e+00
-1.533952125061066596e-01 2.729383091700650965e+00
-1.514411333659013703e-01 2.896584632805487836e+00
-1.494870542256960810e-01 3.027801926355366824e+00
-1.475329750854910138e-01 2.987950296585509591e+00
-1.455788959452859466e-01 2.981313415120070420e+00
-1.436248168050806573e-01 3.123765098192760714e+00
-1.416707376648753680e-01 3.188449168809078138e+00
-1.397166585246703008e-01 3.018580042979427169e+00
-1.377625793844652335e-01 2.907353888394708097e+00
-1.358085002442599443e-01 2.815541963676988946e+00
-1.338544211040546550e-01 2.789983747672267089e+00
-1.319003419638495878e-01 2.857183588904414151e+00
-1.299462628236445205e-01 3.102348948291011155e+00
-1.279921836834392312e-01 3.100029978328332270e+00
-1.260381045432339420e-01 3.136127740535638697e+00
-1.240840254030288747e-01 3.172292922652468317e+00
-1.221299462628238075e-01 3.436437253086257471e+00
-1.201758671226185182e-01 2.947167166734948829e+00
-1.182217879824132289e-01 2.523562969336353046e+00
-1.162677088422081617e-01 2.823669088543760530e+00
-1.143136297020030945e-01 2.939368434206412584e+00
-1.123595505617978052e-01 2.743508304728395242e+00
-1.104054714215925159e-01 2.783233586192701114e+00
-1.084513922813874487e-01 3.442085325381064820e+00
-1.064973131411823815e-01 3.264929655784775342e+00
-1.045432340009770922e-01 3.042873052654547106e+00
-1.025891548607718029e-01 3.161222390511101210e+00
-1.006350757205667357e-01 3.280539965502514033e+00
-9.868099658036166844e-02 3.397924750909891323e+00
-9.672691744015637916e-02 2.915288246937147054e+00
-9.477283829995108988e-02 2.471975734167792371e+00
-9.281875915974602265e-02 2.391130585505524930e+00
-9.086468001954095541e-02 2.872719055439217239e+00
-8.891060087933566614e-02 3.055363380018623509e+00
-8.695652173913037686e-02 2.890074612890435546e+00
-8.500244259892530962e-02 2.771383996245995629e+00
-8.304836345872024239e-02 2.710167603224740596e+00
-8.109428431851495311e-02 2.602006938744456654e+00
-7.914020517830966384e-02 2.284741781534703531e+00
-7.718612603810459660e-02 2.976957719836038407e+00
-7.523204689789952937e-02 3.343818329321832206e+00
-7.327796775769424009e-02 2.968183462047031540e+00
-7.132388861748895081e-02 3.051740526004358411e+00
-6.936980947728388358e-02 2.729016699919823097e+00
-6.741573033707881635e-02 2.634778535263912147e+00
-6.546165119687352707e-02 3.194464304422686141e+00
-6.350757205666823779e-02 3.484063703279507873e+00
-6.155349291646317056e-02 3.587782946453182298e+00
-5.959941377625810333e-02 3.532759958270073053e+00
-5.764533463605281405e-02 3.184654913833609768e+00
-5.569125549584752477e-02 3.178497512580887197e+00
-5.373717635564245754e-02 3.583410761935436284e+00
-5.178309721543739030e-02 3.428200856298999621e+00
-4.982901807523210103e-02 2.890895825307905120e+00
-4.787493893502681175e-02 2.952299217588389091e+00
-4.592085979482174452e-02 3.387179760137106754e+00
-4.396678065461667728e-02 3.287351645153749224e+00
-4.201270151441138800e-02 3.065506437535794326e+00
-4.005862237420609873e-02 2.930802667990031196e+00
-3.810454323400103149e-02 3.377194669171019292e+00
-3.615046409379596426e-02 3.374409050101921270e+00
-3.419638495359067498e-02 3.267545987882407577e+00
-3.224230581338538570e-02 3.246995573513368871e+00
-3.028822667318031847e-02 3.423881505193268282e+00
-2.833414753297525124e-02 3.373192170077236707e+00
-2.638006839276996196e-02 2.870561895047225143e+00
-2.442598925256467268e-02 2.537223601859301070e+00
-2.247191011235960545e-02 2.334075170588121750e+00
-2.051783097215453822e-02 2.523692461640871798e+00
-1.856375183194924894e-02 2.722072138835265775e+00
-1.660967269174395966e-02 2.876298323457119110e+00
-1.465559355153889243e-02 3.338029613157333486e+00
-1.270151441133382519e-02 3.315047276820681343e+00
-1.074743527112853592e-02 2.801128138120047684e+00
-8.793356130923246639e-03 2.849567508701116303e+00
-6.839276990718179405e-03 3.269093476452575420e+00
-4.885197850513112172e-03 3.329285113937942686e+00
-2.931118710307822894e-03 3.397710549108277522e+00
-9.770395701025336166e-04 3.010826569557838006e+00
9.770395701025336166e-04 3.009658541053601866e+00
2.931118710307600850e-03 3.383330464571215224e+00
4.885197850512668083e-03 3.421748086216944262e+00
6.839276990718179405e-03 3.316436409374018623e+00
8.793356130923246639e-03 3.222563629079814973e+00
1.074743527112831387e-02 3.363355902585034585e+00
1.270151441133382519e-02 2.944525760606626630e+00
1.465559355153889243e-02 3.363208973357881160e+00
1.660967269174395966e-02 3.748738143727346817e+00
1.856375183194902689e-02 3.607577676442879078e+00
2.051783097215409413e-02 2.701079710467687356e+00
2.247191011235960545e-02 2.261841685573870553e+00
2.442598925256467268e-02 2.572363839416980102e+00
2.638006839276973992e-02 2.580142643900384947e+00
2.833414753297525124e-02 3.061143983229532406e+00
3.028822667318031847e-02 2.851889353297196283e+00
3.224230581338538570e-02 2.745676671796130730e+00
3.419638495359045294e-02 2.726806288074443696e+00
3.615046409379552017e-02 2.960540300982754669e+00
3.810454323400103149e-02 3.036892875505055933e+00
4.005862237420609873e-02 3.571797162929957192e+00
4.201270151441116596e-02 3.959379081539143641e+00
4.396678065461667728e-02 3.437945053512217797e+00
4.592085979482174452e-02 2.971990185399989493e+00
4.787493893502681175e-02 2.809915615189085170e+00
4.982901807523187898e-02 3.274235688882534134e+00
5.178309721543694621e-02 3.345326721794040115e+00
5.373717635564245754e-02 3.173306135881359680e+00
5.569125549584752477e-02 3.124944939273059497e+00
5.764533463605259200e-02 3.022188129047072458e+00
5.959941377625810333e-02 3.047786292479344183e+00
6.155349291646317056e-02 2.618113104765230403e+00
6.350757205666823779e-02 2.593274253028834853e+00
6.546165119687330503e-02 2.466337550603045603e+00
6.741573033707837226e-02 2.799633070621360798e+00
6.936980947728388358e-02 3.439830317558449480e+00
7.132388861748895081e-02 3.520160439372271188e+00
7.327796775769401805e-02 3.655685757491767163e+00
7.523204689789952937e-02 3.518687669663941975e+00
7.718612603810459660e-02 3.220846940230829070e+00
7.914020517830966384e-02 3.174493989939327854e+00
8.109428431851473107e-02 3.248158761822079743e+00
8.304836345871979830e-02 3.048471308665972934e+00
8.500244259892530962e-02 2.596082316530241130e+00
8.695652173913037686e-02 2.577459080896350230e+00
8.891060087933544409e-02 2.999379372637127172e+00
9.086468001954095541e-02 2.949976323821130730e+00
9.281875915974602265e-02 3.061885235243486658e+00
9.477283829995108988e-02 3.421995260333850375e+00
9.672691744015615711e-02 3.349595749419739477e+00
9.868099658036122435e-02 3.218188354457252487e+00
1.006350757205667357e-01 3.079462824222254369e+00
1.025891548607718029e-01 3.047186245826646100e+00
1.045432340009768701e-01 3.304816613388830593e+00
1.064973131411823815e-01 2.790275385111623763e+00
1.084513922813874487e-01 2.689961825424953101e+00
1.104054714215925159e-01 3.039983709024973724e+00
1.123595505617975832e-01 3.529855755084919000e+00
1.143136297020026504e-01 3.703837030417474807e+00
1.162677088422081617e-01 3.257045789790268930e+00
1.182217879824132289e-01 2.918440304454592571e+00
1.201758671226182962e-01 3.355283510094201560e+00
1.221299462628238075e-01 3.015697930271387328e+00
1.240840254030288747e-01 2.684822016810444634e+00
1.260381045432339420e-01 2.671634246640941068e+00
1.279921836834390092e-01 2.637612693385826379e+00
1.299462628236440764e-01 2.976754512892960669e+00
1.319003419638495878e-01 3.407508344766768005e+00
1.338544211040546550e-01 3.543545778095185561e+00
1.358085002442597222e-01 3.087489146029185338e+00
1.377625793844652335e-01 3.052267411519086870e+00
1.397166585246703008e-01 2.666455325511773111e+00
1.416707376648753680e-01 3.147352149092634832e+00
1.436248168050804352e-01 3.535239842049464176e+00
1.455788959452855025e-01 3.543333442193841609e+00
1.475329750854910138e-01 3.136082105917012530e+00
1.494870542256960810e-01 2.937509172488705467e+00
1.514411333659011483e-01 2.871871361831932479e+00
1.533952125061066596e-01 2.776175881748434993e+00
1.553492916463117268e-01 2.681439785977405066e+00
1.573033707865167941e-01 2.746006633445060352e+00
1.592574499267218613e-01 2.886699898512437024e+00
1.612115290669269285e-01 3.299757108469278499e+00
1.631656082071324398e-01 3.484357945419793712e+00
1.651196873473375071e-01 3.292737901163311331e+00
1.670737664875425743e-01 3.337544772638556534e+00
1.690278456277480856e-01 3.289311789717903167e+00
1.709819247679531529e-01 3.374997933497387415e+00
1.729360039081582201e-01 3.321200967937410375e+00
1.748900830483632873e-01 2.934295848191129430e+00
1.768441621885683546e-01 2.646266599204340597e+00
1.787982413287738659e-01 3.440928531666488155e+00
1.807523204689789331e-01 3.183325005898320903e+00
1.827063996091840004e-01 2.380152690034716745e+00
1.846604787493895117e-01 2.820600445170193815e+00
1.866145578895945789e-01 2.801124245861226214e+00
1.885686370297996461e-01 2.441210000170642047e+00
1.905227161700047134e-01 2.490780343069861402e+00
1.924767953102097806e-01 2.595854133668089148e+00
1.944308744504152919e-01 3.148946482045795747e+00
1.963849535906203592e-01 3.532206990286487880e+00
1.983390327308254264e-01 3.314576699827108008e+00
2.002931118710309377e-01 3.127062740772160510e+00
2.022471910112360050e-01 2.947491680364376698e+00
2.042012701514410722e-01 2.957969935404274331e+00
2.061553492916461394e-01 3.107440343502352320e+00
2.081094284318512067e-01 3.022747963874648391e+00
2.100635075720567180e-01 2.998349702771236025e+00
2.120175867122617852e-01 3.167386098519830551e+00
2.139716658524668524e-01 2.896055864571213334e+00
2.159257449926723638e-01 2.392085114792536604e+00
2.178798241328774310e-01 2.339287244051896586e+00
2.198339032730824982e-01 2.390950526630320372e+00
2.217879824132875655e-01 2.231418552391696508e+00
2.237420615534926327e-01 2.210385898846205954e+00
2.256961406936981440e-01 2.354898853779238799e+00
2.276502198339032113e-01 2.173209123201820248e+00
2.296042989741082785e-01 2.425103484203810389e+00
2.315583781143137898e-01 2.969319512415374618e+00
2.335124572545188570e-01 2.923298500706046354e+00
2.354665363947239243e-01 3.243452421664349661e+00
2.374206155349289915e-01 3.432441112471880107e+00
2.393746946751340587e-01 3.158583481067655185e+00
2.413287738153395701e-01 2.796223219609952348e+00
2.432828529555446373e-01 2.510524477854142233e+00
2.452369320957497045e-01 2.354051362185705099e+00
2.471910112359552159e-01 2.546521347197720608e+00
2.491450903761602831e-01 2.599835598987957574e+00
2.510991695163653503e-01 2.668794422429422220e+00
2.530532486565704176e-01 2.971937356441041622e+00
2.550073277967754848e-01 3.171874513946602470e+00
2.569614069369809961e-01 2.951040871784019970e+00
2.589154860771860633e-01 2.730702244094293185e+00
2.608695652173911306e-01 2.776160075893389312e+00
2.628236443575966419e-01 2.638779737517895629e+00
2.647777234978017091e-01 2.761453307804926816e+00
2.667318026380067764e-01 2.930527350018860666e+00
2.686858817782118436e-01 3.291861246919820516e+00
2.706399609184169108e-01 2.975735094129821512e+00
2.725940400586224222e-01 2.706065173470002083e+00
2.745481191988274894e-01 2.980164213722522604e+00
2.765021983390325566e-01 3.628411528123497654e+00
2.784562774792380679e-01 3.903875988853735546e+00
2.804103566194431352e-01 3.140736779263669121e+00
2.823644357596482024e-01 3.113673317191985035e+00
2.843185148998532696e-01 3.289123846188670264e+00
2.862725940400583369e-01 3.138197631150661415e+00
2.882266731802638482e-01 3.009449675765684340e+00
2.901807523204689154e-01 2.845114720286370691e+00
2.921348314606739827e-01 2.715252831956491697e+00
2.940889106008794940e-01 2.826368125494806982e+00
2.960429897410845612e-01 3.106224654643992444e+00
2.979970688812896285e-01 2.998143357344562610e+00
2.999511480214946957e-01 2.662493216147800990e+00
3.019052271616997629e-01 2.414313389130507304e+00
3.038593063019052742e-01 2.727179312871410133e+00
3.058133854421103415e-01 2.841461461650208520e+00
3.077674645823154087e-01 2.855367870788581008e+00
3.097215437225209200e-01 3.001556748622909332e+00
3.116756228627259873e-01 3.095890444773539141e+00
3.136297020029310545e-01 3.171220444137545336e+00
3.155837811431361217e-01 2.945854084178907151e+00
3.175378602833411890e-01 3.270819915667220634e+00
3.194919394235467003e-01 3.546885264149119976e+00
3.214460185637517675e-01 3.147880898736552968e+00
3.234000977039568347e-01 2.904157233950542150e+00
3.253541768441623461e-01 2.702075291775375199e+00
3.273082559843674133e-01 2.399245572584496777e+00
3.292623351245724805e-01 3.119301922277534445e+00
3.312164142647775478e-01 3.663046138032753696e+00
3.331704934049826150e-01 3.091867738350675854e+00
3.351245725451881263e-01 2.561232477459940426e+00
3.370786516853931936e-01 2.515985610736918510e+00
3.390327308255982608e-01 2.736031737446842360e+00
3.409868099658037721e-01 3.212896682012534200e+00
3.429408891060088393e-01 3.281274920989984967e+00
3.448949682462139066e-01 3.263081009735854465e+00
3.468490473864189738e-01 2.531359678206690056e+00
3.488031265266240410e-01 2.300046436528987215e+00
3.507572056668295524e-01 2.603547962731389109e+00
3.527112848070346196e-01 2.846018608582671749e+00
3.546653639472396868e-01 2.869287385605800988e+00
3.566194430874451982e-01 3.085061094201362764e+00
3.585735222276502654e-01 2.966994169039222751e+00
3.605276013678553326e-01 2.971039932626030833e+00
3.624816805080603999e-01 2.709530851206774393e+00
3.644357596482654671e-01 2.501782502466720626e+00
3.663898387884709784e-01 2.560423130165091266e+00
3.683439179286760456e-01 2.603155333502430224e+00
3.702979970688811129e-01 2.756808125714814928e+00
3.722520762090866242e-01 2.999185531963442397e+00
3.742061553492916914e-01 2.834150960844262102e+00
3.761602344894967587e-01 3.007235142710892983e+00
3.781143136297018259e-01 2.990071641862214857e+00
3.800683927699068931e-01 2.974358978808732346e+00
3.820224719101124045e-01 3.178049263679563641e+00
3.839765510503174717e-01 2.972979758607406708e+00
3.859306301905225389e-01 2.604828150999302760e+00
3.878847093307280502e-01 2.862126009061948473e+00
3.898387884709331175e-01 2.976838985526397252e+00
3.917928676111381847e-01 2.693208201675747482e+00
3.937469467513432519e-01 2.843783518432058788e+00
3.957010258915483192e-01 3.084710825697996039e+00
3.976551050317538305e-01 3.115618866582425817e+00
3.996091841719588977e-01 2.922377708357336346e+00
4.015632633121639650e-01 3.149334579161310543e+00
4.035173424523694763e-01 3.012293906651982045e+00
4.054714215925745435e-01 2.674618083389415535e+00
4.074255007327796108e-01 2.962409657392038209e+00
4.093795798729846780e-01 3.314358320458892226e+00
4.113336590131897452e-01 3.609985149008349659e+00
4.132877381533952565e-01 3.509654677285975133e+00
4.152418172936003238e-01 3.241051226488832704e+00
4.171958964338053910e-01 3.004949748004439147e+00
4.191499755740109023e-01 2.917140408194020651e+00
4.211040547142159696e-01 3.051031346844203185e+00
4.230581338544210368e-01 2.863450892061369935e+00
4.250122129946261040e-01 3.107061420509787286e+00
4.269662921348311713e-01 3.310557045577322999e+00
4.289203712750366826e-01 3.096421072583925849e+00
4.308744504152417498e-01 3.004109714302338752e+00
4.328285295554468171e-01 2.966305713747370287e+00
4.347826086956523284e-01 3.287262819684659387e+00
4.367366878358573956e-01 3.208808849407695618e+00
4.386907669760624628e-01 3.022001570536871462e+00
4.406448461162675301e-01 2.878537626518617554e+00
4.425989252564725973e-01 2.163755707814120299e+00
4.445530043966781086e-01 2.139589597090754580e+00
4.465070835368831759e-01 2.762646619017120386e+00
4.484611626770882431e-01 3.102356102590290821e+00
4.504152418172937544e-01 2.956038314025875025e+00
4.523693209574988217e-01 2.768136811970633548e+00
4.543234000977038889e-01 3.004911482420922209e+00
4.562774792379089561e-01 3.506855536398010731e+00
4.582315583781140234e-01 3.507150978483942083e+00
4.601856375183195347e-01 3.428680754941326736e+00
4.621397166585246019e-01 3.115379706282164207e+00
4.640937957987296691e-01 3.050558677687726039e+00
4.660478749389351805e-01 3.135512069448788353e+00
4.680019540791402477e-01 3.195667696763425880e+00
4.699560332193453149e-01 3.006866358104822279e+00
4.719101123595503822e-01 2.983844701187746029e+00
4.738641914997554494e-01 3.484087418179436124e+00
4.758182706399609607e-01 3.161249145314118270e+00
4.777723497801660280e-01 2.970602325806872113e+00
4.797264289203710952e-01 3.142997075640343141e+00
4.816805080605766065e-01 2.741981581134890877e+00
4.836345872007816737e-01 2.915168635464326030e+00
4.855886663409867410e-01 3.390338559824897402e+00
4.875427454811918082e-01 3.374548581362211142e+00
4.894968246213968754e-01 2.912643178849718240e+00
4.914509037616023868e-01 2.508070714363821008e+00
4.934049829018074540e-01 2.323204538464906044e+00
4.953590620420125212e-01 2.925643036589812951e+00
4.973131411822180326e-01 3.473593865776266831e+00
4.992672203224230998e-01 3.807453781972917728e+00
5.012212994626281670e-01 3.823723721458767599e+00
5.031753786028332343e-01 3.086047407358723405e+00
5.051294577430383015e-01 3.022243221025629367e+00
5.070835368832438128e-01 3.508046434830299987e+00
5.090376160234488800e-01 3.410434114571338604e+00
5.109916951636539473e-01 2.871272297546114238e+00
5.129457743038594586e-01 2.830998269739615214e+00
5.148998534440645258e-01 3.028396234837607004e+00
5.168539325842695931e-01 3.338485871422746776e+00
5.188080117244746603e-01 3.618847635830801046e+00
5.207620908646797275e-01 3.475609578832423718e+00
5.227161700048852389e-01 3.121004464663901246e+00
5.246702491450903061e-01 3.420657468878074869e+00
5.266243282852953733e-01 3.614330708245476753e+00
5.285784074255008846e-01 3.064881010999045419e+00
5.305324865657059519e-01 2.899634531490184131e+00
5.324865657059110191e-01 2.873149174682442464e+00
5.344406448461160863e-01 2.649472913072636882e+00
5.363947239863211536e-01 2.474243332902626769e+00
5.383488031265266649e-01 2.576957850356147439e+00
5.403028822667317321e-01 3.170191108670699531e+00
5.422569614069367994e-01 3.566516239013041822e+00
5.442110405471423107e-01 3.564840483874107235e+00
5.461651196873473779e-01 3.330797400967294042e+00
5.481191988275524452e-01 3.045350202636854853e+00
5.500732779677575124e-01 2.951355462890633774e+00
5.520273571079625796e-01 2.721336642066170874e+00
5.539814362481680909e-01 3.098093824755024706e+00
5.559355153883731582e-01 3.422116999714904129e+00
5.578895945285782254e-01 3.100286467311124117e+00
5.598436736687837367e-01 3.440728266633130694e+00
5.617977528089888040e-01 3.264397858118465834e+00
5.637518319491938712e-01 2.633584740584212103e+00
5.657059110893989384e-01 2.971734926813920374e+00
5.676599902296040057e-01 2.838346685478381204e+00
5.696140693698095170e-01 3.080655517248524600e+00
5.715681485100145842e-01 2.785240736986142718e+00
5.735222276502196515e-01 2.654638404110287286e+00
5.754763067904251628e-01 2.802377694275070663e+00
5.774303859306302300e-01 2.791305454210003312e+00
5.793844650708352972e-01 2.642964807016988438e+00
5.813385442110403645e-01 3.080397649492390144e+00
5.832926233512454317e-01 2.911135917389735539e+00
5.852467024914509430e-01 2.417146739401144107e+00
5.872007816316560103e-01 2.813074284119970070e+00
5.891548607718610775e-01 3.002358179125547810e+00
5.911089399120665888e-01 3.456683325269932716e+00
5.930630190522716561e-01 3.595659815858446962e+00
5.950170981924767233e-01 3.053109983629882507e+00
5.969711773326817905e-01 2.572699873595813536e+00
5.989252564728868578e-01 2.696671997400032161e+00
6.008793356130923691e-01 3.034106203924560763e+00
6.028334147532974363e-01 3.173103853488558279e+00
6.047874938935025035e-01 3.289810244512070270e+00
6.067415730337080149e-01 2.728215439736522363e+00
6.086956521739130821e-01 2.501558052858829484e+00
6.106497313141181493e-01 2.736564528875093494e+00
6.126038104543232166e-01 2.625262549575984927e+00
6.145578895945282838e-01 2.420857271300251412e+00
6.165119687347337951e-01 2.784687756882734178e+00
6.184660478749388623e-01 2.471831106199473105e+00
6.204201270151439296e-01 2.332029350593942674e+00
6.223742061553494409e-01 2.474470251644559582e+00
6.243282852955545081e-01 2.670502811157927425e+00
6.262823644357595754e-01 3.019953801591185982e+00
6.282364435759646426e-01 3.033378752299499048e+00
6.301905227161697098e-01 3.405287845874594321e+00
6.321446018563752212e-01 3.076172725725017099e+00
6.340986809965802884e-01 3.110291191451127091e+00
6.360527601367853556e-01 2.811734691672889142e+00
6.380068392769908669e-01 2.466822627592010875e+00
6.399609184171959342e-01 2.550614378998081744e+00
6.419149975574010014e-01 2.480388813969923056e+00
6.438690766976060686e-01 2.491746406071865039e+00
6.458231558378111359e-01 2.442010335962260914e+00
6.477772349780166472e-01 2.277663918344255745e+00
6.497313141182217144e-01 2.609884459448659655e+00
6.516853932584267817e-01 2.410546190137438760e+00
6.536394723986322930e-01 2.362212403418419981e+00
6.555935515388373602e-01 2.382001953298440444e+00
6.575476306790424275e-01 2.505185719883092688e+00
6.595017098192474947e-01 2.075004845629039529e+00
6.614557889594525619e-01 2.138172298170143204e+00
6.634098680996580732e-01 2.268344278196084751e+00
6.653639472398631405e-01 2.416803919936042711e+00
6.673180263800682077e-01 2.469161598141245584e+00
6.692721055202737190e-01 2.328233478503201948e+00
6.712261846604787863e-01 2.431935975802320016e+00
6.731802638006838535e-01 2.579105290988681354e+00
6.751343429408889207e-01 2.425998618662994932e+00
6.770884220810939880e-01 2.693107504596728319e+00
6.790425012212994993e-01 2.733104901108979856e+00
6.809965803615045665e-01 2.249772974182557839e+00
6.829506595017096338e-01 2.307126785748619735e+00
6.849047386419151451e-01 2.571440536828584200e+00
6.868588177821202123e-01 2.769930567435898716e+00
6.888128969223252795e-01 2.852676441720464418e+00
6.907669760625303468e-01 2.656662348375538496e+00
6.927210552027354140e-01 2.312736427352491297e+00
6.946751343429409253e-01 2.442135175701303229e+00
6.966292134831459926e-01 2.948339116595062759e+00
6.985832926233510598e-01 2.711522305387458864e+00
7.005373717635565711e-01 1.946578714958085765e+00
7.024914509037616384e-01 2.410547952341175026e+00
7.044455300439667056e-01 2.433114742289362198e+00
7.063996091841717728e-01 2.115801422579405955e+00
7.083536883243768401e-01 1.969263637247893772e+00
7.103077674645823514e-01 1.895740226451027688e+00
7.122618466047874186e-01 1.781057686551190899e+00
7.142159257449924858e-01 2.199021948705724760e+00
7.161700048851979972e-01 2.214725201438870084e+00
7.181240840254030644e-01 1.843260922229963183e+00
7.200781631656081316e-01 1.807319224572093930e+00
7.220322423058131989e-01 1.580386722653966958e+00
7.239863214460182661e-01 1.639929887656756735e+00
7.259404005862237774e-01 1.778653299221226503e+00
7.278944797264288447e-01 1.887725746946458338e+00
7.298485588666339119e-01 1.882537798577340604e+00
7.318026380068394232e-01 1.751760805135916810e+00
7.337567171470444904e-01 1.964029993975424437e+00
7.357107962872495577e-01 2.104004943829998364e+00
7.376648754274546249e-01 1.489762239248112685e+00
7.396189545676596921e-01 1.599045040500723713e+00
7.415730337078652035e-01 1.992633741034044448e+00
7.435271128480702707e-01 2.297261635960121229e+00
7.454811919882753379e-01 2.392713829998121877e+00
7.474352711284808493e-01 2.241961979420276752e+00
7.493893502686859165e-01 1.851771375137211795e+00
7.513434294088909837e-01 1.853791743181507856e+00
7.532975085490960510e-01 1.470508292102344683e+00
7.552515876893011182e-01 9.141900522504052828e-01
7.572056668295066295e-01 1.139423975753506513e+00
7.591597459697116967e-01 1.723436443515265148e+00
7.611138251099167640e-01 1.887750798815341691e+00
7.630679042501222753e-01 1.605436304250837720e+00
7.650219833903273425e-01 1.205145255812133387e+00
7.669760625305324098e-01 9.545965592553902201e-01
7.689301416707374770e-01 1.436691149755807917e+00
7.708842208109425442e-01 1.382644956094585709e+00
7.728382999511480556e-01 1.492122918542666543e+00
7.747923790913531228e-01 1.567760880584684546e+00
7.767464582315581900e-01 1.426171270888099363e+00
7.787005373717637013e-01 1.289870149222197560e+00
7.806546165119687686e-01 1.525566326404686368e+00
7.826086956521738358e-01 1.503159757550568409e+00
7.845627747923789030e-01 1.171816805261258976e+00
7.865168539325839703e-01 8.601299149201679928e-01
7.884709330727894816e-01 5.282840890775579723e-01
7.904250122129945488e-01 7.476246402294954851e-01
7.923790913531996161e-01 1.029554085578736178e+00
7.943331704934051274e-01 1.122332795184187493e+00
7.962872496336101946e-01 8.535385869970958383e-01
7.982413287738152619e-01 6.879522463222098594e-01
8.001954079140203291e-01 8.786713207706045026e-01
8.021494870542253963e-01 5.499439711489216842e-01
8.041035661944309076e-01 5.459378335572576679e-01
8.060576453346359749e-01 8.624672854591017845e-01
8.080117244748410421e-01 8.210985869985962804e-01
8.099658036150465534e-01 5.197612945291087971e-01
8.119198827552516207e-01 7.495567021854486756e-01
8.138739618954566879e-01 9.639200340578685244e-01
8.158280410356617551e-01 1.025553773815584435e+00
8.177821201758668224e-01 6.346918957408160811e-01
8.197361993160723337e-01 5.745210349787517323e-01
8.216902784562774009e-01 9.921372930245706545e-01
8.236443575964824682e-01 7.697406903620451768e-01
8.255984367366879795e-01 3.243892201221259541e-01
8.275525158768930467e-01 -3.868429413413370099e-01
8.295065950170981139e-01 -3.729405126478665400e-01
8.314606741573031812e-01 1.110365417611422489e-01
8.334147532975082484e-01 7.583284918259543261e-02
8.353688324377137597e-01 -4.255123410567346331e-02
8.373229115779188270e-01 8.136933260552992042e-02
8.392769907181238942e-01 -3.661842363793364058e-02
8.412310698583294055e-01 4.734577074798851370e-02
8.431851489985344728e-01 -3.730374702513080676e-01
8.451392281387395400e-01 -3.367510243022371341e-01
8.470933072789446072e-01 -4.176467776868239556e-02
8.490473864191496745e-01 -2.929980453741052315e-01
8.510014655593551858e-01 -2.446809655484291635e-01
8.529555446995602530e-01 -1.721437870244819646e-01
8.549096238397653202e-01 -2.474177375053403238e-01
8.568637029799708316e-01 -1.233136052030419927e-01
8.588177821201758988e-01 -4.423440432864633731e-01
8.607718612603809660e-01 -1.027651490518767918e+00
8.627259404005860333e-01 -8.884797701278929205e-01
8.646800195407911005e-01 -8.412665742111826717e-01
8.666340986809966118e-01 -1.087585732518309145e+00
8.685881778212016791e-01 -1.100941882173757325e+00
8.705422569614067463e-01 -1.347070706604426960e+00
8.724963361016122576e-01 -1.138213145048363906e+00
8.744504152418173248e-01 -9.975891696417544807e-01
8.764044943820223921e-01 -1.117177594510488925e+00
8.783585735222274593e-01 -1.018131765945281986e+00
8.803126526624325265e-01 -1.329834248534414787e+00
8.822667318026380379e-01 -1.750962799675872539e+00
8.842208109428431051e-01 -1.643406238813732489e+00
8.861748900830481723e-01 -1.282386679007353703e+00
8.881289692232536837e-01 -1.549523356738147672e+00
8.900830483634587509e-01 -1.802556955031935582e+00
8.920371275036638181e-01 -1.521664243302079944e+00
8.939912066438688854e-01 -1.778100493002245708e+00
8.959452857840739526e-01 -1.973945573720193192e+00
8.978993649242794639e-01 -1.713504851125153605e+00
8.998534440644845311e-01 -1.343158965666039206e+00
9.018075232046895984e-01 -1.299355463908486774e+00
9.037616023448951097e-01 -1.597313089303584954e+00
9.057156814851001769e-01 -1.828783537505263013e+00
9.076697606253052442e-01 -2.158636147086440360e+00
9.096238397655103114e-01 -2.187541715921957231e+00
9.115779189057153786e-01 -2.027920272297055071e+00
9.135319980459208900e-01 -2.470104316338098016e+00
9.154860771861259572e-01 -2.482270745934283429e+00
9.174401563263310244e-01 -2.128479308522214897e+00
9.193942354665365357e-01 -2.248877277139465392e+00
9.213483146067416030e-01 -2.273909944636948399e+00
9.233023937469466702e-01 -1.978201345722354842e+00
9.252564728871517374e-01 -2.142630914291261846e+00
9.272105520273568047e-01 -2.195047102597531996e+00
9.291646311675623160e-01 -2.518313348576808330e+00
9.311187103077673832e-01 -2.935492256042675496e+00
9.330727894479724505e-01 -2.835501185566675630e+00
9.350268685881779618e-01 -2.618861392523966103e+00
9.369809477283830290e-01 -3.046980049183417805e+00
9.389350268685880962e-01 -3.485833612748289845e+00
9.408891060087931635e-01 -3.749806805082622763e+00
9.428431851489982307e-01 -3.196818799812423784e+00
9.447972642892037420e-01 -2.998205657428769211e+00
9.467513434294088093e-01 -3.210910944138447132e+00
9.487054225696138765e-01 -3.504558268037593738e+00
9.506595017098193878e-01 -3.819665024745386717e+00
9.526135808500244551e-01 -3.720550297194394229e+00
9.545676599902295223e-01 -3.882512203641781401e+00
9.565217391304345895e-01 -4.189490994349835518e+00
9.584758182706396568e-01 -4.291520470916449170e+00
9.604298974108451681e-01 -3.905272709402811682e+00
9.623839765510502353e-01 -3.811684722637988632e+00
9.643380556912553025e-01 -3.877778975803014117e+00
9.662921348314608139e-01 -4.301236292426844798e+00
9.682462139716658811e-01 -4.075646576439425850e+00
9.702002931118709483e-01 -3.671622975896729368e+00
9.721543722520760156e-01 -3.874611549191161686e+00
9.741084513922810828e-01 -4.684549707629919624e+00
9.760625305324865941e-01 -4.752136462675519368e+00
9.780166096726916614e-01 -4.774711026780867229e+00
9.799706888128967286e-01 -4.946621779105942807e+00
9.819247679531022399e-01 -5.118819117780897265e+00
9.838788470933073071e-01 -5.427429314181244635e+00
9.858329262335123744e-01 -5.402530446980641443e+00
9.877870053737174416e-01 -5.300454945881449831e+00
9.897410845139225088e-01 -5.065686547334639300e+00
9.916951636541280202e-01 -5.378907326826589674e+00
9.936492427943330874e-01 -5.438523867841821513e+00
9.956033219345381546e-01 -5.256658637331010908e+00
9.975574010747436660e-01 -5.709436102814004599e+00
9.995114802149487332e-01 -5.829672886509868590e+00
1.001465559355153800e+00 -5.872357409281152130e+00
1.003419638495358868e+00 -6.069007717739082430e+00
1.005373717635563935e+00 -5.826863926616151268e+00
1.007327796775769446e+00 -5.529863760529993399e+00
1.009281875915974513e+00 -5.530898463645850249e+00
1.011235955056179581e+00 -5.341159986847458185e+00
1.013190034196385092e+00 -5.272067116921768104e+00
1.015144113336590159e+00 -4.875254768721344334e+00
1.017098192476795226e+00 -5.582862678607442675e+00
1.019052271617000294e+00 -5.686912010567457543e+00
1.021006350757205361e+00 -5.100623846942374584e+00
1.022960429897410872e+00 -4.827098212823194956e+00
1.024914509037615939e+00 -4.678591000007775946e+00
1.026868588177821007e+00 -4.442510109802862317e+00
1.028822667318026518e+00 -4.151948313093948073e+00
1.030776746458231585e+00 -3.804416852504535207e+00
1.032730825598436653e+00 -3.825560159947096750e+00
1.034684904738641720e+00 -3.670106626888285373e+00
1.036638983878846787e+00 -3.846935024428877359e+00
1.038593063019052298e+00 -3.978859175494784406e+00
1.040547142159257366e+00 -3.873973975938080017e+00
1.042501221299462433e+00 -3.972258846311879310e+00
1.044455300439667944e+00 -3.853266907011518416e+00
1.046409379579873011e+00 -3.645086587267569289e+00
1.048363458720078079e+00 -3.575188325819453894e+00
1.050317537860283146e+00 -3.668508312431772556e+00
1.052271617000488213e+00 -3.385375444263575950e+00
1.054225696140693724e+00 -3.326904019454417938e+00
1.056179775280898792e+00 -3.360516642305590551e+00
1.058133854421103859e+00 -3.215550821814901372e+00
1.060087933561309370e+00 -3.348464478181883308e+00
1.062042012701514437e+00 -2.815902018438181553e+00
1.063996091841719505e+00 -2.355183184108525118e+00
1.065950170981924572e+00 -2.353567769305533464e+00
1.067904250122129639e+00 -2.377341733966310766e+00
1.069858329262335150e+00 -2.399398540107827049e+00
1.071812408402540218e+00 -2.442219564717645230e+00
1.073766487542745285e+00 -2.870215433433460639e+00
1.075720566682950796e+00 -3.086966859143149389e+00
1.077674645823155863e+00 -3.058733113737928111e+00
1.079628724963360931e+00 -3.012702176484873373e+00
1.081582804103565998e+00 -2.632581524892829705e+00
1.083536883243771065e+00 -2.110581517713440824e+00
1.085490962383976576e+00 -2.337741225227750519e+00
1.087445041524181644e+00 -2.544689356886211673e+00
1.089399120664386711e+00 -2.474498581580497181e+00
1.091353199804592222e+00 -1.796973893776153464e+00
1.093307278944797289e+00 -1.529019156070826391e+00
1.095261358085002357e+00 -2.099142384225147318e+00
1.097215437225207424e+00 -2.195235263137659931e+00
1.099169516365412491e+00 -2.029760677294034199e+00
1.101123595505618002e+00 -1.543295756228938442e+00
1.103077674645823070e+00 -1.286931753551244562e+00
1.105031753786028137e+00 -1.260602701837761019e+00
1.106985832926233648e+00 -1.402473257326524392e+00
1.108939912066438715e+00 -1.923613044670497096e+00
1.110893991206643783e+00 -1.665143268244336783e+00
1.112848070346848850e+00 -1.146654966841560208e+00
1.114802149487053917e+00 -8.327622484392116498e-01
1.116756228627259429e+00 -1.237858753495013842e+00
1.118710307767464496e+00 -1.357615415562838601e+00
1.120664386907669563e+00 -1.177431868947467652e+00
1.122618466047875074e+00 -1.525263271015435906e+00
1.124572545188080142e+00 -9.850724328187929757e-01
1.126526624328285209e+00 -7.876099934337043029e-01
1.128480703468490276e+00 -1.313736108662362678e+00
1.130434782608695343e+00 -1.332262005576623221e+00
1.132388861748900855e+00 -4.525877944720632651e-01
1.134342940889105922e+00 -2.978403082720985640e-01
1.136297020029310989e+00 -3.257758822188617787e-01
1.138251099169516500e+00 -3.486088602664328406e-01
1.140205178309721568e+00 -7.056871488580312990e-01
1.142159257449926635e+00 -4.695735146423186124e-01
1.144113336590131702e+00 -3.616287572971322861e-01
1.146067415730336769e+00 -6.839125280543811858e-01
1.148021494870542281e+00 -9.926221898142746358e-01
1.149975574010747348e+00 -8.189749299050588238e-01
1.151929653150952415e+00 -2.621498678636046686e-01
1.153883732291157926e+00 1.957287775825486131e-01
1.155837811431362994e+00 1.276504741687740918e-01
1.157791890571568061e+00 -5.385271616207536471e-01
1.159745969711773128e+00 -2.948653651829173383e-01
1.161700048851978195e+00 3.929956068177915818e-02
1.163654127992183707e+00 -6.204354852751516047e-02
1.165608207132388774e+00 -5.426403208938233025e-01
1.167562286272593841e+00 -2.651454928488365947e-01
1.169516365412799352e+00 -1.282156793979370157e-01
1.171470444553004420e+00 -1.978978715493923402e-01
1.173424523693209487e+00 -6.278925780612766572e-02
1.175378602833414554e+00 -4.851857887511483447e-02
1.177332681973619621e+00 -1.880372535437564996e-01
1.179286761113825133e+00 -3.266832471718996711e-01
1.181240840254030200e+00 -1.593610687338481088e-02
1.183194919394235267e+00 2.557867054167590193e-01
1.185148998534440778e+00 1.588735593949808789e-01
1.187103077674645846e+00 2.358643691916489371e-01
1.189057156814850913e+00 4.421657040124659654e-01
1.191011235955055980e+00 5.230669166752630606e-01
1.192965315095261047e+00 4.374546496604263535e-01
1.194919394235466559e+00 1.399906313077687314e-01
1.196873473375671626e+00 4.727260064485009350e-01
1.198827552515876693e+00 7.858603582232841500e-01
1.200781631656082205e+00 7.958576639508632145e-01
1.202735710796287272e+00 3.771730619122456996e-01
1.204689789936492339e+00 2.176377726253534983e-01
1.206643869076697406e+00 9.915761520949835095e-01
1.208597948216902473e+00 1.465344060155636896e+00
1.210552027357107985e+00 8.073756685385214960e-01
1.212506106497313052e+00 4.620519913003703905e-01
1.214460185637518119e+00 5.498263719381322190e-01
1.216414264777723631e+00 8.034840627957295922e-01
1.218368343917928698e+00 8.615942427339482457e-01
1.220322423058133765e+00 8.882010660751343822e-01
1.222276502198338832e+00 9.145821802826609170e-01
1.224230581338543900e+00 8.515863735627209330e-01
1.226184660478749411e+00 1.158082748501324311e+00
1.228138739618954478e+00 1.136009672678530258e+00
1.230092818759159545e+00 1.134095217459837990e+00
1.232046897899365057e+00 6.526082856759847228e-01
1.234000977039570124e+00 8.888064843300544915e-01
1.235955056179775191e+00 1.342532277313747802e+00
1.237909135319980258e+00 1.468625194358212038e+00
1.239863214460185326e+00 1.350806842557667586e+00
1.241817293600390837e+00 1.290073881165078262e+00
1.243771372740595904e+00 1.647690687583833524e+00
1.245725451880800971e+00 2.091173485179824709e+00
1.247679531021006483e+00 1.725849893266553803e+00
1.249633610161211550e+00 1.396141733852679589e+00
1.251587689301416617e+00 1.361683729589085345e+00
1.253541768441621684e+00 1.320221206308268780e+00
1.255495847581826752e+00 1.397301108404316095e+00
1.257449926722032263e+00 1.541656840968531839e+00
1.259404005862237330e+00 1.067505577894427349e+00
1.261358085002442397e+00 1.663252160124113477e+00
1.263312164142647909e+00 1.900826111150486941e+00
1.265266243282852976e+00 1.799487183100473509e+00
1.267220322423058043e+00 1.675363325271912007e+00
1.269174401563263110e+00 1.689125947841838338e+00
1.271128480703468178e+00 1.949766419142078488e+00
1.273082559843673689e+00 1.551004851794084871e+00
1.275036638983878756e+00 1.402334965680385181e+00
1.276990718124083823e+00 1.996767579472889409e+00
1.278944797264289335e+00 2.275360979415394169e+00
1.280898876404494402e+00 2.145184649208810246e+00
1.282852955544699469e+00 2.038386272062503224e+00
1.284807034684904536e+00 2.341093281151091610e+00
1.286761113825109604e+00 2.829302946967640509e+00
1.288715192965315115e+00 2.474297608445800378e+00
1.290669272105520182e+00 2.271629108054248114e+00
1.292623351245725249e+00 2.726409501279529746e+00
1.294577430385930761e+00 2.344352130854052696e+00
1.296531509526135828e+00 1.968883182070620963e+00
1.298485588666340895e+00 2.394070113591129534e+00
1.300439667806545962e+00 2.466557880084040200e+00
1.302393746946751030e+00 2.318856631707514993e+00
1.304347826086956541e+00 2.525249639956719250e+00
1.306301905227161608e+00 1.962998474623459000e+00
1.308255984367366676e+00 2.013782628158375054e+00
1.310210063507572187e+00 2.062888712525829060e+00
1.312164142647777254e+00 2.097999523001917499e+00
1.314118221787982321e+00 2.738033538366583031e+00
1.316072300928187389e+00 2.777146012732273128e+00
1.318026380068392456e+00 2.509879089989375256e+00
1.319980459208597967e+00 1.892347117281176772e+00
1.321934538348803034e+00 1.568777785238115507e+00
1.323888617489008102e+00 2.124855422793666460e+00
1.325842696629213613e+00 2.158897876760354606e+00
1.327796775769418680e+00 2.247909285224425346e+00
1.329750854909623747e+00 2.785341594808266485e+00
1.331704934049828815e+00 2.597183443095016475e+00
1.333659013190033882e+00 2.451043374840153000e+00
1.335613092330239393e+00 2.402767528909755868e+00
1.337567171470444460e+00 2.248470045553670804e+00
1.339521250610649528e+00 2.901471525724881761e+00
1.341475329750855039e+00 2.941105496658574125e+00
1.343429408891060106e+00 2.661487996958840974e+00
1.345383488031265173e+00 2.680071507144865972e+00
1.347337567171470241e+00 2.775823602052607253e+00
1.349291646311675308e+00 2.844119583813514929e+00
1.351245725451880819e+00 2.621564809715606792e+00
1.353199804592085886e+00 2.784705298499978721e+00
1.355153883732290954e+00 3.391506262206851030e+00
1.357107962872496465e+00 2.808983317888690934e+00
1.359062042012701532e+00 2.312711466012490114e+00
1.361016121152906599e+00 2.483579107882047499e+00
1.362970200293111667e+00 2.577039677163373010e+00
1.364924279433316734e+00 2.685492216581917280e+00
1.366878358573522245e+00 2.939551065145286746e+00
1.368832437713727312e+00 2.744123653657901230e+00
1.370786516853932380e+00 2.555641789581737822e+00
1.372740595994137891e+00 2.784095013613796077e+00
1.374694675134342958e+00 2.676128817133712978e+00
1.376648754274548025e+00 2.614474753095363813e+00
1.378602833414753093e+00 2.607375046656852380e+00
1.380556912554958160e+00 2.816756733128777945e+00
1.382510991695163671e+00 3.134700880959522262e+00
1.384465070835368738e+00 3.061254270266431821e+00
1.386419149975573806e+00 2.982513311187754645e+00
1.388373229115779317e+00 2.689356185290252554e+00
1.390327308255984384e+00 2.369477796705153239e+00
1.392281387396189452e+00 2.340275605076851839e+00
1.394235466536394519e+00 2.966151483879979622e+00
1.396189545676599586e+00 3.191031770674607859e+00
1.398143624816805097e+00 2.746804182888149093e+00
1.400097703957010165e+00 2.749040004069740917e+00
1.402051783097215232e+00 3.025382808892854491e+00
1.404005862237420743e+00 3.310225126841704224e+00
1.405959941377625810e+00 3.031221660267211959e+00
1.407914020517830878e+00 3.013033719597712601e+00
1.409868099658035945e+00 3.397236059882764447e+00
1.411822178798241012e+00 3.341625178053020839e+00
1.413776257938446523e+00 3.207353350038839590e+00
1.415730337078651591e+00 3.094812660702925822e+00
1.417684416218856658e+00 2.593399533170687832e+00
1.419638495359062169e+00 2.510693322022356622e+00
1.421592574499267236e+00 2.711435259064882253e+00
1.423546653639472304e+00 2.868443646203213238e+00
1.425500732779677371e+00 3.188923765426525225e+00
1.427454811919882438e+00 3.140606693921122350e+00
1.429408891060087949e+00 2.554064561542899181e+00
1.431362970200293017e+00 2.779170967549496218e+00
1.433317049340498084e+00 3.436295585639469685e+00
1.435271128480703595e+00 3.153225089209534371e+00
1.437225207620908662e+00 3.398878133914930988e+00
1.439179286761113730e+00 3.118554353930387713e+00
1.441133365901318797e+00 2.986386961146556107e+00
1.443087445041523864e+00 3.376989976465429866e+00
1.445041524181729375e+00 3.339359806472860015e+00
1.446995603321934443e+00 3.457799860618395282e+00
1.448949682462139510e+00 3.459214426643708595e+00
1.450903761602345021e+00 3.369981859621274278e+00
1.452857840742550088e+00 3.243101101883536064e+00
1.454811919882755156e+00 3.037542629808255512e+00
1.456765999022960223e+00 3.009996892730444795e+00
1.458720078163165290e+00 3.559377635497213532e+00
1.460674157303370801e+00 3.423351769465970307e+00
1.462628236443575869e+00 3.297479688507493734e+00
1.464582315583780936e+00 3.026370369482849210e+00
1.466536394723986447e+00 2.691643558337562414e+00
1.468490473864191515e+00 2.591339166531787974e+00
1.470444553004396582e+00 2.713033307501655500e+00
1.472398632144601649e+00 2.968511657505725321e+00
1.474352711284806716e+00 3.093796034035429798e+00
1.476306790425012228e+00 2.770724007186959437e+00
1.478260869565217295e+00 3.089650254187698675e+00
1.480214948705422362e+00 3.467848403088373832e+00
1.482169027845627873e+00 3.321870051795491108e+00
1.484123106985832941e+00 3.096495424454844603e+00
1.486077186126038008e+00 3.312819965915695164e+00
1.488031265266243075e+00 3.424104857610688946e+00
1.489985344406448142e+00 3.177091419769985770e+00
1.491939423546653654e+00 2.930132559684026194e+00
1.493893502686858721e+00 2.680277437989712297e+00
1.495847581827063788e+00 2.823539932793572405e+00
1.497801660967269299e+00 3.212227470453471234e+00
1.499755740107474367e+00 2.605900482783798378e+00
1.501709819247679434e+00 2.557859691744695407e+00
1.503663898387884501e+00 2.724058420267196468e+00
1.505617977528089568e+00 2.925694844037908027e+00
1.507572056668295080e+00 3.198221511097640857e+00
1.509526135808500147e+00 3.228177720075275481e+00
1.511480214948705214e+00 3.098277255082031889e+00
1.513434294088910725e+00 2.897200708658698609e+00
1.515388373229115793e+00 2.719333411626485120e+00
1.517342452369320860e+00 3.091711137102778117e+00
1.519296531509525927e+00 3.265223673224195711e+00
1.521250610649730994e+00 3.329416862577090352e+00
1.523204689789936506e+00 3.220398915660080519e+00
1.525158768930141573e+00 3.126380526373778057e+00
1.527112848070346640e+00 3.141881107062808098e+00
1.529066927210552151e+00 3.333715358158651387e+00
1.531021006350757219e+00 2.687340182257058174e+00
1.532975085490962286e+00 2.810013630451585698e+00
1.534929164631167353e+00 3.119123469980180197e+00
1.536883243771372420e+00 3.007644539820161000e+00
1.538837322911577932e+00 3.034419701089095422e+00
1.540791402051782999e+00 2.866747465001784345e+00
1.542745481191988066e+00 2.845211543719495140e+00
1.544699560332193577e+00 2.816503602830484621e+00
1.546653639472398645e+00 2.669537126742666633e+00
1.548607718612603712e+00 2.717952368059848745e+00
1.550561797752808779e+00 3.039174028883395717e+00
1.552515876893013846e+00 3.532203274635704382e+00
1.554469956033219358e+00 3.127209898167472524e+00
1.556424035173424425e+00 3.105660956077986867e+00
1.558378114313629492e+00 3.302025454375106861e+00
1.560332193453835004e+00 3.077186505156306318e+00
1.562286272594040071e+00 3.282401632076049403e+00
1.564240351734245138e+00 3.361428287979879581e+00
1.566194430874450205e+00 3.497298167038255912e+00
1.568148510014655272e+00 3.177434190133020309e+00
1.570102589154860784e+00 3.188179217038988877e+00
1.572056668295065851e+00 3.310494459707238768e+00
1.574010747435270918e+00 2.887359341442604865e+00
1.575964826575476430e+00 2.881727428389333934e+00
1.577918905715681497e+00 3.174837198349713230e+00
1.579872984855886564e+00 3.518071125032568691e+00
1.581827063996091631e+00 3.218268544009109000e+00
1.583781143136296699e+00 2.677743703696251920e+00
1.585735222276502210e+00 2.701844936378550166e+00
1.587689301416707277e+00 2.861529014491742906e+00
1.589643380556912344e+00 2.666899788443189312e+00
1.591597459697117856e+00 3.003466852603592585e+00
1.593551538837322923e+00 2.855598511832999176e+00
1.595505617977527990e+00 2.804180094037702187e+00
1.597459697117733057e+00 3.177096921096205673e+00
1.599413776257938125e+00 3.597973455945136401e+00
1.601367855398143636e+00 3.445635328032635947e+00
1.603321934538348703e+00 3.358508183795738677e+00
1.605276013678553770e+00 3.419190123051782493e+00
1.607230092818759282e+00 3.249842758592297987e+00
1.609184171958964349e+00 3.289289264975081117e+00
1.611138251099169416e+00 3.517439502639343907e+00
1.613092330239374483e+00 3.663016387474442137e+00
1.615046409379579551e+00 3.205783157386077331e+00
1.617000488519785062e+00 3.487515247831540766e+00
1.618954567659990129e+00 3.721726520610291633e+00
1.620908646800195196e+00 3.007534571947312774e+00
1.622862725940400708e+00 2.645180728821152627e+00
1.624816805080605775e+00 3.084843340915121690e+00
1.626770884220810842e+00 3.354190619131857787e+00
1.628724963361015909e+00 3.076416467924475207e+00
1.630679042501220977e+00 2.651999421290192505e+00
1.632633121641426488e+00 2.795286376595536471e+00
1.634587200781631555e+00 2.828678610918755165e+00
1.636541279921836622e+00 2.737994641136781482e+00
1.638495359062042134e+00 3.109127051104300765e+00
1.640449438202247201e+00 3.103044165967043799e+00
1.642403517342452268e+00 3.049184195375275408e+00
1.644357596482657335e+00 3.047508185944420411e+00
1.646311675622862403e+00 2.687239365510563083e+00
1.648265754763067914e+00 2.749072417024855497e+00
1.650219833903272981e+00 2.610258166992243112e+00
1.652173913043478048e+00 2.654577901821353336e+00
1.654127992183683560e+00 3.015046813936864467e+00
1.656082071323888627e+00 2.935054430960766680e+00
1.658036150464093694e+00 2.764410964962807249e+00
1.659990229604298762e+00 2.945245421005138198e+00
1.661944308744503829e+00 3.192531832081175303e+00
1.663898387884709340e+00 3.078394649605806777e+00
1.665852467024914407e+00 3.032470937853123161e+00
1.667806546165119475e+00 2.830677464179871539e+00
1.669760625305324986e+00 2.765327911814159378e+00
1.671714704445530053e+00 2.967328244142349192e+00
1.673668783585735120e+00 3.141984304252745108e+00
1.675622862725940188e+00 2.983806847550067420e+00
1.677576941866145255e+00 2.695604596415502208e+00
1.679531021006350766e+00 2.835848379506550998e+00
1.681485100146555833e+00 3.241369535536509972e+00
1.683439179286760901e+00 3.237762189656177902e+00
1.685393258426966412e+00 2.923385275307208264e+00
1.687347337567171479e+00 2.786931059952295620e+00
1.689301416707376546e+00 3.122137493376134998e+00
1.691255495847581614e+00 3.170684033067264984e+00
1.693209574987786681e+00 3.010239237590131456e+00
1.695163654127992192e+00 2.902360181019240315e+00
1.697117733268197259e+00 2.743571289402780167e+00
1.699071812408402327e+00 3.067288529359172955e+00
1.701025891548607838e+00 3.215730658738041203e+00
1.702979970688812905e+00 2.865916831262107500e+00
1.704934049829017972e+00 2.965736237681456000e+00
1.706888128969223040e+00 3.160854491424903934e+00
1.708842208109428107e+00 2.943283967558919301e+00
1.710796287249633618e+00 2.745308726148024014e+00
1.712750366389838685e+00 2.662464433567311328e+00
1.714704445530043753e+00 2.765296780147596500e+00
1.716658524670249264e+00 2.777693665810753387e+00
1.718612603810454331e+00 2.383862757795755627e+00
1.720566682950659398e+00 2.940266840801592174e+00
1.722520762090864466e+00 3.162665570872770893e+00
1.724474841231069533e+00 2.969511581573141434e+00
1.726428920371275044e+00 2.821511805109712778e+00
1.728382999511480111e+00 2.781490658308558128e+00
1.730337078651685179e+00 2.878493945089898975e+00
1.732291157791890690e+00 2.982546003689400926e+00
1.734245236932095757e+00 3.431715136844017966e+00
1.736199316072300824e+00 3.524690809545336645e+00
1.738153395212505892e+00 3.077756475061725894e+00
1.740107474352710959e+00 2.503334490136294832e+00
1.742061553492916470e+00 2.567509280908632618e+00
1.744015632633121538e+00 2.804427596775985077e+00
1.745969711773326605e+00 3.219984363589208698e+00
1.747923790913532116e+00 3.342277045448449169e+00
1.749877870053737183e+00 2.655921007973585546e+00
1.751831949193942251e+00 2.538959442053402960e+00
1.753786028334147318e+00 2.759851896551104744e+00
1.755740107474352385e+00 2.881403845580982725e+00
1.757694186614557896e+00 2.675871975384574775e+00
1.759648265754762964e+00 2.560528878975840694e+00
1.761602344894968031e+00 2.718630565238824737e+00
1.763556424035173542e+00 2.798492821371441508e+00
1.765510503175378609e+00 3.213682544999068469e+00
1.767464582315583677e+00 3.030123936624212533e+00
1.769418661455788744e+00 2.885832784864121869e+00
1.771372740595993811e+00 3.074081028518214964e+00
1.773326819736199322e+00 2.585678638629943293e+00
1.775280898876404390e+00 2.349615487007817194e+00
1.777234978016609457e+00 2.395335816245217408e+00
1.779189057156814968e+00 2.513021913808807462e+00
1.781143136297020035e+00 2.767896396693971806e+00
1.783097215437225103e+00 2.764621420718937461e+00
1.785051294577430170e+00 2.330743320296783327e+00
1.787005373717635237e+00 2.512697555140571914e+00
1.788959452857840748e+00 3.013122390430698072e+00
1.790913531998045816e+00 3.301309358423165197e+00
1.792867611138250883e+00 3.111174229756389131e+00
1.794821690278456394e+00 2.249188294747079375e+00
1.796775769418661461e+00 2.596681290846135859e+00
1.798729848558866529e+00 3.320070081739758816e+00
1.800683927699071596e+00 3.140207310045886491e+00
1.802638006839276663e+00 2.978182991156010928e+00
1.804592085979482174e+00 2.857433998638020611e+00
1.806546165119687242e+00 2.462145261357776338e+00
1.808500244259892309e+00 2.405048044249832984e+00
1.810454323400097820e+00 2.699624149462914957e+00
1.812408402540302887e+00 2.783192019276461426e+00
1.814362481680507955e+00 2.817434767179394672e+00
1.816316560820713022e+00 2.837090543729229974e+00
1.818270639960918089e+00 2.361877013792596625e+00
1.820224719101123600e+00 2.879081079541927046e+00
1.822178798241328668e+00 3.374798659676882640e+00
1.824132877381533735e+00 2.732867142621929979e+00
1.826086956521739246e+00 2.529907645796463100e+00
1.828041035661944314e+00 2.633233168615367159e+00
1.829995114802149381e+00 3.402705907756155668e+00
1.831949193942354448e+00 3.415462570929089559e+00
1.833903273082559515e+00 3.137854780868583493e+00
1.835857352222765027e+00 2.627856391671044012e+00
1.837811431362970094e+00 1.992759223174668248e+00
1.839765510503175161e+00 2.431022407992226242e+00
1.841719589643380672e+00 2.461253081325602388e+00
1.843673668783585740e+00 2.700006142103634765e+00
1.845627747923790807e+00 2.571190538193300235e+00
1.847581827063995874e+00 2.729383091700650965e+00
1.849535906204200941e+00 2.896584632805487836e+00
1.851489985344406453e+00 3.027801926355366824e+00
1.853444064484611520e+00 2.987950296585509591e+00
1.855398143624816587e+00 2.981313415120070420e+00
1.857352222765022098e+00 3.123765098192760714e+00
1.859306301905227166e+00 3.188449168809078138e+00
1.861260381045432233e+00 3.018580042979427169e+00
1.863214460185637300e+00 2.907353888394708097e+00
1.865168539325842367e+00 2.815541963676988946e+00
1.867122618466047879e+00 2.789983747672267089e+00
1.869076697606252946e+00 2.857183588904414151e+00
1.871030776746458013e+00 3.102348948291011155e+00
1.872984855886663524e+00 3.100029978328332270e+00
1.874938935026868592e+00 3.136127740535638697e+00
1.876893014167073659e+00 3.172292922652468317e+00
1.878847093307278726e+00 3.436437253086257471e+00
1.880801172447483793e+00 2.947167166734948829e+00
1.882755251587689305e+00 2.523562969336353046e+00
1.884709330727894372e+00 2.823669088543760530e+00
1.886663409868099439e+00 2.939368434206412584e+00
1.888617489008304950e+00 2.743508304728395242e+00
1.890571568148510018e+00 2.783233586192701114e+00
1.892525647288715085e+00 3.442085325381064820e+00
1.894479726428920152e+00 3.264929655784775342e+00
1.896433805569125219e+00 3.042873052654547106e+00
1.898387884709330731e+00 3.161222390511101210e+00
1.900341963849535798e+00 3.280539965502514033e+00
1.902296042989740865e+00 3.397924750909891323e+00
1.904250122129946377e+00 2.915288246937147054e+00
1.906204201270151444e+00 2.471975734167792371e+00
1.908158280410356511e+00 2.391130585505524930e+00
1.910112359550561578e+00 2.872719055439217239e+00
1.912066438690766645e+00 3.055363380018623509e+00
1.914020517830972157e+00 2.890074612890435546e+00
1.915974596971177224e+00 2.771383996245995629e+00
1.917928676111382291e+00 2.710167603224740596e+00
1.919882755251587803e+00 2.602006938744456654e+00
1.921836834391792870e+00 2.284741781534703531e+00
1.923790913531997937e+00 2.976957719836038407e+00
1.925744992672203004e+00 3.343818329321832206e+00
1.927699071812408071e+00 2.968183462047031540e+00
1.929653150952613583e+00 3.051740526004358411e+00
1.931607230092818650e+00 2.729016699919823097e+00
1.933561309233023717e+00 2.634778535263912147e+00
1.935515388373229229e+00 3.194464304422686141e+00
1.937469467513434296e+00 3.484063703279507873e+00
1.939423546653639363e+00 3.587782946453182298e+00
1.941377625793844430e+00 3.532759958270073053e+00
1.943331704934049498e+00 3.184654913833609768e+00
1.945285784074255009e+00 3.178497512580887197e+00
1.947239863214460076e+00 3.583410761935436284e+00
1.949193942354665143e+00 3.428200856298999621e+00
1.951148021494870655e+00 2.890895825307905120e+00
1.953102100635075722e+00 2.952299217588389091e+00
1.955056179775280789e+00 3.387179760137106754e+00
1.957010258915485856e+00 3.287351645153749224e+00
1.958964338055690924e+00 3.065506437535794326e+00
1.960918417195896435e+00 2.930802667990031196e+00
1.962872496336101502e+00 3.377194669171019292e+00
1.964826575476306569e+00 3.374409050101921270e+00
1.966780654616512081e+00 3.267545987882407577e+00
1.968734733756717148e+00 3.246995573513368871e+00
1.970688812896922215e+00 3.423881505193268282e+00
1.972642892037127282e+00 3.373192170077236707e+00
1.974596971177332350e+00 2.870561895047225143e+00
1.976551050317537861e+00 2.537223601859301070e+00
1.978505129457742928e+00 2.334075170588121750e+00
1.980459208597947995e+00 2.523692461640871798e+00
1.982413287738153507e+00 2.722072138835265775e+00
1.984367366878358574e+00 2.876298323457119110e+00
1.986321446018563641e+00 3.338029613157333486e+00
1.988275525158768708e+00 3.315047276820681343e+00
1.990229604298973776e+00 2.801128138120047684e+00
1.992183683439179287e+00 2.849567508701116303e+00
1.994137762579384354e+00 3.269093476452575420e+00
1.996091841719589421e+00 3.329285113937942686e+00
1.998045920859794933e+00 3.397710549108277522e+00
2.000000000000000000e+00 3.010826569557838006e+00
