-2.000000000000000000e+00 2.787436529921194506e+00
-1.998045920859794933e+00 2.500263606858275089e+00
-1.996091841719589643e+00 2.646153729603497151e+00
-1.994137762579384354e+00 2.859050999117999758e+00
-1.992183683439179287e+00 2.767666915255306836e+00
-1.990229604298974220e+00 2.869699468129747189e+00
-1.988275525158768930e+00 2.849524160978104792e+00
-1.986321446018563641e+00 3.161930437790459791e+00
-1.984367366878358574e+00 2.376787726445396931e+00
-1.982413287738153507e+00 2.172649682561535567e+00
-1.980459208597948217e+00 2.676166862970493554e+00
-1.978505129457742928e+00 2.868036697016798087e+00
-1.976551050317537861e+00 2.932929569540893233e+00
-1.974596971177332794e+00 3.084097608379313904e+00
-1.972642892037127504e+00 3.292469283379646505e+00
-1.970688812896922215e+00 3.558527089881994065e+00
-1.968734733756717148e+00 3.459193440269094477e+00
-1.966780654616512081e+00 3.530896688963427010e+00
-1.964826575476306791e+00 3.278664733433112044e+00
-1.962872496336101502e+00 3.064235030689749451e+00
-1.960918417195896435e+00 3.090285475559899186e+00
-1.958964338055691368e+00 2.914695490501828079e+00
-1.957010258915486078e+00 2.953156129757303461e+00
-1.955056179775280789e+00 3.085383006849836462e+00
-1.953102100635075722e+00 3.079709021364926080e+00
-1.951148021494870655e+00 2.910106391081515476e+00
-1.949193942354665365e+00 3.115327822357152776e+00
-1.947239863214460076e+00 3.102884212617098125e+00
-1.945285784074255009e+00 2.992283106314582053e+00
-1.943331704934049942e+00 3.065587140802116473e+00
-1.941377625793844652e+00 2.858854142475470539e+00
-1.939423546653639363e+00 3.313205562279353700e+00
-1.937469467513434296e+00 3.706558526524536212e+00
-1.935515388373229229e+00 3.638679535334268245e+00
-1.933561309233023939e+00 3.543015401885329041e+00
-1.931607230092818650e+00 3.450994561225243729e+00
-1.929653150952613583e+00 3.339480499078039788e+00
-1.927699071812408516e+00 2.844296663682704285e+00
-1.925744992672203226e+00 2.555785277676394518e+00
-1.923790913531997937e+00 2.514879625033590305e+00
-1.921836834391792870e+00 2.493162224953517025e+00
-1.919882755251587803e+00 2.801950057517534454e+00
-1.917928676111382513e+00 3.261526041157733147e+00
-1.915974596971177224e+00 2.971407647112849215e+00
-1.914020517830972157e+00 2.697380245276492783e+00
-1.912066438690767090e+00 2.699728884555087749e+00
-1.910112359550561800e+00 3.309982740959620529e+00
-1.908158280410356511e+00 3.520713110348490549e+00
-1.906204201270151444e+00 2.888546887388125484e+00
-1.904250122129946377e+00 2.725439507766051594e+00
-1.902296042989741087e+00 2.828481408212478954e+00
-1.900341963849535798e+00 3.249898111763375841e+00
-1.898387884709330731e+00 3.449015594750223901e+00
-1.896433805569125663e+00 3.413214754653696836e+00
-1.894479726428920374e+00 3.215973427598903811e+00
-1.892525647288715085e+00 2.632045549365789050e+00
-1.890571568148510018e+00 2.826982487364777530e+00
-1.888617489008304950e+00 3.286846801824446551e+00
-1.886663409868099661e+00 3.545682736530389789e+00
-1.884709330727894372e+00 3.085762772970282342e+00
-1.882755251587689305e+00 2.903059909895314039e+00
-1.880801172447484237e+00 3.029569459079603178e+00
-1.878847093307278948e+00 2.624350903921655487e+00
-1.876893014167073659e+00 3.104777735223814172e+00
-1.874938935026868592e+00 3.252041487126347441e+00
-1.872984855886663524e+00 2.672088911122415311e+00
-1.871030776746458235e+00 2.592536469492358719e+00
-1.869076697606252946e+00 3.418554812034228618e+00
-1.867122618466047879e+00 3.523083527273928262e+00
-1.865168539325842811e+00 3.441955365723990301e+00
-1.863214460185637522e+00 3.367915081174115866e+00
-1.861260381045432233e+00 2.958574518343517479e+00
-1.859306301905227166e+00 3.139296349196264657e+00
-1.857352222765022098e+00 3.199459161993660317e+00
-1.855398143624816809e+00 2.827409762663111170e+00
-1.853444064484611520e+00 2.466769672558758231e+00
-1.851489985344406453e+00 2.587880216915133147e+00
-1.849535906204201385e+00 3.094545500469100929e+00
-1.847581827063996096e+00 3.504849396721911425e+00
-1.845627747923790807e+00 3.392077727350932825e+00
-1.843673668783585740e+00 2.677528470070036359e+00
-1.841719589643380672e+00 2.868809480402196410e+00
-1.839765510503175383e+00 3.158233315363123239e+00
-1.837811431362970094e+00 3.011970342097445297e+00
-1.835857352222765027e+00 2.484896175354239567e+00
-1.833903273082559959e+00 2.712276815706213373e+00
-1.831949193942354670e+00 2.807838025123615466e+00
-1.829995114802149381e+00 2.691398475330229800e+00
-1.828041035661944314e+00 2.782382929566226792e+00
-1.826086956521739246e+00 2.752248104615256263e+00
-1.824132877381533957e+00 2.570871913153827570e+00
-1.822178798241328668e+00 2.386802557474502873e+00
-1.820224719101123600e+00 2.653689312486629426e+00
-1.818270639960918533e+00 2.883639395354089530e+00
-1.816316560820713244e+00 2.746905851528900211e+00
-1.814362481680507955e+00 2.779761668280598563e+00
-1.812408402540302887e+00 2.945723956796999499e+00
-1.810454323400097820e+00 2.986036704800144825e+00
-1.808500244259892531e+00 2.861292154018291178e+00
-1.806546165119687242e+00 2.522986603682367601e+00
-1.804592085979482174e+00 2.813977652351241865e+00
-1.802638006839277107e+00 3.089167896635164112e+00
-1.800683927699071818e+00 3.062184022598717803e+00
-1.798729848558866529e+00 2.606043426821871289e+00
-1.796775769418661461e+00 2.405720837597235651e+00
-1.794821690278456394e+00 3.139021626431499623e+00
-1.792867611138251105e+00 3.580393123394982169e+00
-1.790913531998045816e+00 2.887662842727452883e+00
-1.788959452857840748e+00 2.503155158816501746e+00
-1.787005373717635681e+00 2.554836678851038378e+00
-1.785051294577430392e+00 2.771991126816162332e+00
-1.783097215437225103e+00 2.796102514774804870e+00
-1.781143136297020035e+00 2.787378849830711935e+00
-1.779189057156814968e+00 2.780092169222597054e+00
-1.777234978016609679e+00 2.682168216230917945e+00
-1.775280898876404390e+00 2.954816452888135547e+00
-1.773326819736199322e+00 2.899829371362629082e+00
-1.771372740595994255e+00 2.866343474936123403e+00
-1.769418661455788966e+00 2.352345269400440309e+00
-1.767464582315583677e+00 2.553021349025523801e+00
-1.765510503175378609e+00 2.976833782651979288e+00
-1.763556424035173542e+00 3.071516780779040445e+00
-1.761602344894968253e+00 2.923444592751867521e+00
-1.759648265754762964e+00 2.831353344630129332e+00
-1.757694186614557896e+00 3.156408567283826905e+00
-1.755740107474352829e+00 3.572143604647099124e+00
-1.753786028334147540e+00 3.179002426362969036e+00
-1.751831949193942251e+00 2.818454669780652289e+00
-1.749877870053737183e+00 2.754957145807314767e+00
-1.747923790913532116e+00 2.685045256594714047e+00
-1.745969711773326827e+00 2.732708662815206413e+00
-1.744015632633121538e+00 2.851118389432423239e+00
-1.742061553492916470e+00 2.348252121936300174e+00
-1.740107474352711403e+00 2.915376054134578787e+00
-1.738153395212506114e+00 3.127813571695140737e+00
-1.736199316072300824e+00 3.000280143840262426e+00
-1.734245236932095757e+00 2.850034813899980257e+00
-1.732291157791890690e+00 2.837097341446446208e+00
-1.730337078651685401e+00 3.072616041712111112e+00
-1.728382999511480111e+00 2.650345457523407333e+00
-1.726428920371275044e+00 2.474587776674969319e+00
-1.724474841231069977e+00 3.043747985203674844e+00
-1.722520762090864688e+00 3.299732872959371566e+00
-1.720566682950659398e+00 3.146127409818826326e+00
-1.718612603810454331e+00 3.015249665693245262e+00
-1.716658524670249264e+00 3.293751153378467578e+00
-1.714704445530043975e+00 3.759728589257092857e+00
-1.712750366389838685e+00 3.384357747252588311e+00
-1.710796287249633618e+00 3.156858436383584543e+00
-1.708842208109428551e+00 3.590337275369075876e+00
-1.706888128969223262e+00 3.188696267662278760e+00
-1.704934049829017972e+00 2.790060759173941918e+00
-1.702979970688812905e+00 3.193397065122860923e+00
-1.701025891548607838e+00 3.246680477963855171e+00
-1.699071812408402549e+00 3.078123445253688750e+00
-1.697117733268197259e+00 3.264594581438957643e+00
-1.695163654127992192e+00 2.683872128417841285e+00
-1.693209574987787125e+00 2.712840916596463980e+00
-1.691255495847581836e+00 2.744477158369575509e+00
-1.689301416707376546e+00 2.759029973676189407e+00
-1.687347337567171479e+00 3.380579045702781116e+00
-1.685393258426966412e+00 3.402864563235592055e+00
-1.683439179286761123e+00 3.117556322689409853e+00
-1.681485100146555833e+00 2.483172138737958612e+00
-1.679531021006350766e+00 2.140522471029957963e+00
-1.677576941866145699e+00 2.678745183399072083e+00
-1.675622862725940410e+00 2.697444968451686798e+00
-1.673668783585735120e+00 2.768436993721201667e+00
-1.671714704445530053e+00 3.290147174693776932e+00
-1.669760625305324986e+00 3.087036073051542928e+00
-1.667806546165119697e+00 2.924259318580714861e+00
-1.665852467024914407e+00 2.861235334876359282e+00
-1.663898387884709340e+00 2.690813987600766399e+00
-1.661944308744504273e+00 3.328419088758050481e+00
-1.659990229604298984e+00 3.354809077189035538e+00
-1.658036150464093694e+00 3.060309752071542100e+00
-1.656082071323888627e+00 3.064717940957367937e+00
-1.654127992183683560e+00 3.146206033429147730e+00
-1.652173913043478271e+00 3.201470159618664102e+00
-1.650219833903272981e+00 2.965586990408200396e+00
-1.648265754763067914e+00 3.114415918596286303e+00
-1.646311675622862847e+00 3.709154013178113107e+00
-1.644357596482657558e+00 3.115364536978362242e+00
-1.642403517342452268e+00 2.605439251777142751e+00
-1.640449438202247201e+00 2.764267443855290551e+00
-1.638495359062042134e+00 2.845785231149299932e+00
-1.636541279921836844e+00 2.942389727542203293e+00
-1.634587200781631555e+00 3.185276352115069987e+00
-1.632633121641426488e+00 2.979277271735385479e+00
-1.630679042501221421e+00 2.779230657410194372e+00
-1.628724963361016131e+00 2.997144939886665860e+00
-1.626770884220810842e+00 2.878850357331886212e+00
-1.624816805080605775e+00 2.806907493525848452e+00
-1.622862725940400708e+00 2.789846415157680504e+00
-1.620908646800195418e+00 2.989124887885957982e+00
-1.618954567659990129e+00 3.297652061045852179e+00
-1.617000488519785062e+00 3.215249935805286174e+00
-1.615046409379579995e+00 3.127414405335388725e+00
-1.613092330239374705e+00 2.825465759942726418e+00
-1.611138251099169416e+00 2.497027612945980746e+00
-1.609184171958964349e+00 2.458629964496084064e+00
-1.607230092818759282e+00 3.076155764655023717e+00
-1.605276013678553992e+00 3.293654365942535023e+00
-1.603321934538348703e+00 2.841774399835948373e+00
-1.601367855398143636e+00 2.836005181967407029e+00
-1.599413776257938569e+00 3.104732593119529760e+00
-1.597459697117733279e+00 3.382614893645563114e+00
-1.595505617977527990e+00 3.096817364014605722e+00
-1.593551538837322923e+00 3.071477090352956463e+00
-1.591597459697117856e+00 3.448944967816873763e+00
-1.589643380556912566e+00 3.387391492926555170e+00
-1.587689301416707277e+00 3.246603938381851684e+00
-1.585735222276502210e+00 3.128279614171933787e+00
-1.583781143136297143e+00 2.621003253103188602e+00
-1.581827063996091853e+00 2.532165675046236242e+00
-1.579872984855886564e+00 2.727600584350921675e+00
-1.577918905715681497e+00 2.879062551683511106e+00
-1.575964826575476430e+00 3.194561134598106644e+00
-1.574010747435271140e+00 3.141461918292828948e+00
-1.572056668295065851e+00 2.550299736212557455e+00
-1.570102589154860784e+00 2.769981698673881887e+00
-1.568148510014655717e+00 3.423118645075822197e+00
-1.566194430874450427e+00 3.135777575412022511e+00
-1.564240351734245138e+00 3.377209652366403692e+00
-1.562286272594040071e+00 3.093150154911045391e+00
-1.560332193453835004e+00 2.956900955429563105e+00
-1.558378114313629714e+00 3.343880637919945720e+00
-1.556424035173424425e+00 3.302822419943410637e+00
-1.554469956033219358e+00 3.417863917165658183e+00
-1.552515876893014291e+00 3.416138851251295350e+00
-1.550561797752809001e+00 3.323880896161548026e+00
-1.548607718612603712e+00 3.194111199682089897e+00
-1.546653639472398645e+00 2.985823704180365912e+00
-1.544699560332193577e+00 2.955524094540860958e+00
-1.542745481191988288e+00 3.502396724528471061e+00
-1.540791402051782999e+00 3.364224557183750797e+00
-1.538837322911577932e+00 3.236101542953199406e+00
-1.536883243771372864e+00 2.962965168611954248e+00
-1.534929164631167575e+00 2.626288824942987432e+00
-1.532975085490962286e+00 2.524098513925782772e+00
-1.531021006350757219e+00 2.644137519316340335e+00
-1.529066927210552151e+00 2.897988441732635145e+00
-1.527112848070346862e+00 3.021965097430697966e+00
-1.525158768930141573e+00 2.697531952786571541e+00
-1.523204689789936506e+00 3.015206923882046475e+00
-1.521250610649731438e+00 3.392374075285174317e+00
-1.519296531509526149e+00 3.245467347951378034e+00
-1.517342452369320860e+00 3.019231925369582292e+00
-1.515388373229115793e+00 3.234777930215713138e+00
-1.513434294088910725e+00 3.345449445345513695e+00
-1.511480214948705436e+00 3.097921653192225122e+00
-1.509526135808500147e+00 2.850522326342264101e+00
-1.507572056668295080e+00 2.600348931247205453e+00
-1.505617977528090012e+00 2.743356945334951114e+00
-1.503663898387884723e+00 3.131927303794149076e+00
-1.501709819247679434e+00 2.525567058069875248e+00
-1.499755740107474367e+00 2.477581523009820152e+00
-1.497801660967269299e+00 2.643928835525423793e+00
-1.495847581827064010e+00 2.845799932681066124e+00
-1.493893502686858721e+00 3.118644368401612965e+00
-1.491939423546653654e+00 3.148992974928496835e+00
-1.489985344406448586e+00 3.019574876813095443e+00
-1.488031265266243297e+00 2.819054932122086576e+00
-1.486077186126038008e+00 2.641861579203901300e+00
-1.484123106985832941e+00 3.014966985237000685e+00
-1.482169027845627873e+00 3.189250492802815806e+00
-1.480214948705422584e+00 3.254301385318075113e+00
-1.478260869565217295e+00 3.146199959166816384e+00
-1.476306790425012228e+00 3.053192919453520116e+00
-1.474352711284807160e+00 3.069786167713028480e+00
-1.472398632144601871e+00 3.262701660299649031e+00
-1.470444553004396582e+00 2.617460492904281288e+00
-1.468490473864191515e+00 2.741533903519006721e+00
-1.466536394723986447e+00 3.051854319422055983e+00
-1.464582315583781158e+00 2.941762385358958731e+00
-1.462628236443575869e+00 2.969916779658990258e+00
-1.460674157303370801e+00 2.803721014802461831e+00
-1.458720078163165734e+00 2.783705630864941938e+00
-1.456765999022960445e+00 2.756538826758915484e+00
-1.454811919882755156e+00 2.611198359300416882e+00
-1.452857840742550088e+00 2.661274572701712859e+00
-1.450903761602345021e+00 2.984306332168973785e+00
-1.448949682462139732e+00 3.478925951399579830e+00
-1.446995603321934443e+00 3.075627836208108423e+00
-1.445041524181729375e+00 3.056026870769064541e+00
-1.443087445041524308e+00 3.254147055926934762e+00
-1.441133365901319019e+00 3.031190176292813288e+00
-1.439179286761113730e+00 3.238355576915763034e+00
-1.437225207620908662e+00 3.319299646565816886e+00
-1.435271128480703595e+00 3.457097934046388765e+00
-1.433317049340498306e+00 3.139128322051193187e+00
-1.431362970200293017e+00 3.152044121675309007e+00
-1.429408891060087949e+00 3.276250039056208152e+00
-1.427454811919882882e+00 2.855159169611591441e+00
-1.425500732779677593e+00 2.851674423104526568e+00
-1.423546653639472304e+00 3.146949609435996997e+00
-1.421592574499267236e+00 3.492159794590683930e+00
-1.419638495359062169e+00 3.194358732525430344e+00
-1.417684416218856880e+00 2.655995137454215005e+00
-1.415730337078651591e+00 2.682366518529001986e+00
-1.413776257938446523e+00 2.844083755575256056e+00
-1.411822178798241456e+00 2.651644515620963372e+00
-1.409868099658036167e+00 2.990407081050009630e+00
-1.407914020517830878e+00 2.844541328602396835e+00
-1.405959941377625810e+00 2.795442915955490548e+00
-1.404005862237420743e+00 3.170526774662363767e+00
-1.402051783097215454e+00 3.593529534134443093e+00
-1.400097703957010165e+00 3.443188054370685425e+00
-1.398143624816805097e+00 3.358349274327610878e+00
-1.396189545676600030e+00 3.421098294597353817e+00
-1.394235466536394741e+00 3.253885416351081972e+00
-1.392281387396189452e+00 3.295528192037960213e+00
-1.390327308255984384e+00 3.525814958747346406e+00
-1.388373229115779317e+00 3.673400115257183352e+00
-1.386419149975574028e+00 3.218213889821473828e+00
-1.384465070835368738e+00 3.502266747429378491e+00
-1.382510991695163671e+00 3.738320275202763554e+00
-1.380556912554958604e+00 3.026094062276287744e+00
-1.378602833414753315e+00 2.665961995729925427e+00
-1.376648754274548025e+00 3.107695931605914730e+00
-1.374694675134342958e+00 3.378968812960002843e+00
-1.372740595994137891e+00 3.103030524319937200e+00
-1.370786516853932602e+00 2.680668302367219535e+00
-1.368832437713727312e+00 2.825951591946084918e+00
-1.366878358573522245e+00 2.861180214740028926e+00
-1.364924279433317178e+00 2.772432916753613696e+00
-1.362970200293111889e+00 3.145446638059228750e+00
-1.361016121152906599e+00 3.141097670588170132e+00
-1.359062042012701532e+00 3.089104395542221493e+00
-1.357107962872496465e+00 3.089124538495107597e+00
-1.355153883732291176e+00 2.730617218004539382e+00
-1.353199804592085886e+00 2.794204966303683868e+00
-1.351245725451880819e+00 2.657027292478397751e+00
-1.349291646311675752e+00 2.703069964569888128e+00
-1.347337567171470463e+00 3.065160613465731654e+00
-1.345383488031265173e+00 2.986635566804642483e+00
-1.343429408891060106e+00 2.817605374148328679e+00
-1.341475329750855039e+00 2.999998400961143563e+00
-1.339521250610649750e+00 3.248699029628714374e+00
-1.337567171470444460e+00 3.135987619313775454e+00
-1.335613092330239393e+00 3.091463211790030918e+00
-1.333659013190034326e+00 2.891012162133024699e+00
-1.331704934049829037e+00 2.827023646303598703e+00
-1.329750854909623747e+00 3.030343754494206010e+00
-1.327796775769418680e+00 3.206182204477362241e+00
-1.325842696629213613e+00 3.049212049126306834e+00
-1.323888617489008324e+00 2.762143179208809585e+00
-1.321934538348803034e+00 2.903597533727763746e+00
-1.319980459208597967e+00 3.310163046112174712e+00
-1.318026380068392900e+00 3.307552629641408615e+00
-1.316072300928187611e+00 2.994150937488699871e+00
-1.314118221787982321e+00 2.858692808171250821e+00
-1.312164142647777254e+00 3.194823165468577031e+00
-1.310210063507572187e+00 3.244181278229844700e+00
-1.308255984367366898e+00 3.084568044426838185e+00
-1.306301905227161608e+00 2.977452075305327295e+00
-1.304347826086956541e+00 2.819415458598339086e+00
-1.302393746946751474e+00 3.143831420203417437e+00
-1.300439667806546185e+00 3.292883660358845166e+00
-1.298485588666340895e+00 2.943640566514690526e+00
-1.296531509526135828e+00 3.044062623329042427e+00
-1.294577430385930761e+00 3.239650246737679318e+00
-1.292623351245725472e+00 3.022536375356774219e+00
-1.290669272105520182e+00 2.824970156267706756e+00
-1.288715192965315115e+00 2.742498954887242935e+00
-1.286761113825110048e+00 2.845660056797631121e+00
-1.284807034684904758e+00 2.858313705920667580e+00
-1.282852955544699469e+00 2.464722802101520394e+00
-1.280898876404494402e+00 3.021316939117038913e+00
-1.278944797264289335e+00 3.243841153818480372e+00
-1.276990718124084045e+00 3.050779422261885365e+00
-1.275036638983878756e+00 2.902825696626729179e+00
-1.273082559843673689e+00 2.862807697720665789e+00
-1.271128480703468622e+00 2.959767640215103413e+00
-1.269174401563263332e+00 3.063726558660810895e+00
-1.267220322423058043e+00 3.512759995643651045e+00
-1.265266243282852976e+00 3.605569547182703616e+00
-1.263312164142647909e+00 3.158422485979549776e+00
-1.261358085002442619e+00 2.583732731833563001e+00
-1.259404005862237330e+00 2.647570445753777424e+00
-1.257449926722032263e+00 2.884149764556692030e+00
-1.255495847581827196e+00 3.299287699225087245e+00
-1.253541768441621906e+00 3.421188641663403640e+00
-1.251587689301416617e+00 2.734359974852165642e+00
-1.249633610161211550e+00 2.616834075804140625e+00
-1.247679531021006483e+00 2.837166266701698802e+00
-1.245725451880801193e+00 2.958128971508884320e+00
-1.243771372740595904e+00 2.751966625757274354e+00
-1.241817293600390837e+00 2.635905225685810205e+00
-1.239863214460185770e+00 2.793298272898995904e+00
-1.237909135319980480e+00 2.872366311426367780e+00
-1.235955056179775191e+00 3.286775803411203345e+00
-1.234000977039570124e+00 3.102411589088460708e+00
-1.232046897899365057e+00 2.957206592643990994e+00
-1.230092818759159767e+00 3.144553369058732173e+00
-1.228138739618954478e+00 2.655270271824712314e+00
-1.226184660478749411e+00 2.418121738146746136e+00
-1.224230581338544344e+00 2.462874188440817846e+00
-1.222276502198339054e+00 2.579427239037273001e+00
-1.220322423058133765e+00 2.833263141848625821e+00
-1.218368343917928698e+00 2.828889648394205647e+00
-1.216414264777723631e+00 2.393877573856884045e+00
-1.214460185637518341e+00 2.574528806219044785e+00
-1.212506106497313052e+00 3.073769802472949397e+00
-1.210552027357107985e+00 3.360711397788200383e+00
-1.208597948216902918e+00 3.169444466563748453e+00
-1.206643869076697628e+00 2.306110739437833956e+00
-1.204689789936492339e+00 2.652066352744635758e+00
-1.202735710796287272e+00 3.374216988458511146e+00
-1.200781631656082205e+00 3.193015062266407078e+00
-1.198827552515876915e+00 3.029548769916043494e+00
-1.196873473375671626e+00 2.907393719989799674e+00
-1.194919394235466559e+00 2.510667369552702866e+00
-1.192965315095261492e+00 2.451967782223640757e+00
-1.191011235955056202e+00 2.745061119412776307e+00
-1.189057156814850913e+00 2.827110112381196139e+00
-1.187103077674645846e+00 2.859792929533473860e+00
-1.185148998534440778e+00 2.877937530764047125e+00
-1.183194919394235489e+00 2.401147377818880102e+00
-1.181240840254030200e+00 2.916505852141027422e+00
-1.179286761113825133e+00 3.410829232128487654e+00
-1.177332681973620065e+00 2.767291092307480049e+00
-1.175378602833414776e+00 2.562611845555209822e+00
-1.173424523693209487e+00 2.664124708248064799e+00
-1.171470444553004420e+00 3.431912127950571101e+00
-1.169516365412799352e+00 3.443114298862467670e+00
-1.167562286272594063e+00 3.163812875426097015e+00
-1.165608207132388774e+00 2.652144616303979241e+00
-1.163654127992183707e+00 2.015213464310265046e+00
-1.161700048851978639e+00 2.451592655106749508e+00
-1.159745969711773350e+00 2.480193444206993725e+00
-1.157791890571568061e+00 2.717141667688951934e+00
-1.155837811431362994e+00 2.586594553570380040e+00
-1.153883732291157926e+00 2.742939895984322529e+00
-1.151929653150952637e+00 2.908380159192640591e+00
-1.149975574010747348e+00 3.037849067132551983e+00
-1.148021494870542281e+00 2.996201071756991574e+00
-1.146067415730337213e+00 2.987752463978556428e+00
-1.144113336590131924e+00 3.128398419423779497e+00
-1.142159257449926635e+00 3.191315896794697071e+00
-1.140205178309721568e+00 3.019691380674264902e+00
-1.138251099169516500e+00 2.906622754631799754e+00
-1.136297020029311211e+00 2.813040749425053111e+00
-1.134342940889105922e+00 2.785658739412036233e+00
-1.132388861748900855e+00 2.851036657370382699e+00
-1.130434782608695787e+00 3.094448167550447160e+00
-1.128480703468490498e+00 3.090355101743909927e+00
-1.126526624328285209e+00 3.124684793641814728e+00
-1.124572545188080142e+00 3.159048964292065609e+00
-1.122618466047875074e+00 3.421475556838966536e+00
-1.120664386907669785e+00 2.930602829735033499e+00
-1.118710307767464496e+00 2.505069675861756995e+00
-1.116756228627259429e+00 2.803465286840997717e+00
-1.114802149487054361e+00 2.917443667618129677e+00
-1.112848070346849072e+00 2.719981763945433340e+00
-1.110893991206643783e+00 2.757786872821374580e+00
-1.108939912066438715e+00 3.415065633787842003e+00
-1.106985832926233648e+00 3.236336816644434400e+00
-1.105031753786028359e+00 3.012547630874312432e+00
-1.103077674645823070e+00 3.129269919591824767e+00
-1.101123595505618002e+00 3.246941499880097837e+00
-1.099169516365412935e+00 3.362775261090826362e+00
-1.097215437225207646e+00 2.878636050275274361e+00
-1.095261358085002357e+00 2.433705935202917559e+00
-1.093307278944797289e+00 2.351233244456975235e+00
-1.091353199804592222e+00 2.831240513899106581e+00
-1.089399120664386933e+00 3.012467324158184745e+00
-1.087445041524181644e+00 2.845721243343912743e+00
-1.085490962383976576e+00 2.725542403890731435e+00
-1.083536883243771509e+00 2.662885158770984528e+00
-1.081582804103566220e+00 2.553337765785592239e+00
-1.079628724963360931e+00 2.234652581156631790e+00
-1.077674645823155863e+00 2.925330471612370253e+00
-1.075720566682950796e+00 3.291074027922344936e+00
-1.073766487542745507e+00 2.914045001099226262e+00
-1.071812408402540218e+00 2.996351009818660760e+00
-1.069858329262335150e+00 2.672379805133158648e+00
-1.067904250122130083e+00 2.576850662236802592e+00
-1.065950170981924794e+00 3.135271962876638341e+00
-1.063996091841719505e+00 3.423760081838600922e+00
-1.062042012701514437e+00 3.526316725024720711e+00
-1.060087933561309370e+00 3.470246272432829571e+00
-1.058133854421104081e+00 3.121023135116729019e+00
-1.056179775280898792e+00 3.113776497602534388e+00
-1.054225696140693724e+00 3.517640542217177924e+00
-1.052271617000488657e+00 3.361539471188266681e+00
-1.050317537860283368e+00 2.823232895561665234e+00
-1.048363458720078079e+00 2.883643146140564273e+00
-1.046409379579873011e+00 3.317644709729510755e+00
-1.044455300439667944e+00 3.216997727623137848e+00
-1.042501221299462655e+00 2.994331774218586872e+00
-1.040547142159257366e+00 2.858779512896559183e+00
-1.038593063019052298e+00 3.304412578430375724e+00
-1.036638983878847231e+00 3.300939649666363884e+00
-1.034684904738641942e+00 3.193379845638765424e+00
-1.032730825598436653e+00 3.172160922030591745e+00
-1.030776746458231585e+00 3.348427088072369884e+00
-1.028822667318026518e+00 3.297189401311164225e+00
-1.026868588177821229e+00 2.794010965928824142e+00
-1.024914509037615939e+00 2.460154271788759672e+00
-1.022960429897410872e+00 2.256525446188005546e+00
-1.021006350757205805e+00 2.445685084399188192e+00
-1.019052271617000516e+00 2.643684690841223262e+00
-1.017098192476795226e+00 2.797532711330730226e+00
-1.015144113336590159e+00 3.258950505666456277e+00
-1.013190034196385092e+00 3.235696631621323149e+00
-1.011235955056179803e+00 2.721535543919804567e+00
-1.009281875915974513e+00 2.769737905679423129e+00
-1.007327796775769446e+00 3.189105546967750726e+00
-1.005373717635564379e+00 3.249161499495187400e+00
-1.003419638495359090e+00 3.317497195644062202e+00
-1.001465559355153800e+00 2.930555175064068152e+00
-9.995114802149487332e-01 2.968513577765611977e+00
-9.975574010747436660e-01 3.186686402077105740e+00
-9.956033219345383767e-01 2.968356204231367812e+00
-9.936492427943330874e-01 2.760100404916132621e+00
-9.916951636541280202e-01 2.863063855334779806e+00
-9.897410845139229529e-01 2.972376318235542936e+00
-9.877870053737176637e-01 3.141797450320970242e+00
-9.858329262335123744e-01 3.512044638824091791e+00
-9.838788470933073071e-01 3.752495646961093723e+00
-9.819247679531022399e-01 3.487636423857223278e+00
-9.799706888128969506e-01 3.374345057973535233e+00
-9.780166096726916614e-01 3.197516959510740442e+00
-9.760625305324865941e-01 3.253497336322486166e+00
-9.741084513922815269e-01 3.043937835120355651e+00
-9.721543722520762376e-01 3.379364726802695618e+00
-9.702002931118709483e-01 3.140138558228255938e+00
-9.682462139716658811e-01 2.962289863610796381e+00
-9.662921348314608139e-01 2.922188568022263677e+00
-9.643380556912555246e-01 2.763388055647486130e+00
-9.623839765510502353e-01 2.641239261487494439e+00
-9.604298974108451681e-01 2.780792561870788937e+00
-9.584758182706401008e-01 3.485432490399620331e+00
-9.565217391304348116e-01 3.640683906598538133e+00
-9.545676599902295223e-01 3.024872765057948776e+00
-9.526135808500244551e-01 2.788279457685211682e+00
-9.506595017098193878e-01 2.572043282599967728e+00
-9.487054225696140985e-01 2.647099680882290418e+00
-9.467513434294088093e-01 2.664514958070361317e+00
-9.447972642892037420e-01 2.534178040298642021e+00
-9.428431851489986748e-01 2.349600954189642987e+00
-9.408891060087933855e-01 2.842591649407166798e+00
-9.389350268685880962e-01 3.365616003180293525e+00
-9.369809477283830290e-01 3.109542339169203196e+00
-9.350268685881779618e-01 3.393586575008678441e+00
-9.330727894479726725e-01 3.297139579398136622e+00
-9.311187103077673832e-01 3.161185285898414854e+00
-9.291646311675623160e-01 2.797671035611003276e+00
-9.272105520273572488e-01 2.648780442599302454e+00
-9.252564728871519595e-01 3.090380281614154789e+00
-9.233023937469466702e-01 3.404031213461047312e+00
-9.213483146067416030e-01 3.190690908820507765e+00
-9.193942354665365357e-01 2.814774818566232018e+00
-9.174401563263312465e-01 2.808826275891157742e+00
-9.154860771861259572e-01 2.868890937299380273e+00
-9.135319980459208900e-01 3.068880666743885488e+00
-9.115779189057158227e-01 3.142329827662348585e+00
-9.096238397655105334e-01 3.137071888881294512e+00
-9.076697606253052442e-01 2.891994111327378381e+00
-9.057156814851001769e-01 3.164740981965378896e+00
-9.037616023448951097e-01 2.950768444589306316e+00
-9.018075232046898204e-01 3.148492976968182866e+00
-8.998534440644845311e-01 3.391387318848227750e+00
-8.978993649242794639e-01 3.067321638165522835e+00
-8.959452857840743967e-01 3.022668907892473555e+00
-8.939912066438691074e-01 2.755739835349904521e+00
-8.920371275036638181e-01 2.622920775618559297e+00
-8.900830483634587509e-01 2.775850345556893473e+00
-8.881289692232536837e-01 3.053893348139184560e+00
-8.861748900830483944e-01 2.671280711175096911e+00
-8.842208109428431051e-01 2.659643689390819965e+00
-8.822667318026380379e-01 2.728369094606799994e+00
-8.803126526624329706e-01 2.980444989920005394e+00
-8.783585735222276814e-01 2.892958822117561279e+00
-8.764044943820223921e-01 2.772426247614507400e+00
-8.744504152418173248e-01 3.114899499057155907e+00
-8.724963361016122576e-01 3.714216133476921478e+00
-8.705422569614069683e-01 3.003081463869317069e+00
-8.685881778212016791e-01 2.549520768089243550e+00
-8.666340986809966118e-01 2.671598307218719270e+00
-8.646800195407915446e-01 3.091948048338248434e+00
-8.627259404005862553e-01 2.788817164604189269e+00
-8.607718612603809660e-01 2.842880850014808392e+00
-8.588177821201758988e-01 2.899206817174204698e+00
-8.568637029799708316e-01 3.518369104462667707e+00
-8.549096238397655423e-01 3.679975997040974889e+00
-8.529555446995602530e-01 3.033662234932326562e+00
-8.510014655593551858e-01 2.503918154242544603e+00
-8.490473864191501185e-01 2.252149817643379404e+00
-8.470933072789448293e-01 2.436705313288769936e+00
-8.451392281387395400e-01 3.042890852616806363e+00
-8.431851489985344728e-01 2.955547251067359049e+00
-8.412310698583294055e-01 2.808785525746658962e+00
-8.392769907181241162e-01 2.845879047811996632e+00
-8.373229115779188270e-01 2.930574774531757409e+00
-8.353688324377137597e-01 2.690753126856980870e+00
-8.334147532975086925e-01 2.414576213197888954e+00
-8.314606741573034032e-01 2.795061254734353184e+00
-8.295065950170981139e-01 3.228085219283029161e+00
-8.275525158768930467e-01 3.342683404117925861e+00
-8.255984367366879795e-01 3.137388968855767235e+00
-8.236443575964826902e-01 3.084996723737161606e+00
-8.216902784562774009e-01 3.601132670698674598e+00
-8.197361993160723337e-01 3.656581466098336453e+00
-8.177821201758672665e-01 3.120881812791862497e+00
-8.158280410356619772e-01 2.828765106370210169e+00
-8.138739618954566879e-01 2.718616105728160370e+00
-8.119198827552516207e-01 2.503224158259776289e+00
-8.099658036150465534e-01 2.321915851513762341e+00
-8.080117244748412642e-01 2.442476447687638608e+00
-8.060576453346359749e-01 2.488991742554384157e+00
-8.041035661944309076e-01 2.914246130795157264e+00
-8.021494870542258404e-01 2.632214964447028738e+00
-8.001954079140205511e-01 2.733108838131155682e+00
-7.982413287738152619e-01 3.693056840162660670e+00
-7.962872496336101946e-01 3.638360827023526145e+00
-7.943331704934051274e-01 3.101665183010182680e+00
-7.923790913531998381e-01 2.614972722129508043e+00
-7.904250122129945488e-01 2.556047847673421636e+00
-7.884709330727894816e-01 3.314587217801688190e+00
-7.865168539325844144e-01 3.052252904631857611e+00
-7.845627747923791251e-01 3.248175781857105537e+00
-7.826086956521738358e-01 3.483431838116995749e+00
-7.806546165119687686e-01 3.400352156943938553e+00
-7.787005373717637013e-01 3.053851861207061091e+00
-7.767464582315584121e-01 2.894545486776703314e+00
-7.747923790913531228e-01 3.070860005165998441e+00
-7.728382999511480556e-01 3.277865402139236828e+00
-7.708842208109429883e-01 3.092917128912839875e+00
-7.689301416707376990e-01 2.952242435267740106e+00
-7.669760625305324098e-01 2.999675876751253245e+00
-7.650219833903273425e-01 3.184675882373933398e+00
-7.630679042501222753e-01 3.319006058316466667e+00
-7.611138251099169860e-01 3.039844350732871625e+00
-7.591597459697116967e-01 2.700503210840707435e+00
-7.572056668295066295e-01 2.801455365283970877e+00
-7.552515876893015623e-01 2.975438032656555265e+00
-7.532975085490962730e-01 2.903670464454616074e+00
-7.513434294088909837e-01 3.001195320247360243e+00
-7.493893502686859165e-01 2.921276014364987184e+00
-7.474352711284808493e-01 2.784148455864769112e+00
-7.454811919882755600e-01 2.860835843639644605e+00
-7.435271128480702707e-01 2.776004907211842010e+00
-7.415730337078652035e-01 2.610554704455825270e+00
-7.396189545676601362e-01 2.579588933892189573e+00
-7.376648754274548470e-01 2.830104431518803310e+00
-7.357107962872495577e-01 2.826915367586988470e+00
-7.337567171470444904e-01 2.920023023965073961e+00
-7.318026380068394232e-01 3.029383370286662824e+00
-7.298485588666341339e-01 2.900623116282601721e+00
-7.278944797264288447e-01 2.956140148125347977e+00
-7.259404005862237774e-01 2.893264203215245800e+00
-7.239863214460187102e-01 2.692870209890485089e+00
-7.220322423058134209e-01 3.109395928781098384e+00
-7.200781631656081316e-01 2.387448080883757484e+00
-7.181240840254030644e-01 2.493931025511527011e+00
-7.161700048851979972e-01 2.679070797656252445e+00
-7.142159257449927079e-01 2.702758852717956461e+00
-7.122618466047874186e-01 2.830586009963457883e+00
-7.103077674645823514e-01 3.122424732498199074e+00
-7.083536883243772841e-01 2.900430126557754118e+00
-7.063996091841719949e-01 2.840721095483687897e+00
-7.044455300439667056e-01 2.713464181277410958e+00
-7.024914509037616384e-01 2.580401165419170528e+00
-7.005373717635565711e-01 2.849757535679042331e+00
-6.985832926233512818e-01 2.456591391076673236e+00
-6.966292134831459926e-01 2.218465786864570077e+00
-6.946751343429409253e-01 2.848547719909959142e+00
-6.927210552027358581e-01 3.320918192909103617e+00
-6.907669760625305688e-01 2.864458608711772936e+00
-6.888128969223252795e-01 2.684807074123873427e+00
-6.868588177821202123e-01 2.914466874523717888e+00
-6.849047386419151451e-01 2.899301265020385543e+00
-6.829506595017098558e-01 3.061365926436713902e+00
-6.809965803615045665e-01 3.180892322712489229e+00
-6.790425012212994993e-01 3.131600966615506021e+00
-6.770884220810944321e-01 2.951658661505003778e+00
-6.751343429408891428e-01 2.945035339985956568e+00
-6.731802638006838535e-01 3.142170851324385783e+00
-6.712261846604787863e-01 3.380938303823153745e+00
-6.692721055202737190e-01 3.293451745791360796e+00
-6.673180263800684298e-01 3.128832060953468996e+00
-6.653639472398631405e-01 3.326076235881866960e+00
-6.634098680996580732e-01 3.249843017921332677e+00
-6.614557889594530060e-01 2.952392738359027824e+00
-6.595017098192477167e-01 3.317218132408859432e+00
-6.575476306790424275e-01 3.043700732219644323e+00
-6.555935515388373602e-01 2.272692036656587256e+00
-6.536394723986322930e-01 2.747129072985845077e+00
-6.516853932584270037e-01 3.301729142898538250e+00
-6.497313141182217144e-01 3.376200563356143824e+00
-6.477772349780166472e-01 3.592081574209773365e+00
-6.458231558378115800e-01 3.617153054745367413e+00
-6.438690766976062907e-01 3.112478588491355502e+00
-6.419149975574010014e-01 2.801035675504928157e+00
-6.399609184171959342e-01 2.641053333765685629e+00
-6.380068392769908669e-01 2.693253743282060242e+00
-6.360527601367855777e-01 3.118194328898817425e+00
-6.340986809965802884e-01 3.179058084704789344e+00
-6.321446018563752212e-01 3.059968833277543876e+00
-6.301905227161701539e-01 2.993402473963611143e+00
-6.282364435759648646e-01 3.032332821275090851e+00
-6.262823644357595754e-01 2.901813604027196902e+00
-6.243282852955545081e-01 3.170756204975282877e+00
-6.223742061553494409e-01 3.321701360345512111e+00
-6.204201270151441516e-01 2.576396607331556510e+00
-6.184660478749388623e-01 2.628589370656790436e+00
-6.165119687347337951e-01 2.771870411142238311e+00
-6.145578895945287279e-01 2.669360986602587360e+00
-6.126038104543234386e-01 2.458844431637252637e+00
-6.106497313141181493e-01 2.864819659166355059e+00
-6.086956521739130821e-01 3.069831733772026006e+00
-6.067415730337080149e-01 2.667441541926912407e+00
-6.047874938935027256e-01 2.567603535872251985e+00
-6.028334147532974363e-01 2.722318983657532776e+00
-6.008793356130923691e-01 3.263555105649543098e+00
-5.989252564728873018e-01 3.113424552660727151e+00
-5.969711773326820126e-01 2.861535288371394259e+00
-5.950170981924767233e-01 2.702137745363147214e+00
-5.930630190522716561e-01 2.887784861273916537e+00
-5.911089399120665888e-01 2.342122493888068924e+00
-5.891548607718612995e-01 2.657002971527590240e+00
-5.872007816316560103e-01 3.197053349809932499e+00
-5.852467024914509430e-01 3.003513703578929217e+00
-5.832926233512458758e-01 3.275208048516832893e+00
-5.813385442110405865e-01 3.274679057107533708e+00
-5.793844650708352972e-01 2.775152528135256702e+00
-5.774303859306302300e-01 2.712576027418335478e+00
-5.754763067904251628e-01 3.051586087306970452e+00
-5.735222276502198735e-01 3.133136338631952622e+00
-5.715681485100145842e-01 3.029504828092148827e+00
-5.696140693698095170e-01 2.946922372298762305e+00
-5.676599902296044498e-01 2.709990170231244555e+00
-5.657059110893991605e-01 2.541512993848371593e+00
-5.637518319491938712e-01 2.669015967865264738e+00
-5.617977528089888040e-01 3.201939850827196565e+00
-5.598436736687837367e-01 3.267478159702406071e+00
-5.578895945285784475e-01 3.103622490525222322e+00
-5.559355153883731582e-01 3.305767531617638255e+00
-5.539814362481680909e-01 2.874953181494790844e+00
-5.520273571079630237e-01 2.834891727648685578e+00
-5.500732779677577344e-01 3.161898653396292502e+00
-5.481191988275524452e-01 3.247981702170182228e+00
-5.461651196873473779e-01 2.865298792748502965e+00
-5.442110405471423107e-01 2.916611562723720574e+00
-5.422569614069370214e-01 3.257700423733521866e+00
-5.403028822667317321e-01 3.370996758238091751e+00
-5.383488031265266649e-01 3.410813539578117393e+00
-5.363947239863215977e-01 3.365532280245921548e+00
-5.344406448461163084e-01 3.477539217132195049e+00
-5.324865657059110191e-01 3.412504225040500661e+00
-5.305324865657059519e-01 3.480911897353213380e+00
-5.285784074255008846e-01 3.154225669639308283e+00
-5.266243282852955954e-01 2.357856240077504495e+00
-5.246702491450903061e-01 2.345871975817500399e+00
-5.227161700048852389e-01 2.828131674359517067e+00
-5.207620908646801716e-01 3.087710910300176970e+00
-5.188080117244748823e-01 3.558826775020706989e+00
-5.168539325842695931e-01 3.126832966197476971e+00
-5.148998534440645258e-01 2.909471658397015048e+00
-5.129457743038594586e-01 2.978693983687285218e+00
-5.109916951636541693e-01 2.960902977836697314e+00
-5.090376160234488800e-01 3.010025503171514849e+00
-5.070835368832438128e-01 3.495758384738703484e+00
-5.051294577430387456e-01 3.083043595754114019e+00
-5.031753786028334563e-01 3.328842387654203261e+00
-5.012212994626281670e-01 2.977966198199063719e+00
-4.992672203224230998e-01 2.357894407449523388e+00
-4.973131411822180326e-01 2.753197644606191652e+00
-4.953590620420127433e-01 2.911596658738731414e+00
-4.934049829018074540e-01 2.752030261319356352e+00
-4.914509037616023868e-01 3.214945383162382431e+00
-4.894968246213973195e-01 3.192716045918158496e+00
-4.875427454811920303e-01 3.167726681674226441e+00
-4.855886663409867410e-01 3.732484754571433250e+00
-4.836345872007816737e-01 3.720354481795490997e+00
-4.816805080605766065e-01 3.180689078470866349e+00
-4.797264289203713172e-01 3.136024518491384416e+00
-4.777723497801660280e-01 3.429059756413421312e+00
-4.758182706399609607e-01 3.381815488515973467e+00
-4.738641914997558935e-01 3.024278268892836685e+00
-4.719101123595506042e-01 3.285192323563111749e+00
-4.699560332193453149e-01 3.466654474182462309e+00
-4.680019540791402477e-01 3.300336580718630675e+00
-4.660478749389351805e-01 3.136915660026591279e+00
-4.640937957987298912e-01 3.707901760625089693e+00
-4.621397166585246019e-01 3.718353667031716991e+00
-4.601856375183195347e-01 3.612518753473723532e+00
-4.582315583781144674e-01 3.223236017985009028e+00
-4.562774792379091782e-01 2.986097668878801237e+00
-4.543234000977038889e-01 2.669147938965585443e+00
-4.523693209574988217e-01 2.847202535986276040e+00
-4.504152418172937544e-01 2.901586493368136566e+00
-4.484611626770884651e-01 2.953885479515565127e+00
-4.465070835368831759e-01 3.113635126798336650e+00
-4.445530043966781086e-01 2.980991533792932913e+00
-4.425989252564730414e-01 2.600777546184441569e+00
-4.406448461162677521e-01 2.654405420654160075e+00
-4.386907669760624628e-01 2.508522778607663817e+00
-4.367366878358573956e-01 2.907721765905231237e+00
-4.347826086956523284e-01 3.356513920552109287e+00
-4.328285295554470391e-01 2.997092337056459499e+00
-4.308744504152417498e-01 2.903943019266236991e+00
-4.289203712750366826e-01 2.553150978798305992e+00
-4.269662921348316154e-01 2.871488661373291951e+00
-4.250122129946263261e-01 3.865103386153187603e+00
-4.230581338544210368e-01 3.631921305056218241e+00
-4.211040547142159696e-01 3.290647318844416525e+00
-4.191499755740109023e-01 3.168190762946617944e+00
-4.171958964338056131e-01 2.542079193121351111e+00
-4.152418172936003238e-01 2.576875400331164911e+00
-4.132877381533952565e-01 2.946971496156777448e+00
-4.113336590131901893e-01 2.903077127251005862e+00
-4.093795798729849000e-01 3.024412817491173300e+00
-4.074255007327796108e-01 3.404181640381902074e+00
-4.054714215925745435e-01 3.229340957872502305e+00
-4.035173424523694763e-01 2.979480968345616709e+00
-4.015632633121641870e-01 3.077391615693382931e+00
-3.996091841719588977e-01 2.955718916995588863e+00
-3.976551050317538305e-01 2.869358234312912703e+00
-3.957010258915487633e-01 3.090935517017956435e+00
-3.937469467513434740e-01 3.110796151767063034e+00
-3.917928676111381847e-01 2.968174429363338973e+00
-3.898387884709331175e-01 2.865610438225853152e+00
-3.878847093307280502e-01 2.175337431540556032e+00
-3.859306301905227610e-01 2.682732241023373820e+00
-3.839765510503174717e-01 3.544832343996475288e+00
-3.820224719101124045e-01 3.345399762491063633e+00
-3.800683927699073372e-01 3.228261731240183785e+00
-3.781143136297020479e-01 3.416475455489472068e+00
-3.761602344894967587e-01 3.161110534757331614e+00
-3.742061553492916914e-01 3.157882258465682490e+00
-3.722520762090866242e-01 3.576826745756950032e+00
-3.702979970688813349e-01 3.425088287355786854e+00
-3.683439179286760456e-01 3.298686500758339246e+00
-3.663898387884709784e-01 3.706634822201629653e+00
-3.644357596482659112e-01 3.264680835044142970e+00
-3.624816805080606219e-01 3.011702960591864819e+00
-3.605276013678553326e-01 2.777428883951198468e+00
-3.585735222276502654e-01 2.546670888732318172e+00
-3.566194430874451982e-01 2.980959750576462230e+00
-3.546653639472399089e-01 3.305443723830579827e+00
-3.527112848070346196e-01 3.246981787658287821e+00
-3.507572056668295524e-01 3.058664032493244811e+00
-3.488031265266244851e-01 3.082909137057336935e+00
-3.468490473864191959e-01 3.054423438322781958e+00
-3.448949682462139066e-01 3.160469868628166701e+00
-3.429408891060088393e-01 2.959076685667750617e+00
-3.409868099658037721e-01 2.860734102744860063e+00
-3.390327308255984828e-01 3.281170573691961856e+00
-3.370786516853931936e-01 3.338432716703338521e+00
-3.351245725451881263e-01 2.775074959652444662e+00
-3.331704934049830591e-01 3.113345371051889465e+00
-3.312164142647777698e-01 3.344396114302305989e+00
-3.292623351245724805e-01 3.289807017305694803e+00
-3.273082559843674133e-01 2.662200076986154240e+00
-3.253541768441623461e-01 2.395185294270034237e+00
-3.234000977039570568e-01 2.689105084749282781e+00
-3.214460185637517675e-01 2.830695043401632027e+00
-3.194919394235467003e-01 3.228994354642276576e+00
-3.175378602833416330e-01 3.137513676340963897e+00
-3.155837811431363438e-01 2.409211701990211729e+00
-3.136297020029310545e-01 2.803105602194909451e+00
-3.116756228627259873e-01 2.996532518583663762e+00
-3.097215437225209200e-01 2.821129009861433445e+00
-3.077674645823156308e-01 3.277592434606452443e+00
-3.058133854421103415e-01 3.337531134985726844e+00
-3.038593063019052742e-01 3.201075340079604370e+00
-3.019052271617002070e-01 2.722654178425996996e+00
-2.999511480214949177e-01 2.744860961996764548e+00
-2.979970688812896285e-01 2.882218841703216405e+00
-2.960429897410845612e-01 2.483271152477219523e+00
-2.940889106008794940e-01 2.699699197018182062e+00
-2.921348314606742047e-01 2.988020069621699193e+00
-2.901807523204689154e-01 3.155755928097232488e+00
-2.882266731802638482e-01 3.292347103388597152e+00
-2.862725940400587810e-01 3.356781569294597034e+00
-2.843185148998534917e-01 3.594008585252146393e+00
-2.823644357596482024e-01 3.890116096781521815e+00
-2.804103566194431352e-01 3.441587277735056460e+00
-2.784562774792380679e-01 3.314676313051164058e+00
-2.765021983390327787e-01 3.417106005553749881e+00
-2.745481191988274894e-01 3.174495274474473661e+00
-2.725940400586224222e-01 3.209813324091324915e+00
-2.706399609184173549e-01 3.201810405353930911e+00
-2.686858817782120656e-01 2.896581245293901485e+00
-2.667318026380067764e-01 2.378639763688803033e+00
-2.647777234978017091e-01 2.348147562525196630e+00
-2.628236443575966419e-01 3.054657465935255889e+00
-2.608695652173913526e-01 3.112078624989785158e+00
-2.589154860771860633e-01 3.124901960399774747e+00
-2.569614069369809961e-01 3.053694821010169314e+00
-2.550073277967759289e-01 2.969683981509191995e+00
-2.530532486565706396e-01 3.238107697688599185e+00
-2.510991695163653503e-01 3.313346159352787534e+00
-2.491450903761602831e-01 3.186818986681672516e+00
-2.471910112359552159e-01 3.081001149932611760e+00
-2.452369320957499266e-01 3.420996851458526500e+00
-2.432828529555446373e-01 3.380953209895507516e+00
-2.413287738153395701e-01 3.194507836983639937e+00
-2.393746946751345028e-01 3.045360670897019340e+00
-2.374206155349292136e-01 2.833113478063771229e+00
-2.354665363947239243e-01 2.752317560953033038e+00
-2.335124572545188570e-01 2.883319666185190755e+00
-2.315583781143137898e-01 3.234482187757604876e+00
-2.296042989741085005e-01 3.451955958909699973e+00
-2.276502198339032113e-01 3.209654329188709188e+00
-2.256961406936981440e-01 3.002475648714815204e+00
-2.237420615534930768e-01 3.241430554810244669e+00
-2.217879824132877875e-01 2.929313833083472041e+00
-2.198339032730824982e-01 2.915234358248175006e+00
-2.178798241328774310e-01 2.975079902506741369e+00
-2.159257449926723638e-01 3.162529438894164713e+00
-2.139716658524670745e-01 3.027615535765991073e+00
-2.120175867122617852e-01 2.982679154831297641e+00
-2.100635075720567180e-01 3.350410349209230088e+00
-2.081094284318516507e-01 3.361770815383724909e+00
-2.061553492916463615e-01 3.159278981173632594e+00
-2.042012701514410722e-01 3.195428427803226779e+00
-2.022471910112360050e-01 3.465763249352717512e+00
-2.002931118710309377e-01 3.013615250995707040e+00
-1.983390327308256484e-01 2.611797355451752178e+00
-1.963849535906203592e-01 3.131536666040999339e+00
-1.944308744504152919e-01 2.766597625941551453e+00
-1.924767953102102247e-01 2.665098597248245493e+00
-1.905227161700049354e-01 2.993750884082269526e+00
-1.885686370297996461e-01 2.490724083159749025e+00
-1.866145578895945789e-01 2.482239493960177512e+00
-1.846604787493895117e-01 3.287470651509596831e+00
-1.827063996091842224e-01 2.978068227564883763e+00
-1.807523204689789331e-01 2.839811846269669537e+00
-1.787982413287738659e-01 3.157503076472481407e+00
-1.768441621885687987e-01 3.011062816854804147e+00
-1.748900830483635094e-01 2.990322710233868087e+00
-1.729360039081582201e-01 2.921936461611998492e+00
-1.709819247679531529e-01 2.828835611611181911e+00
-1.690278456277480856e-01 2.327898940296527552e+00
-1.670737664875427964e-01 3.015110089055629938e+00
-1.651196873473375071e-01 3.236459755458445109e+00
-1.631656082071324398e-01 3.041340252848029557e+00
-1.612115290669273726e-01 3.212208590227122684e+00
-1.592574499267220833e-01 2.840137302613814363e+00
-1.573033707865167941e-01 2.900929537708334838e+00
-1.553492916463117268e-01 2.850498875705763879e+00
-1.533952125061066596e-01 2.944580814161688043e+00
-1.514411333659013703e-01 2.862265571090615524e+00
-1.494870542256960810e-01 2.582955834409339069e+00
-1.475329750854910138e-01 3.229653304958386428e+00
-1.455788959452859466e-01 3.107592520478520193e+00
-1.436248168050806573e-01 2.318257613574674192e+00
-1.416707376648753680e-01 2.765076595690800776e+00
-1.397166585246703008e-01 3.178646593635226392e+00
-1.377625793844652335e-01 2.778849408916982178e+00
-1.358085002442599443e-01 2.838492785679691544e+00
-1.338544211040546550e-01 3.065981704697930077e+00
-1.319003419638495878e-01 3.147847994197041199e+00
-1.299462628236445205e-01 3.392269398777927769e+00
-1.279921836834392312e-01 3.161606218263199430e+00
-1.260381045432339420e-01 2.912871815805532449e+00
-1.240840254030288747e-01 2.856844843980312021e+00
-1.221299462628238075e-01 3.075085417181633307e+00
-1.201758671226185182e-01 3.149172731058404562e+00
-1.182217879824132289e-01 2.991596929732826649e+00
-1.162677088422081617e-01 2.774336423765369375e+00
-1.143136297020030945e-01 2.763837985421053745e+00
-1.123595505617978052e-01 2.486377039669672051e+00
-1.104054714215925159e-01 2.549408004514402748e+00
-1.084513922813874487e-01 2.833920733939322645e+00
-1.064973131411823815e-01 2.619019992308640354e+00
-1.045432340009770922e-01 2.812076004220983805e+00
-1.025891548607718029e-01 2.872958678861982751e+00
-1.006350757205667357e-01 3.351077208530338858e+00
-9.868099658036166844e-02 3.121864456908021168e+00
-9.672691744015637916e-02 2.877964269754476501e+00
-9.477283829995108988e-02 2.706178771996543997e+00
-9.281875915974602265e-02 2.833318323063673816e+00
-9.086468001954095541e-02 2.830801647262450427e+00
-8.891060087933566614e-02 2.530025993136791662e+00
-8.695652173913037686e-02 2.641882579975693979e+00
-8.500244259892530962e-02 2.829521906007648635e+00
-8.304836345872024239e-02 3.183762065169363886e+00
-8.109428431851495311e-02 3.216116329795803530e+00
-7.914020517830966384e-02 2.992957900393133475e+00
-7.718612603810459660e-02 2.797276865119524114e+00
-7.523204689789952937e-02 2.823581506088840065e+00
-7.327796775769424009e-02 3.202901913208972662e+00
-7.132388861748895081e-02 3.555362510842392521e+00
-6.936980947728388358e-02 3.367121190268332231e+00
-6.741573033707881635e-02 3.352048773122235481e+00
-6.546165119687352707e-02 2.959573466750389681e+00
-6.350757205666823779e-02 2.651927733375175400e+00
-6.155349291646317056e-02 2.615475423967124069e+00
-5.959941377625810333e-02 2.762490631474181946e+00
-5.764533463605281405e-02 3.222723156737333117e+00
-5.569125549584752477e-02 3.145477020268595325e+00
-5.373717635564245754e-02 2.926475426061703189e+00
-5.178309721543739030e-02 3.329711743654129918e+00
-4.982901807523210103e-02 3.285417082130611455e+00
-4.787493893502681175e-02 3.363205485530063488e+00
-4.592085979482174452e-02 3.189922053467013185e+00
-4.396678065461667728e-02 2.691030053082201778e+00
-4.201270151441138800e-02 2.687470461607217143e+00
-4.005862237420609873e-02 3.072380465165283514e+00
-3.810454323400103149e-02 3.064714004329285757e+00
-3.615046409379596426e-02 3.188637173937896030e+00
-3.419638495359067498e-02 2.991388545546888711e+00
-3.224230581338538570e-02 2.845130818764633140e+00
-3.028822667318031847e-02 2.986234886670677824e+00
-2.833414753297525124e-02 2.671868954519909689e+00
-2.638006839276996196e-02 2.684151529900424826e+00
-2.442598925256467268e-02 2.887748256728657203e+00
-2.247191011235960545e-02 2.675474136184265550e+00
-2.051783097215453822e-02 2.518419992021561526e+00
-1.856375183194924894e-02 2.757426709857011993e+00
-1.660967269174395966e-02 3.102019872957396451e+00
-1.465559355153889243e-02 3.029091503959946419e+00
-1.270151441133382519e-02 2.790151760727179742e+00
-1.074743527112853592e-02 2.847733104738890297e+00
-8.793356130923246639e-03 2.818505504210429891e+00
-6.839276990718179405e-03 2.762437899152818233e+00
-4.885197850513112172e-03 2.609808427818088195e+00
-2.931118710307822894e-03 2.795722298823507757e+00
-9.770395701025336166e-04 2.927666708354299985e+00
9.770395701025336166e-04 2.787436529921194506e+00
2.931118710307600850e-03 2.500263606858275089e+00
4.885197850512668083e-03 2.646153729603497151e+00
6.839276990718179405e-03 2.859050999117999758e+00
8.793356130923246639e-03 2.767666915255306836e+00
1.074743527112831387e-02 2.869699468129747189e+00
1.270151441133382519e-02 2.849524160978104792e+00
1.465559355153889243e-02 3.161930437790459791e+00
1.660967269174395966e-02 2.376787726445396931e+00
1.856375183194902689e-02 2.172649682561535567e+00
2.051783097215409413e-02 2.676166862970493554e+00
2.247191011235960545e-02 2.868036697016798087e+00
2.442598925256467268e-02 2.932929569540893233e+00
2.638006839276973992e-02 3.084097608379313904e+00
2.833414753297525124e-02 3.292469283379646505e+00
3.028822667318031847e-02 3.558527089881994065e+00
3.224230581338538570e-02 3.459193440269094477e+00
3.419638495359045294e-02 3.530896688963427010e+00
3.615046409379552017e-02 3.278664733433112044e+00
3.810454323400103149e-02 3.064235030689749451e+00
4.005862237420609873e-02 3.090285475559899186e+00
4.201270151441116596e-02 2.914695490501828079e+00
4.396678065461667728e-02 2.953156129757303461e+00
4.592085979482174452e-02 3.085383006849836462e+00
4.787493893502681175e-02 3.079709021364926080e+00
4.982901807523187898e-02 2.910106391081515476e+00
5.178309721543694621e-02 3.115327822357152776e+00
5.373717635564245754e-02 3.102884212617098125e+00
5.569125549584752477e-02 2.992283106314582053e+00
5.764533463605259200e-02 3.065587140802116473e+00
5.959941377625810333e-02 2.858854142475470539e+00
6.155349291646317056e-02 3.313205562279353700e+00
6.350757205666823779e-02 3.706558526524536212e+00
6.546165119687330503e-02 3.638679535334268245e+00
6.741573033707837226e-02 3.543015401885329041e+00
6.936980947728388358e-02 3.450994561225243729e+00
7.132388861748895081e-02 3.339480499078039788e+00
7.327796775769401805e-02 2.844296663682704285e+00
7.523204689789952937e-02 2.555785277676394518e+00
7.718612603810459660e-02 2.514879625033590305e+00
7.914020517830966384e-02 2.493162224953517025e+00
8.109428431851473107e-02 2.801950057517534454e+00
8.304836345871979830e-02 3.261526041157733147e+00
8.500244259892530962e-02 2.971407647112849215e+00
8.695652173913037686e-02 2.697380245276492783e+00
8.891060087933544409e-02 2.699728884555087749e+00
9.086468001954095541e-02 3.309982740959620529e+00
9.281875915974602265e-02 3.520713110348490549e+00
9.477283829995108988e-02 2.888546887388125484e+00
9.672691744015615711e-02 2.725439507766051594e+00
9.868099658036122435e-02 2.828481408212478954e+00
1.006350757205667357e-01 3.249898111763375841e+00
1.025891548607718029e-01 3.449015594750223901e+00
1.045432340009768701e-01 3.413214754653696836e+00
1.064973131411823815e-01 3.215973427598903811e+00
1.084513922813874487e-01 2.632045549365789050e+00
1.104054714215925159e-01 2.826982487364777530e+00
1.123595505617975832e-01 3.286846801824446551e+00
1.143136297020026504e-01 3.545682736530389789e+00
1.162677088422081617e-01 3.085762772970282342e+00
1.182217879824132289e-01 2.903059909895314039e+00
1.201758671226182962e-01 3.029569459079603178e+00
1.221299462628238075e-01 2.624350903921655487e+00
1.240840254030288747e-01 3.104777735223814172e+00
1.260381045432339420e-01 3.252041487126347441e+00
1.279921836834390092e-01 2.672088911122415311e+00
1.299462628236440764e-01 2.592536469492358719e+00
1.319003419638495878e-01 3.418554812034228618e+00
1.338544211040546550e-01 3.523083527273928262e+00
1.358085002442597222e-01 3.441955365723990301e+00
1.377625793844652335e-01 3.367915081174115866e+00
1.397166585246703008e-01 2.958574518343517479e+00
1.416707376648753680e-01 3.139296349196264657e+00
1.436248168050804352e-01 3.199459161993660317e+00
1.455788959452855025e-01 2.827409762663111170e+00
1.475329750854910138e-01 2.466769672558758231e+00
1.494870542256960810e-01 2.587880216915133147e+00
1.514411333659011483e-01 3.094545500469100929e+00
1.533952125061066596e-01 3.504849396721911425e+00
1.553492916463117268e-01 3.392077727350932825e+00
1.573033707865167941e-01 2.677528470070036359e+00
1.592574499267218613e-01 2.868809480402196410e+00
1.612115290669269285e-01 3.158233315363123239e+00
1.631656082071324398e-01 3.011970342097445297e+00
1.651196873473375071e-01 2.484896175354239567e+00
1.670737664875425743e-01 2.712276815706213373e+00
1.690278456277480856e-01 2.807838025123615466e+00
1.709819247679531529e-01 2.691398475330229800e+00
1.729360039081582201e-01 2.782382929566226792e+00
1.748900830483632873e-01 2.752248104615256263e+00
1.768441621885683546e-01 2.570871913153827570e+00
1.787982413287738659e-01 2.386802557474502873e+00
1.807523204689789331e-01 2.653689312486629426e+00
1.827063996091840004e-01 2.883639395354089530e+00
1.846604787493895117e-01 2.746905851528900211e+00
1.866145578895945789e-01 2.779761668280598563e+00
1.885686370297996461e-01 2.945723956796999499e+00
1.905227161700047134e-01 2.986036704800144825e+00
1.924767953102097806e-01 2.861292154018291178e+00
1.944308744504152919e-01 2.522986603682367601e+00
1.963849535906203592e-01 2.813977652351241865e+00
1.983390327308254264e-01 3.089167896635164112e+00
2.002931118710309377e-01 3.062184022598717803e+00
2.022471910112360050e-01 2.606043426821871289e+00
2.042012701514410722e-01 2.405720837597235651e+00
2.061553492916461394e-01 3.139021626431499623e+00
2.081094284318512067e-01 3.580393123394982169e+00
2.100635075720567180e-01 2.887662842727452883e+00
2.120175867122617852e-01 2.503155158816501746e+00
2.139716658524668524e-01 2.554836678851038378e+00
2.159257449926723638e-01 2.771991126816162332e+00
2.178798241328774310e-01 2.796102514774804870e+00
2.198339032730824982e-01 2.787378849830711935e+00
2.217879824132875655e-01 2.780092169222597054e+00
2.237420615534926327e-01 2.682168216230917945e+00
2.256961406936981440e-01 2.954816452888135547e+00
2.276502198339032113e-01 2.899829371362629082e+00
2.296042989741082785e-01 2.866343474936123403e+00
2.315583781143137898e-01 2.352345269400440309e+00
2.335124572545188570e-01 2.553021349025523801e+00
2.354665363947239243e-01 2.976833782651979288e+00
2.374206155349289915e-01 3.071516780779040445e+00
2.393746946751340587e-01 2.923444592751867521e+00
2.413287738153395701e-01 2.831353344630129332e+00
2.432828529555446373e-01 3.156408567283826905e+00
2.452369320957497045e-01 3.572143604647099124e+00
2.471910112359552159e-01 3.179002426362969036e+00
2.491450903761602831e-01 2.818454669780652289e+00
2.510991695163653503e-01 2.754957145807314767e+00
2.530532486565704176e-01 2.685045256594714047e+00
2.550073277967754848e-01 2.732708662815206413e+00
2.569614069369809961e-01 2.851118389432423239e+00
2.589154860771860633e-01 2.348252121936300174e+00
2.608695652173911306e-01 2.915376054134578787e+00
2.628236443575966419e-01 3.127813571695140737e+00
2.647777234978017091e-01 3.000280143840262426e+00
2.667318026380067764e-01 2.850034813899980257e+00
2.686858817782118436e-01 2.837097341446446208e+00
2.706399609184169108e-01 3.072616041712111112e+00
2.725940400586224222e-01 2.650345457523407333e+00
2.745481191988274894e-01 2.474587776674969319e+00
2.765021983390325566e-01 3.043747985203674844e+00
2.784562774792380679e-01 3.299732872959371566e+00
2.804103566194431352e-01 3.146127409818826326e+00
2.823644357596482024e-01 3.015249665693245262e+00
2.843185148998532696e-01 3.293751153378467578e+00
2.862725940400583369e-01 3.759728589257092857e+00
2.882266731802638482e-01 3.384357747252588311e+00
2.901807523204689154e-01 3.156858436383584543e+00
2.921348314606739827e-01 3.590337275369075876e+00
2.940889106008794940e-01 3.188696267662278760e+00
2.960429897410845612e-01 2.790060759173941918e+00
2.979970688812896285e-01 3.193397065122860923e+00
2.999511480214946957e-01 3.246680477963855171e+00
3.019052271616997629e-01 3.078123445253688750e+00
3.038593063019052742e-01 3.264594581438957643e+00
3.058133854421103415e-01 2.683872128417841285e+00
3.077674645823154087e-01 2.712840916596463980e+00
3.097215437225209200e-01 2.744477158369575509e+00
3.116756228627259873e-01 2.759029973676189407e+00
3.136297020029310545e-01 3.380579045702781116e+00
3.155837811431361217e-01 3.402864563235592055e+00
3.175378602833411890e-01 3.117556322689409853e+00
3.194919394235467003e-01 2.483172138737958612e+00
3.214460185637517675e-01 2.140522471029957963e+00
3.234000977039568347e-01 2.678745183399072083e+00
3.253541768441623461e-01 2.697444968451686798e+00
3.273082559843674133e-01 2.768436993721201667e+00
3.292623351245724805e-01 3.290147174693776932e+00
3.312164142647775478e-01 3.087036073051542928e+00
3.331704934049826150e-01 2.924259318580714861e+00
3.351245725451881263e-01 2.861235334876359282e+00
3.370786516853931936e-01 2.690813987600766399e+00
3.390327308255982608e-01 3.328419088758050481e+00
3.409868099658037721e-01 3.354809077189035538e+00
3.429408891060088393e-01 3.060309752071542100e+00
3.448949682462139066e-01 3.064717940957367937e+00
3.468490473864189738e-01 3.146206033429147730e+00
3.488031265266240410e-01 3.201470159618664102e+00
3.507572056668295524e-01 2.965586990408200396e+00
3.527112848070346196e-01 3.114415918596286303e+00
3.546653639472396868e-01 3.709154013178113107e+00
3.566194430874451982e-01 3.115364536978362242e+00
3.585735222276502654e-01 2.605439251777142751e+00
3.605276013678553326e-01 2.764267443855290551e+00
3.624816805080603999e-01 2.845785231149299932e+00
3.644357596482654671e-01 2.942389727542203293e+00
3.663898387884709784e-01 3.185276352115069987e+00
3.683439179286760456e-01 2.979277271735385479e+00
3.702979970688811129e-01 2.779230657410194372e+00
3.722520762090866242e-01 2.997144939886665860e+00
3.742061553492916914e-01 2.878850357331886212e+00
3.761602344894967587e-01 2.806907493525848452e+00
3.781143136297018259e-01 2.789846415157680504e+00
3.800683927699068931e-01 2.989124887885957982e+00
3.820224719101124045e-01 3.297652061045852179e+00
3.839765510503174717e-01 3.215249935805286174e+00
3.859306301905225389e-01 3.127414405335388725e+00
3.878847093307280502e-01 2.825465759942726418e+00
3.898387884709331175e-01 2.497027612945980746e+00
3.917928676111381847e-01 2.458629964496084064e+00
3.937469467513432519e-01 3.076155764655023717e+00
3.957010258915483192e-01 3.293654365942535023e+00
3.976551050317538305e-01 2.841774399835948373e+00
3.996091841719588977e-01 2.836005181967407029e+00
4.015632633121639650e-01 3.104732593119529760e+00
4.035173424523694763e-01 3.382614893645563114e+00
4.054714215925745435e-01 3.096817364014605722e+00
4.074255007327796108e-01 3.071477090352956463e+00
4.093795798729846780e-01 3.448944967816873763e+00
4.113336590131897452e-01 3.387391492926555170e+00
4.132877381533952565e-01 3.246603938381851684e+00
4.152418172936003238e-01 3.128279614171933787e+00
4.171958964338053910e-01 2.621003253103188602e+00
4.191499755740109023e-01 2.532165675046236242e+00
4.211040547142159696e-01 2.727600584350921675e+00
4.230581338544210368e-01 2.879062551683511106e+00
4.250122129946261040e-01 3.194561134598106644e+00
4.269662921348311713e-01 3.141461918292828948e+00
4.289203712750366826e-01 2.550299736212557455e+00
4.308744504152417498e-01 2.769981698673881887e+00
4.328285295554468171e-01 3.423118645075822197e+00
4.347826086956523284e-01 3.135777575412022511e+00
4.367366878358573956e-01 3.377209652366403692e+00
4.386907669760624628e-01 3.093150154911045391e+00
4.406448461162675301e-01 2.956900955429563105e+00
4.425989252564725973e-01 3.343880637919945720e+00
4.445530043966781086e-01 3.302822419943410637e+00
4.465070835368831759e-01 3.417863917165658183e+00
4.484611626770882431e-01 3.416138851251295350e+00
4.504152418172937544e-01 3.323880896161548026e+00
4.523693209574988217e-01 3.194111199682089897e+00
4.543234000977038889e-01 2.985823704180365912e+00
4.562774792379089561e-01 2.955524094540860958e+00
4.582315583781140234e-01 3.502396724528471061e+00
4.601856375183195347e-01 3.364224557183750797e+00
4.621397166585246019e-01 3.236101542953199406e+00
4.640937957987296691e-01 2.962965168611954248e+00
4.660478749389351805e-01 2.626288824942987432e+00
4.680019540791402477e-01 2.524098513925782772e+00
4.699560332193453149e-01 2.644137519316340335e+00
4.719101123595503822e-01 2.897988441732635145e+00
4.738641914997554494e-01 3.021965097430697966e+00
4.758182706399609607e-01 2.697531952786571541e+00
4.777723497801660280e-01 3.015206923882046475e+00
4.797264289203710952e-01 3.392374075285174317e+00
4.816805080605766065e-01 3.245467347951378034e+00
4.836345872007816737e-01 3.019231925369582292e+00
4.855886663409867410e-01 3.234777930215713138e+00
4.875427454811918082e-01 3.345449445345513695e+00
4.894968246213968754e-01 3.097921653192225122e+00
4.914509037616023868e-01 2.850522326342264101e+00
4.934049829018074540e-01 2.600348931247205453e+00
4.953590620420125212e-01 2.743356945334951114e+00
4.973131411822180326e-01 3.131927303794149076e+00
4.992672203224230998e-01 2.525567058069875248e+00
5.012212994626281670e-01 2.477581523009820152e+00
5.031753786028332343e-01 2.643928835525423793e+00
5.051294577430383015e-01 2.845799932681066124e+00
5.070835368832438128e-01 3.118644368401612965e+00
5.090376160234488800e-01 3.148992974928496835e+00
5.109916951636539473e-01 3.019574876813095443e+00
5.129457743038594586e-01 2.819054932122086576e+00
5.148998534440645258e-01 2.641861579203901300e+00
5.168539325842695931e-01 3.014966985237000685e+00
5.188080117244746603e-01 3.189250492802815806e+00
5.207620908646797275e-01 3.254301385318075113e+00
5.227161700048852389e-01 3.146199959166816384e+00
5.246702491450903061e-01 3.053192919453520116e+00
5.266243282852953733e-01 3.069786167713028480e+00
5.285784074255008846e-01 3.262701660299649031e+00
5.305324865657059519e-01 2.617460492904281288e+00
5.324865657059110191e-01 2.741533903519006721e+00
5.344406448461160863e-01 3.051854319422055983e+00
5.363947239863211536e-01 2.941762385358958731e+00
5.383488031265266649e-01 2.969916779658990258e+00
5.403028822667317321e-01 2.803721014802461831e+00
5.422569614069367994e-01 2.783705630864941938e+00
5.442110405471423107e-01 2.756538826758915484e+00
5.461651196873473779e-01 2.611198359300416882e+00
5.481191988275524452e-01 2.661274572701712859e+00
5.500732779677575124e-01 2.984306332168973785e+00
5.520273571079625796e-01 3.478925951399579830e+00
5.539814362481680909e-01 3.075627836208108423e+00
5.559355153883731582e-01 3.056026870769064541e+00
5.578895945285782254e-01 3.254147055926934762e+00
5.598436736687837367e-01 3.031190176292813288e+00
5.617977528089888040e-01 3.238355576915763034e+00
5.637518319491938712e-01 3.319299646565816886e+00
5.657059110893989384e-01 3.457097934046388765e+00
5.676599902296040057e-01 3.139128322051193187e+00
5.696140693698095170e-01 3.152044121675309007e+00
5.715681485100145842e-01 3.276250039056208152e+00
5.735222276502196515e-01 2.855159169611591441e+00
5.754763067904251628e-01 2.851674423104526568e+00
5.774303859306302300e-01 3.146949609435996997e+00
5.793844650708352972e-01 3.492159794590683930e+00
5.813385442110403645e-01 3.194358732525430344e+00
5.832926233512454317e-01 2.655995137454215005e+00
5.852467024914509430e-01 2.682366518529001986e+00
5.872007816316560103e-01 2.844083755575256056e+00
5.891548607718610775e-01 2.651644515620963372e+00
5.911089399120665888e-01 2.990407081050009630e+00
5.930630190522716561e-01 2.844541328602396835e+00
5.950170981924767233e-01 2.795442915955490548e+00
5.969711773326817905e-01 3.170526774662363767e+00
5.989252564728868578e-01 3.593529534134443093e+00
6.008793356130923691e-01 3.443188054370685425e+00
6.028334147532974363e-01 3.358349274327610878e+00
6.047874938935025035e-01 3.421098294597353817e+00
6.067415730337080149e-01 3.253885416351081972e+00
6.086956521739130821e-01 3.295528192037960213e+00
6.106497313141181493e-01 3.525814958747346406e+00
6.126038104543232166e-01 3.673400115257183352e+00
6.145578895945282838e-01 3.218213889821473828e+00
6.165119687347337951e-01 3.502266747429378491e+00
6.184660478749388623e-01 3.738320275202763554e+00
6.204201270151439296e-01 3.026094062276287744e+00
6.223742061553494409e-01 2.665961995729925427e+00
6.243282852955545081e-01 3.107695931605914730e+00
6.262823644357595754e-01 3.378968812960002843e+00
6.282364435759646426e-01 3.103030524319937200e+00
6.301905227161697098e-01 2.680668302367219535e+00
6.321446018563752212e-01 2.825951591946084918e+00
6.340986809965802884e-01 2.861180214740028926e+00
6.360527601367853556e-01 2.772432916753613696e+00
6.380068392769908669e-01 3.145446638059228750e+00
6.399609184171959342e-01 3.141097670588170132e+00
6.419149975574010014e-01 3.089104395542221493e+00
6.438690766976060686e-01 3.089124538495107597e+00
6.458231558378111359e-01 2.730617218004539382e+00
6.477772349780166472e-01 2.794204966303683868e+00
6.497313141182217144e-01 2.657027292478397751e+00
6.516853932584267817e-01 2.703069964569888128e+00
6.536394723986322930e-01 3.065160613465731654e+00
6.555935515388373602e-01 2.986635566804642483e+00
6.575476306790424275e-01 2.817605374148328679e+00
6.595017098192474947e-01 2.999998400961143563e+00
6.614557889594525619e-01 3.248699029628714374e+00
6.634098680996580732e-01 3.135987619313775454e+00
6.653639472398631405e-01 3.091463211790030918e+00
6.673180263800682077e-01 2.891012162133024699e+00
6.692721055202737190e-01 2.827023646303598703e+00
6.712261846604787863e-01 3.030343754494206010e+00
6.731802638006838535e-01 3.206182204477362241e+00
6.751343429408889207e-01 3.049212049126306834e+00
6.770884220810939880e-01 2.762143179208809585e+00
6.790425012212994993e-01 2.903597533727763746e+00
6.809965803615045665e-01 3.310163046112174712e+00
6.829506595017096338e-01 3.307552629641408615e+00
6.849047386419151451e-01 2.994150937488699871e+00
6.868588177821202123e-01 2.858692808171250821e+00
6.888128969223252795e-01 3.194823165468577031e+00
6.907669760625303468e-01 3.244181278229844700e+00
6.927210552027354140e-01 3.084568044426838185e+00
6.946751343429409253e-01 2.977452075305327295e+00
6.966292134831459926e-01 2.819415458598339086e+00
6.985832926233510598e-01 3.143831420203417437e+00
7.005373717635565711e-01 3.292883660358845166e+00
7.024914509037616384e-01 2.943640566514690526e+00
7.044455300439667056e-01 3.044062623329042427e+00
7.063996091841717728e-01 3.239650246737679318e+00
7.083536883243768401e-01 3.022536375356774219e+00
7.103077674645823514e-01 2.824970156267706756e+00
7.122618466047874186e-01 2.742498954887242935e+00
7.142159257449924858e-01 2.845660056797631121e+00
7.161700048851979972e-01 2.858313705920667580e+00
7.181240840254030644e-01 2.464722802101520394e+00
7.200781631656081316e-01 3.021316939117038913e+00
7.220322423058131989e-01 3.243841153818480372e+00
7.239863214460182661e-01 3.050779422261885365e+00
7.259404005862237774e-01 2.902825696626729179e+00
7.278944797264288447e-01 2.862807697720665789e+00
7.298485588666339119e-01 2.959767640215103413e+00
7.318026380068394232e-01 3.063726558660810895e+00
7.337567171470444904e-01 3.512759995643651045e+00
7.357107962872495577e-01 3.605569547182703616e+00
7.376648754274546249e-01 3.158422485979549776e+00
7.396189545676596921e-01 2.583732731833563001e+00
7.415730337078652035e-01 2.647570445753777424e+00
7.435271128480702707e-01 2.884149764556692030e+00
7.454811919882753379e-01 3.299287699225087245e+00
7.474352711284808493e-01 3.421188641663403640e+00
7.493893502686859165e-01 2.734359974852165642e+00
7.513434294088909837e-01 2.616834075804140625e+00
7.532975085490960510e-01 2.837166266701698802e+00
7.552515876893011182e-01 2.958128971508884320e+00
7.572056668295066295e-01 2.751966625757274354e+00
7.591597459697116967e-01 2.635905225685810205e+00
7.611138251099167640e-01 2.793298272898995904e+00
7.630679042501222753e-01 2.872366311426367780e+00
7.650219833903273425e-01 3.286775803411203345e+00
7.669760625305324098e-01 3.102411589088460708e+00
7.689301416707374770e-01 2.957206592643990994e+00
7.708842208109425442e-01 3.144553369058732173e+00
7.728382999511480556e-01 2.655270271824712314e+00
7.747923790913531228e-01 2.418121738146746136e+00
7.767464582315581900e-01 2.462874188440817846e+00
7.787005373717637013e-01 2.579427239037273001e+00
7.806546165119687686e-01 2.833263141848625821e+00
7.826086956521738358e-01 2.828889648394205647e+00
7.845627747923789030e-01 2.393877573856884045e+00
7.865168539325839703e-01 2.574528806219044785e+00
7.884709330727894816e-01 3.073769802472949397e+00
7.904250122129945488e-01 3.360711397788200383e+00
7.923790913531996161e-01 3.169444466563748453e+00
7.943331704934051274e-01 2.306110739437833956e+00
7.962872496336101946e-01 2.652066352744635758e+00
7.982413287738152619e-01 3.374216988458511146e+00
8.001954079140203291e-01 3.193015062266407078e+00
8.021494870542253963e-01 3.029548769916043494e+00
8.041035661944309076e-01 2.907393719989799674e+00
8.060576453346359749e-01 2.510667369552702866e+00
8.080117244748410421e-01 2.451967782223640757e+00
8.099658036150465534e-01 2.745061119412776307e+00
8.119198827552516207e-01 2.827110112381196139e+00
8.138739618954566879e-01 2.859792929533473860e+00
8.158280410356617551e-01 2.877937530764047125e+00
8.177821201758668224e-01 2.401147377818880102e+00
8.197361993160723337e-01 2.916505852141027422e+00
8.216902784562774009e-01 3.410829232128487654e+00
8.236443575964824682e-01 2.767291092307480049e+00
8.255984367366879795e-01 2.562611845555209822e+00
8.275525158768930467e-01 2.664124708248064799e+00
8.295065950170981139e-01 3.431912127950571101e+00
8.314606741573031812e-01 3.443114298862467670e+00
8.334147532975082484e-01 3.163812875426097015e+00
8.353688324377137597e-01 2.652144616303979241e+00
8.373229115779188270e-01 2.015213464310265046e+00
8.392769907181238942e-01 2.451592655106749508e+00
8.412310698583294055e-01 2.480193444206993725e+00
8.431851489985344728e-01 2.717141667688951934e+00
8.451392281387395400e-01 2.586594553570380040e+00
8.470933072789446072e-01 2.742939895984322529e+00
8.490473864191496745e-01 2.908380159192640591e+00
8.510014655593551858e-01 3.037849067132551983e+00
8.529555446995602530e-01 2.996201071756991574e+00
8.549096238397653202e-01 2.987752463978556428e+00
8.568637029799708316e-01 3.128398419423779497e+00
8.588177821201758988e-01 3.191315896794697071e+00
8.607718612603809660e-01 3.019691380674264902e+00
8.627259404005860333e-01 2.906622754631799754e+00
8.646800195407911005e-01 2.813040749425053111e+00
8.666340986809966118e-01 2.785658739412036233e+00
8.685881778212016791e-01 2.851036657370382699e+00
8.705422569614067463e-01 3.094448167550447160e+00
8.724963361016122576e-01 3.090355101743909927e+00
8.744504152418173248e-01 3.124684793641814728e+00
8.764044943820223921e-01 3.159048964292065609e+00
8.783585735222274593e-01 3.421475556838966536e+00
8.803126526624325265e-01 2.930602829735033499e+00
8.822667318026380379e-01 2.505069675861756995e+00
8.842208109428431051e-01 2.803465286840997717e+00
8.861748900830481723e-01 2.917443667618129677e+00
8.881289692232536837e-01 2.719981763945433340e+00
8.900830483634587509e-01 2.757786872821374580e+00
8.920371275036638181e-01 3.415065633787842003e+00
8.939912066438688854e-01 3.236336816644434400e+00
8.959452857840739526e-01 3.012547630874312432e+00
8.978993649242794639e-01 3.129269919591824767e+00
8.998534440644845311e-01 3.246941499880097837e+00
9.018075232046895984e-01 3.362775261090826362e+00
9.037616023448951097e-01 2.878636050275274361e+00
9.057156814851001769e-01 2.433705935202917559e+00
9.076697606253052442e-01 2.351233244456975235e+00
9.096238397655103114e-01 2.831240513899106581e+00
9.115779189057153786e-01 3.012467324158184745e+00
9.135319980459208900e-01 2.845721243343912743e+00
9.154860771861259572e-01 2.725542403890731435e+00
9.174401563263310244e-01 2.662885158770984528e+00
9.193942354665365357e-01 2.553337765785592239e+00
9.213483146067416030e-01 2.234652581156631790e+00
9.233023937469466702e-01 2.925330471612370253e+00
9.252564728871517374e-01 3.291074027922344936e+00
9.272105520273568047e-01 2.914045001099226262e+00
9.291646311675623160e-01 2.996351009818660760e+00
9.311187103077673832e-01 2.672379805133158648e+00
9.330727894479724505e-01 2.576850662236802592e+00
9.350268685881779618e-01 3.135271962876638341e+00
9.369809477283830290e-01 3.423760081838600922e+00
9.389350268685880962e-01 3.526316725024720711e+00
9.408891060087931635e-01 3.470246272432829571e+00
9.428431851489982307e-01 3.121023135116729019e+00
9.447972642892037420e-01 3.113776497602534388e+00
9.467513434294088093e-01 3.517640542217177924e+00
9.487054225696138765e-01 3.361539471188266681e+00
9.506595017098193878e-01 2.823232895561665234e+00
9.526135808500244551e-01 2.883643146140564273e+00
9.545676599902295223e-01 3.317644709729510755e+00
9.565217391304345895e-01 3.216997727623137848e+00
9.584758182706396568e-01 2.994331774218586872e+00
9.604298974108451681e-01 2.858779512896559183e+00
9.623839765510502353e-01 3.304412578430375724e+00
9.643380556912553025e-01 3.300939649666363884e+00
9.662921348314608139e-01 3.193379845638765424e+00
9.682462139716658811e-01 3.172160922030591745e+00
9.702002931118709483e-01 3.348427088072369884e+00
9.721543722520760156e-01 3.297189401311164225e+00
9.741084513922810828e-01 2.794010965928824142e+00
9.760625305324865941e-01 2.460154271788759672e+00
9.780166096726916614e-01 2.256525446188005546e+00
9.799706888128967286e-01 2.445685084399188192e+00
9.819247679531022399e-01 2.643684690841223262e+00
9.838788470933073071e-01 2.797532711330730226e+00
9.858329262335123744e-01 3.258950505666456277e+00
9.877870053737174416e-01 3.235696631621323149e+00
9.897410845139225088e-01 2.721535543919804567e+00
9.916951636541280202e-01 2.769737905679423129e+00
9.936492427943330874e-01 3.189105546967750726e+00
9.956033219345381546e-01 3.249161499495187400e+00
9.975574010747436660e-01 3.317497195644062202e+00
9.995114802149487332e-01 2.930555175064068152e+00
1.001465559355153800e+00 2.968513577765611977e+00
1.003419638495358868e+00 3.186686402077105740e+00
1.005373717635563935e+00 2.968356204231367812e+00
1.007327796775769446e+00 2.760100404916132621e+00
1.009281875915974513e+00 2.863063855334779806e+00
1.011235955056179581e+00 2.972376318235542936e+00
1.013190034196385092e+00 3.141797450320970242e+00
1.015144113336590159e+00 3.512044638824091791e+00
1.017098192476795226e+00 3.752495646961093723e+00
1.019052271617000294e+00 3.487636423857223278e+00
1.021006350757205361e+00 3.374345057973535233e+00
1.022960429897410872e+00 3.197516959510740442e+00
1.024914509037615939e+00 3.253497336322486166e+00
1.026868588177821007e+00 3.043937835120355651e+00
1.028822667318026518e+00 3.379364726802695618e+00
1.030776746458231585e+00 3.140138558228255938e+00
1.032730825598436653e+00 2.962289863610796381e+00
1.034684904738641720e+00 2.922188568022263677e+00
1.036638983878846787e+00 2.763388055647486130e+00
1.038593063019052298e+00 2.641239261487494439e+00
1.040547142159257366e+00 2.780792561870788937e+00
1.042501221299462433e+00 3.485432490399620331e+00
1.044455300439667944e+00 3.640683906598538133e+00
1.046409379579873011e+00 3.024872765057948776e+00
1.048363458720078079e+00 2.788279457685211682e+00
1.050317537860283146e+00 2.572043282599967728e+00
1.052271617000488213e+00 2.647099680882290418e+00
1.054225696140693724e+00 2.664514958070361317e+00
1.056179775280898792e+00 2.534178040298642021e+00
1.058133854421103859e+00 2.349600954189642987e+00
1.060087933561309370e+00 2.842591649407166798e+00
1.062042012701514437e+00 3.365616003180293525e+00
1.063996091841719505e+00 3.109542339169203196e+00
1.065950170981924572e+00 3.393586575008678441e+00
1.067904250122129639e+00 3.297139579398136622e+00
1.069858329262335150e+00 3.161185285898414854e+00
1.071812408402540218e+00 2.797671035611003276e+00
1.073766487542745285e+00 2.648780442599302454e+00
1.075720566682950796e+00 3.090380281614154789e+00
1.077674645823155863e+00 3.404031213461047312e+00
1.079628724963360931e+00 3.190690908820507765e+00
1.081582804103565998e+00 2.814774818566232018e+00
1.083536883243771065e+00 2.808826275891157742e+00
1.085490962383976576e+00 2.868890937299380273e+00
1.087445041524181644e+00 3.068880666743885488e+00
1.089399120664386711e+00 3.142329827662348585e+00
1.091353199804592222e+00 3.137071888881294512e+00
1.093307278944797289e+00 2.891994111327378381e+00
1.095261358085002357e+00 3.164740981965378896e+00
1.097215437225207424e+00 2.950768444589306316e+00
1.099169516365412491e+00 3.148492976968182866e+00
1.101123595505618002e+00 3.391387318848227750e+00
1.103077674645823070e+00 3.067321638165522835e+00
1.105031753786028137e+00 3.022668907892473555e+00
1.106985832926233648e+00 2.755739835349904521e+00
1.108939912066438715e+00 2.622920775618559297e+00
1.110893991206643783e+00 2.775850345556893473e+00
1.112848070346848850e+00 3.053893348139184560e+00
1.114802149487053917e+00 2.671280711175096911e+00
1.116756228627259429e+00 2.659643689390819965e+00
1.118710307767464496e+00 2.728369094606799994e+00
1.120664386907669563e+00 2.980444989920005394e+00
1.122618466047875074e+00 2.892958822117561279e+00
1.124572545188080142e+00 2.772426247614507400e+00
1.126526624328285209e+00 3.114899499057155907e+00
1.128480703468490276e+00 3.714216133476921478e+00
1.130434782608695343e+00 3.003081463869317069e+00
1.132388861748900855e+00 2.549520768089243550e+00
1.134342940889105922e+00 2.671598307218719270e+00
1.136297020029310989e+00 3.091948048338248434e+00
1.138251099169516500e+00 2.788817164604189269e+00
1.140205178309721568e+00 2.842880850014808392e+00
1.142159257449926635e+00 2.899206817174204698e+00
1.144113336590131702e+00 3.518369104462667707e+00
1.146067415730336769e+00 3.679975997040974889e+00
1.148021494870542281e+00 3.033662234932326562e+00
1.149975574010747348e+00 2.503918154242544603e+00
1.151929653150952415e+00 2.252149817643379404e+00
1.153883732291157926e+00 2.436705313288769936e+00
1.155837811431362994e+00 3.042890852616806363e+00
1.157791890571568061e+00 2.955547251067359049e+00
1.159745969711773128e+00 2.808785525746658962e+00
1.161700048851978195e+00 2.845879047811996632e+00
1.163654127992183707e+00 2.930574774531757409e+00
1.165608207132388774e+00 2.690753126856980870e+00
1.167562286272593841e+00 2.414576213197888954e+00
1.169516365412799352e+00 2.795061254734353184e+00
1.171470444553004420e+00 3.228085219283029161e+00
1.173424523693209487e+00 3.342683404117925861e+00
1.175378602833414554e+00 3.137388968855767235e+00
1.177332681973619621e+00 3.084996723737161606e+00
1.179286761113825133e+00 3.601132670698674598e+00
1.181240840254030200e+00 3.656581466098336453e+00
1.183194919394235267e+00 3.120881812791862497e+00
1.185148998534440778e+00 2.828765106370210169e+00
1.187103077674645846e+00 2.718616105728160370e+00
1.189057156814850913e+00 2.503224158259776289e+00
1.191011235955055980e+00 2.321915851513762341e+00
1.192965315095261047e+00 2.442476447687638608e+00
1.194919394235466559e+00 2.488991742554384157e+00
1.196873473375671626e+00 2.914246130795157264e+00
1.198827552515876693e+00 2.632214964447028738e+00
1.200781631656082205e+00 2.733108838131155682e+00
1.202735710796287272e+00 3.693056840162660670e+00
1.204689789936492339e+00 3.638360827023526145e+00
1.206643869076697406e+00 3.101665183010182680e+00
1.208597948216902473e+00 2.614972722129508043e+00
1.210552027357107985e+00 2.556047847673421636e+00
1.212506106497313052e+00 3.314587217801688190e+00
1.214460185637518119e+00 3.052252904631857611e+00
1.216414264777723631e+00 3.248175781857105537e+00
1.218368343917928698e+00 3.483431838116995749e+00
1.220322423058133765e+00 3.400352156943938553e+00
1.222276502198338832e+00 3.053851861207061091e+00
1.224230581338543900e+00 2.894545486776703314e+00
1.226184660478749411e+00 3.070860005165998441e+00
1.228138739618954478e+00 3.277865402139236828e+00
1.230092818759159545e+00 3.092917128912839875e+00
1.232046897899365057e+00 2.952242435267740106e+00
1.234000977039570124e+00 2.999675876751253245e+00
1.235955056179775191e+00 3.184675882373933398e+00
1.237909135319980258e+00 3.319006058316466667e+00
1.239863214460185326e+00 3.039844350732871625e+00
1.241817293600390837e+00 2.700503210840707435e+00
1.243771372740595904e+00 2.801455365283970877e+00
1.245725451880800971e+00 2.975438032656555265e+00
1.247679531021006483e+00 2.903670464454616074e+00
1.249633610161211550e+00 3.001195320247360243e+00
1.251587689301416617e+00 2.921276014364987184e+00
1.253541768441621684e+00 2.784148455864769112e+00
1.255495847581826752e+00 2.860835843639644605e+00
1.257449926722032263e+00 2.776004907211842010e+00
1.259404005862237330e+00 2.610554704455825270e+00
1.261358085002442397e+00 2.579588933892189573e+00
1.263312164142647909e+00 2.830104431518803310e+00
1.265266243282852976e+00 2.826915367586988470e+00
1.267220322423058043e+00 2.920023023965073961e+00
1.269174401563263110e+00 3.029383370286662824e+00
1.271128480703468178e+00 2.900623116282601721e+00
1.273082559843673689e+00 2.956140148125347977e+00
1.275036638983878756e+00 2.893264203215245800e+00
1.276990718124083823e+00 2.692870209890485089e+00
1.278944797264289335e+00 3.109395928781098384e+00
1.280898876404494402e+00 2.387448080883757484e+00
1.282852955544699469e+00 2.493931025511527011e+00
1.284807034684904536e+00 2.679070797656252445e+00
1.286761113825109604e+00 2.702758852717956461e+00
1.288715192965315115e+00 2.830586009963457883e+00
1.290669272105520182e+00 3.122424732498199074e+00
1.292623351245725249e+00 2.900430126557754118e+00
1.294577430385930761e+00 2.840721095483687897e+00
1.296531509526135828e+00 2.713464181277410958e+00
1.298485588666340895e+00 2.580401165419170528e+00
1.300439667806545962e+00 2.849757535679042331e+00
1.302393746946751030e+00 2.456591391076673236e+00
1.304347826086956541e+00 2.218465786864570077e+00
1.306301905227161608e+00 2.848547719909959142e+00
1.308255984367366676e+00 3.320918192909103617e+00
1.310210063507572187e+00 2.864458608711772936e+00
1.312164142647777254e+00 2.684807074123873427e+00
1.314118221787982321e+00 2.914466874523717888e+00
1.316072300928187389e+00 2.899301265020385543e+00
1.318026380068392456e+00 3.061365926436713902e+00
1.319980459208597967e+00 3.180892322712489229e+00
1.321934538348803034e+00 3.131600966615506021e+00
1.323888617489008102e+00 2.951658661505003778e+00
1.325842696629213613e+00 2.945035339985956568e+00
1.327796775769418680e+00 3.142170851324385783e+00
1.329750854909623747e+00 3.380938303823153745e+00
1.331704934049828815e+00 3.293451745791360796e+00
1.333659013190033882e+00 3.128832060953468996e+00
1.335613092330239393e+00 3.326076235881866960e+00
1.337567171470444460e+00 3.249843017921332677e+00
1.339521250610649528e+00 2.952392738359027824e+00
1.341475329750855039e+00 3.317218132408859432e+00
1.343429408891060106e+00 3.043700732219644323e+00
1.345383488031265173e+00 2.272692036656587256e+00
1.347337567171470241e+00 2.747129072985845077e+00
1.349291646311675308e+00 3.301729142898538250e+00
1.351245725451880819e+00 3.376200563356143824e+00
1.353199804592085886e+00 3.592081574209773365e+00
1.355153883732290954e+00 3.617153054745367413e+00
1.357107962872496465e+00 3.112478588491355502e+00
1.359062042012701532e+00 2.801035675504928157e+00
1.361016121152906599e+00 2.641053333765685629e+00
1.362970200293111667e+00 2.693253743282060242e+00
1.364924279433316734e+00 3.118194328898817425e+00
1.366878358573522245e+00 3.179058084704789344e+00
1.368832437713727312e+00 3.059968833277543876e+00
1.370786516853932380e+00 2.993402473963611143e+00
1.372740595994137891e+00 3.032332821275090851e+00
1.374694675134342958e+00 2.901813604027196902e+00
1.376648754274548025e+00 3.170756204975282877e+00
1.378602833414753093e+00 3.321701360345512111e+00
1.380556912554958160e+00 2.576396607331556510e+00
1.382510991695163671e+00 2.628589370656790436e+00
1.384465070835368738e+00 2.771870411142238311e+00
1.386419149975573806e+00 2.669360986602587360e+00
1.388373229115779317e+00 2.458844431637252637e+00
1.390327308255984384e+00 2.864819659166355059e+00
1.392281387396189452e+00 3.069831733772026006e+00
1.394235466536394519e+00 2.667441541926912407e+00
1.396189545676599586e+00 2.567603535872251985e+00
1.398143624816805097e+00 2.722318983657532776e+00
1.400097703957010165e+00 3.263555105649543098e+00
1.402051783097215232e+00 3.113424552660727151e+00
1.404005862237420743e+00 2.861535288371394259e+00
1.405959941377625810e+00 2.702137745363147214e+00
1.407914020517830878e+00 2.887784861273916537e+00
1.409868099658035945e+00 2.342122493888068924e+00
1.411822178798241012e+00 2.657002971527590240e+00
1.413776257938446523e+00 3.197053349809932499e+00
1.415730337078651591e+00 3.003513703578929217e+00
1.417684416218856658e+00 3.275208048516832893e+00
1.419638495359062169e+00 3.274679057107533708e+00
1.421592574499267236e+00 2.775152528135256702e+00
1.423546653639472304e+00 2.712576027418335478e+00
1.425500732779677371e+00 3.051586087306970452e+00
1.427454811919882438e+00 3.133136338631952622e+00
1.429408891060087949e+00 3.029504828092148827e+00
1.431362970200293017e+00 2.946922372298762305e+00
1.433317049340498084e+00 2.709990170231244555e+00
1.435271128480703595e+00 2.541512993848371593e+00
1.437225207620908662e+00 2.669015967865264738e+00
1.439179286761113730e+00 3.201939850827196565e+00
1.441133365901318797e+00 3.267478159702406071e+00
1.443087445041523864e+00 3.103622490525222322e+00
1.445041524181729375e+00 3.305767531617638255e+00
1.446995603321934443e+00 2.874953181494790844e+00
1.448949682462139510e+00 2.834891727648685578e+00
1.450903761602345021e+00 3.161898653396292502e+00
1.452857840742550088e+00 3.247981702170182228e+00
1.454811919882755156e+00 2.865298792748502965e+00
1.456765999022960223e+00 2.916611562723720574e+00
1.458720078163165290e+00 3.257700423733521866e+00
1.460674157303370801e+00 3.370996758238091751e+00
1.462628236443575869e+00 3.410813539578117393e+00
1.464582315583780936e+00 3.365532280245921548e+00
1.466536394723986447e+00 3.477539217132195049e+00
1.468490473864191515e+00 3.412504225040500661e+00
1.470444553004396582e+00 3.480911897353213380e+00
1.472398632144601649e+00 3.154225669639308283e+00
1.474352711284806716e+00 2.357856240077504495e+00
1.476306790425012228e+00 2.345871975817500399e+00
1.478260869565217295e+00 2.828131674359517067e+00
1.480214948705422362e+00 3.087710910300176970e+00
1.482169027845627873e+00 3.558826775020706989e+00
1.484123106985832941e+00 3.126832966197476971e+00
1.486077186126038008e+00 2.909471658397015048e+00
1.488031265266243075e+00 2.978693983687285218e+00
1.489985344406448142e+00 2.960902977836697314e+00
1.491939423546653654e+00 3.010025503171514849e+00
1.493893502686858721e+00 3.495758384738703484e+00
1.495847581827063788e+00 3.083043595754114019e+00
1.497801660967269299e+00 3.328842387654203261e+00
1.499755740107474367e+00 2.977966198199063719e+00
1.501709819247679434e+00 2.357894407449523388e+00
1.503663898387884501e+00 2.753197644606191652e+00
1.505617977528089568e+00 2.911596658738731414e+00
1.507572056668295080e+00 2.752030261319356352e+00
1.509526135808500147e+00 3.214945383162382431e+00
1.511480214948705214e+00 3.192716045918158496e+00
1.513434294088910725e+00 3.167726681674226441e+00
1.515388373229115793e+00 3.732484754571433250e+00
1.517342452369320860e+00 3.720354481795490997e+00
1.519296531509525927e+00 3.180689078470866349e+00
1.521250610649730994e+00 3.136024518491384416e+00
1.523204689789936506e+00 3.429059756413421312e+00
1.525158768930141573e+00 3.381815488515973467e+00
1.527112848070346640e+00 3.024278268892836685e+00
1.529066927210552151e+00 3.285192323563111749e+00
1.531021006350757219e+00 3.466654474182462309e+00
1.532975085490962286e+00 3.300336580718630675e+00
1.534929164631167353e+00 3.136915660026591279e+00
1.536883243771372420e+00 3.707901760625089693e+00
1.538837322911577932e+00 3.718353667031716991e+00
1.540791402051782999e+00 3.612518753473723532e+00
1.542745481191988066e+00 3.223236017985009028e+00
1.544699560332193577e+00 2.986097668878801237e+00
1.546653639472398645e+00 2.669147938965585443e+00
1.548607718612603712e+00 2.847202535986276040e+00
1.550561797752808779e+00 2.901586493368136566e+00
1.552515876893013846e+00 2.953885479515565127e+00
1.554469956033219358e+00 3.113635126798336650e+00
1.556424035173424425e+00 2.980991533792932913e+00
1.558378114313629492e+00 2.600777546184441569e+00
1.560332193453835004e+00 2.654405420654160075e+00
1.562286272594040071e+00 2.508522778607663817e+00
1.564240351734245138e+00 2.907721765905231237e+00
1.566194430874450205e+00 3.356513920552109287e+00
1.568148510014655272e+00 2.997092337056459499e+00
1.570102589154860784e+00 2.903943019266236991e+00
1.572056668295065851e+00 2.553150978798305992e+00
1.574010747435270918e+00 2.871488661373291951e+00
1.575964826575476430e+00 3.865103386153187603e+00
1.577918905715681497e+00 3.631921305056218241e+00
1.579872984855886564e+00 3.290647318844416525e+00
1.581827063996091631e+00 3.168190762946617944e+00
1.583781143136296699e+00 2.542079193121351111e+00
1.585735222276502210e+00 2.576875400331164911e+00
1.587689301416707277e+00 2.946971496156777448e+00
1.589643380556912344e+00 2.903077127251005862e+00
1.591597459697117856e+00 3.024412817491173300e+00
1.593551538837322923e+00 3.404181640381902074e+00
1.595505617977527990e+00 3.229340957872502305e+00
1.597459697117733057e+00 2.979480968345616709e+00
1.599413776257938125e+00 3.077391615693382931e+00
1.601367855398143636e+00 2.955718916995588863e+00
1.603321934538348703e+00 2.869358234312912703e+00
1.605276013678553770e+00 3.090935517017956435e+00
1.607230092818759282e+00 3.110796151767063034e+00
1.609184171958964349e+00 2.968174429363338973e+00
1.611138251099169416e+00 2.865610438225853152e+00
1.613092330239374483e+00 2.175337431540556032e+00
1.615046409379579551e+00 2.682732241023373820e+00
1.617000488519785062e+00 3.544832343996475288e+00
1.618954567659990129e+00 3.345399762491063633e+00
1.620908646800195196e+00 3.228261731240183785e+00
1.622862725940400708e+00 3.416475455489472068e+00
1.624816805080605775e+00 3.161110534757331614e+00
1.626770884220810842e+00 3.157882258465682490e+00
1.628724963361015909e+00 3.576826745756950032e+00
1.630679042501220977e+00 3.425088287355786854e+00
1.632633121641426488e+00 3.298686500758339246e+00
1.634587200781631555e+00 3.706634822201629653e+00
1.636541279921836622e+00 3.264680835044142970e+00
1.638495359062042134e+00 3.011702960591864819e+00
1.640449438202247201e+00 2.777428883951198468e+00
1.642403517342452268e+00 2.546670888732318172e+00
1.644357596482657335e+00 2.980959750576462230e+00
1.646311675622862403e+00 3.305443723830579827e+00
1.648265754763067914e+00 3.246981787658287821e+00
1.650219833903272981e+00 3.058664032493244811e+00
1.652173913043478048e+00 3.082909137057336935e+00
1.654127992183683560e+00 3.054423438322781958e+00
1.656082071323888627e+00 3.160469868628166701e+00
1.658036150464093694e+00 2.959076685667750617e+00
1.659990229604298762e+00 2.860734102744860063e+00
1.661944308744503829e+00 3.281170573691961856e+00
1.663898387884709340e+00 3.338432716703338521e+00
1.665852467024914407e+00 2.775074959652444662e+00
1.667806546165119475e+00 3.113345371051889465e+00
1.669760625305324986e+00 3.344396114302305989e+00
1.671714704445530053e+00 3.289807017305694803e+00
1.673668783585735120e+00 2.662200076986154240e+00
1.675622862725940188e+00 2.395185294270034237e+00
1.677576941866145255e+00 2.689105084749282781e+00
1.679531021006350766e+00 2.830695043401632027e+00
1.681485100146555833e+00 3.228994354642276576e+00
1.683439179286760901e+00 3.137513676340963897e+00
1.685393258426966412e+00 2.409211701990211729e+00
1.687347337567171479e+00 2.803105602194909451e+00
1.689301416707376546e+00 2.996532518583663762e+00
1.691255495847581614e+00 2.821129009861433445e+00
1.693209574987786681e+00 3.277592434606452443e+00
1.695163654127992192e+00 3.337531134985726844e+00
1.697117733268197259e+00 3.201075340079604370e+00
1.699071812408402327e+00 2.722654178425996996e+00
1.701025891548607838e+00 2.744860961996764548e+00
1.702979970688812905e+00 2.882218841703216405e+00
1.704934049829017972e+00 2.483271152477219523e+00
1.706888128969223040e+00 2.699699197018182062e+00
1.708842208109428107e+00 2.988020069621699193e+00
1.710796287249633618e+00 3.155755928097232488e+00
1.712750366389838685e+00 3.292347103388597152e+00
1.714704445530043753e+00 3.356781569294597034e+00
1.716658524670249264e+00 3.594008585252146393e+00
1.718612603810454331e+00 3.890116096781521815e+00
1.720566682950659398e+00 3.441587277735056460e+00
1.722520762090864466e+00 3.314676313051164058e+00
1.724474841231069533e+00 3.417106005553749881e+00
1.726428920371275044e+00 3.174495274474473661e+00
1.728382999511480111e+00 3.209813324091324915e+00
1.730337078651685179e+00 3.201810405353930911e+00
1.732291157791890690e+00 2.896581245293901485e+00
1.734245236932095757e+00 2.378639763688803033e+00
1.736199316072300824e+00 2.348147562525196630e+00
1.738153395212505892e+00 3.054657465935255889e+00
1.740107474352710959e+00 3.112078624989785158e+00
1.742061553492916470e+00 3.124901960399774747e+00
1.744015632633121538e+00 3.053694821010169314e+00
1.745969711773326605e+00 2.969683981509191995e+00
1.747923790913532116e+00 3.238107697688599185e+00
1.749877870053737183e+00 3.313346159352787534e+00
1.751831949193942251e+00 3.186818986681672516e+00
1.753786028334147318e+00 3.081001149932611760e+00
1.755740107474352385e+00 3.420996851458526500e+00
1.757694186614557896e+00 3.380953209895507516e+00
1.759648265754762964e+00 3.194507836983639937e+00
1.761602344894968031e+00 3.045360670897019340e+00
1.763556424035173542e+00 2.833113478063771229e+00
1.765510503175378609e+00 2.752317560953033038e+00
1.767464582315583677e+00 2.883319666185190755e+00
1.769418661455788744e+00 3.234482187757604876e+00
1.771372740595993811e+00 3.451955958909699973e+00
1.773326819736199322e+00 3.209654329188709188e+00
1.775280898876404390e+00 3.002475648714815204e+00
1.777234978016609457e+00 3.241430554810244669e+00
1.779189057156814968e+00 2.929313833083472041e+00
1.781143136297020035e+00 2.915234358248175006e+00
1.783097215437225103e+00 2.975079902506741369e+00
1.785051294577430170e+00 3.162529438894164713e+00
1.787005373717635237e+00 3.027615535765991073e+00
1.788959452857840748e+00 2.982679154831297641e+00
1.790913531998045816e+00 3.350410349209230088e+00
1.792867611138250883e+00 3.361770815383724909e+00
1.794821690278456394e+00 3.159278981173632594e+00
1.796775769418661461e+00 3.195428427803226779e+00
1.798729848558866529e+00 3.465763249352717512e+00
1.800683927699071596e+00 3.013615250995707040e+00
1.802638006839276663e+00 2.611797355451752178e+00
1.804592085979482174e+00 3.131536666040999339e+00
1.806546165119687242e+00 2.766597625941551453e+00
1.808500244259892309e+00 2.665098597248245493e+00
1.810454323400097820e+00 2.993750884082269526e+00
1.812408402540302887e+00 2.490724083159749025e+00
1.814362481680507955e+00 2.482239493960177512e+00
1.816316560820713022e+00 3.287470651509596831e+00
1.818270639960918089e+00 2.978068227564883763e+00
1.820224719101123600e+00 2.839811846269669537e+00
1.822178798241328668e+00 3.157503076472481407e+00
1.824132877381533735e+00 3.011062816854804147e+00
1.826086956521739246e+00 2.990322710233868087e+00
1.828041035661944314e+00 2.921936461611998492e+00
1.829995114802149381e+00 2.828835611611181911e+00
1.831949193942354448e+00 2.327898940296527552e+00
1.833903273082559515e+00 3.015110089055629938e+00
1.835857352222765027e+00 3.236459755458445109e+00
1.837811431362970094e+00 3.041340252848029557e+00
1.839765510503175161e+00 3.212208590227122684e+00
1.841719589643380672e+00 2.840137302613814363e+00
1.843673668783585740e+00 2.900929537708334838e+00
1.845627747923790807e+00 2.850498875705763879e+00
1.847581827063995874e+00 2.944580814161688043e+00
1.849535906204200941e+00 2.862265571090615524e+00
1.851489985344406453e+00 2.582955834409339069e+00
1.853444064484611520e+00 3.229653304958386428e+00
1.855398143624816587e+00 3.107592520478520193e+00
1.857352222765022098e+00 2.318257613574674192e+00
1.859306301905227166e+00 2.765076595690800776e+00
1.861260381045432233e+00 3.178646593635226392e+00
1.863214460185637300e+00 2.778849408916982178e+00
1.865168539325842367e+00 2.838492785679691544e+00
1.867122618466047879e+00 3.065981704697930077e+00
1.869076697606252946e+00 3.147847994197041199e+00
1.871030776746458013e+00 3.392269398777927769e+00
1.872984855886663524e+00 3.161606218263199430e+00
1.874938935026868592e+00 2.912871815805532449e+00
1.876893014167073659e+00 2.856844843980312021e+00
1.878847093307278726e+00 3.075085417181633307e+00
1.880801172447483793e+00 3.149172731058404562e+00
1.882755251587689305e+00 2.991596929732826649e+00
1.884709330727894372e+00 2.774336423765369375e+00
1.886663409868099439e+00 2.763837985421053745e+00
1.888617489008304950e+00 2.486377039669672051e+00
1.890571568148510018e+00 2.549408004514402748e+00
1.892525647288715085e+00 2.833920733939322645e+00
1.894479726428920152e+00 2.619019992308640354e+00
1.896433805569125219e+00 2.812076004220983805e+00
1.898387884709330731e+00 2.872958678861982751e+00
1.900341963849535798e+00 3.351077208530338858e+00
1.902296042989740865e+00 3.121864456908021168e+00
1.904250122129946377e+00 2.877964269754476501e+00
1.906204201270151444e+00 2.706178771996543997e+00
1.908158280410356511e+00 2.833318323063673816e+00
1.910112359550561578e+00 2.830801647262450427e+00
1.912066438690766645e+00 2.530025993136791662e+00
1.914020517830972157e+00 2.641882579975693979e+00
1.915974596971177224e+00 2.829521906007648635e+00
1.917928676111382291e+00 3.183762065169363886e+00
1.919882755251587803e+00 3.216116329795803530e+00
1.921836834391792870e+00 2.992957900393133475e+00
1.923790913531997937e+00 2.797276865119524114e+00
1.925744992672203004e+00 2.823581506088840065e+00
1.927699071812408071e+00 3.202901913208972662e+00
1.929653150952613583e+00 3.555362510842392521e+00
1.931607230092818650e+00 3.367121190268332231e+00
1.933561309233023717e+00 3.352048773122235481e+00
1.935515388373229229e+00 2.959573466750389681e+00
1.937469467513434296e+00 2.651927733375175400e+00
1.939423546653639363e+00 2.615475423967124069e+00
1.941377625793844430e+00 2.762490631474181946e+00
1.943331704934049498e+00 3.222723156737333117e+00
1.945285784074255009e+00 3.145477020268595325e+00
1.947239863214460076e+00 2.926475426061703189e+00
1.949193942354665143e+00 3.329711743654129918e+00
1.951148021494870655e+00 3.285417082130611455e+00
1.953102100635075722e+00 3.363205485530063488e+00
1.955056179775280789e+00 3.189922053467013185e+00
1.957010258915485856e+00 2.691030053082201778e+00
1.958964338055690924e+00 2.687470461607217143e+00
1.960918417195896435e+00 3.072380465165283514e+00
1.962872496336101502e+00 3.064714004329285757e+00
1.964826575476306569e+00 3.188637173937896030e+00
1.966780654616512081e+00 2.991388545546888711e+00
1.968734733756717148e+00 2.845130818764633140e+00
1.970688812896922215e+00 2.986234886670677824e+00
1.972642892037127282e+00 2.671868954519909689e+00
1.974596971177332350e+00 2.684151529900424826e+00
1.976551050317537861e+00 2.887748256728657203e+00
1.978505129457742928e+00 2.675474136184265550e+00
1.980459208597947995e+00 2.518419992021561526e+00
1.982413287738153507e+00 2.757426709857011993e+00
1.984367366878358574e+00 3.102019872957396451e+00
1.986321446018563641e+00 3.029091503959946419e+00
1.988275525158768708e+00 2.790151760727179742e+00
1.990229604298973776e+00 2.847733104738890297e+00
1.992183683439179287e+00 2.818505504210429891e+00
1.994137762579384354e+00 2.762437899152818233e+00
1.996091841719589421e+00 2.609808427818088195e+00
1.998045920859794933e+00 2.795722298823507757e+00
2.000000000000000000e+00 2.927666708354299985e+00
