-5.000000000000000000e-01 -6.623124574295059119e+01
-4.997558593750000000e-01 -6.623305467404580327e+01
-4.995117187500000000e-01 -6.623848269766585872e+01
-4.992675781250000000e-01 -6.624753350842648558e+01
-4.990234375000000000e-01 -6.626021327615804069e+01
-4.987792968750000000e-01 -6.627653066417803984e+01
-4.985351562500000000e-01 -6.629649685505158629e+01
-4.982910156250000000e-01 -6.632012558396397139e+01
-4.980468750000000000e-01 -6.634743317998660928e+01
-4.978027343750000000e-01 -6.637843861542641832e+01
-4.975585937500000000e-01 -6.641316356366623097e+01
-4.973144531250000000e-01 -6.645163246577079974e+01
-4.970703125000000000e-01 -6.649387260644033404e+01
-4.968261718750000000e-01 -6.653991419970239463e+01
-4.965820312500000000e-01 -6.658979048501460341e+01
-4.963378906250000000e-01 -6.664353783440520829e+01
-4.960937500000000000e-01 -6.670119587144985474e+01
-4.958496093750000000e-01 -6.676280760292885930e+01
-4.956054687500000000e-01 -6.682841956412700313e+01
-4.953613281250000000e-01 -6.689808197890317842e+01
-4.951171875000000000e-01 -6.697184893577514231e+01
-4.948730468750000000e-01 -6.704977858136014390e+01
-4.946289062500000000e-01 -6.713193333281046193e+01
-4.943847656250000000e-01 -6.721838011092972920e+01
-4.941406250000000000e-01 -6.730919059609588828e+01
-4.938964843750000000e-01 -6.740444150907893572e+01
-4.936523437500000000e-01 -6.750421491943572505e+01
-4.934082031250000000e-01 -6.760859858426431401e+01
-4.931640625000000000e-01 -6.771768632065455051e+01
-4.929199218750000000e-01 -6.783157841546784539e+01
-4.926757812500000000e-01 -6.795038207671709074e+01
-4.924316406250000000e-01 -6.807421193130589643e+01
-4.921875000000000000e-01 -6.820319057461263412e+01
-4.919433593750000000e-01 -6.833744917823027265e+01
-4.916992187500000000e-01 -6.847712816300624183e+01
-4.914550781250000000e-01 -6.862237794568886784e+01
-4.912109375000000000e-01 -6.877335976877640178e+01
-4.909667968750000000e-01 -6.893024662454776319e+01
-4.907226562500000000e-01 -6.909322428617610967e+01
-4.904785156250000000e-01 -6.926249246078813826e+01
-4.902343750000000000e-01 -6.943826608200927808e+01
-4.899902343750000000e-01 -6.962077676230994427e+01
-4.897460937500000000e-01 -6.981027442931520000e+01
-4.895019531250000000e-01 -7.000702917436629491e+01
-4.892578125000000000e-01 -7.021133334709398355e+01
-4.890136718750000000e-01 -7.042350393594541913e+01
-4.887695312500000000e-01 -7.064388528270249878e+01
-4.885253906250000000e-01 -7.087285218846039925e+01
-4.882812500000000000e-01 -7.111081348061181018e+01
-4.880371093750000000e-01 -7.135821612518533641e+01
-4.877929687500000000e-01 -7.161554998750324330e+01
-4.875488281250000000e-01 -7.188335336746412452e+01
-4.873046875000000000e-01 -7.216221946564984080e+01
-4.870605468750000000e-01 -7.245280397434447650e+01
-4.868164062500000000e-01 -7.275583403640739277e+01
-4.865722656250000000e-01 -7.307211887879572032e+01
-4.863281250000000000e-01 -7.340256251062129422e+01
-4.860839843750000000e-01 -7.374817898598497834e+01
-4.858398437500000000e-01 -7.411011087923370155e+01
-4.855957031250000000e-01 -7.448965181950035230e+01
-4.853515625000000000e-01 -7.488827420400413359e+01
-4.851074218750000000e-01 -7.530766358686722128e+01
-4.848632812500000000e-01 -7.574976177107301112e+01
-4.846191406250000000e-01 -7.621682138785584470e+01
-4.843750000000000000e-01 -7.671147584600690550e+01
-4.841308593750000000e-01 -7.723683015630568605e+01
-4.838867187500000000e-01 -7.779658058385582819e+01
-4.836425781250000000e-01 -7.839517485662112506e+01
-4.833984375000000000e-01 -7.903803063318851230e+01
-4.831542968750000000e-01 -7.973183966033751346e+01
-4.829101562500000000e-01 -8.048500141160094756e+01
-4.826660156250000000e-01 -8.130825855867520602e+01
-4.824218750000000000e-01 -8.221565868354363715e+01
-4.821777343750000000e-01 -8.322606645337948805e+01
-4.819335937500000000e-01 -8.436565380701067340e+01
-4.816894531250000000e-01 -8.567224153709422296e+01
-4.814453125000000000e-01 -8.720343734479232012e+01
-4.812011718750000000e-01 -8.905341598259951752e+01
-4.809570312500000000e-01 -9.139240490812750295e+01
-4.807128906250000000e-01 -9.457996606569001585e+01
-4.804687500000000000e-01 -9.962350072138796975e+01
-4.802246093750000000e-01 -1.128395045897918294e+02
-4.799804687500000000e-01 -1.047022438229253396e+02
-4.797363281250000000e-01 -9.716918717779540771e+01
-4.794921875000000000e-01 -9.322466550268904939e+01
-4.792480468750000000e-01 -9.054382826077372215e+01
-4.790039062500000000e-01 -8.851638329003094441e+01
-4.787597656250000000e-01 -8.688959644826145734e+01
-4.785156250000000000e-01 -8.553413188986911564e+01
-4.782714843750000000e-01 -8.437485709168080916e+01
-4.780273437500000000e-01 -8.336423632621240642e+01
-4.777832031250000000e-01 -8.247027901227579605e+01
-4.775390625000000000e-01 -8.167042400046526041e+01
-4.772949218750000000e-01 -8.094816391558941859e+01
-4.770507812500000000e-01 -8.029105679491516412e+01
-4.768066406250000000e-01 -7.968949252432295793e+01
-4.765625000000000000e-01 -7.913589437260409909e+01
-4.763183593750000000e-01 -7.862418353921262337e+01
-4.760742187500000000e-01 -7.814940914807667127e+01
-4.758300781250000000e-01 -7.770748589809524276e+01
-4.755859375000000000e-01 -7.729500384102627208e+01
-4.753417968750000000e-01 -7.690908772677546779e+01
-4.750976562500000000e-01 -7.654729118221337103e+01
-4.748535156250000000e-01 -7.620751585929120608e+01
-4.746093750000000000e-01 -7.588794880011623434e+01
-4.743652343750000000e-01 -7.558701330644012728e+01
-4.741210937500000000e-01 -7.530332996381635269e+01
-4.738769531250000000e-01 -7.503568540239768936e+01
-4.736328125000000000e-01 -7.478300702214548323e+01
-4.733886718750000000e-01 -7.454434236677143133e+01
-4.731445312500000000e-01 -7.431884215728410936e+01
-4.729003906250000000e-01 -7.410574623314602150e+01
-4.726562500000000000e-01 -7.390437182357830181e+01
-4.724121093750000000e-01 -7.371410370091999198e+01
-4.721679687500000000e-01 -7.353438586553303935e+01
-4.719238281250000000e-01 -7.336471448560584463e+01
-4.716796875000000000e-01 -7.320463187183518983e+01
-4.714355468750000000e-01 -7.305372131067201735e+01
-4.711914062500000000e-01 -7.291160261424008127e+01
-4.709472656250000000e-01 -7.277792827117175989e+01
-4.707031250000000000e-01 -7.265238010433937177e+01
-4.704589843750000000e-01 -7.253466635812213781e+01
-4.702148437500000000e-01 -7.242451915110039806e+01
-4.699707031250000000e-01 -7.232169224138648644e+01
-4.697265625000000000e-01 -7.222595906005010136e+01
-4.694824218750000000e-01 -7.213711097595141553e+01
-4.692382812500000000e-01 -7.205495576046153872e+01
-4.689941406250000000e-01 -7.197931622599534762e+01
-4.687500000000000000e-01 -7.191002901591433272e+01
-4.685058593750000000e-01 -7.184694352676399376e+01
-4.682617187500000000e-01 -7.178992094678960711e+01
-4.680175781250000000e-01 -7.173883339658655700e+01
-4.677734375000000000e-01 -7.169356316020362385e+01
-4.675292968750000000e-01 -7.165400199619681132e+01
-4.672851562500000000e-01 -7.162005051985721593e+01
-4.670410156250000000e-01 -7.159161764896597901e+01
-4.667968750000000000e-01 -7.156862010621544812e+01
-4.665527343750000000e-01 -7.155098197267309956e+01
-4.663085937500000000e-01 -7.153863428718008777e+01
-4.660644531250000000e-01 -7.153151468724192341e+01
-4.658203125000000000e-01 -7.152956708758213722e+01
-4.655761718750000000e-01 -7.153274139306169843e+01
-4.653320312500000000e-01 -7.154099324295863482e+01
-4.650878906250000000e-01 -7.155428378411620827e+01
-4.648437500000000000e-01 -7.157257947069952309e+01
-4.645996093750000000e-01 -7.159585188865494843e+01
-4.643554687500000000e-01 -7.162407760322101069e+01
-4.641113281250000000e-01 -7.165723802800819442e+01
-4.638671875000000000e-01 -7.169531931448126727e+01
-4.636230468750000000e-01 -7.173831226076661949e+01
-4.633789062500000000e-01 -7.178621223899425274e+01
-4.631347656250000000e-01 -7.183901914044814419e+01
-4.628906250000000000e-01 -7.189673733795497412e+01
-4.626464843750000000e-01 -7.195937566520780138e+01
-4.624023437500000000e-01 -7.202694741268072676e+01
-4.621582031250000000e-01 -7.209947034016644807e+01
-4.619140625000000000e-01 -7.217696670572013318e+01
-4.616699218750000000e-01 -7.225946331141999224e+01
-4.614257812500000000e-01 -7.234699156605309156e+01
-4.611816406250000000e-01 -7.243958756524753539e+01
-4.609375000000000000e-01 -7.253729218956995339e+01
-4.606933593750000000e-01 -7.264015122131894486e+01
-4.604492187500000000e-01 -7.274821548098711332e+01
-4.602050781250000000e-01 -7.286154098430328929e+01
-4.599609375000000000e-01 -7.298018912123859536e+01
-4.597167968750000000e-01 -7.310422685836148560e+01
-4.594726562500000000e-01 -7.323372696626547906e+01
-4.592285156250000000e-01 -7.336876827407054691e+01
-4.589843750000000000e-01 -7.350943595306436862e+01
-4.587402343750000000e-01 -7.365582183231855140e+01
-4.584960937500000000e-01 -7.380802474889271991e+01
-4.582519531250000000e-01 -7.396615093630632032e+01
-4.580078125000000000e-01 -7.413031445478783610e+01
-4.577636718750000000e-01 -7.430063766795487368e+01
-4.575195312500000000e-01 -7.447725177073051839e+01
-4.572753906250000000e-01 -7.466029737434342906e+01
-4.570312500000000000e-01 -7.484992515490276332e+01
-4.567871093750000000e-01 -7.504629657329876125e+01
-4.565429687500000000e-01 -7.524958467488235669e+01
-4.562988281250000000e-01 -7.545997497923630704e+01
-4.560546875000000000e-01 -7.567766647160497939e+01
-4.558105468750000000e-01 -7.590287270945964337e+01
-4.555664062500000000e-01 -7.613582306012945367e+01
-4.553222656250000000e-01 -7.637676408788770743e+01
-4.550781250000000000e-01 -7.662596111190049442e+01
-4.548339843750000000e-01 -7.688369996090051472e+01
-4.545898437500000000e-01 -7.715028895414734222e+01
-4.543457031250000000e-01 -7.742606114471580270e+01
-4.541015625000000000e-01 -7.771137686727739435e+01
-4.538574218750000000e-01 -7.800662664126852519e+01
-4.536132812500000000e-01 -7.831223449054697028e+01
-4.533691406250000000e-01 -7.862866175304505134e+01
-4.531250000000000000e-01 -7.895641147033259699e+01
-4.528808593750000000e-01 -7.929603346619435911e+01
-4.526367187500000000e-01 -7.964813024887413917e+01
-4.523925781250000000e-01 -8.001336390315378821e+01
-4.521484375000000000e-01 -8.039246417920222143e+01
-4.519042968750000000e-01 -8.078623803795078118e+01
-4.516601562500000000e-01 -8.119558098067162177e+01
-4.514160156250000000e-01 -8.162149058085400100e+01
-4.511718750000000000e-01 -8.206508275520391749e+01
-4.509277343750000000e-01 -8.252761147085418258e+01
-4.506835937500000000e-01 -8.301049280170821021e+01
-4.504394531250000000e-01 -8.351533454503065457e+01
-4.501953125000000000e-01 -8.404397302138511350e+01
-4.499511718750000000e-01 -8.459851926495656471e+01
-4.497070312500000000e-01 -8.518141764519454284e+01
-4.494628906250000000e-01 -8.579552117843863357e+01
-4.492187500000000000e-01 -8.644418959563083149e+01
-4.489746093750000000e-01 -8.713141897439589911e+01
-4.487304687500000000e-01 -8.786201600139230550e+01
-4.484863281250000000e-01 -8.864183671732958203e+01
-4.482421875000000000e-01 -8.947812073636022490e+01
-4.479980468750000000e-01 -9.037997084740736398e+01
-4.477539062500000000e-01 -9.135906128024622319e+01
-4.475097656250000000e-01 -9.243071953856366463e+01
-4.472656250000000000e-01 -9.361564663643457607e+01
-4.470214843750000000e-01 -9.494278939053504018e+01
-4.467773437500000000e-01 -9.645443638979068623e+01
-4.465332031250000000e-01 -9.821598943575105523e+01
-4.462890625000000000e-01 -1.003367419479101841e+02
-4.460449218750000000e-01 -1.030210011775351546e+02
-4.458007812500000000e-01 -1.067256669702937728e+02
-4.455566406250000000e-01 -1.128976076765025454e+02
-4.453125000000000000e-01 -1.505468749879361496e+02
-4.450683593750000000e-01 -1.135778756459965848e+02
-4.448242187500000000e-01 -1.077319420403093488e+02
-4.445800781250000000e-01 -1.044337353543274389e+02
-4.443359375000000000e-01 -1.021780031604145904e+02
-4.440917968750000000e-01 -1.004968282784731741e+02
-4.438476562500000000e-01 -9.918280725178924229e+01
-4.436035156250000000e-01 -9.812584537646647220e+01
-4.433593750000000000e-01 -9.726063605157723657e+01
-4.431152343750000000e-01 -9.654542454530349005e+01
-4.428710937500000000e-01 -9.595206227247814468e+01
-4.426269531250000000e-01 -9.546084127149418919e+01
-4.423828125000000000e-01 -9.505759794833008414e+01
-4.421386718750000000e-01 -9.473199228594522481e+01
-4.418945312500000000e-01 -9.447644007341293104e+01
-4.416503906250000000e-01 -9.428543012102807097e+01
-4.414062500000000000e-01 -9.415508115082349150e+01
-4.411621093750000000e-01 -9.408285643636818918e+01
-4.409179687500000000e-01 -9.406738918608033373e+01
-4.406738281250000000e-01 -9.410839232665968268e+01
-4.404296875000000000e-01 -9.420663984495841703e+01
-4.401855468750000000e-01 -9.436401710040917123e+01
-4.399414062500000000e-01 -9.458364713988737549e+01
-4.396972656250000000e-01 -9.487011140493638095e+01
-4.394531250000000000e-01 -9.522979936484540531e+01
-4.392089843750000000e-01 -9.567144757433030122e+01
-4.389648437500000000e-01 -9.620697408734704936e+01
-4.387207031250000000e-01 -9.685279907649993447e+01
-4.384765625000000000e-01 -9.763201195294327306e+01
-4.382324218750000000e-01 -9.857810888435218999e+01
-4.379882812500000000e-01 -9.974187644846084311e+01
-4.377441406250000000e-01 -1.012052275909154844e+02
-4.375000000000000000e-01 -1.031125686023391950e+02
-4.372558593750000000e-01 -1.057556746013149791e+02
-4.370117187500000000e-01 -1.098816480400840589e+02
-4.367675781250000000e-01 -1.188433457573472651e+02
-4.365234375000000000e-01 -1.197180018330215034e+02
-4.362792968750000000e-01 -1.095805578515435741e+02
-4.360351562500000000e-01 -1.048631129316325996e+02
-4.357910156250000000e-01 -1.017100690704869521e+02
-4.355468750000000000e-01 -9.931786559317559693e+01
-4.353027343750000000e-01 -9.737872294764122216e+01
-4.350585937500000000e-01 -9.574153290798625449e+01
-4.348144531250000000e-01 -9.432074698825519476e+01
-4.345703125000000000e-01 -9.306316736461192818e+01
-4.343261718750000000e-01 -9.193342369177872797e+01
-4.340820312500000000e-01 -9.090678564460262123e+01
-4.338378906250000000e-01 -8.996526982517713122e+01
-4.335937500000000000e-01 -8.909538011745627273e+01
-4.333496093750000000e-01 -8.828672224654914658e+01
-4.331054687500000000e-01 -8.753111559349299853e+01
-4.328613281250000000e-01 -8.682200230454478174e+01
-4.326171875000000000e-01 -8.615404168952485975e+01
-4.323730468750000000e-01 -8.552282424522714166e+01
-4.321289062500000000e-01 -8.492466528615848631e+01
-4.318847656250000000e-01 -8.435645296455905395e+01
-4.316406250000000000e-01 -8.381553431890776551e+01
-4.313964843750000000e-01 -8.329962846142355204e+01
-4.311523437500000000e-01 -8.280675948862091218e+01
-4.309082031250000000e-01 -8.233520396281861053e+01
-4.306640625000000000e-01 -8.188344931757259815e+01
-4.304199218750000000e-01 -8.145016056397466286e+01
-4.301757812500000000e-01 -8.103415338179348737e+01
-4.299316406250000000e-01 -8.063437217687668124e+01
-4.296875000000000000e-01 -8.024987204146401609e+01
-4.294433593750000000e-01 -7.987980381099561100e+01
-4.291992187500000000e-01 -7.952340159906661654e+01
-4.289550781250000000e-01 -7.917997233210128627e+01
-4.287109375000000000e-01 -7.884888690988196913e+01
-4.284667968750000000e-01 -7.852957269736386081e+01
-4.282226562500000000e-01 -7.822150711387881472e+01
-4.279785156250000000e-01 -7.792421213268546865e+01
-4.277343750000000000e-01 -7.763724953972236165e+01
-4.274902343750000000e-01 -7.736021682978078218e+01
-4.272460937500000000e-01 -7.709274363981441525e+01
-4.270019531250000000e-01 -7.683448863785919514e+01
-4.267578125000000000e-01 -7.658513679972156751e+01
-4.265136718750000000e-01 -7.634439701762175901e+01
-4.262695312500000000e-01 -7.611199999382897374e+01
-4.260253906250000000e-01 -7.588769638033657827e+01
-4.257812500000000000e-01 -7.567125513162629602e+01
-4.255371093750000000e-01 -7.546246204281034409e+01
-4.252929687500000000e-01 -7.526111844941574702e+01
-4.250488281250000000e-01 -7.506704006909595250e+01
-4.248046875000000000e-01 -7.488005596794234009e+01
-4.245605468750000000e-01 -7.470000763684384992e+01
-4.243164062500000000e-01 -7.452674816541373559e+01
-4.240722656250000000e-01 -7.436014150265837941e+01
-4.238281250000000000e-01 -7.420006179492595777e+01
-4.235839843750000000e-01 -7.404639279340322844e+01
-4.233398437500000000e-01 -7.389902732386156003e+01
-4.230957031250000000e-01 -7.375786681299013026e+01
-4.228515625000000000e-01 -7.362282086569128126e+01
-4.226074218750000000e-01 -7.349380688924539129e+01
-4.223632812500000000e-01 -7.337074976015514949e+01
-4.221191406250000000e-01 -7.325358153042965625e+01
-4.218750000000000000e-01 -7.314224117037775841e+01
-4.216308593750000000e-01 -7.303667434552555449e+01
-4.213867187500000000e-01 -7.293683322538474556e+01
-4.211425781250000000e-01 -7.284267632262505288e+01
-4.208984375000000000e-01 -7.275416836092331607e+01
-4.206542968750000000e-01 -7.267128017053472888e+01
-4.204101562500000000e-01 -7.259398861062318531e+01
-4.201660156250000000e-01 -7.252227651787990226e+01
-4.199218750000000000e-01 -7.245613268083597802e+01
-4.196777343750000000e-01 -7.239555183999478061e+01
-4.194335937500000000e-01 -7.234053471374295441e+01
-4.191894531250000000e-01 -7.229108805051492936e+01
-4.189453125000000000e-01 -7.224722470768737992e+01
-4.187011718750000000e-01 -7.220896375828178293e+01
-4.184570312500000000e-01 -7.217633062646751796e+01
-4.182128906250000000e-01 -7.214935725339196892e+01
-4.179687500000000000e-01 -7.212808229510240210e+01
-4.177246093750000000e-01 -7.211255135471141386e+01
-4.174804687500000000e-01 -7.210281725126395713e+01
-4.172363281250000000e-01 -7.209894032844192679e+01
-4.169921875000000000e-01 -7.210098880628780194e+01
-4.167480468750000000e-01 -7.210903918025958603e+01
-4.165039062500000000e-01 -7.212317667213127947e+01
-4.162597656250000000e-01 -7.214349573815944439e+01
-4.160156250000000000e-01 -7.217010064083784471e+01
-4.157714843750000000e-01 -7.220310609141382940e+01
-4.155273437500000000e-01 -7.224263797163862932e+01
-4.152832031250000000e-01 -7.228883414453841283e+01
-4.150390625000000000e-01 -7.234184536543038746e+01
-4.147949218750000000e-01 -7.240183630657274705e+01
-4.145507812500000000e-01 -7.246898671083160082e+01
-4.143066406250000000e-01 -7.254349269241932063e+01
-4.140625000000000000e-01 -7.262556820614818776e+01
-4.138183593750000000e-01 -7.271544671014920880e+01
-4.135742187500000000e-01 -7.281338305185936122e+01
-4.133300781250000000e-01 -7.291965561250397343e+01
-4.130859375000000000e-01 -7.303456875222344991e+01
-4.128417968750000000e-01 -7.315845560623634469e+01
-4.125976562500000000e-01 -7.329168129276573040e+01
-4.123535156250000000e-01 -7.343464660618298012e+01
-4.121093750000000000e-01 -7.358779228453218479e+01
-4.118652343750000000e-01 -7.375160396082036129e+01
-4.116210937500000000e-01 -7.392661793210598375e+01
-4.113769531250000000e-01 -7.411342791278974573e+01
-4.111328125000000000e-01 -7.431269297899017090e+01
-4.108886718750000000e-01 -7.452514696411381578e+01
-4.106445312500000000e-01 -7.475160963399235925e+01
-4.104003906250000000e-01 -7.499300006080196113e+01
-4.101562500000000000e-01 -7.525035273448814621e+01
-4.099121093750000000e-01 -7.552483711148576617e+01
-4.096679687500000000e-01 -7.581778151841865565e+01
-4.094238281250000000e-01 -7.613070262783662656e+01
-4.091796875000000000e-01 -7.646534213956601889e+01
-4.089355468750000000e-01 -7.682371288865816439e+01
-4.086914062500000000e-01 -7.720815744366112199e+01
-4.084472656250000000e-01 -7.762142348691180871e+01
-4.082031250000000000e-01 -7.806676209478268902e+01
-4.079589843750000000e-01 -7.854805780721154918e+01
-4.077148437500000000e-01 -7.907000368122291434e+01
-4.074707031250000000e-01 -7.963834139217803454e+01
-4.072265625000000000e-01 -8.026019772953526399e+01
-4.069824218750000000e-01 -8.094456801119554257e+01
-4.067382812500000000e-01 -8.170303081669926826e+01
-4.064941406250000000e-01 -8.255084105433384423e+01
-4.062500000000000000e-01 -8.350867043972563408e+01
-4.060058593750000000e-01 -8.460551812906021496e+01
-4.057617187500000000e-01 -8.588388436587294450e+01
-4.055175781250000000e-01 -8.740971415664861865e+01
-4.052734375000000000e-01 -8.929360816090189701e+01
-4.050292968750000000e-01 -9.174324507234729253e+01
-4.047851562500000000e-01 -9.522616441643125995e+01
-4.045410156250000000e-01 -1.012435551874629880e+02
-4.042968750000000000e-01 -1.398095083137573909e+02
-4.040527343750000000e-01 -1.009396021371223640e+02
-4.038085937500000000e-01 -9.492023501158325871e+01
-4.035644531250000000e-01 -9.136820456071029639e+01
-4.033203125000000000e-01 -8.883264533798342200e+01
-4.030761718750000000e-01 -8.685607248667160718e+01
-4.028320312500000000e-01 -8.523415108452833522e+01
-4.025878906250000000e-01 -8.385770685916835987e+01
-4.023437500000000000e-01 -8.266150214358700055e+01
-4.020996093750000000e-01 -8.160342442060610324e+01
-4.018554687500000000e-01 -8.065470241393599338e+01
-4.016113281250000000e-01 -7.979480505750379393e+01
-4.013671875000000000e-01 -7.900856716511530919e+01
-4.011230468750000000e-01 -7.828446849515866290e+01
-4.008789062500000000e-01 -7.761355184660355633e+01
-4.006347656250000000e-01 -7.698871501961940567e+01
-4.003906250000000000e-01 -7.640423158098542444e+01
-4.001464843750000000e-01 -7.585541706872011503e+01
-3.999023437500000000e-01 -7.533839068776258330e+01
-3.996582031250000000e-01 -7.484990148174274793e+01
-3.994140625000000000e-01 -7.438719911801679530e+01
-3.991699218750000000e-01 -7.394793621393768035e+01
-3.989257812500000000e-01 -7.353009339419206469e+01
-3.986816406250000000e-01 -7.313192101258259470e+01
-3.984375000000000000e-01 -7.275189328043509818e+01
-3.981933593750000000e-01 -7.238867176148559679e+01
-3.979492187500000000e-01 -7.204107602805855493e+01
-3.977050781250000000e-01 -7.170805985648372882e+01
-3.974609375000000000e-01 -7.138869175262051670e+01
-3.972167968750000000e-01 -7.108213889566751220e+01
-3.969726562500000000e-01 -7.078765380475547886e+01
-3.967285156250000000e-01 -7.050456319261402882e+01
-3.964843750000000000e-01 -7.023225858974835489e+01
-3.962402343750000000e-01 -6.997018841209704476e+01
-3.959960937500000000e-01 -6.971785121381863348e+01
-3.957519531250000000e-01 -6.947478991894170974e+01
-3.955078125000000000e-01 -6.924058686665772200e+01
-3.952636718750000000e-01 -6.901485953640163018e+01
-3.950195312500000000e-01 -6.879725684409356745e+01
-3.947753906250000000e-01 -6.858745592058518525e+01
-3.945312500000000000e-01 -6.838515929910170144e+01
-3.942871093750000000e-01 -6.819009245115572071e+01
-3.940429687500000000e-01 -6.800200162066556686e+01
-3.937988281250000000e-01 -6.782065191421531836e+01
-3.935546875000000000e-01 -6.764582561219418722e+01
-3.933105468750000000e-01 -6.747732067120510635e+01
-3.930664062500000000e-01 -6.731494939246564968e+01
-3.928222656250000000e-01 -6.715853723497615135e+01
-3.925781250000000000e-01 -6.700792175526291317e+01
-3.923339843750000000e-01 -6.686295165805432816e+01
-3.920898437500000000e-01 -6.672348594462297910e+01
-3.918457031250000000e-01 -6.658939314723642156e+01
-3.916015625000000000e-01 -6.646055063985423317e+01
-3.913574218750000000e-01 -6.633684401639769135e+01
-3.911132812500000000e-01 -6.621816652918701607e+01
-3.908691406250000000e-01 -6.610441858103281731e+01
-3.906250000000000000e-01 -6.599550726528478606e+01
-3.903808593750000000e-01 -6.589134594891660868e+01
-3.901367187500000000e-01 -6.579185389427566122e+01
-3.898925781250000000e-01 -6.569695591566856763e+01
-3.896484375000000000e-01 -6.560658206748254884e+01
-3.894042968750000000e-01 -6.552066736079434861e+01
-3.891601562500000000e-01 -6.543915150593655028e+01
-3.889160156250000000e-01 -6.536197867867065270e+01
-3.886718750000000000e-01 -6.528909730793617427e+01
-3.884277343750000000e-01 -6.522045988338405209e+01
-3.881835937500000000e-01 -6.515602278109376755e+01
-3.879394531250000000e-01 -6.509574610604066436e+01
-3.876953125000000000e-01 -6.503959355009993715e+01
-3.874511718750000000e-01 -6.498753226447340126e+01
-3.872070312500000000e-01 -6.493953274553530264e+01
-3.869628906250000000e-01 -6.489556873330519693e+01
-3.867187500000000000e-01 -6.485561712174835236e+01
-3.864746093750000000e-01 -6.481965788026637654e+01
-3.862304687500000000e-01 -6.478767398584614057e+01
-3.859863281250000000e-01 -6.475965136533793043e+01
-3.857421875000000000e-01 -6.473557884751241431e+01
-3.854980468750000000e-01 -6.471544812451574558e+01
-3.852539062500000000e-01 -6.469925372249093698e+01
-3.850097656250000000e-01 -6.468699298114103158e+01
-3.847656250000000000e-01 -6.467866604212970572e+01
-3.845214843750000000e-01 -6.467427584617608716e+01
-3.842773437500000000e-01 -6.467382813891353521e+01
-3.840332031250000000e-01 -6.467733148543410948e+01
-3.837890625000000000e-01 -6.468479729374102760e+01
-3.835449218750000000e-01 -6.469623984716527332e+01
-3.833007812500000000e-01 -6.471167634601877694e+01
-3.830566406250000000e-01 -6.473112695875214229e+01
-3.828125000000000000e-01 -6.475461488297277413e+01
-3.825683593750000000e-01 -6.478216641674922016e+01
-3.823242187500000000e-01 -6.481381104068901777e+01
-3.820800781250000000e-01 -6.484958151140304494e+01
-3.818359375000000000e-01 -6.488951396699930285e+01
-3.815917968750000000e-01 -6.493364804541958790e+01
-3.813476562500000000e-01 -6.498202701647041124e+01
-3.811035156250000000e-01 -6.503469792856459719e+01
-3.808593750000000000e-01 -6.509171177135247888e+01
-3.806152343750000000e-01 -6.515312365544320983e+01
-3.803710937500000000e-01 -6.521899301081123212e+01
-3.801269531250000000e-01 -6.528938380541015363e+01
-3.798828125000000000e-01 -6.536436478593485333e+01
-3.796386718750000000e-01 -6.544400974283929884e+01
-3.793945312500000000e-01 -6.552839780196694619e+01
-3.791503906250000000e-01 -6.561761374552037296e+01
-3.789062500000000000e-01 -6.571174836544402353e+01
-3.786621093750000000e-01 -6.581089885267201112e+01
-3.784179687500000000e-01 -6.591516922623434027e+01
-3.781738281250000000e-01 -6.602467080671942767e+01
-3.779296875000000000e-01 -6.613952273923385405e+01
-3.776855468750000000e-01 -6.625985257176654386e+01
-3.774414062500000000e-01 -6.638579689572024733e+01
-3.771972656250000000e-01 -6.651750205633902624e+01
-3.769531250000000000e-01 -6.665512494207152372e+01
-3.767089843750000000e-01 -6.679883386308071636e+01
-3.764648437500000000e-01 -6.694880953105366928e+01
-3.762207031250000000e-01 -6.710524615409359228e+01
-3.759765625000000000e-01 -6.726835266309429073e+01
-3.757324218750000000e-01 -6.743835408851842317e+01
-3.754882812500000000e-01 -6.761549310997007467e+01
-3.752441406250000000e-01 -6.780003180493025638e+01
-3.750000000000000000e-01 -6.799225362775599990e+01
-3.747558593750000000e-01 -6.819246565605729415e+01
-3.745117187500000000e-01 -6.840100114861012059e+01
-3.742675781250000000e-01 -6.861822246781441947e+01
-3.740234375000000000e-01 -6.884452443056964910e+01
-3.737792968750000000e-01 -6.908033816486700118e+01
-3.735351562500000000e-01 -6.932613556620418649e+01
-3.732910156250000000e-01 -6.958243446906170959e+01
-3.730468750000000000e-01 -6.984980467543047666e+01
-3.728027343750000000e-01 -7.012887501629680287e+01
-3.725585937500000000e-01 -7.042034166575771792e+01
-3.723144531250000000e-01 -7.072497798392801371e+01
-3.720703125000000000e-01 -7.104364623858757000e+01
-3.718261718750000000e-01 -7.137731165265914512e+01
-3.715820312500000000e-01 -7.172705935401464217e+01
-3.713378906250000000e-01 -7.209411497798249968e+01
-3.710937500000000000e-01 -7.247986990949954134e+01
-3.708496093750000000e-01 -7.288591247778647642e+01
-3.706054687500000000e-01 -7.331406687146025547e+01
-3.703613281250000000e-01 -7.376644218641729367e+01
-3.701171875000000000e-01 -7.424549494728145760e+01
-3.698730468750000000e-01 -7.475410980268847538e+01
-3.696289062500000000e-01 -7.529570512717820918e+01
-3.693847656250000000e-01 -7.587437336438958368e+01
-3.691406250000000000e-01 -7.649507079872967097e+01
-3.688964843750000000e-01 -7.716387923870223631e+01
-3.686523437500000000e-01 -7.788837501309023992e+01
-3.684082031250000000e-01 -7.867816284444306518e+01
-3.681640625000000000e-01 -7.954567175840919901e+01
-3.679199218750000000e-01 -8.050738432907057529e+01
-3.676757812500000000e-01 -8.158581736286720343e+01
-3.674316406250000000e-01 -8.281288302227488884e+01
-3.671875000000000000e-01 -8.423597476355483593e+01
-3.669433593750000000e-01 -8.592995137748067691e+01
-3.666992187500000000e-01 -8.802356694474487142e+01
-3.664550781250000000e-01 -9.076810018043313733e+01
-3.662109375000000000e-01 -9.476897895017661710e+01
-3.659667968750000000e-01 -1.023192094441687914e+02
-3.657226562500000000e-01 -1.108628642436790130e+02
-3.654785156250000000e-01 -9.752887385484204685e+01
-3.652343750000000000e-01 -9.253441115509147608e+01
-3.649902343750000000e-01 -8.941040902192945339e+01
-3.647460937500000000e-01 -8.713960236402073178e+01
-3.645019531250000000e-01 -8.536005260898478753e+01
-3.642578125000000000e-01 -8.390067879104211102e+01
-3.640136718750000000e-01 -8.266692925762967548e+01
-3.637695312500000000e-01 -8.160100813355995797e+01
-3.635253906250000000e-01 -8.066499348921300339e+01
-3.632812500000000000e-01 -7.983265696673245770e+01
-3.630371093750000000e-01 -7.908510239447667800e+01
-3.627929687500000000e-01 -7.840826547486831544e+01
-3.625488281250000000e-01 -7.779139605885202968e+01
-3.623046875000000000e-01 -7.722609321473109389e+01
-3.620605468750000000e-01 -7.670566780047897737e+01
-3.618164062500000000e-01 -7.622470758854325368e+01
-3.615722656250000000e-01 -7.577877229924104086e+01
-3.613281250000000000e-01 -7.536417458743397901e+01
-3.610839843750000000e-01 -7.497781945602640974e+01
-3.608398437500000000e-01 -7.461708433491907044e+01
-3.605957031250000000e-01 -7.427972806095110059e+01
-3.603515625000000000e-01 -7.396382078247756908e+01
-3.601074218750000000e-01 -7.366768926835558773e+01
-3.598632812500000000e-01 -7.338987372831476819e+01
-3.596191406250000000e-01 -7.312909335330887473e+01
-3.593750000000000000e-01 -7.288421854348105455e+01
-3.591308593750000000e-01 -7.265424832313922821e+01
-3.588867187500000000e-01 -7.243829182087472418e+01
-3.586425781250000000e-01 -7.223555296590362218e+01
-3.583984375000000000e-01 -7.204531775165645513e+01
-3.581542968750000000e-01 -7.186694356504068537e+01
-3.579101562500000000e-01 -7.169985019064534981e+01
-3.576660156250000000e-01 -7.154351218248243072e+01
-3.574218750000000000e-01 -7.139745235937714085e+01
-3.571777343750000000e-01 -7.126123622959998727e+01
-3.569335937500000000e-01 -7.113446718789759871e+01
-3.566894531250000000e-01 -7.101678235822825513e+01
-3.564453125000000000e-01 -7.090784897864476477e+01
-3.562011718750000000e-01 -7.080736124363174611e+01
-3.559570312500000000e-01 -7.071503753388144276e+01
-3.557128906250000000e-01 -7.063061797548472498e+01
-3.554687500000000000e-01 -7.055386228012606864e+01
-3.552246093750000000e-01 -7.048454782576867217e+01
-3.549804687500000000e-01 -7.042246794354980466e+01
-3.547363281250000000e-01 -7.036743038202038747e+01
-3.544921875000000000e-01 -7.031925592400925495e+01
-3.542480468750000000e-01 -7.027777713509493651e+01
-3.540039062500000000e-01 -7.024283722548601361e+01
-3.537597656250000000e-01 -7.021428900973165810e+01
-3.535156250000000000e-01 -7.019199395054937440e+01
-3.532714843750000000e-01 -7.017582127491454003e+01
-3.530273437500000000e-01 -7.016564715196540192e+01
-3.527832031250000000e-01 -7.016135392346805588e+01
-3.525390625000000000e-01 -7.016282937854397517e+01
-3.522949218750000000e-01 -7.016996606539237291e+01
-3.520507812500000000e-01 -7.018266063325752668e+01
-3.518066406250000000e-01 -7.020081319862732983e+01
-3.515625000000000000e-01 -7.022432673015899240e+01
-3.513183593750000000e-01 -7.025310644714029706e+01
-3.510742187500000000e-01 -7.028705922688638452e+01
-3.508300781250000000e-01 -7.032609301652057354e+01
-3.505859375000000000e-01 -7.037011624503267626e+01
-3.503417968750000000e-01 -7.041903723177544805e+01
-3.500976562500000000e-01 -7.047276358750991676e+01
-3.498535156250000000e-01 -7.053120160467595667e+01
-3.496093750000000000e-01 -7.059425563337364906e+01
-3.493652343750000000e-01 -7.066182744001800131e+01
-3.491210937500000000e-01 -7.073381554561861151e+01
-3.488769531250000000e-01 -7.081011454098882041e+01
-3.486328125000000000e-01 -7.089061437629304407e+01
-3.483886718750000000e-01 -7.097519962274638772e+01
-3.481445312500000000e-01 -7.106374870451804782e+01
-3.479003906250000000e-01 -7.115613309937413078e+01
-3.476562500000000000e-01 -7.125221650697685050e+01
-3.474121093750000000e-01 -7.135185398447512739e+01
-3.471679687500000000e-01 -7.145489104955332493e+01
-3.469238281250000000e-01 -7.156116275213459232e+01
-3.466796875000000000e-01 -7.167049271678419586e+01
-3.464355468750000000e-01 -7.178269215903904410e+01
-3.461914062500000000e-01 -7.189755888046687460e+01
-3.459472656250000000e-01 -7.201487624850150837e+01
-3.457031250000000000e-01 -7.213441216926821653e+01
-3.454589843750000000e-01 -7.225591806352225888e+01
-3.452148437500000000e-01 -7.237912785819052885e+01
-3.449707031250000000e-01 -7.250375700870391427e+01
-3.447265625000000000e-01 -7.262950156996564033e+01
-3.444824218750000000e-01 -7.275603733721017363e+01
-3.442382812500000000e-01 -7.288301908090036818e+01
-3.439941406250000000e-01 -7.301007990349893362e+01
-3.437500000000000000e-01 -7.313683074919295279e+01
-3.435058593750000000e-01 -7.326286010093109269e+01
-3.432617187500000000e-01 -7.338773390229938798e+01
-3.430175781250000000e-01 -7.351099574417303018e+01
-3.427734375000000000e-01 -7.363216735805259816e+01
-3.425292968750000000e-01 -7.375074945882145983e+01
-3.422851562500000000e-01 -7.386622297934465564e+01
-3.420410156250000000e-01 -7.397805073735109715e+01
-3.417968750000000000e-01 -7.408567957112639135e+01
-3.415527343750000000e-01 -7.418854297454110736e+01
-3.413085937500000000e-01 -7.428606425339016539e+01
-3.410644531250000000e-01 -7.437766021391105653e+01
-3.408203125000000000e-01 -7.446274538052979608e+01
-3.405761718750000000e-01 -7.454073672362454772e+01
-3.403320312500000000e-01 -7.461105885954734163e+01
-3.400878906250000000e-01 -7.467314966496675765e+01
-3.398437500000000000e-01 -7.472646622649533299e+01
-3.395996093750000000e-01 -7.477049102552980742e+01
-3.393554687500000000e-01 -7.480473823851610859e+01
-3.391113281250000000e-01 -7.482876001573811209e+01
-3.388671875000000000e-01 -7.484215258834511530e+01
-3.386230468750000000e-01 -7.484456204555016257e+01
-3.383789062500000000e-01 -7.483568962200112651e+01
-3.381347656250000000e-01 -7.481529634080840196e+01
-3.378906250000000000e-01 -7.478320687033931335e+01
-3.376464843750000000e-01 -7.473931247288994939e+01
-3.374023437500000000e-01 -7.468357294974133254e+01
-3.371582031250000000e-01 -7.461601751898560053e+01
-3.369140625000000000e-01 -7.453674459751296411e+01
-3.366699218750000000e-01 -7.444592049587927818e+01
-3.364257812500000000e-01 -7.434377707103875821e+01
-3.361816406250000000e-01 -7.423060841581818181e+01
-3.359375000000000000e-01 -7.410676669383985882e+01
-3.356933593750000000e-01 -7.397265725165877370e+01
-3.354492187500000000e-01 -7.382873315736303255e+01
-3.352050781250000000e-01 -7.367548932350078417e+01
-3.349609375000000000e-01 -7.351345637488485352e+01
-3.347167968750000000e-01 -7.334319441679217277e+01
-3.344726562500000000e-01 -7.316528684872662325e+01
-3.342285156250000000e-01 -7.298033435379377920e+01
-3.339843750000000000e-01 -7.278894917503639306e+01
-3.337402343750000000e-01 -7.259174977005874041e+01
-3.334960937500000000e-01 -7.238935591363299693e+01
-3.332519531250000000e-01 -7.218238429766485353e+01
-3.330078125000000000e-01 -7.197144465807261327e+01
-3.327636718750000000e-01 -7.175713644092780896e+01
-3.325195312500000000e-01 -7.154004600480651277e+01
-3.322753906250000000e-01 -7.132074434403962471e+01
-3.320312500000000000e-01 -7.109978530749434356e+01
-3.317871093750000000e-01 -7.087770428040207094e+01
-3.315429687500000000e-01 -7.065501729167839073e+01
-3.312988281250000000e-01 -7.043222050642313548e+01
-3.310546875000000000e-01 -7.020979006226183117e+01
-3.308105468750000000e-01 -6.998818220838627724e+01
-3.305664062500000000e-01 -6.976783370798811745e+01
-3.303222656250000000e-01 -6.954916246700638283e+01
-3.300781250000000000e-01 -6.933256835509752136e+01
-3.298339843750000000e-01 -6.911843418846227394e+01
-3.295898437500000000e-01 -6.890712684740401528e+01
-3.293457031250000000e-01 -6.869899850573935396e+01
-3.291015625000000000e-01 -6.849438795241998434e+01
-3.288574218750000000e-01 -6.829362198988076216e+01
-3.286132812500000000e-01 -6.809701689673801184e+01
-3.283691406250000000e-01 -6.790487994615087075e+01
-3.281250000000000000e-01 -6.771751097418554366e+01
-3.278808593750000000e-01 -6.753520399578133038e+01
-3.276367187500000000e-01 -6.735824886875226980e+01
-3.273925781250000000e-01 -6.718693300928188705e+01
-3.271484375000000000e-01 -6.702154316521216515e+01
-3.269042968750000000e-01 -6.686236725640621614e+01
-3.266601562500000000e-01 -6.670969629451867888e+01
-3.264160156250000000e-01 -6.656382639778598787e+01
-3.261718750000000000e-01 -6.642506092007458562e+01
-3.259277343750000000e-01 -6.629371271742499516e+01
-3.256835937500000000e-01 -6.617010657998160639e+01
-3.254394531250000000e-01 -6.605458186265116183e+01
-3.251953125000000000e-01 -6.594749535413176034e+01
-3.249511718750000000e-01 -6.584922443179769402e+01
-3.247070312500000000e-01 -6.576017055919358256e+01
-3.244628906250000000e-01 -6.568076319439579436e+01
-3.242187500000000000e-01 -6.561146419173135769e+01
-3.239746093750000000e-01 -6.555277279698523785e+01
-3.237304687500000000e-01 -6.550523135852097312e+01
-3.234863281250000000e-01 -6.546943190489179187e+01
-3.232421875000000000e-01 -6.544602377541067995e+01
-3.229980468750000000e-01 -6.543572253635747416e+01
-3.227539062500000000e-01 -6.543932047540019425e+01
-3.225097656250000000e-01 -6.545769904515549342e+01
-3.222656250000000000e-01 -6.549184373024137074e+01
-3.220214843750000000e-01 -6.554286195023877326e+01
-3.217773437500000000e-01 -6.561200479700482902e+01
-3.215332031250000000e-01 -6.570069365871546552e+01
-3.212890625000000000e-01 -6.581055313362367087e+01
-3.210449218750000000e-01 -6.594345212791091626e+01
-3.208007812500000000e-01 -6.610155573033716792e+01
-3.205566406250000000e-01 -6.628739146592985776e+01
-3.203125000000000000e-01 -6.650393501640587601e+01
-3.200683593750000000e-01 -6.675472272485916392e+01
-3.198242187500000000e-01 -6.704400162449262268e+01
-3.195800781250000000e-01 -6.737693311437568866e+01
-3.193359375000000000e-01 -6.775987511222665205e+01
-3.190917968750000000e-01 -6.820078204769649233e+01
-3.188476562500000000e-01 -6.870978721019729107e+01
-3.186035156250000000e-01 -6.930007734232214034e+01
-3.183593750000000000e-01 -6.998925533951630484e+01
-3.181152343750000000e-01 -7.080155953301996874e+01
-3.178710937500000000e-01 -7.177167988858570880e+01
-3.176269531250000000e-01 -7.295178557143825060e+01
-3.173828125000000000e-01 -7.442567592178573932e+01
-3.171386718750000000e-01 -7.634097891988004392e+01
-3.168945312500000000e-01 -7.899681626665980616e+01
-3.166503906250000000e-01 -8.316555231161889594e+01
-3.164062500000000000e-01 -9.241702653823649882e+01
-3.161621093750000000e-01 -9.225203244791649126e+01
-3.159179687500000000e-01 -8.242238135196134863e+01
-3.156738281250000000e-01 -7.772504275116490646e+01
-3.154296875000000000e-01 -7.454759381917504868e+01
-3.151855468750000000e-01 -7.211290354010186832e+01
-3.149414062500000000e-01 -7.012052149331752560e+01
-3.146972656250000000e-01 -6.842228449042609384e+01
-3.144531250000000000e-01 -6.693412264229597497e+01
-3.142089843750000000e-01 -6.560370538041740929e+01
-3.139648437500000000e-01 -6.439623321669273537e+01
-3.137207031250000000e-01 -6.328738566524329201e+01
-3.134765625000000000e-01 -6.225949334834279369e+01
-3.132324218750000000e-01 -6.129931266029580428e+01
-3.129882812500000000e-01 -6.039665973339815253e+01
-3.127441406250000000e-01 -5.954353391901317849e+01
-3.125000000000000000e-01 -5.873353428934822773e+01
-3.122558593750000000e-01 -5.796145894276865818e+01
-3.120117187500000000e-01 -5.722302242189792310e+01
-3.117675781250000000e-01 -5.651465178094519359e+01
-3.115234375000000000e-01 -5.583333641361637945e+01
-3.112792968750000000e-01 -5.517651548309659404e+01
-3.110351562500000000e-01 -5.454199219241938579e+01
-3.107910156250000000e-01 -5.392786756382895419e+01
-3.105468750000000000e-01 -5.333248863065603729e+01
-3.103027343750000000e-01 -5.275440743392526599e+01
-3.100585937500000000e-01 -5.219234822746999214e+01
-3.098144531250000000e-01 -5.164518099518444672e+01
-3.095703125000000000e-01 -5.111189987629490616e+01
-3.093261718750000000e-01 -5.059160544590957187e+01
-3.090820312500000000e-01 -5.008349005250221353e+01
-3.088378906250000000e-01 -4.958682560043098420e+01
-3.085937500000000000e-01 -4.910095330388067225e+01
-3.083496093750000000e-01 -4.862527504232361508e+01
-3.081054687500000000e-01 -4.815924602610362371e+01
-3.078613281250000000e-01 -4.770236854079719535e+01
-3.076171875000000000e-01 -4.725418658530613669e+01
-3.073730468750000000e-01 -4.681428125463716583e+01
-3.071289062500000000e-01 -4.638226674654490012e+01
-3.068847656250000000e-01 -4.595778689348247781e+01
-3.066406250000000000e-01 -4.554051213900821438e+01
-3.063964843750000000e-01 -4.513013689194631439e+01
-3.061523437500000000e-01 -4.472637720300407693e+01
-3.059082031250000000e-01 -4.432896871775727732e+01
-3.056640625000000000e-01 -4.393766486743552235e+01
-3.054199218750000000e-01 -4.355223526506684095e+01
-3.051757812500000000e-01 -4.317246427959474886e+01
-3.049316406250000000e-01 -4.279814976475042698e+01
-3.046875000000000000e-01 -4.242910192292167437e+01
-3.044433593750000000e-01 -4.206514228714247849e+01
-3.041992187500000000e-01 -4.170610280673675163e+01
-3.039550781250000000e-01 -4.135182502418330586e+01
-3.037109375000000000e-01 -4.100215933246575872e+01
-3.034667968750000000e-01 -4.065696430362713443e+01
-3.032226562500000000e-01 -4.031610608046635491e+01
-3.029785156250000000e-01 -3.997945782436566731e+01
-3.027343750000000000e-01 -3.964689921312722731e+01
-3.024902343750000000e-01 -3.931831598346383316e+01
-3.022460937500000000e-01 -3.899359951344586506e+01
-3.020019531250000000e-01 -3.867264644077417302e+01
-3.017578125000000000e-01 -3.835535831323831246e+01
-3.015136718750000000e-01 -3.804164126814551850e+01
-3.012695312500000000e-01 -3.773140573787249252e+01
-3.010253906250000000e-01 -3.742456617901617477e+01
-3.007812500000000000e-01 -3.712104082289791052e+01
-3.005371093750000000e-01 -3.682075144542315570e+01
-3.002929687500000000e-01 -3.652362315451208019e+01
-3.000488281250000000e-01 -3.622958419350712234e+01
-2.998046875000000000e-01 -3.593856575912855789e+01
-2.995605468750000000e-01 -3.565050183269899975e+01
-2.993164062500000000e-01 -3.536532902348329799e+01
-2.990722656250000000e-01 -3.508298642310955984e+01
-2.988281250000000000e-01 -3.480341547013726711e+01
-2.985839843750000000e-01 -3.452655982392812462e+01
-2.983398437500000000e-01 -3.425236524705928787e+01
-2.980957031250000000e-01 -3.398077949558636135e+01
-2.978515625000000000e-01 -3.371175221653277987e+01
-2.976074218750000000e-01 -3.344523485203507107e+01
-2.973632812500000000e-01 -3.318118054962902619e+01
-2.971191406250000000e-01 -3.291954407820547601e+01
-2.968750000000000000e-01 -3.266028174920717930e+01
-2.966308593750000000e-01 -3.240335134267611750e+01
-2.963867187500000000e-01 -3.214871203779303244e+01
-2.961425781250000000e-01 -3.189632434758250668e+01
-2.958984375000000000e-01 -3.164615005748440524e+01
-2.956542968750000000e-01 -3.139815216751671301e+01
-2.954101562500000000e-01 -3.115229483777824271e+01
-2.951660156250000000e-01 -3.090854333705915735e+01
-2.949218750000000000e-01 -3.066686399434709642e+01
-2.946777343750000000e-01 -3.042722415303258288e+01
-2.944335937500000000e-01 -3.018959212763266464e+01
-2.941894531250000000e-01 -2.995393716286707786e+01
-2.939453125000000000e-01 -2.972022939493244564e+01
-2.937011718750000000e-01 -2.948843981483260279e+01
-2.934570312500000000e-01 -2.925854023363343259e+01
-2.932128906250000000e-01 -2.903050324952076977e+01
-2.929687500000000000e-01 -2.880430221654827250e+01
-2.927246093750000000e-01 -2.857991121497094156e+01
-2.924804687500000000e-01 -2.835730502306704182e+01
-2.922363281250000000e-01 -2.813645909035835047e+01
-2.919921875000000000e-01 -2.791734951214494487e+01
-2.917480468750000000e-01 -2.769995300527657633e+01
-2.915039062500000000e-01 -2.748424688508791291e+01
-2.912597656250000000e-01 -2.727020904343026331e+01
-2.910156250000000000e-01 -2.705781792773638017e+01
-2.907714843750000000e-01 -2.684705252105989359e+01
-2.905273437500000000e-01 -2.663789232303446397e+01
-2.902832031250000000e-01 -2.643031733170048625e+01
-2.900390625000000000e-01 -2.622430802615287604e+01
-2.897949218750000000e-01 -2.601984534996351783e+01
-2.895507812500000000e-01 -2.581691069533741256e+01
-2.893066406250000000e-01 -2.561548588796261328e+01
-2.890625000000000000e-01 -2.541555317251720680e+01
-2.888183593750000000e-01 -2.521709519879878769e+01
-2.885742187500000000e-01 -2.502009500844383894e+01
-2.883300781250000000e-01 -2.482453602220649458e+01
-2.880859375000000000e-01 -2.463040202776821275e+01
-2.878417968750000000e-01 -2.443767716805119505e+01
-2.875976562500000000e-01 -2.424634593001021443e+01
-2.873535156250000000e-01 -2.405639313387931111e+01
-2.871093750000000000e-01 -2.386780392285029961e+01
-2.868652343750000000e-01 -2.368056375316261608e+01
-2.866210937500000000e-01 -2.349465838458401379e+01
-2.863769531250000000e-01 -2.331007387126341968e+01
-2.861328125000000000e-01 -2.312679655293842984e+01
-2.858886718750000000e-01 -2.294481304648031994e+01
-2.856445312500000000e-01 -2.276411023776103804e+01
-2.854003906250000000e-01 -2.258467527382696005e+01
-2.851562500000000000e-01 -2.240649555536539594e+01
-2.849121093750000000e-01 -2.222955872945050970e+01
-2.846679687500000000e-01 -2.205385268255576392e+01
-2.844238281250000000e-01 -2.187936553382111526e+01
-2.841796875000000000e-01 -2.170608562856352819e+01
-2.839355468750000000e-01 -2.153400153201995693e+01
-2.836914062500000000e-01 -2.136310202331259944e+01
-2.834472656250000000e-01 -2.119337608962699449e+01
-2.832031250000000000e-01 -2.102481292059324858e+01
-2.829589843750000000e-01 -2.085740190286230700e+01
-2.827148437500000000e-01 -2.069113261486838695e+01
-2.824707031250000000e-01 -2.052599482177013357e+01
-2.822265625000000000e-01 -2.036197847056289589e+01
-2.819824218750000000e-01 -2.019907368535477588e+01
-2.817382812500000000e-01 -2.003727076280006258e+01
-2.814941406250000000e-01 -1.987656016768345069e+01
-2.812500000000000000e-01 -1.971693252864872647e+01
-2.810058593750000000e-01 -1.955837863406641475e+01
-2.807617187500000000e-01 -1.940088942803468797e+01
-2.805175781250000000e-01 -1.924445600650810917e+01
-2.802734375000000000e-01 -1.908906961354934140e+01
-2.800292968750000000e-01 -1.893472163769901329e+01
-2.797851562500000000e-01 -1.878140360845900148e+01
-2.795410156250000000e-01 -1.862910719288483108e+01
-2.792968750000000000e-01 -1.847782419228303752e+01
-2.790527343750000000e-01 -1.832754653900951780e+01
-2.788085937500000000e-01 -1.817826629336487088e+01
-2.785644531250000000e-01 -1.802997564058333779e+01
-2.783203125000000000e-01 -1.788266688791166814e+01
-2.780761718750000000e-01 -1.773633246177469402e+01
-2.778320312500000000e-01 -1.759096490502432175e+01
-2.775878906250000000e-01 -1.744655687426896407e+01
-2.773437500000000000e-01 -1.730310113728056365e+01
-2.770996093750000000e-01 -1.716059057047615966e+01
-2.768554687500000000e-01 -1.701901815647169514e+01
-2.766113281250000000e-01 -1.687837698170509526e+01
-2.763671875000000000e-01 -1.673866023412657711e+01
-2.761230468750000000e-01 -1.659986120095347673e+01
-2.758789062500000000e-01 -1.646197326648751158e+01
-2.756347656250000000e-01 -1.632498990999242494e+01
-2.753906250000000000e-01 -1.618890470362963896e+01
-2.751464843750000000e-01 -1.605371131045016853e+01
-2.749023437500000000e-01 -1.591940348244092718e+01
-2.746582031250000000e-01 -1.578597505862324368e+01
-2.744140625000000000e-01 -1.565341996320226770e+01
-2.741699218750000000e-01 -1.552173220376529628e+01
-2.739257812500000000e-01 -1.539090586952748652e+01
-2.736816406250000000e-01 -1.526093512962331999e+01
-2.734375000000000000e-01 -1.513181423144249038e+01
-2.731933593750000000e-01 -1.500353749900857991e+01
-2.729492187500000000e-01 -1.487609933139920315e+01
-2.727050781250000000e-01 -1.474949420120637456e+01
-2.724609375000000000e-01 -1.462371665303567170e+01
-2.722167968750000000e-01 -1.449876130204305724e+01
-2.719726562500000000e-01 -1.437462283250815176e+01
-2.717285156250000000e-01 -1.425129599644276368e+01
-2.714843750000000000e-01 -1.412877561223364609e+01
-2.712402343750000000e-01 -1.400705656331837901e+01
-2.709960937500000000e-01 -1.388613379689336114e+01
-2.707519531250000000e-01 -1.376600232265290913e+01
-2.705078125000000000e-01 -1.364665721155853362e+01
-2.702636718750000000e-01 -1.352809359463751804e+01
-2.700195312500000000e-01 -1.341030666180978415e+01
-2.697753906250000000e-01 -1.329329166074236923e+01
-2.695312500000000000e-01 -1.317704389573056289e+01
-2.692871093750000000e-01 -1.306155872660491468e+01
-2.690429687500000000e-01 -1.294683156766350152e+01
-2.687988281250000000e-01 -1.283285788662848148e+01
-2.685546875000000000e-01 -1.271963320362634420e+01
-2.683105468750000000e-01 -1.260715309019133201e+01
-2.680664062500000000e-01 -1.249541316829093063e+01
-2.678222656250000000e-01 -1.238440910937332973e+01
-2.675781250000000000e-01 -1.227413663343575934e+01
-2.673339843750000000e-01 -1.216459150811340351e+01
-2.670898437500000000e-01 -1.205576954778823051e+01
-2.668457031250000000e-01 -1.194766661271707164e+01
-2.666015625000000000e-01 -1.184027860817857913e+01
-2.663574218750000000e-01 -1.173360148363844502e+01
-2.661132812500000000e-01 -1.162763123193235515e+01
-2.658691406250000000e-01 -1.152236388846625914e+01
-2.656250000000000000e-01 -1.141779553043342332e+01
-2.653808593750000000e-01 -1.131392227604783329e+01
-2.651367187500000000e-01 -1.121074028379354104e+01
-2.648925781250000000e-01 -1.110824575168936690e+01
-2.646484375000000000e-01 -1.100643491656884976e+01
-2.644042968750000000e-01 -1.090530405337466391e+01
-2.641601562500000000e-01 -1.080484947446742439e+01
-2.639160156250000000e-01 -1.070506752894831948e+01
-2.636718750000000000e-01 -1.060595460199527906e+01
-2.634277343750000000e-01 -1.050750711421237327e+01
-2.631835937500000000e-01 -1.040972152099187298e+01
-2.629394531250000000e-01 -1.031259431188903619e+01
-2.626953125000000000e-01 -1.021612201000882436e+01
-2.624511718750000000e-01 -1.012030117140466956e+01
-2.622070312500000000e-01 -1.002512838448866006e+01
-2.619628906250000000e-01 -9.930600269453059070e+00
-2.617187500000000000e-01 -9.836713477702794250e+00
-2.614746093750000000e-01 -9.743464691298605374e+00
-2.612304687500000000e-01 -9.650850622410644064e+00
-2.609863281250000000e-01 -9.558868012782291146e+00
-2.607421875000000000e-01 -9.467513633203765266e+00
-2.604980468750000000e-01 -9.376784282995565434e+00
-2.602539062500000000e-01 -9.286676789501214557e+00
-2.600097656250000000e-01 -9.197188007589303993e+00
-2.597656250000000000e-01 -9.108314819164434084e+00
-2.595214843750000000e-01 -9.020054132686979642e+00
-2.592773437500000000e-01 -8.932402882701410363e+00
-2.590332031250000000e-01 -8.845358029372874853e+00
-2.587890625000000000e-01 -8.758916558032055377e+00
-2.585449218750000000e-01 -8.673075478727888310e+00
-2.583007812500000000e-01 -8.587831825788057927e+00
-2.580566406250000000e-01 -8.503182657387156951e+00
-2.578125000000000000e-01 -8.419125055122108847e+00
-2.575683593750000000e-01 -8.335656123595001077e+00
-2.573242187500000000e-01 -8.252772990002817721e+00
-2.570800781250000000e-01 -8.170472803734199374e+00
-2.568359375000000000e-01 -8.088752735972917662e+00
-2.565917968750000000e-01 -8.007609979307886761e+00
-2.563476562500000000e-01 -7.927041747349733214e+00
-2.561035156250000000e-01 -7.847045274353504851e+00
-2.558593750000000000e-01 -7.767617814847781688e+00
-2.556152343750000000e-01 -7.688756643269542224e+00
-2.553710937500000000e-01 -7.610459053605069357e+00
-2.551269531250000000e-01 -7.532722359036625903e+00
-2.548828125000000000e-01 -7.455543891594700767e+00
-2.546386718750000000e-01 -7.378921001815797354e+00
-2.543945312500000000e-01 -7.302851058405636309e+00
-2.541503906250000000e-01 -7.227331447907587858e+00
-2.539062500000000000e-01 -7.152359574376291107e+00
-2.536621093750000000e-01 -7.077932859056360826e+00
-2.534179687500000000e-01 -7.004048740066011192e+00
-2.531738281250000000e-01 -6.930704672085525431e+00
-2.529296875000000000e-01 -6.857898126050457677e+00
-2.526855468750000000e-01 -6.785626588849581253e+00
-2.524414062500000000e-01 -6.713887563027213901e+00
-2.521972656250000000e-01 -6.642678566490204162e+00
-2.519531250000000000e-01 -6.571997132219109972e+00
-2.517089843750000000e-01 -6.501840807983782611e+00
-2.514648437500000000e-01 -6.432207156063114439e+00
-2.512207031250000000e-01 -6.363093752968893568e+00
-2.509765625000000000e-01 -6.294498189173680203e+00
-2.507324218750000000e-01 -6.226418068842733078e+00
-2.504882812500000000e-01 -6.158851009569616508e+00
-2.502441406250000000e-01 -6.091794642115900160e+00
-2.500000000000000000e-01 -6.025246610154354698e+00
-2.497558593750000000e-01 -5.959204570015927516e+00
-2.495117187500000000e-01 -5.893666190440328023e+00
-2.492675781250000000e-01 -5.828629152330051966e+00
-2.490234375000000000e-01 -5.764091148508015294e+00
-2.487792968750000000e-01 -5.700049883478499169e+00
-2.485351562500000000e-01 -5.636503073191448721e+00
-2.482910156250000000e-01 -5.573448444810111368e+00
-2.480468750000000000e-01 -5.510883736481872575e+00
-2.478027343750000000e-01 -5.448806697112317465e+00
-2.475585937500000000e-01 -5.387215086142290943e+00
-2.473144531250000000e-01 -5.326106673328183660e+00
-2.470703125000000000e-01 -5.265479238525188066e+00
-2.468261718750000000e-01 -5.205330571473496093e+00
-2.465820312500000000e-01 -5.145658471587410077e+00
-2.463378906250000000e-01 -5.086460747747437949e+00
-2.460937500000000000e-01 -5.027735218095088499e+00
-2.458496093750000000e-01 -4.969479709830579850e+00
-2.456054687500000000e-01 -4.911692059013205380e+00
-2.453613281250000000e-01 -4.854370110364484958e+00
-2.451171875000000000e-01 -4.797511717073902560e+00
-2.448730468750000000e-01 -4.741114740607372369e+00
-2.446289062500000000e-01 -4.685177050518262831e+00
-2.443847656250000000e-01 -4.629696524260921819e+00
-2.441406250000000000e-01 -4.574671047006816593e+00
-2.438964843750000000e-01 -4.520098511463132240e+00
-2.436523437500000000e-01 -4.465976817693828593e+00
-2.434082031250000000e-01 -4.412303872943098781e+00
-2.431640625000000000e-01 -4.359077591461343104e+00
-2.429199218750000000e-01 -4.306295894333317165e+00
-2.426757812500000000e-01 -4.253956709308823747e+00
-2.424316406250000000e-01 -4.202057970635607376e+00
-2.421875000000000000e-01 -4.150597618894565244e+00
-2.419433593750000000e-01 -4.099573600837246090e+00
-2.416992187500000000e-01 -4.048983869225537546e+00
-2.414550781250000000e-01 -3.998826382673669855e+00
-2.412109375000000000e-01 -3.949099105492294370e+00
-2.409667968750000000e-01 -3.899800007534864221e+00
-2.407226562500000000e-01 -3.850927064046061332e+00
-2.404785156250000000e-01 -3.802478255512468763e+00
-2.402343750000000000e-01 -3.754451567515218358e+00
-2.399902343750000000e-01 -3.706844990584940547e+00
-2.397460937500000000e-01 -3.659656520058604201e+00
-2.395019531250000000e-01 -3.612884155938559161e+00
-2.392578125000000000e-01 -3.566525902753539867e+00
-2.390136718750000000e-01 -3.520579769421772198e+00
-2.387695312500000000e-01 -3.475043769116140879e+00
-2.385253906250000000e-01 -3.429915919131232727e+00
-2.382812500000000000e-01 -3.385194240752497308e+00
-2.380371093750000000e-01 -3.340876759127411333e+00
-2.377929687500000000e-01 -3.296961503138518879e+00
-2.375488281250000000e-01 -3.253446505278546397e+00
-2.373046875000000000e-01 -3.210329801527421978e+00
-2.370605468750000000e-01 -3.167609431231241501e+00
-2.368164062500000000e-01 -3.125283436983238516e+00
-2.365722656250000000e-01 -3.083349864506601534e+00
-2.363281250000000000e-01 -3.041806762539323472e+00
-2.360839843750000000e-01 -3.000652182720870087e+00
-2.358398437500000000e-01 -2.959884179480894772e+00
-2.355957031250000000e-01 -2.919500809929658658e+00
-2.353515625000000000e-01 -2.879500133750681812e+00
-2.351074218750000000e-01 -2.839880213094957639e+00
-2.348632812500000000e-01 -2.800639112477313120e+00
-2.346191406250000000e-01 -2.761774898674531187e+00
-2.343750000000000000e-01 -2.723285640625476844e+00
-2.341308593750000000e-01 -2.685169409333070689e+00
-2.338867187500000000e-01 -2.647424277768067213e+00
-2.336425781250000000e-01 -2.610048320774922104e+00
-2.333984375000000000e-01 -2.573039614979421685e+00
-2.331542968750000000e-01 -2.536396238698188199e+00
-2.329101562500000000e-01 -2.500116271850231442e+00
-2.326660156250000000e-01 -2.464197795870219920e+00
-2.324218750000000000e-01 -2.428638893623727313e+00
-2.321777343750000000e-01 -2.393437649324454242e+00
-2.319335937500000000e-01 -2.358592148453212189e+00
-2.316894531250000000e-01 -2.324100477678982202e+00
-2.314453125000000000e-01 -2.289960724781678891e+00
-2.312011718750000000e-01 -2.256170978577060282e+00
-2.309570312500000000e-01 -2.222729328843328744e+00
-2.307128906250000000e-01 -2.189633866249877769e+00
-2.304687500000000000e-01 -2.156882682287772468e+00
-2.302246093750000000e-01 -2.124473869202290643e+00
-2.299804687500000000e-01 -2.092405519927368118e+00
-2.297363281250000000e-01 -2.060675728021976738e+00
-2.294921875000000000e-01 -2.029282587608420840e+00
-2.292480468750000000e-01 -1.998224193312694297e+00
-2.290039062500000000e-01 -1.967498640206699179e+00
-2.287597656250000000e-01 -1.937104023752510784e+00
-2.285156250000000000e-01 -1.907038439748504288e+00
-2.282714843750000000e-01 -1.877299984277627232e+00
-2.280273437500000000e-01 -1.847886753657547843e+00
-2.277832031250000000e-01 -1.818796844392892353e+00
-2.275390625000000000e-01 -1.790028353129287098e+00
-2.272949218750000000e-01 -1.761579376609759606e+00
-2.270507812500000000e-01 -1.733448011632845009e+00
-2.268066406250000000e-01 -1.705632355012895118e+00
-2.265625000000000000e-01 -1.678130503542362817e+00
-2.263183593750000000e-01 -1.650940553956132817e+00
-2.260742187500000000e-01 -1.624060602898026673e+00
-2.258300781250000000e-01 -1.597488746889169420e+00
-2.255859375000000000e-01 -1.571223082298601526e+00
-2.253417968750000000e-01 -1.545261705315880363e+00
-2.250976562500000000e-01 -1.519602711925855942e+00
-2.248535156250000000e-01 -1.494244197885421954e+00
-2.246093750000000000e-01 -1.469184258702526336e+00
-2.243652343750000000e-01 -1.444420989617185569e+00
-2.241210937500000000e-01 -1.419952485584644819e+00
-2.238769531250000000e-01 -1.395776841260726542e+00
-2.236328125000000000e-01 -1.371892150989310721e+00
-2.233886718750000000e-01 -1.348296508791847259e+00
-2.231445312500000000e-01 -1.324988008359241576e+00
-2.229003906250000000e-01 -1.301964743045672890e+00
-2.226562500000000000e-01 -1.279224805864828340e+00
-2.224121093750000000e-01 -1.256766289488055577e+00
-2.221679687500000000e-01 -1.234587286244988036e+00
-2.219238281250000000e-01 -1.212685888126117106e+00
-2.216796875000000000e-01 -1.191060186787723296e+00
-2.214355468750000000e-01 -1.169708273558967448e+00
-2.211914062500000000e-01 -1.148628239451213062e+00
-2.209472656250000000e-01 -1.127818175169551296e+00
-2.207031250000000000e-01 -1.107276171126528652e+00
-2.204589843750000000e-01 -1.087000317458276299e+00
-2.202148437500000000e-01 -1.066988704042600489e+00
-2.199707031250000000e-01 -1.047239420519574082e+00
-2.197265625000000000e-01 -1.027750556314217079e+00
-2.194824218750000000e-01 -1.008520200661536137e+00
-2.192382812500000000e-01 -9.895464426337383657e-01
-2.189941406250000000e-01 -9.708273711697614772e-01
-2.187500000000000000e-01 -9.523610751070350489e-01
-2.185058593750000000e-01 -9.341456432155155198e-01
-2.182617187500000000e-01 -9.161791642340091357e-01
-2.180175781250000000e-01 -8.984597269086975757e-01
-2.177734375000000000e-01 -8.809854200340652142e-01
-2.175292968750000000e-01 -8.637543324958869562e-01
-2.172851562500000000e-01 -8.467645533167313943e-01
-2.170410156250000000e-01 -8.300141717035245392e-01
-2.167968750000000000e-01 -8.135012770974583418e-01
-2.165527343750000000e-01 -7.972239592262013730e-01
-2.163085937500000000e-01 -7.811803081582837649e-01
-2.160644531250000000e-01 -7.653684143598127321e-01
-2.158203125000000000e-01 -7.497863687534049859e-01
-2.155761718750000000e-01 -7.344322627793076208e-01
-2.153320312500000000e-01 -7.193041884588922130e-01
-2.150878906250000000e-01 -7.044002384602663369e-01
-2.148437500000000000e-01 -6.897185061661446071e-01
-2.145996093750000000e-01 -6.752570857439224028e-01
-2.143554687500000000e-01 -6.610140722180375406e-01
-2.141113281250000000e-01 -6.469875615443640982e-01
-2.138671875000000000e-01 -6.331756506869510304e-01
-2.136230468750000000e-01 -6.195764376968639908e-01
-2.133789062500000000e-01 -6.061880217931872039e-01
-2.131347656250000000e-01 -5.930085034461569649e-01
-2.128906250000000000e-01 -5.800359844624836114e-01
-2.126464843750000000e-01 -5.672685680727909130e-01
-2.124023437500000000e-01 -5.547043590209881359e-01
-2.121582031250000000e-01 -5.423414636560011104e-01
-2.119140625000000000e-01 -5.301779900253649203e-01
-2.116699218750000000e-01 -5.182120479708913763e-01
-2.114257812500000000e-01 -5.064417492264396969e-01
-2.111816406250000000e-01 -4.948652075175914433e-01
-2.109375000000000000e-01 -4.834805386633860280e-01
-2.106933593750000000e-01 -4.722858606799746894e-01
-2.104492187500000000e-01 -4.612792938861787206e-01
-2.102050781250000000e-01 -4.504589610110230069e-01
-2.099609375000000000e-01 -4.398229873030601311e-01
-2.097167968750000000e-01 -4.293695006416129445e-01
-2.094726562500000000e-01 -4.190966316498645483e-01
-2.092285156250000000e-01 -4.090025138096109458e-01
-2.089843750000000000e-01 -3.990852835779321595e-01
-2.087402343750000000e-01 -3.893430805054123311e-01
-2.084960937500000000e-01 -3.797740473563067098e-01
-2.082519531250000000e-01 -3.703763302300586702e-01
-2.080078125000000000e-01 -3.611480786847209856e-01
-2.077636718750000000e-01 -3.520874458617271330e-01
-2.075195312500000000e-01 -3.431925886124531644e-01
-2.072753906250000000e-01 -3.344616676260443455e-01
-2.070312500000000000e-01 -3.258928475589044638e-01
-2.067871093750000000e-01 -3.174842971654783241e-01
-2.065429687500000000e-01 -3.092341894304979633e-01
-2.062988281250000000e-01 -3.011407017025646837e-01
-2.060546875000000000e-01 -2.932020158290100653e-01
-2.058105468750000000e-01 -2.854163182919364772e-01
-2.055664062500000000e-01 -2.777818003455934104e-01
-2.053222656250000000e-01 -2.702966581548906788e-01
-2.050781250000000000e-01 -2.629590929348637474e-01
-2.048339843750000000e-01 -2.557673110913469827e-01
-2.045898437500000000e-01 -2.487195243626558749e-01
-2.043457031250000000e-01 -2.418139499620792776e-01
-2.041015625000000000e-01 -2.350488107214800948e-01
-2.038574218750000000e-01 -2.284223352355070347e-01
-2.036132812500000000e-01 -2.219327580067727013e-01
-2.033691406250000000e-01 -2.155783195916995965e-01
-2.031250000000000000e-01 -2.093572667469913995e-01
-2.028808593750000000e-01 -2.032678525768432110e-01
-2.026367187500000000e-01 -1.973083366805923333e-01
-2.023925781250000000e-01 -1.914769853008948530e-01
-2.021484375000000000e-01 -1.857720714723711808e-01
-2.019042968750000000e-01 -1.801918751706352850e-01
-2.016601562500000000e-01 -1.747346834615086664e-01
-2.014160156250000000e-01 -1.693987906506890795e-01
-2.011718750000000000e-01 -1.641824984333908333e-01
-2.009277343750000000e-01 -1.590841160442977298e-01
-2.006835937500000000e-01 -1.541019604073596838e-01
-2.004394531250000000e-01 -1.492343562857740835e-01
-2.001953125000000000e-01 -1.444796364317397774e-01
-1.999511718750000000e-01 -1.398361417361684289e-01
-1.997070312500000000e-01 -1.353022213780405991e-01
-1.994628906250000000e-01 -1.308762329736765651e-01
-1.992187500000000000e-01 -1.265565427254529141e-01
-1.989746093750000000e-01 -1.223415255701780779e-01
-1.987304687500000000e-01 -1.182295653269989089e-01
-1.984863281250000000e-01 -1.142190548447103993e-01
-1.982421875000000000e-01 -1.103083961483832809e-01
-1.979980468750000000e-01 -1.064960005853805569e-01
-1.977539062500000000e-01 -1.027802889704929612e-01
-1.975097656250000000e-01 -9.915969173030703132e-02
-1.972656250000000000e-01 -9.563264904655000009e-02
-1.970214843750000000e-01 -9.219761099856782494e-02
-1.967773437500000000e-01 -8.885303770463792716e-02
-1.965332031250000000e-01 -8.559739946210243033e-02
-1.962890625000000000e-01 -8.242917688649242791e-02
-1.960449218750000000e-01 -7.934686104908905691e-02
-1.958007812500000000e-01 -7.634895361333349229e-02
-1.955566406250000000e-01 -7.343396696973059079e-02
-1.953125000000000000e-01 -7.060042436928881671e-02
-1.950683593750000000e-01 -6.784686005531170849e-02
-1.948242187500000000e-01 -6.517181939365457310e-02
-1.945800781250000000e-01 -6.257385900117640176e-02
-1.943359375000000000e-01 -6.005154687244385059e-02
-1.940917968750000000e-01 -5.760346250465886442e-02
-1.938476562500000000e-01 -5.522819702046888324e-02
-1.936035156250000000e-01 -5.292435328902911351e-02
-1.933593750000000000e-01 -5.069054604477685189e-02
-1.931152343750000000e-01 -4.852540200431576523e-02
-1.928710937500000000e-01 -4.642755998091274705e-02
-1.926269531250000000e-01 -4.439567099676366979e-02
-1.923828125000000000e-01 -4.242839839309908712e-02
-1.921386718750000000e-01 -4.052441793770356071e-02
-1.918945312500000000e-01 -3.868241793011861773e-02
-1.916503906250000000e-01 -3.690109930427354357e-02
-1.914062500000000000e-01 -3.517917572852979902e-02
-1.911621093750000000e-01 -3.351537370318169451e-02
-1.909179687500000000e-01 -3.190843265518594762e-02
-1.906738281250000000e-01 -3.035710503016275652e-02
-1.904296875000000000e-01 -2.886015638159733498e-02
-1.901855468750000000e-01 -2.741636545722769824e-02
-1.899414062500000000e-01 -2.602452428243395843e-02
-1.896972656250000000e-01 -2.468343824070018400e-02
-1.894531250000000000e-01 -2.339192615113461216e-02
-1.892089843750000000e-01 -2.214882034282084078e-02
-1.889648437500000000e-01 -2.095296672609947564e-02
-1.887207031250000000e-01 -1.980322486072338961e-02
-1.884765625000000000e-01 -1.869846802075869618e-02
-1.882324218750000000e-01 -1.763758325623143719e-02
-1.879882812500000000e-01 -1.661947145164788253e-02
-1.877441406250000000e-01 -1.564304738089106195e-02
-1.875000000000000000e-01 -1.470723975909038472e-02
-1.872558593750000000e-01 -1.381099129082485888e-02
-1.870117187500000000e-01 -1.295325871505781379e-02
-1.867675781250000000e-01 -1.213301284653311995e-02
-1.865234375000000000e-01 -1.134923861367553855e-02
-1.862792968750000000e-01 -1.060093509308046578e-02
-1.860351562500000000e-01 -9.887115540195168251e-03
-1.857910156250000000e-01 -9.206807416774154262e-03
-1.855468750000000000e-01 -8.559052414454981772e-03
-1.853027343750000000e-01 -7.942906474866617828e-03
-1.850585937500000000e-01 -7.357439806014554051e-03
-1.848144531250000000e-01 -6.801736895155841012e-03
-1.845703125000000000e-01 -6.274896517808770113e-03
-1.843261718750000000e-01 -5.776031743266685226e-03
-1.840820312500000000e-01 -5.304269936345917813e-03
-1.838378906250000000e-01 -4.858752755453110694e-03
-1.835937500000000000e-01 -4.438636146915087011e-03
-1.833496093750000000e-01 -4.043090335670740387e-03
-1.831054687500000000e-01 -3.671299812268102869e-03
-1.828613281250000000e-01 -3.322463316067114647e-03
-1.826171875000000000e-01 -2.995793814818625833e-03
-1.823730468750000000e-01 -2.690518480520154299e-03
-1.821289062500000000e-01 -2.405878661647875560e-03
-1.818847656250000000e-01 -2.141129851594314459e-03
-1.816406250000000000e-01 -1.895541653539112303e-03
-1.813964843750000000e-01 -1.668397741624971786e-03
-1.811523437500000000e-01 -1.458995818524044807e-03
-1.809082031250000000e-01 -1.266647569380552341e-03
-1.806640625000000000e-01 -1.090678612115425494e-03
-1.804199218750000000e-01 -9.304284442066546035e-04
-1.801757812500000000e-01 -7.852503859169246425e-04
-1.799316406250000000e-01 -6.545115200253803778e-04
-1.796875000000000000e-01 -5.375926278929910040e-04
-1.794433593750000000e-01 -4.338881223588941793e-04
-1.791992187500000000e-01 -3.428059769419178338e-04
-1.789550781250000000e-01 -2.637676517736053938e-04
-1.787109375000000000e-01 -1.962080161490575847e-04
-1.784667968750000000e-01 -1.395752677524342289e-04
-1.782226562500000000e-01 -9.333084861395946064e-05
-1.779785156250000000e-01 -5.694935778421950090e-05
-1.777343750000000000e-01 -2.991846088207239518e-05
-1.774902343750000000e-01 -1.173879641669373086e-05
-1.772460937500000000e-01 -1.923879096921154996e-06
-1.770019531250000000e-01 0.000000000000000000e+00
-1.767578125000000000e-01 -5.506123784471128602e-06
-1.765136718750000000e-01 -1.799378298983356217e-05
-1.762695312500000000e-01 -3.702696933771676413e-05
-1.760253906250000000e-01 -6.218202233299052750e-05
-1.757812500000000000e-01 -9.304751492322793638e-05
-1.755371093750000000e-01 -1.292241366286361881e-04
-1.752929687500000000e-01 -1.703245737729730536e-04
-1.750488281250000000e-01 -2.159733873696723094e-04
-1.748046875000000000e-01 -2.658068882794850651e-04
-1.745605468750000000e-01 -3.194730099522757882e-04
-1.743164062500000000e-01 -3.766311788240273017e-04
-1.740722656250000000e-01 -4.369521822269462064e-04
-1.738281250000000000e-01 -5.001180341821509501e-04
-1.735839843750000000e-01 -5.658218389328339981e-04
-1.733398437500000000e-01 -6.337676522463198125e-04
-1.730957031250000000e-01 -7.036703407834465906e-04
-1.728515625000000000e-01 -7.752554394500066337e-04
-1.726074218750000000e-01 -8.482590067160344915e-04
-1.723632812500000000e-01 -9.224274782297925412e-04
-1.721191406250000000e-01 -9.975175185843454528e-04
-1.718750000000000000e-01 -1.073295871393042944e-03
-1.716308593750000000e-01 -1.149539207716543388e-03
-1.713867187500000000e-01 -1.226033973026119384e-03
-1.711425781250000000e-01 -1.302576232546925894e-03
-1.708984375000000000e-01 -1.378971515393345726e-03
-1.706542968750000000e-01 -1.455034657183773561e-03
-1.704101562500000000e-01 -1.530589641603796736e-03
-1.701660156250000000e-01 -1.605469440676188242e-03
-1.699218750000000000e-01 -1.679515853950874771e-03
-1.696777343750000000e-01 -1.752579346813831762e-03
-1.694335937500000000e-01 -1.824518887673320933e-03
-1.691894531250000000e-01 -1.895201784478217633e-03
-1.689453125000000000e-01 -1.964503520341054355e-03
-1.687011718750000000e-01 -2.032307588507364926e-03
-1.684570312500000000e-01 -2.098505326756594513e-03
-1.682128906250000000e-01 -2.162995751135099454e-03
-1.679687500000000000e-01 -2.225685389447562557e-03
-1.677246093750000000e-01 -2.286488114066287380e-03
-1.674804687500000000e-01 -2.345324974768914217e-03
-1.672363281250000000e-01 -2.402124031050334452e-03
-1.669921875000000000e-01 -2.456820184519870054e-03
-1.667480468750000000e-01 -2.509355011028446825e-03
-1.665039062500000000e-01 -2.559676592994719613e-03
-1.662597656250000000e-01 -2.607739351603299838e-03
-1.660156250000000000e-01 -2.653503879329832671e-03
-1.657714843750000000e-01 -2.696936772537128491e-03
-1.655273437500000000e-01 -2.738010464582885106e-03
-1.652832031250000000e-01 -2.776703058984253403e-03
-1.650390625000000000e-01 -2.812998163349789138e-03
-1.647949218750000000e-01 -2.846884723609832690e-03
-1.645507812500000000e-01 -2.878356858957431541e-03
-1.643066406250000000e-01 -2.907413697329275237e-03
-1.640625000000000000e-01 -2.934059211682438217e-03
-1.638183593750000000e-01 -2.958302057081141356e-03
-1.635742187500000000e-01 -2.980155408579321374e-03
-1.633300781250000000e-01 -2.999636800069538367e-03
-1.630859375000000000e-01 -3.016767964041378036e-03
-1.628417968750000000e-01 -3.031574672547776572e-03
-1.625976562500000000e-01 -3.044086579095051093e-03
-1.623535156250000000e-01 -3.054337061840328715e-03
-1.621093750000000000e-01 -3.062363067982687426e-03
-1.618652343750000000e-01 -3.068204959419063016e-03
-1.616210937500000000e-01 -3.071906359764398076e-03
-1.613769531250000000e-01 -3.073514002807087309e-03
-1.611328125000000000e-01 -3.073077582442351741e-03
-1.608886718750000000e-01 -3.070649603984065834e-03
-1.606445312500000000e-01 -3.066285237210308878e-03
-1.604003906250000000e-01 -3.060042170972110398e-03
-1.601562500000000000e-01 -3.051980469422233000e-03
-1.599121093750000000e-01 -3.042162430006101204e-03
-1.596679687500000000e-01 -3.030652443200665402e-03
-1.594238281250000000e-01 -3.017516854129098647e-03
-1.591796875000000000e-01 -3.002823825852374284e-03
-1.589355468750000000e-01 -2.986643204806682661e-03
-1.586914062500000000e-01 -2.969046387946150389e-03
-1.584472656250000000e-01 -2.950106192031398677e-03
-1.582031250000000000e-01 -2.929896724836567046e-03
-1.579589843750000000e-01 -2.908493258445332685e-03
-1.577148437500000000e-01 -2.885972104664347171e-03
-1.574707031250000000e-01 -2.862410492468825396e-03
-1.572265625000000000e-01 -2.837886447736082118e-03
-1.569824218750000000e-01 -2.812478675039642440e-03
-1.567382812500000000e-01 -2.786266441745510747e-03
-1.564941406250000000e-01 -2.759329464311122138e-03
-1.562500000000000000e-01 -2.731747796872241452e-03
-1.560058593750000000e-01 -2.703601722132020768e-03
-1.557617187500000000e-01 -2.674971644566426221e-03
-1.555175781250000000e-01 -2.645937985931823277e-03
-1.552734375000000000e-01 -2.616581083245250738e-03
-1.550292968750000000e-01 -2.586981088967377218e-03
-1.547851562500000000e-01 -2.557217873828676602e-03
-1.545410156250000000e-01 -2.527370931829864276e-03
-1.542968750000000000e-01 -2.497519287842919766e-03
-1.540527343750000000e-01 -2.467741407571111267e-03
-1.538085937500000000e-01 -2.438115109995919738e-03
-1.535644531250000000e-01 -2.408717482339284288e-03
-1.533203125000000000e-01 -2.379624797370638589e-03
-1.530761718750000000e-01 -2.350912433357166265e-03
-1.528320312500000000e-01 -2.322654796387269016e-03
-1.525878906250000000e-01 -2.294925245237777744e-03
-1.523437500000000000e-01 -2.267796018770695810e-03
-1.520996093750000000e-01 -2.241338165759998446e-03
-1.518554687500000000e-01 -2.215621477247964322e-03
-1.516113281250000000e-01 -2.190714421502093501e-03
-1.513671875000000000e-01 -2.166684081245762172e-03
-1.511230468750000000e-01 -2.143596093674204894e-03
-1.508789062500000000e-01 -2.121514592658968468e-03
-1.506347656250000000e-01 -2.100502153751904189e-03
-1.503906250000000000e-01 -2.080619741377631726e-03
-1.501464843750000000e-01 -2.061926658711854543e-03
-1.499023437500000000e-01 -2.044480499932888051e-03
-1.496582031250000000e-01 -2.028337104832189652e-03
-1.494140625000000000e-01 -2.013550516139162028e-03
-1.491699218750000000e-01 -2.000172938963373781e-03
-1.489257812500000000e-01 -1.988254702780523075e-03
-1.486816406250000000e-01 -1.977844225919511700e-03
-1.484375000000000000e-01 -1.968987982209569054e-03
-1.481933593750000000e-01 -1.961730470199540832e-03
-1.479492187500000000e-01 -1.956114184537227629e-03
-1.477050781250000000e-01 -1.952179589864044829e-03
-1.474609375000000000e-01 -1.949965096827099842e-03
-1.472167968750000000e-01 -1.949507040492903798e-03
-1.469726562500000000e-01 -1.950839660992187419e-03
-1.467285156250000000e-01 -1.953995086381610236e-03
-1.464843750000000000e-01 -1.959003317736573990e-03
-1.462402343750000000e-01 -1.965892216418296812e-03
-1.459960937500000000e-01 -1.974687493472515598e-03
-1.457519531250000000e-01 -1.985412701216660025e-03
-1.455078125000000000e-01 -1.998089226930233053e-03
-1.452636718750000000e-01 -2.012736288492078529e-03
-1.450195312500000000e-01 -2.029370932262963834e-03
-1.447753906250000000e-01 -2.048008032843995352e-03
-1.445312500000000000e-01 -2.068660294810342748e-03
-1.442871093750000000e-01 -2.091338256477115465e-03
-1.440429687500000000e-01 -2.116050295583704610e-03
-1.437988281250000000e-01 -2.142802636683427409e-03
-1.435546875000000000e-01 -2.171599360679010715e-03
-1.433105468750000000e-01 -2.202442415892846839e-03
-1.430664062500000000e-01 -2.235331631112558171e-03
-1.428222656250000000e-01 -2.270264730242388396e-03
-1.425781250000000000e-01 -2.307237348787793962e-03
-1.423339843750000000e-01 -2.346243051874807861e-03
-1.420898437500000000e-01 -2.387273354059971098e-03
-1.418457031250000000e-01 -2.430317740532927928e-03
-1.416015625000000000e-01 -2.475363690109588788e-03
-1.413574218750000000e-01 -2.522396699532691855e-03
-1.411132812500000000e-01 -2.571400309335558632e-03
-1.408691406250000000e-01 -2.622356131254832690e-03
-1.406250000000000000e-01 -2.675243876780086794e-03
-1.403808593750000000e-01 -2.730041387323467461e-03
-1.401367187500000000e-01 -2.786724665497786191e-03
-1.398925781250000000e-01 -2.845267907886750436e-03
-1.396484375000000000e-01 -2.905643538795743552e-03
-1.394042968750000000e-01 -2.967822245423690219e-03
-1.391601562500000000e-01 -3.031773014015470835e-03
-1.389160156250000000e-01 -3.097463167250680272e-03
-1.386718750000000000e-01 -3.164858402541881333e-03
-1.384277343750000000e-01 -3.233922831626045991e-03
-1.381835937500000000e-01 -3.304619020752852521e-03
-1.379394531250000000e-01 -3.376908032166170415e-03
-1.376953125000000000e-01 -3.450749466324509740e-03
-1.374511718750000000e-01 -3.526101504903067507e-03
-1.372070312500000000e-01 -3.602920954776323015e-03
-1.369628906250000000e-01 -3.681163292625910799e-03
-1.367187500000000000e-01 -3.760782710344301449e-03
-1.364746093750000000e-01 -3.841732161120603450e-03
-1.362304687500000000e-01 -3.923963406094799211e-03
-1.359863281250000000e-01 -4.007427061708312976e-03
-1.357421875000000000e-01 -4.092072647551958653e-03
-1.354980468750000000e-01 -4.177848634682845841e-03
-1.352539062500000000e-01 -4.264702494552352618e-03
-1.350097656250000000e-01 -4.352580748161472002e-03
-1.347656250000000000e-01 -4.441429015813014303e-03
-1.345214843750000000e-01 -4.531192067020128889e-03
-1.342773437500000000e-01 -4.621813870841151584e-03
-1.340332031250000000e-01 -4.713237646413404036e-03
-1.337890625000000000e-01 -4.805405913756999325e-03
-1.335449218750000000e-01 -4.898260544706545261e-03
-1.333007812500000000e-01 -4.991742813984956229e-03
-1.330566406250000000e-01 -5.085793450462006149e-03
-1.328125000000000000e-01 -5.180352688341827161e-03
-1.325683593750000000e-01 -5.275360318421462580e-03
-1.323242187500000000e-01 -5.370755739448895838e-03
-1.320800781250000000e-01 -5.466478009196862331e-03
-1.318359375000000000e-01 -5.562465895636137247e-03
-1.315917968750000000e-01 -5.658657927924082287e-03
-1.313476562500000000e-01 -5.754992447137396994e-03
-1.311035156250000000e-01 -5.851407656891183251e-03
-1.308593750000000000e-01 -5.947841673744846958e-03
-1.306152343750000000e-01 -6.044232577224306624e-03
-1.303710937500000000e-01 -6.140518459602617440e-03
-1.301269531250000000e-01 -6.236637475282691412e-03
-1.298828125000000000e-01 -6.332527889924222109e-03
-1.296386718750000000e-01 -6.428128128973753519e-03
-1.293945312500000000e-01 -6.523376825882110097e-03
-1.291503906250000000e-01 -6.618212869781814334e-03
-1.289062500000000000e-01 -6.712575452709756973e-03
-1.286621093750000000e-01 -6.806404116218800482e-03
-1.284179687500000000e-01 -6.899638797420948322e-03
-1.281738281250000000e-01 -6.992219874575766880e-03
-1.279296875000000000e-01 -7.084088211797734402e-03
-1.276855468750000000e-01 -7.175185203323053429e-03
-1.274414062500000000e-01 -7.265452816980655371e-03
-1.271972656250000000e-01 -7.354833636981084055e-03
-1.269531250000000000e-01 -7.443270905966414830e-03
-1.267089843750000000e-01 -7.530708566321209219e-03
-1.264648437500000000e-01 -7.617091300630818296e-03
-1.262207031250000000e-01 -7.702364571372299906e-03
-1.259765625000000000e-01 -7.786474659781106311e-03
-1.257324218750000000e-01 -7.869368703865120551e-03
-1.254882812500000000e-01 -7.950994735452354689e-03
-1.252441406250000000e-01 -8.031301716499683607e-03
-1.250000000000000000e-01 -8.110239574250499572e-03
-1.247558593750000000e-01 -8.187759235795510904e-03
-1.245117187500000000e-01 -8.263812661226666023e-03
-1.242675781250000000e-01 -8.338352876307908446e-03
-1.240234375000000000e-01 -8.411334003724846298e-03
-1.237792968750000000e-01 -8.482711293595457391e-03
-1.235351562500000000e-01 -8.552441152886558484e-03
-1.232910156250000000e-01 -8.620481173736038727e-03
-1.230468750000000000e-01 -8.686790160822965845e-03
-1.228027343750000000e-01 -8.751328157572402233e-03
-1.225585937500000000e-01 -8.814056471408093785e-03
-1.223144531250000000e-01 -8.874937697797236069e-03
-1.220703125000000000e-01 -8.933935743257848117e-03
-1.218261718750000000e-01 -8.991015847314542953e-03
-1.215820312500000000e-01 -9.046144603203742918e-03
-1.213378906250000000e-01 -9.099289977626767723e-03
-1.210937500000000000e-01 -9.150421329223945577e-03
-1.208496093750000000e-01 -9.199509426025542780e-03
-1.206054687500000000e-01 -9.246526461694770660e-03
-1.203613281250000000e-01 -9.291446070690767556e-03
-1.201171875000000000e-01 -9.334243342209447292e-03
-1.198730468750000000e-01 -9.374894833058533550e-03
-1.196289062500000000e-01 -9.413378579324671591e-03
-1.193847656250000000e-01 -9.449674106917882455e-03
-1.191406250000000000e-01 -9.483762440908094504e-03
-1.188964843750000000e-01 -9.515626113852704293e-03
-1.186523437500000000e-01 -9.545249172788317082e-03
-1.184082031250000000e-01 -9.572617185241938387e-03
-1.181640625000000000e-01 -9.597717243963188594e-03
-1.179199218750000000e-01 -9.620537970633336045e-03
-1.176757812500000000e-01 -9.641069518352196610e-03
-1.174316406250000000e-01 -9.659303572988164888e-03
-1.171875000000000000e-01 -9.675233353576118134e-03
-1.169433593750000000e-01 -9.688853611294234724e-03
-1.166992187500000000e-01 -9.700160627659215606e-03
-1.164550781250000000e-01 -9.709152211328841986e-03
-1.162109375000000000e-01 -9.715827694051881736e-03
-1.159667968750000000e-01 -9.720187925367440585e-03
-1.157226562500000000e-01 -9.722235266295342626e-03
-1.154785156250000000e-01 -9.721973582003329284e-03
-1.152343750000000000e-01 -9.719408233351600757e-03
-1.149902343750000000e-01 -9.714546067442597632e-03
-1.147460937500000000e-01 -9.707395407133390108e-03
-1.145019531250000000e-01 -9.697966039524885673e-03
-1.142578125000000000e-01 -9.686269203498909519e-03
-1.140136718750000000e-01 -9.672317576232103420e-03
-1.137695312500000000e-01 -9.656125258729275629e-03
-1.135253906250000000e-01 -9.637707760447256078e-03
-1.132812500000000000e-01 -9.617081983023467728e-03
-1.130371093750000000e-01 -9.594266202924472964e-03
-1.127929687500000000e-01 -9.569280053355555538e-03
-1.125488281250000000e-01 -9.542144505275018673e-03
-1.123046875000000000e-01 -9.512881847456355899e-03
-1.120605468750000000e-01 -9.481515665740403165e-03
-1.118164062500000000e-01 -9.448070821576948219e-03
-1.115722656250000000e-01 -9.412573429486315035e-03
-1.113281250000000000e-01 -9.375050834108833442e-03
-1.110839843750000000e-01 -9.335531586188494657e-03
-1.108398437500000000e-01 -9.294045417931329212e-03
-1.105957031250000000e-01 -9.250623217653242136e-03
-1.103515625000000000e-01 -9.205297003688883706e-03
-1.101074218750000000e-01 -9.158099897703664283e-03
-1.098632812500000000e-01 -9.109066097209961299e-03
-1.096191406250000000e-01 -9.058230847600157176e-03
-1.093750000000000000e-01 -9.005630413511767074e-03
-1.091308593750000000e-01 -8.951302049553078177e-03
-1.088867187500000000e-01 -8.895283970559830777e-03
-1.086425781250000000e-01 -8.837615321311886873e-03
-1.083984375000000000e-01 -8.778336145596199458e-03
-1.081542968750000000e-01 -8.717487355042408126e-03
-1.079101562500000000e-01 -8.655110697219470239e-03
-1.076660156250000000e-01 -8.591248723448074998e-03
-1.074218750000000000e-01 -8.525944756243575284e-03
-1.071777343750000000e-01 -8.459242856190485327e-03
-1.069335937500000000e-01 -8.391187788603815534e-03
-1.066894531250000000e-01 -8.321824989877768530e-03
-1.064453125000000000e-01 -8.251200533337055276e-03
-1.062011718750000000e-01 -8.179361095031367768e-03
-1.059570312500000000e-01 -8.106353919046682677e-03
-1.057128906250000000e-01 -8.032226782816564992e-03
-1.054687500000000000e-01 -7.957027961992935161e-03
-1.052246093750000000e-01 -7.880806195302625383e-03
-1.049804687500000000e-01 -7.803610649133929655e-03
-1.047363281250000000e-01 -7.725490882066310405e-03
-1.044921875000000000e-01 -7.646496809286418284e-03
-1.042480468750000000e-01 -7.566678666819370846e-03
-1.040039062500000000e-01 -7.486086975873718075e-03
-1.037597656250000000e-01 -7.404772506959034217e-03
-1.035156250000000000e-01 -7.322786244188250748e-03
-1.032714843750000000e-01 -7.240179349452091628e-03
-1.030273437500000000e-01 -7.157003126749827970e-03
-1.027832031250000000e-01 -7.073308986420556721e-03
-1.025390625000000000e-01 -6.989148409672907292e-03
-1.022949218750000000e-01 -6.904572913100537335e-03
-1.020507812500000000e-01 -6.819634013339737066e-03
-1.018066406250000000e-01 -6.734383191968618121e-03
-1.015625000000000000e-01 -6.648871860477356677e-03
-1.013183593750000000e-01 -6.563151325579497097e-03
-1.010742187500000000e-01 -6.477272754608520700e-03
-1.008300781250000000e-01 -6.391287141340740163e-03
-1.005859375000000000e-01 -6.305245271946091634e-03
-1.003417968750000000e-01 -6.219197691336830758e-03
-1.000976562500000000e-01 -6.133194669743602390e-03
-9.985351562500000000e-02 -6.047286169774679365e-03
-9.960937500000000000e-02 -5.961521813674153236e-03
-9.936523437500000000e-02 -5.875950851105926631e-03
-9.912109375000000000e-02 -5.790622127264555274e-03
-9.887695312500000000e-02 -5.705584051426626502e-03
-9.863281250000000000e-02 -5.620884565999517690e-03
-9.838867187500000000e-02 -5.536571115897004347e-03
-9.814453125000000000e-02 -5.452690618554356661e-03
-9.790039062500000000e-02 -5.369289434426605112e-03
-9.765625000000000000e-02 -5.286413337856288308e-03
-9.741210937500000000e-02 -5.204107488623321842e-03
-9.716796875000000000e-02 -5.122416404049090488e-03
-9.692382812500000000e-02 -5.041383931569498600e-03
-9.667968750000000000e-02 -4.961053222018563247e-03
-9.643554687500000000e-02 -4.881466703395176410e-03
-9.619140625000000000e-02 -4.802666055297777348e-03
-9.594726562500000000e-02 -4.724692184055356847e-03
-9.570312500000000000e-02 -4.647585198426895658e-03
-9.545898437500000000e-02 -4.571384385940291395e-03
-9.521484375000000000e-02 -4.496128189970249878e-03
-9.497070312500000000e-02 -4.421854187526719215e-03
-9.472656250000000000e-02 -4.348599067597547219e-03
-9.448242187500000000e-02 -4.276398610343790097e-03
-9.423828125000000000e-02 -4.205287666991353035e-03
-9.399414062500000000e-02 -4.135300140418962656e-03
-9.375000000000000000e-02 -4.066468966414049646e-03
-9.350585937500000000e-02 -3.998826095909180367e-03
-9.326171875000000000e-02 -3.932402477730079227e-03
-9.301757812500000000e-02 -3.867228042196302340e-03
-9.277343750000000000e-02 -3.803331685631405890e-03
-9.252929687500000000e-02 -3.740741255413126964e-03
-9.228515625000000000e-02 -3.679483536018324230e-03
-9.204101562500000000e-02 -3.619584235792672189e-03
-9.179687500000000000e-02 -3.561067974430898175e-03
-9.155273437500000000e-02 -3.503958271465990038e-03
-9.130859375000000000e-02 -3.448277535355259715e-03
-9.106445312500000000e-02 -3.394047053518534085e-03
-9.082031250000000000e-02 -3.341286983186364523e-03
-9.057617187500000000e-02 -3.290016342972990060e-03
-9.033203125000000000e-02 -3.240253005387216945e-03
-9.008789062500000000e-02 -3.192013690110684365e-03
-8.984375000000000000e-02 -3.145313958100359741e-03
-8.959960937500000000e-02 -3.100168206557896156e-03
-8.935546875000000000e-02 -3.056589664637954229e-03
-8.911132812500000000e-02 -3.014590390137072973e-03
-8.886718750000000000e-02 -2.974181266807818247e-03
-8.862304687500000000e-02 -2.935372002667691049e-03
-8.837890625000000000e-02 -2.898171129103843668e-03
-8.813476562500000000e-02 -2.862586000659916863e-03
-8.789062500000000000e-02 -2.828622795789215161e-03
-8.764648437500000000e-02 -2.796286518389479170e-03
-8.740234375000000000e-02 -2.765581000119254895e-03
-8.715820312500000000e-02 -2.736508903453227504e-03
-8.691406250000000000e-02 -2.709071725732314917e-03
-8.666992187500000000e-02 -2.683269803767984740e-03
-8.642578125000000000e-02 -2.659102319384487600e-03
-8.618164062500000000e-02 -2.636567305728476640e-03
-8.593750000000000000e-02 -2.615661654260748037e-03
-8.569335937500000000e-02 -2.596381122671687081e-03
-8.544921875000000000e-02 -2.578720343308305019e-03
-8.520507812500000000e-02 -2.562672832667090006e-03
-8.496093750000000000e-02 -2.548231001313183697e-03
-8.471679687500000000e-02 -2.535386164723263391e-03
-8.447265625000000000e-02 -2.524128554838966920e-03
-8.422851562500000000e-02 -2.514447332188751716e-03
-8.398437500000000000e-02 -2.506330598833983458e-03
-8.374023437500000000e-02 -2.499765412039778312e-03
-8.349609375000000000e-02 -2.494737798443225074e-03
-8.325195312500000000e-02 -2.491232769003204339e-03
-8.300781250000000000e-02 -2.489234334674961246e-03
-8.276367187500000000e-02 -2.488725522496793019e-03
-8.251953125000000000e-02 -2.489688392543598638e-03
-8.227539062500000000e-02 -2.492104055335175872e-03
-8.203125000000000000e-02 -2.495952689855585049e-03
-8.178710937500000000e-02 -2.501213562240423016e-03
-8.154296875000000000e-02 -2.507865044904633578e-03
-8.129882812500000000e-02 -2.515884636366649829e-03
-8.105468750000000000e-02 -2.525248981470440413e-03
-8.081054687500000000e-02 -2.535933892204411677e-03
-8.056640625000000000e-02 -2.547914369017689751e-03
-8.032226562500000000e-02 -2.561164622633782528e-03
-8.007812500000000000e-02 -2.575658096276356446e-03
-7.983398437500000000e-02 -2.591367488378182316e-03
-7.958984375000000000e-02 -2.608264775844304495e-03
-7.934570312500000000e-02 -2.626321237528372876e-03
-7.910156250000000000e-02 -2.645507478234776499e-03
-7.885742187500000000e-02 -2.665793453118681100e-03
-7.861328125000000000e-02 -2.687148492441338021e-03
-7.836914062500000000e-02 -2.709541326595399369e-03
-7.812500000000000000e-02 -2.732940111570769659e-03
-7.788085937500000000e-02 -2.757312454690463710e-03
-7.763671875000000000e-02 -2.782625440588049059e-03
-7.739257812500000000e-02 -2.808845657582992317e-03
-7.714843750000000000e-02 -2.835939224169692352e-03
-7.690429687500000000e-02 -2.863871815875995708e-03
-7.666015625000000000e-02 -2.892608692235398848e-03
-7.641601562500000000e-02 -2.922114724029256649e-03
-7.617187500000000000e-02 -2.952354420685310288e-03
-7.592773437500000000e-02 -2.983291957846745390e-03
-7.568359375000000000e-02 -3.014891205012304454e-03
-7.543945312500000000e-02 -3.047115753446405506e-03
-7.519531250000000000e-02 -3.079928944060839058e-03
-7.495117187500000000e-02 -3.113293895466995309e-03
-7.470703125000000000e-02 -3.147173531985458794e-03
-7.446289062500000000e-02 -3.181530611811922427e-03
-7.421875000000000000e-02 -3.216327755168890690e-03
-7.397460937500000000e-02 -3.251527472471593683e-03
-7.373046875000000000e-02 -3.287092192465479457e-03
-7.348632812500000000e-02 -3.322984290264230367e-03
-7.324218750000000000e-02 -3.359166115558309684e-03
-7.299804687500000000e-02 -3.395600020439815125e-03
-7.275390625000000000e-02 -3.432248387454706062e-03
-7.250976562500000000e-02 -3.469073657313970216e-03
-7.226562500000000000e-02 -3.506038356533736078e-03
-7.202148437500000000e-02 -3.543105125046963622e-03
-7.177734375000000000e-02 -3.580236743488285356e-03
-7.153320312500000000e-02 -3.617396160407793104e-03
-7.128906250000000000e-02 -3.654546519257451109e-03
-7.104492187500000000e-02 -3.691651185093292042e-03
-7.080078125000000000e-02 -3.728673771163926176e-03
-7.055664062500000000e-02 -3.765578165143779188e-03
-7.031250000000000000e-02 -3.802328555153167144e-03
-7.006835937500000000e-02 -3.838889455437310971e-03
-6.982421875000000000e-02 -3.875225731832188103e-03
-6.958007812500000000e-02 -3.911302626761425927e-03
-6.933593750000000000e-02 -3.947085784105297535e-03
-6.909179687500000000e-02 -3.982541273501283285e-03
-6.884765625000000000e-02 -4.017635614360415275e-03
-6.860351562500000000e-02 -4.052335799599404709e-03
-6.835937500000000000e-02 -4.086609318775913380e-03
-6.811523437500000000e-02 -4.120424181039084033e-03
-6.787109375000000000e-02 -4.153748937369527994e-03
-6.762695312500000000e-02 -4.186552702620360833e-03
-6.738281250000000000e-02 -4.218805177060858114e-03
-6.713867187500000000e-02 -4.250476667266411823e-03
-6.689453125000000000e-02 -4.281538106738480565e-03
-6.665039062500000000e-02 -4.311961075941894705e-03
-6.640625000000000000e-02 -4.341717821802149047e-03
-6.616210937500000000e-02 -4.370781276705315577e-03
-6.591796875000000000e-02 -4.399125077000576312e-03
-6.567382812500000000e-02 -4.426723580905900235e-03
-6.542968750000000000e-02 -4.453551885831075197e-03
-6.518554687500000000e-02 -4.479585845274414169e-03
-6.494140625000000000e-02 -4.504802084909442783e-03
-6.469726562500000000e-02 -4.529178018373158920e-03
-6.445312500000000000e-02 -4.552691862116375887e-03
-6.420898437500000000e-02 -4.575322650012481063e-03
-6.396484375000000000e-02 -4.597050247014067281e-03
-6.372070312500000000e-02 -4.617855362468503699e-03
-6.347656250000000000e-02 -4.637719562595066236e-03
-6.323242187500000000e-02 -4.656625282422055534e-03
-6.298828125000000000e-02 -4.674555837070215603e-03
-6.274414062500000000e-02 -4.691495432396664000e-03
-6.250000000000000000e-02 -4.707429174914068426e-03
-6.225585937500000000e-02 -4.722343081141389121e-03
-6.201171875000000000e-02 -4.736224086187235116e-03
-6.176757812500000000e-02 -4.749060051793208004e-03
-6.152343750000000000e-02 -4.760839773510383566e-03
-6.127929687500000000e-02 -4.771552987435256910e-03
-6.103515625000000000e-02 -4.781190376021982047e-03
-6.079101562500000000e-02 -4.789743573383020703e-03
-6.054687500000000000e-02 -4.797205169836615823e-03
-6.030273437500000000e-02 -4.803568715729511496e-03
-6.005859375000000000e-02 -4.808828724677027822e-03
-5.981445312500000000e-02 -4.812980675964695365e-03
-5.957031250000000000e-02 -4.816021016353033701e-03
-5.932617187500000000e-02 -4.817947161228630648e-03
-5.908203125000000000e-02 -4.818757494930991925e-03
-5.883789062500000000e-02 -4.818451370525167476e-03
-5.859375000000000000e-02 -4.817029108778569935e-03
-5.834960937500000000e-02 -4.814491996498304616e-03
-5.810546875000000000e-02 -4.810842284243221911e-03
-5.786132812500000000e-02 -4.806083183225950961e-03
-5.761718750000000000e-02 -4.800218861618077426e-03
-5.737304687500000000e-02 -4.793254440215832801e-03
-5.712890625000000000e-02 -4.785195987295765008e-03
-5.688476562500000000e-02 -4.776050512987239927e-03
-5.664062500000000000e-02 -4.765825962849135067e-03
-5.639648437500000000e-02 -4.754531210821255627e-03
-5.615234375000000000e-02 -4.742176051578894658e-03
-5.590820312500000000e-02 -4.728771192176850491e-03
-5.566406250000000000e-02 -4.714328243110799121e-03
-5.541992187500000000e-02 -4.698859708682334713e-03
-5.517578125000000000e-02 -4.682378976852419328e-03
-5.493164062500000000e-02 -4.664900308355868219e-03
-5.468750000000000000e-02 -4.646438825318455201e-03
-5.444335937500000000e-02 -4.627010499177686143e-03
-5.419921875000000000e-02 -4.606632138148825106e-03
-5.395507812500000000e-02 -4.585321373966166902e-03
-5.371093750000000000e-02 -4.563096648169562286e-03
-5.346679687500000000e-02 -4.539977197751454696e-03
-5.322265625000000000e-02 -4.515983040363380496e-03
-5.297851562500000000e-02 -4.491134958840348190e-03
-5.273437500000000000e-02 -4.465454485384157124e-03
-5.249023437500000000e-02 -4.438963885021962597e-03
-5.224609375000000000e-02 -4.411686138780623878e-03
-5.200195312500000000e-02 -4.383644926207352910e-03
-5.175781250000000000e-02 -4.354864607506669927e-03
-5.151367187500000000e-02 -4.325370205151557457e-03
-5.126953125000000000e-02 -4.295187385181975515e-03
-5.102539062500000000e-02 -4.264342437807044917e-03
-5.078125000000000000e-02 -4.232862257907754611e-03
-5.053710937500000000e-02 -4.200774324843337126e-03
-5.029296875000000000e-02 -4.168106682072902913e-03
-5.004882812500000000e-02 -4.134887916308116473e-03
-4.980468750000000000e-02 -4.101147136253757708e-03
-4.956054687500000000e-02 -4.066913951120909587e-03
-4.931640625000000000e-02 -4.032218448699609326e-03
-4.907226562500000000e-02 -3.997091173175704171e-03
-4.882812500000000000e-02 -3.961563102649279244e-03
-4.858398437500000000e-02 -3.925665626212548887e-03
-4.833984375000000000e-02 -3.889430521070380564e-03
-4.809570312500000000e-02 -3.852889929063962882e-03
-4.785156250000000000e-02 -3.816076333180262736e-03
-4.760742187500000000e-02 -3.779022533748843671e-03
-4.736328125000000000e-02 -3.741761624425521404e-03
-4.711914062500000000e-02 -3.704326968076543380e-03
-4.687500000000000000e-02 -3.666752172335918658e-03
-4.663085937500000000e-02 -3.629071065148536945e-03
-4.638671875000000000e-02 -3.591317670057492251e-03
-4.614257812500000000e-02 -3.553526181505617387e-03
-4.589843750000000000e-02 -3.515730939895433949e-03
-4.565429687500000000e-02 -3.477966406634891428e-03
-4.541015625000000000e-02 -3.440267139040997790e-03
-4.516601562500000000e-02 -3.402667765314504322e-03
-4.492187500000000000e-02 -3.365202959329849364e-03
-4.467773437500000000e-02 -3.327907415538788882e-03
-4.443359375000000000e-02 -3.290815823717707644e-03
-4.418945312500000000e-02 -3.253962843885460643e-03
-4.394531250000000000e-02 -3.217383081121738542e-03
-4.370117187500000000e-02 -3.181111060541752522e-03
-4.345703125000000000e-02 -3.145181202228286566e-03
-4.321289062500000000e-02 -3.109627796305858283e-03
-4.296875000000000000e-02 -3.074484978114355727e-03
-4.272460937500000000e-02 -3.039786703453728478e-03
-4.248046875000000000e-02 -3.005566724027630698e-03
-4.223632812500000000e-02 -2.971858562958118455e-03
-4.199218750000000000e-02 -2.938695490456666448e-03
-4.174804687500000000e-02 -2.906110499779401835e-03
-4.150390625000000000e-02 -2.874136283296024885e-03
-4.125976562500000000e-02 -2.842805208743470757e-03
-4.101562500000000000e-02 -2.812149295763788359e-03
-4.077148437500000000e-02 -2.782200192669392891e-03
-4.052734375000000000e-02 -2.752989153449902915e-03
-4.028320312500000000e-02 -2.724547015048983667e-03
-4.003906250000000000e-02 -2.696904174939618315e-03
-3.979492187500000000e-02 -2.670090569040439732e-03
-3.955078125000000000e-02 -2.644135649859435944e-03
-3.930664062500000000e-02 -2.619068365021348654e-03
-3.906250000000000000e-02 -2.594917136121921430e-03
-3.881835937500000000e-02 -2.571709838036895235e-03
-3.857421875000000000e-02 -2.549473778401534219e-03
-3.833007812500000000e-02 -2.528235677630163991e-03
-3.808593750000000000e-02 -2.508021649390457242e-03
-3.784179687500000000e-02 -2.488857181219827908e-03
-3.759765625000000000e-02 -2.470767115909211498e-03
-3.735351562500000000e-02 -2.453775633028953962e-03
-3.710937500000000000e-02 -2.437906231108399879e-03
-3.686523437500000000e-02 -2.423181710170752012e-03
-3.662109375000000000e-02 -2.409624154708467358e-03
-3.637695312500000000e-02 -2.397254917269719954e-03
-3.613281250000000000e-02 -2.386094602456978464e-03
-3.588867187500000000e-02 -2.376163051337698562e-03
-3.564453125000000000e-02 -2.367479326593979749e-03
-3.540039062500000000e-02 -2.360061697942228420e-03
-3.515625000000000000e-02 -2.353927628277574513e-03
-3.491210937500000000e-02 -2.349093760273035514e-03
-3.466796875000000000e-02 -2.345575903547114649e-03
-3.442382812500000000e-02 -2.343389022328778992e-03
-3.417968750000000000e-02 -2.342547223818769453e-03
-3.393554687500000000e-02 -2.343063746963025551e-03
-3.369140625000000000e-02 -2.344950951950863782e-03
-3.344726562500000000e-02 -2.348220310253168464e-03
-3.320312500000000000e-02 -2.352882395143751637e-03
-3.295898437500000000e-02 -2.358946872988099130e-03
-3.271484375000000000e-02 -2.366422495043707386e-03
-3.247070312500000000e-02 -2.375317089885697897e-03
-3.222656250000000000e-02 -2.385637556471920107e-03
-3.198242187500000000e-02 -2.397389857719645079e-03
-3.173828125000000000e-02 -2.410579014906488737e-03
-3.149414062500000000e-02 -2.425209102483449897e-03
-3.125000000000000000e-02 -2.441283243655334445e-03
-3.100585937500000000e-02 -2.458803606529613717e-03
-3.076171875000000000e-02 -2.477771400975825600e-03
-3.051757812500000000e-02 -2.498186875953933850e-03
-3.027343750000000000e-02 -2.520049317709549541e-03
-3.002929687500000000e-02 -2.543357048438110724e-03
-2.978515625000000000e-02 -2.568107425631183105e-03
-2.954101562500000000e-02 -2.594296842090670907e-03
-2.929687500000000000e-02 -2.621920726525672762e-03
-2.905273437500000000e-02 -2.650973544930934622e-03
-2.880859375000000000e-02 -2.681448802363206596e-03
-2.856445312500000000e-02 -2.713339045556040219e-03
-2.832031250000000000e-02 -2.746635866159863326e-03
-2.807617187500000000e-02 -2.781329904451013135e-03
-2.783203125000000000e-02 -2.817410853850788044e-03
-2.758789062500000000e-02 -2.854867465970301055e-03
-2.734375000000000000e-02 -2.893687556337454225e-03
-2.709960937500000000e-02 -2.933858010663925597e-03
-2.685546875000000000e-02 -2.975364791851120572e-03
-2.661132812500000000e-02 -3.018192947465081488e-03
-2.636718750000000000e-02 -3.062326617950361651e-03
-2.612304687500000000e-02 -3.107749045327068416e-03
-2.587890625000000000e-02 -3.154442582570027298e-03
-2.563476562500000000e-02 -3.202388703542169424e-03
-2.539062500000000000e-02 -3.251568013510564015e-03
-2.514648437500000000e-02 -3.301960260273517633e-03
-2.490234375000000000e-02 -3.353544345770842483e-03
-2.465820312500000000e-02 -3.406298338290980610e-03
-2.441406250000000000e-02 -3.460199485360249128e-03
-2.416992187500000000e-02 -3.515224226958935105e-03
-2.392578125000000000e-02 -3.571348209419511477e-03
-2.368164062500000000e-02 -3.628546299793811158e-03
-2.343750000000000000e-02 -3.686792600802846209e-03
-2.319335937500000000e-02 -3.746060466184530924e-03
-2.294921875000000000e-02 -3.806322516638260822e-03
-2.270507812500000000e-02 -3.867550656195817282e-03
-2.246093750000000000e-02 -3.929716089132284651e-03
-2.221679687500000000e-02 -3.992789337289082141e-03
-2.197265625000000000e-02 -4.056740257837532226e-03
-2.172851562500000000e-02 -4.121538061539808950e-03
-2.148437500000000000e-02 -4.187151331450422731e-03
-2.124023437500000000e-02 -4.253548041930343970e-03
-2.099609375000000000e-02 -4.320695578229560851e-03
-2.075195312500000000e-02 -4.388560756282799957e-03
-2.050781250000000000e-02 -4.457109843045259367e-03
-2.026367187500000000e-02 -4.526308577112558851e-03
-2.001953125000000000e-02 -4.596122189752804843e-03
-1.977539062500000000e-02 -4.666515426151818247e-03
-1.953125000000000000e-02 -4.737452567155742145e-03
-1.928710937500000000e-02 -4.808897451255234046e-03
-1.904296875000000000e-02 -4.880813496797031803e-03
-1.879882812500000000e-02 -4.953163724607634322e-03
-1.855468750000000000e-02 -5.025910780801723376e-03
-1.831054687500000000e-02 -5.099016959889013378e-03
-1.806640625000000000e-02 -5.172444228051631399e-03
-1.782226562500000000e-02 -5.246154246805190269e-03
-1.757812500000000000e-02 -5.320108396674072537e-03
-1.733398437500000000e-02 -5.394267801165142373e-03
-1.708984375000000000e-02 -5.468593350968831146e-03
-1.684570312500000000e-02 -5.543045728217066426e-03
-1.660156250000000000e-02 -5.617585430982785510e-03
-1.635742187500000000e-02 -5.692172797765238101e-03
-1.611328125000000000e-02 -5.766768032373192909e-03
-1.586914062500000000e-02 -5.841331228594981440e-03
-1.562500000000000000e-02 -5.915822395081704599e-03
-1.538085937500000000e-02 -5.990201480457812977e-03
-1.513671875000000000e-02 -6.064428398175891743e-03
-1.489257812500000000e-02 -6.138463051627240930e-03
-1.464843750000000000e-02 -6.212265359266666565e-03
-1.440429687500000000e-02 -6.285795279609374120e-03
-1.416015625000000000e-02 -6.359012836355759646e-03
-1.391601562500000000e-02 -6.431878143388303215e-03
-1.367187500000000000e-02 -6.504351429782673222e-03
-1.342773437500000000e-02 -6.576393064761987262e-03
-1.318359375000000000e-02 -6.647963582508964464e-03
-1.293945312500000000e-02 -6.719023706992288680e-03
-1.269531250000000000e-02 -6.789534376565597995e-03
-1.245117187500000000e-02 -6.859456768495419965e-03
-1.220703125000000000e-02 -6.928752323446474293e-03
-1.196289062500000000e-02 -6.997382769583282425e-03
-1.171875000000000000e-02 -7.065310146714409711e-03
-1.147460937500000000e-02 -7.132496830195123039e-03
-1.123046875000000000e-02 -7.198905554531620510e-03
-1.098632812500000000e-02 -7.264499436871574289e-03
-1.074218750000000000e-02 -7.329242000224667208e-03
-1.049804687500000000e-02 -7.393097196427333984e-03
-1.025390625000000000e-02 -7.456029428880128762e-03
-1.000976562500000000e-02 -7.518003574972453862e-03
-9.765625000000000000e-03 -7.578985008166227999e-03
-9.521484375000000000e-03 -7.638939619937445968e-03
-9.277343750000000000e-03 -7.697833841191936699e-03
-9.033203125000000000e-03 -7.755634663524801908e-03
-8.789062500000000000e-03 -7.812309659968263986e-03
-8.544921875000000000e-03 -7.867827005540561913e-03
-8.300781250000000000e-03 -7.922155497283256409e-03
-8.056640625000000000e-03 -7.975264574000107132e-03
-7.812500000000000000e-03 -8.027124335512780817e-03
-7.568359375000000000e-03 -8.077705561618131469e-03
-7.324218750000000000e-03 -8.126979730491257214e-03
-7.080078125000000000e-03 -8.174919036804340067e-03
-6.835937500000000000e-03 -8.221496409134942951e-03
-6.591796875000000000e-03 -8.266685527289041602e-03
-6.347656250000000000e-03 -8.310460838771405179e-03
-6.103515625000000000e-03 -8.352797575057024915e-03
-5.859375000000000000e-03 -8.393671767223054303e-03
-5.615234375000000000e-03 -8.433060261083369369e-03
-5.371093750000000000e-03 -8.470940731882592445e-03
-5.126953125000000000e-03 -8.507291698421681758e-03
-4.882812500000000000e-03 -8.542092536629297683e-03
-4.638671875000000000e-03 -8.575323492635789080e-03
-4.394531250000000000e-03 -8.606965695278745443e-03
-4.150390625000000000e-03 -8.637001168011693153e-03
-3.906250000000000000e-03 -8.665412840386466087e-03
-3.662109375000000000e-03 -8.692184558739768363e-03
-3.417968750000000000e-03 -8.717301096524465720e-03
-3.173828125000000000e-03 -8.740748163901912449e-03
-2.929687500000000000e-03 -8.762512416808476701e-03
-2.685546875000000000e-03 -8.782581465382577335e-03
-2.441406250000000000e-03 -8.800943881894340848e-03
-2.197265625000000000e-03 -8.817589207893661296e-03
-1.953125000000000000e-03 -8.832507960875091158e-03
-1.708984375000000000e-03 -8.845691640289032875e-03
-1.464843750000000000e-03 -8.857132732970285360e-03
-1.220703125000000000e-03 -8.866824717784993481e-03
-9.765625000000000000e-04 -8.874762069893904481e-03
-7.324218750000000000e-04 -8.880940264148762253e-03
-4.882812500000000000e-04 -8.885355778048165121e-03
-2.441406250000000000e-04 -8.888006093911826611e-03
0.000000000000000000e+00 -8.888889700486402035e-03
2.441406250000000000e-04 -8.888006093911826611e-03
4.882812500000000000e-04 -8.885355778048165121e-03
7.324218750000000000e-04 -8.880940264148762253e-03
9.765625000000000000e-04 -8.874762069893904481e-03
1.220703125000000000e-03 -8.866824717784993481e-03
1.464843750000000000e-03 -8.857132732970285360e-03
1.708984375000000000e-03 -8.845691640289032875e-03
1.953125000000000000e-03 -8.832507960875091158e-03
2.197265625000000000e-03 -8.817589207893661296e-03
2.441406250000000000e-03 -8.800943881894340848e-03
2.685546875000000000e-03 -8.782581465382577335e-03
2.929687500000000000e-03 -8.762512416808476701e-03
3.173828125000000000e-03 -8.740748163901912449e-03
3.417968750000000000e-03 -8.717301096524465720e-03
3.662109375000000000e-03 -8.692184558739768363e-03
3.906250000000000000e-03 -8.665412840386466087e-03
4.150390625000000000e-03 -8.637001168011693153e-03
4.394531250000000000e-03 -8.606965695264534588e-03
4.638671875000000000e-03 -8.575323492635789080e-03
4.882812500000000000e-03 -8.542092536629297683e-03
5.126953125000000000e-03 -8.507291698421681758e-03
5.371093750000000000e-03 -8.470940731882592445e-03
5.615234375000000000e-03 -8.433060261083369369e-03
5.859375000000000000e-03 -8.393671767223054303e-03
6.103515625000000000e-03 -8.352797575057024915e-03
6.347656250000000000e-03 -8.310460838771405179e-03
6.591796875000000000e-03 -8.266685527289041602e-03
6.835937500000000000e-03 -8.221496409134942951e-03
7.080078125000000000e-03 -8.174919036804340067e-03
7.324218750000000000e-03 -8.126979730491257214e-03
7.568359375000000000e-03 -8.077705561603920614e-03
7.812500000000000000e-03 -8.027124335512780817e-03
8.056640625000000000e-03 -7.975264574000107132e-03
8.300781250000000000e-03 -7.922155497283256409e-03
8.544921875000000000e-03 -7.867827005540561913e-03
8.789062500000000000e-03 -7.812309659968263986e-03
9.033203125000000000e-03 -7.755634663524801908e-03
9.277343750000000000e-03 -7.697833841191936699e-03
9.521484375000000000e-03 -7.638939619937445968e-03
9.765625000000000000e-03 -7.578985008166227999e-03
1.000976562500000000e-02 -7.518003574972453862e-03
1.025390625000000000e-02 -7.456029428880128762e-03
1.049804687500000000e-02 -7.393097196427333984e-03
1.074218750000000000e-02 -7.329242000224667208e-03
1.098632812500000000e-02 -7.264499436871574289e-03
1.123046875000000000e-02 -7.198905554531620510e-03
1.147460937500000000e-02 -7.132496830195123039e-03
1.171875000000000000e-02 -7.065310146714409711e-03
1.196289062500000000e-02 -6.997382769583282425e-03
1.220703125000000000e-02 -6.928752323446474293e-03
1.245117187500000000e-02 -6.859456768495419965e-03
1.269531250000000000e-02 -6.789534376565597995e-03
1.293945312500000000e-02 -6.719023706992288680e-03
1.318359375000000000e-02 -6.647963582508964464e-03
1.342773437500000000e-02 -6.576393064761987262e-03
1.367187500000000000e-02 -6.504351429782673222e-03
1.391601562500000000e-02 -6.431878143388303215e-03
1.416015625000000000e-02 -6.359012836355759646e-03
1.440429687500000000e-02 -6.285795279609374120e-03
1.464843750000000000e-02 -6.212265359266666565e-03
1.489257812500000000e-02 -6.138463051627240930e-03
1.513671875000000000e-02 -6.064428398175891743e-03
1.538085937500000000e-02 -5.990201480457812977e-03
1.562500000000000000e-02 -5.915822395081704599e-03
1.586914062500000000e-02 -5.841331228594981440e-03
1.611328125000000000e-02 -5.766768032373192909e-03
1.635742187500000000e-02 -5.692172797765238101e-03
1.660156250000000000e-02 -5.617585430982785510e-03
1.684570312500000000e-02 -5.543045728217066426e-03
1.708984375000000000e-02 -5.468593350968831146e-03
1.733398437500000000e-02 -5.394267801165142373e-03
1.757812500000000000e-02 -5.320108396674072537e-03
1.782226562500000000e-02 -5.246154246805190269e-03
1.806640625000000000e-02 -5.172444228051631399e-03
1.831054687500000000e-02 -5.099016959874802524e-03
1.855468750000000000e-02 -5.025910780801723376e-03
1.879882812500000000e-02 -4.953163724607634322e-03
1.904296875000000000e-02 -4.880813496797031803e-03
1.928710937500000000e-02 -4.808897451255234046e-03
1.953125000000000000e-02 -4.737452567155742145e-03
1.977539062500000000e-02 -4.666515426151818247e-03
2.001953125000000000e-02 -4.596122189752804843e-03
2.026367187500000000e-02 -4.526308577112558851e-03
2.050781250000000000e-02 -4.457109843045259367e-03
2.075195312500000000e-02 -4.388560756282799957e-03
2.099609375000000000e-02 -4.320695578229560851e-03
2.124023437500000000e-02 -4.253548041930343970e-03
2.148437500000000000e-02 -4.187151331450422731e-03
2.172851562500000000e-02 -4.121538061539808950e-03
2.197265625000000000e-02 -4.056740257837532226e-03
2.221679687500000000e-02 -3.992789337289082141e-03
2.246093750000000000e-02 -3.929716089132284651e-03
2.270507812500000000e-02 -3.867550656195817282e-03
2.294921875000000000e-02 -3.806322516638260822e-03
2.319335937500000000e-02 -3.746060466184530924e-03
2.343750000000000000e-02 -3.686792600802846209e-03
2.368164062500000000e-02 -3.628546299793811158e-03
2.392578125000000000e-02 -3.571348209419511477e-03
2.416992187500000000e-02 -3.515224226958935105e-03
2.441406250000000000e-02 -3.460199485360249128e-03
2.465820312500000000e-02 -3.406298338290980610e-03
2.490234375000000000e-02 -3.353544345756631628e-03
2.514648437500000000e-02 -3.301960260273517633e-03
2.539062500000000000e-02 -3.251568013510564015e-03
2.563476562500000000e-02 -3.202388703542169424e-03
2.587890625000000000e-02 -3.154442582570027298e-03
2.612304687500000000e-02 -3.107749045327068416e-03
2.636718750000000000e-02 -3.062326617950361651e-03
2.661132812500000000e-02 -3.018192947465081488e-03
2.685546875000000000e-02 -2.975364791851120572e-03
2.709960937500000000e-02 -2.933858010663925597e-03
2.734375000000000000e-02 -2.893687556337454225e-03
2.758789062500000000e-02 -2.854867465970301055e-03
2.783203125000000000e-02 -2.817410853850788044e-03
2.807617187500000000e-02 -2.781329904451013135e-03
2.832031250000000000e-02 -2.746635866174074181e-03
2.856445312500000000e-02 -2.713339045556040219e-03
2.880859375000000000e-02 -2.681448802348995741e-03
2.905273437500000000e-02 -2.650973544930934622e-03
2.929687500000000000e-02 -2.621920726525672762e-03
2.954101562500000000e-02 -2.594296842090670907e-03
2.978515625000000000e-02 -2.568107425631183105e-03
3.002929687500000000e-02 -2.543357048438110724e-03
3.027343750000000000e-02 -2.520049317709549541e-03
3.051757812500000000e-02 -2.498186875953933850e-03
3.076171875000000000e-02 -2.477771400975825600e-03
3.100585937500000000e-02 -2.458803606529613717e-03
3.125000000000000000e-02 -2.441283243655334445e-03
3.149414062500000000e-02 -2.425209102483449897e-03
3.173828125000000000e-02 -2.410579014906488737e-03
3.198242187500000000e-02 -2.397389857719645079e-03
3.222656250000000000e-02 -2.385637556471920107e-03
3.247070312500000000e-02 -2.375317089899908751e-03
3.271484375000000000e-02 -2.366422495043707386e-03
3.295898437500000000e-02 -2.358946872988099130e-03
3.320312500000000000e-02 -2.352882395143751637e-03
3.344726562500000000e-02 -2.348220310253168464e-03
3.369140625000000000e-02 -2.344950951950863782e-03
3.393554687500000000e-02 -2.343063746963025551e-03
3.417968750000000000e-02 -2.342547223818769453e-03
3.442382812500000000e-02 -2.343389022328778992e-03
3.466796875000000000e-02 -2.345575903547114649e-03
3.491210937500000000e-02 -2.349093760273035514e-03
3.515625000000000000e-02 -2.353927628277574513e-03
3.540039062500000000e-02 -2.360061697942228420e-03
3.564453125000000000e-02 -2.367479326593979749e-03
3.588867187500000000e-02 -2.376163051337698562e-03
3.613281250000000000e-02 -2.386094602456978464e-03
3.637695312500000000e-02 -2.397254917269719954e-03
3.662109375000000000e-02 -2.409624154708467358e-03
3.686523437500000000e-02 -2.423181710170752012e-03
3.710937500000000000e-02 -2.437906231108399879e-03
3.735351562500000000e-02 -2.453775633028953962e-03
3.759765625000000000e-02 -2.470767115909211498e-03
3.784179687500000000e-02 -2.488857181219827908e-03
3.808593750000000000e-02 -2.508021649390457242e-03
3.833007812500000000e-02 -2.528235677630163991e-03
3.857421875000000000e-02 -2.549473778401534219e-03
3.881835937500000000e-02 -2.571709838036895235e-03
3.906250000000000000e-02 -2.594917136136132285e-03
3.930664062500000000e-02 -2.619068365021348654e-03
3.955078125000000000e-02 -2.644135649859435944e-03
3.979492187500000000e-02 -2.670090569040439732e-03
4.003906250000000000e-02 -2.696904174939618315e-03
4.028320312500000000e-02 -2.724547015048983667e-03
4.052734375000000000e-02 -2.752989153449902915e-03
4.077148437500000000e-02 -2.782200192669392891e-03
4.101562500000000000e-02 -2.812149295763788359e-03
4.125976562500000000e-02 -2.842805208743470757e-03
4.150390625000000000e-02 -2.874136283296024885e-03
4.174804687500000000e-02 -2.906110499779401835e-03
4.199218750000000000e-02 -2.938695490456666448e-03
4.223632812500000000e-02 -2.971858562958118455e-03
4.248046875000000000e-02 -3.005566724027630698e-03
4.272460937500000000e-02 -3.039786703453728478e-03
4.296875000000000000e-02 -3.074484978114355727e-03
4.321289062500000000e-02 -3.109627796305858283e-03
4.345703125000000000e-02 -3.145181202228286566e-03
4.370117187500000000e-02 -3.181111060541752522e-03
4.394531250000000000e-02 -3.217383081121738542e-03
4.418945312500000000e-02 -3.253962843885460643e-03
4.443359375000000000e-02 -3.290815823717707644e-03
4.467773437500000000e-02 -3.327907415538788882e-03
4.492187500000000000e-02 -3.365202959329849364e-03
4.516601562500000000e-02 -3.402667765314504322e-03
4.541015625000000000e-02 -3.440267139040997790e-03
4.565429687500000000e-02 -3.477966406634891428e-03
4.589843750000000000e-02 -3.515730939895433949e-03
4.614257812500000000e-02 -3.553526181505617387e-03
4.638671875000000000e-02 -3.591317670057492251e-03
4.663085937500000000e-02 -3.629071065148536945e-03
4.687500000000000000e-02 -3.666752172335918658e-03
4.711914062500000000e-02 -3.704326968076543380e-03
4.736328125000000000e-02 -3.741761624425521404e-03
4.760742187500000000e-02 -3.779022533748843671e-03
4.785156250000000000e-02 -3.816076333180262736e-03
4.809570312500000000e-02 -3.852889929063962882e-03
4.833984375000000000e-02 -3.889430521070380564e-03
4.858398437500000000e-02 -3.925665626212548887e-03
4.882812500000000000e-02 -3.961563102649279244e-03
4.907226562500000000e-02 -3.997091173175704171e-03
4.931640625000000000e-02 -4.032218448699609326e-03
4.956054687500000000e-02 -4.066913951120909587e-03
4.980468750000000000e-02 -4.101147136253757708e-03
5.004882812500000000e-02 -4.134887916308116473e-03
5.029296875000000000e-02 -4.168106682072902913e-03
5.053710937500000000e-02 -4.200774324843337126e-03
5.078125000000000000e-02 -4.232862257907754611e-03
5.102539062500000000e-02 -4.264342437807044917e-03
5.126953125000000000e-02 -4.295187385181975515e-03
5.151367187500000000e-02 -4.325370205151557457e-03
5.175781250000000000e-02 -4.354864607506669927e-03
5.200195312500000000e-02 -4.383644926207352910e-03
5.224609375000000000e-02 -4.411686138780623878e-03
5.249023437500000000e-02 -4.438963885021962597e-03
5.273437500000000000e-02 -4.465454485384157124e-03
5.297851562500000000e-02 -4.491134958840348190e-03
5.322265625000000000e-02 -4.515983040363380496e-03
5.346679687500000000e-02 -4.539977197751454696e-03
5.371093750000000000e-02 -4.563096648169562286e-03
5.395507812500000000e-02 -4.585321373966166902e-03
5.419921875000000000e-02 -4.606632138148825106e-03
5.444335937500000000e-02 -4.627010499177686143e-03
5.468750000000000000e-02 -4.646438825318455201e-03
5.493164062500000000e-02 -4.664900308355868219e-03
5.517578125000000000e-02 -4.682378976852419328e-03
5.541992187500000000e-02 -4.698859708682334713e-03
5.566406250000000000e-02 -4.714328243110799121e-03
5.590820312500000000e-02 -4.728771192176850491e-03
5.615234375000000000e-02 -4.742176051578894658e-03
5.639648437500000000e-02 -4.754531210821255627e-03
5.664062500000000000e-02 -4.765825962849135067e-03
5.688476562500000000e-02 -4.776050512987239927e-03
5.712890625000000000e-02 -4.785195987295765008e-03
5.737304687500000000e-02 -4.793254440215832801e-03
5.761718750000000000e-02 -4.800218861618077426e-03
5.786132812500000000e-02 -4.806083183225950961e-03
5.810546875000000000e-02 -4.810842284243221911e-03
5.834960937500000000e-02 -4.814491996498304616e-03
5.859375000000000000e-02 -4.817029108764359080e-03
5.883789062500000000e-02 -4.818451370525167476e-03
5.908203125000000000e-02 -4.818757494930991925e-03
5.932617187500000000e-02 -4.817947161228630648e-03
5.957031250000000000e-02 -4.816021016353033701e-03
5.981445312500000000e-02 -4.812980675964695365e-03
6.005859375000000000e-02 -4.808828724677027822e-03
6.030273437500000000e-02 -4.803568715729511496e-03
6.054687500000000000e-02 -4.797205169836615823e-03
6.079101562500000000e-02 -4.789743573383020703e-03
6.103515625000000000e-02 -4.781190376021982047e-03
6.127929687500000000e-02 -4.771552987421046055e-03
6.152343750000000000e-02 -4.760839773510383566e-03
6.176757812500000000e-02 -4.749060051793208004e-03
6.201171875000000000e-02 -4.736224086187235116e-03
6.225585937500000000e-02 -4.722343081141389121e-03
6.250000000000000000e-02 -4.707429174914068426e-03
6.274414062500000000e-02 -4.691495432396664000e-03
6.298828125000000000e-02 -4.674555837070215603e-03
6.323242187500000000e-02 -4.656625282422055534e-03
6.347656250000000000e-02 -4.637719562580855381e-03
6.372070312500000000e-02 -4.617855362468503699e-03
6.396484375000000000e-02 -4.597050247014067281e-03
6.420898437500000000e-02 -4.575322650012481063e-03
6.445312500000000000e-02 -4.552691862116375887e-03
6.469726562500000000e-02 -4.529178018373158920e-03
6.494140625000000000e-02 -4.504802084909442783e-03
6.518554687500000000e-02 -4.479585845274414169e-03
6.542968750000000000e-02 -4.453551885845286051e-03
6.567382812500000000e-02 -4.426723580905900235e-03
6.591796875000000000e-02 -4.399125077000576312e-03
6.616210937500000000e-02 -4.370781276705315577e-03
6.640625000000000000e-02 -4.341717821802149047e-03
6.665039062500000000e-02 -4.311961075941894705e-03
6.689453125000000000e-02 -4.281538106738480565e-03
6.713867187500000000e-02 -4.250476667266411823e-03
6.738281250000000000e-02 -4.218805177060858114e-03
6.762695312500000000e-02 -4.186552702634571688e-03
6.787109375000000000e-02 -4.153748937369527994e-03
6.811523437500000000e-02 -4.120424181039084033e-03
6.835937500000000000e-02 -4.086609318775913380e-03
6.860351562500000000e-02 -4.052335799599404709e-03
6.884765625000000000e-02 -4.017635614360415275e-03
6.909179687500000000e-02 -3.982541273501283285e-03
6.933593750000000000e-02 -3.947085784105297535e-03
6.958007812500000000e-02 -3.911302626761425927e-03
6.982421875000000000e-02 -3.875225731832188103e-03
7.006835937500000000e-02 -3.838889455437310971e-03
7.031250000000000000e-02 -3.802328555153167144e-03
7.055664062500000000e-02 -3.765578165143779188e-03
7.080078125000000000e-02 -3.728673771163926176e-03
7.104492187500000000e-02 -3.691651185093292042e-03
7.128906250000000000e-02 -3.654546519257451109e-03
7.153320312500000000e-02 -3.617396160407793104e-03
7.177734375000000000e-02 -3.580236743488285356e-03
7.202148437500000000e-02 -3.543105125046963622e-03
7.226562500000000000e-02 -3.506038356533736078e-03
7.250976562500000000e-02 -3.469073657313970216e-03
7.275390625000000000e-02 -3.432248387468916917e-03
7.299804687500000000e-02 -3.395600020439815125e-03
7.324218750000000000e-02 -3.359166115558309684e-03
7.348632812500000000e-02 -3.322984290264230367e-03
7.373046875000000000e-02 -3.287092192465479457e-03
7.397460937500000000e-02 -3.251527472485804537e-03
7.421875000000000000e-02 -3.216327755168890690e-03
7.446289062500000000e-02 -3.181530611811922427e-03
7.470703125000000000e-02 -3.147173531985458794e-03
7.495117187500000000e-02 -3.113293895466995309e-03
7.519531250000000000e-02 -3.079928944060839058e-03
7.543945312500000000e-02 -3.047115753446405506e-03
7.568359375000000000e-02 -3.014891204998093599e-03
7.592773437500000000e-02 -2.983291957846745390e-03
7.617187500000000000e-02 -2.952354420685310288e-03
7.641601562500000000e-02 -2.922114724029256649e-03
7.666015625000000000e-02 -2.892608692235398848e-03
7.690429687500000000e-02 -2.863871815875995708e-03
7.714843750000000000e-02 -2.835939224169692352e-03
7.739257812500000000e-02 -2.808845657582992317e-03
7.763671875000000000e-02 -2.782625440588049059e-03
7.788085937500000000e-02 -2.757312454690463710e-03
7.812500000000000000e-02 -2.732940111570769659e-03
7.836914062500000000e-02 -2.709541326595399369e-03
7.861328125000000000e-02 -2.687148492441338021e-03
7.885742187500000000e-02 -2.665793453104470245e-03
7.910156250000000000e-02 -2.645507478220565645e-03
7.934570312500000000e-02 -2.626321237528372876e-03
7.958984375000000000e-02 -2.608264775844304495e-03
7.983398437500000000e-02 -2.591367488378182316e-03
8.007812500000000000e-02 -2.575658096276356446e-03
8.032226562500000000e-02 -2.561164622633782528e-03
8.056640625000000000e-02 -2.547914369017689751e-03
8.081054687500000000e-02 -2.535933892204411677e-03
8.105468750000000000e-02 -2.525248981470440413e-03
8.129882812500000000e-02 -2.515884636366649829e-03
8.154296875000000000e-02 -2.507865044904633578e-03
8.178710937500000000e-02 -2.501213562240423016e-03
8.203125000000000000e-02 -2.495952689855585049e-03
8.227539062500000000e-02 -2.492104055335175872e-03
8.251953125000000000e-02 -2.489688392543598638e-03
8.276367187500000000e-02 -2.488725522496793019e-03
8.300781250000000000e-02 -2.489234334674961246e-03
8.325195312500000000e-02 -2.491232769003204339e-03
8.349609375000000000e-02 -2.494737798443225074e-03
8.374023437500000000e-02 -2.499765412039778312e-03
8.398437500000000000e-02 -2.506330598833983458e-03
8.422851562500000000e-02 -2.514447332188751716e-03
8.447265625000000000e-02 -2.524128554838966920e-03
8.471679687500000000e-02 -2.535386164723263391e-03
8.496093750000000000e-02 -2.548231001313183697e-03
8.520507812500000000e-02 -2.562672832667090006e-03
8.544921875000000000e-02 -2.578720343308305019e-03
8.569335937500000000e-02 -2.596381122671687081e-03
8.593750000000000000e-02 -2.615661654260748037e-03
8.618164062500000000e-02 -2.636567305728476640e-03
8.642578125000000000e-02 -2.659102319384487600e-03
8.666992187500000000e-02 -2.683269803767984740e-03
8.691406250000000000e-02 -2.709071725732314917e-03
8.715820312500000000e-02 -2.736508903453227504e-03
8.740234375000000000e-02 -2.765581000119254895e-03
8.764648437500000000e-02 -2.796286518389479170e-03
8.789062500000000000e-02 -2.828622795789215161e-03
8.813476562500000000e-02 -2.862586000659916863e-03
8.837890625000000000e-02 -2.898171129103843668e-03
8.862304687500000000e-02 -2.935372002667691049e-03
8.886718750000000000e-02 -2.974181266807818247e-03
8.911132812500000000e-02 -3.014590390137072973e-03
8.935546875000000000e-02 -3.056589664637954229e-03
8.959960937500000000e-02 -3.100168206557896156e-03
8.984375000000000000e-02 -3.145313958100359741e-03
9.008789062500000000e-02 -3.192013690110684365e-03
9.033203125000000000e-02 -3.240253005387216945e-03
9.057617187500000000e-02 -3.290016342958779205e-03
9.082031250000000000e-02 -3.341286983186364523e-03
9.106445312500000000e-02 -3.394047053518534085e-03
9.130859375000000000e-02 -3.448277535355259715e-03
9.155273437500000000e-02 -3.503958271465990038e-03
9.179687500000000000e-02 -3.561067974430898175e-03
9.204101562500000000e-02 -3.619584235792672189e-03
9.228515625000000000e-02 -3.679483536018324230e-03
9.252929687500000000e-02 -3.740741255413126964e-03
9.277343750000000000e-02 -3.803331685631405890e-03
9.301757812500000000e-02 -3.867228042196302340e-03
9.326171875000000000e-02 -3.932402477730079227e-03
9.350585937500000000e-02 -3.998826095909180367e-03
9.375000000000000000e-02 -4.066468966428260501e-03
9.399414062500000000e-02 -4.135300140418962656e-03
9.423828125000000000e-02 -4.205287666991353035e-03
9.448242187500000000e-02 -4.276398610343790097e-03
9.472656250000000000e-02 -4.348599067597547219e-03
9.497070312500000000e-02 -4.421854187526719215e-03
9.521484375000000000e-02 -4.496128189970249878e-03
9.545898437500000000e-02 -4.571384385940291395e-03
9.570312500000000000e-02 -4.647585198426895658e-03
9.594726562500000000e-02 -4.724692184069567702e-03
9.619140625000000000e-02 -4.802666055297777348e-03
9.643554687500000000e-02 -4.881466703395176410e-03
9.667968750000000000e-02 -4.961053222018563247e-03
9.692382812500000000e-02 -5.041383931583709455e-03
9.716796875000000000e-02 -5.122416404049090488e-03
9.741210937500000000e-02 -5.204107488623321842e-03
9.765625000000000000e-02 -5.286413337856288308e-03
9.790039062500000000e-02 -5.369289434426605112e-03
9.814453125000000000e-02 -5.452690618554356661e-03
9.838867187500000000e-02 -5.536571115897004347e-03
9.863281250000000000e-02 -5.620884565999517690e-03
9.887695312500000000e-02 -5.705584051440837356e-03
9.912109375000000000e-02 -5.790622127264555274e-03
9.936523437500000000e-02 -5.875950851105926631e-03
9.960937500000000000e-02 -5.961521813674153236e-03
9.985351562500000000e-02 -6.047286169774679365e-03
1.000976562500000000e-01 -6.133194669743602390e-03
1.003417968750000000e-01 -6.219197691336830758e-03
1.005859375000000000e-01 -6.305245271946091634e-03
1.008300781250000000e-01 -6.391287141340740163e-03
1.010742187500000000e-01 -6.477272754608520700e-03
1.013183593750000000e-01 -6.563151325579497097e-03
1.015625000000000000e-01 -6.648871860477356677e-03
1.018066406250000000e-01 -6.734383191968618121e-03
1.020507812500000000e-01 -6.819634013339737066e-03
1.022949218750000000e-01 -6.904572913100537335e-03
1.025390625000000000e-01 -6.989148409672907292e-03
1.027832031250000000e-01 -7.073308986420556721e-03
1.030273437500000000e-01 -7.157003126749827970e-03
1.032714843750000000e-01 -7.240179349452091628e-03
1.035156250000000000e-01 -7.322786244188250748e-03
1.037597656250000000e-01 -7.404772506959034217e-03
1.040039062500000000e-01 -7.486086975873718075e-03
1.042480468750000000e-01 -7.566678666819370846e-03
1.044921875000000000e-01 -7.646496809300629138e-03
1.047363281250000000e-01 -7.725490882066310405e-03
1.049804687500000000e-01 -7.803610649133929655e-03
1.052246093750000000e-01 -7.880806195302625383e-03
1.054687500000000000e-01 -7.957027961992935161e-03
1.057128906250000000e-01 -8.032226782816564992e-03
1.059570312500000000e-01 -8.106353919060893531e-03
1.062011718750000000e-01 -8.179361095017156913e-03
1.064453125000000000e-01 -8.251200533337055276e-03
1.066894531250000000e-01 -8.321824989877768530e-03
1.069335937500000000e-01 -8.391187788603815534e-03
1.071777343750000000e-01 -8.459242856190485327e-03
1.074218750000000000e-01 -8.525944756243575284e-03
1.076660156250000000e-01 -8.591248723448074998e-03
1.079101562500000000e-01 -8.655110697219470239e-03
1.081542968750000000e-01 -8.717487355042408126e-03
1.083984375000000000e-01 -8.778336145610410313e-03
1.086425781250000000e-01 -8.837615321311886873e-03
1.088867187500000000e-01 -8.895283970559830777e-03
1.091308593750000000e-01 -8.951302049553078177e-03
1.093750000000000000e-01 -9.005630413511767074e-03
1.096191406250000000e-01 -9.058230847614368031e-03
1.098632812500000000e-01 -9.109066097209961299e-03
1.101074218750000000e-01 -9.158099897703664283e-03
1.103515625000000000e-01 -9.205297003688883706e-03
1.105957031250000000e-01 -9.250623217653242136e-03
1.108398437500000000e-01 -9.294045417931329212e-03
1.110839843750000000e-01 -9.335531586188494657e-03
1.113281250000000000e-01 -9.375050834108833442e-03
1.115722656250000000e-01 -9.412573429486315035e-03
1.118164062500000000e-01 -9.448070821576948219e-03
1.120605468750000000e-01 -9.481515665740403165e-03
1.123046875000000000e-01 -9.512881847456355899e-03
1.125488281250000000e-01 -9.542144505275018673e-03
1.127929687500000000e-01 -9.569280053355555538e-03
1.130371093750000000e-01 -9.594266202924472964e-03
1.132812500000000000e-01 -9.617081983023467728e-03
1.135253906250000000e-01 -9.637707760461466933e-03
1.137695312500000000e-01 -9.656125258729275629e-03
1.140136718750000000e-01 -9.672317576232103420e-03
1.142578125000000000e-01 -9.686269203498909519e-03
1.145019531250000000e-01 -9.697966039524885673e-03
1.147460937500000000e-01 -9.707395407133390108e-03
1.149902343750000000e-01 -9.714546067442597632e-03
1.152343750000000000e-01 -9.719408233351600757e-03
1.154785156250000000e-01 -9.721973582003329284e-03
1.157226562500000000e-01 -9.722235266295342626e-03
1.159667968750000000e-01 -9.720187925367440585e-03
1.162109375000000000e-01 -9.715827694051881736e-03
1.164550781250000000e-01 -9.709152211328841986e-03
1.166992187500000000e-01 -9.700160627659215606e-03
1.169433593750000000e-01 -9.688853611294234724e-03
1.171875000000000000e-01 -9.675233353576118134e-03
1.174316406250000000e-01 -9.659303572988164888e-03
1.176757812500000000e-01 -9.641069518352196610e-03
1.179199218750000000e-01 -9.620537970633336045e-03
1.181640625000000000e-01 -9.597717243963188594e-03
1.184082031250000000e-01 -9.572617185241938387e-03
1.186523437500000000e-01 -9.545249172788317082e-03
1.188964843750000000e-01 -9.515626113852704293e-03
1.191406250000000000e-01 -9.483762440908094504e-03
1.193847656250000000e-01 -9.449674106917882455e-03
1.196289062500000000e-01 -9.413378579338882446e-03
1.198730468750000000e-01 -9.374894833058533550e-03
1.201171875000000000e-01 -9.334243342209447292e-03
1.203613281250000000e-01 -9.291446070690767556e-03
1.206054687500000000e-01 -9.246526461694770660e-03
1.208496093750000000e-01 -9.199509426025542780e-03
1.210937500000000000e-01 -9.150421329223945577e-03
1.213378906250000000e-01 -9.099289977626767723e-03
1.215820312500000000e-01 -9.046144603203742918e-03
1.218261718750000000e-01 -8.991015847314542953e-03
1.220703125000000000e-01 -8.933935743257848117e-03
1.223144531250000000e-01 -8.874937697797236069e-03
1.225585937500000000e-01 -8.814056471408093785e-03
1.228027343750000000e-01 -8.751328157572402233e-03
1.230468750000000000e-01 -8.686790160822965845e-03
1.232910156250000000e-01 -8.620481173736038727e-03
1.235351562500000000e-01 -8.552441152886558484e-03
1.237792968750000000e-01 -8.482711293595457391e-03
1.240234375000000000e-01 -8.411334003724846298e-03
1.242675781250000000e-01 -8.338352876307908446e-03
1.245117187500000000e-01 -8.263812661226666023e-03
1.247558593750000000e-01 -8.187759235795510904e-03
1.250000000000000000e-01 -8.110239574250499572e-03
1.252441406250000000e-01 -8.031301716499683607e-03
1.254882812500000000e-01 -7.950994735452354689e-03
1.257324218750000000e-01 -7.869368703865120551e-03
1.259765625000000000e-01 -7.786474659781106311e-03
1.262207031250000000e-01 -7.702364571372299906e-03
1.264648437500000000e-01 -7.617091300630818296e-03
1.267089843750000000e-01 -7.530708566321209219e-03
1.269531250000000000e-01 -7.443270905966414830e-03
1.271972656250000000e-01 -7.354833636981084055e-03
1.274414062500000000e-01 -7.265452816980655371e-03
1.276855468750000000e-01 -7.175185203323053429e-03
1.279296875000000000e-01 -7.084088211797734402e-03
1.281738281250000000e-01 -6.992219874575766880e-03
1.284179687500000000e-01 -6.899638797420948322e-03
1.286621093750000000e-01 -6.806404116204589627e-03
1.289062500000000000e-01 -6.712575452709756973e-03
1.291503906250000000e-01 -6.618212869781814334e-03
1.293945312500000000e-01 -6.523376825882110097e-03
1.296386718750000000e-01 -6.428128128973753519e-03
1.298828125000000000e-01 -6.332527889924222109e-03
1.301269531250000000e-01 -6.236637475282691412e-03
1.303710937500000000e-01 -6.140518459588406586e-03
1.306152343750000000e-01 -6.044232577224306624e-03
1.308593750000000000e-01 -5.947841673744846958e-03
1.311035156250000000e-01 -5.851407656891183251e-03
1.313476562500000000e-01 -5.754992447137396994e-03
1.315917968750000000e-01 -5.658657927924082287e-03
1.318359375000000000e-01 -5.562465895636137247e-03
1.320800781250000000e-01 -5.466478009196862331e-03
1.323242187500000000e-01 -5.370755739448895838e-03
1.325683593750000000e-01 -5.275360318421462580e-03
1.328125000000000000e-01 -5.180352688341827161e-03
1.330566406250000000e-01 -5.085793450462006149e-03
1.333007812500000000e-01 -4.991742813984956229e-03
1.335449218750000000e-01 -4.898260544706545261e-03
1.337890625000000000e-01 -4.805405913756999325e-03
1.340332031250000000e-01 -4.713237646413404036e-03
1.342773437500000000e-01 -4.621813870841151584e-03
1.345214843750000000e-01 -4.531192067020128889e-03
1.347656250000000000e-01 -4.441429015813014303e-03
1.350097656250000000e-01 -4.352580748161472002e-03
1.352539062500000000e-01 -4.264702494552352618e-03
1.354980468750000000e-01 -4.177848634682845841e-03
1.357421875000000000e-01 -4.092072647551958653e-03
1.359863281250000000e-01 -4.007427061708312976e-03
1.362304687500000000e-01 -3.923963406094799211e-03
1.364746093750000000e-01 -3.841732161120603450e-03
1.367187500000000000e-01 -3.760782710344301449e-03
1.369628906250000000e-01 -3.681163292625910799e-03
1.372070312500000000e-01 -3.602920954776323015e-03
1.374511718750000000e-01 -3.526101504903067507e-03
1.376953125000000000e-01 -3.450749466324509740e-03
1.379394531250000000e-01 -3.376908032166170415e-03
1.381835937500000000e-01 -3.304619020752852521e-03
1.384277343750000000e-01 -3.233922831626045991e-03
1.386718750000000000e-01 -3.164858402541881333e-03
1.389160156250000000e-01 -3.097463167250680272e-03
1.391601562500000000e-01 -3.031773014015470835e-03
1.394042968750000000e-01 -2.967822245423690219e-03
1.396484375000000000e-01 -2.905643538795743552e-03
1.398925781250000000e-01 -2.845267907886750436e-03
1.401367187500000000e-01 -2.786724665497786191e-03
1.403808593750000000e-01 -2.730041387309256606e-03
1.406250000000000000e-01 -2.675243876780086794e-03
1.408691406250000000e-01 -2.622356131254832690e-03
1.411132812500000000e-01 -2.571400309349769486e-03
1.413574218750000000e-01 -2.522396699518481000e-03
1.416015625000000000e-01 -2.475363690109588788e-03
1.418457031250000000e-01 -2.430317740532927928e-03
1.420898437500000000e-01 -2.387273354059971098e-03
1.423339843750000000e-01 -2.346243051874807861e-03
1.425781250000000000e-01 -2.307237348787793962e-03
1.428222656250000000e-01 -2.270264730242388396e-03
1.430664062500000000e-01 -2.235331631112558171e-03
1.433105468750000000e-01 -2.202442415892846839e-03
1.435546875000000000e-01 -2.171599360679010715e-03
1.437988281250000000e-01 -2.142802636683427409e-03
1.440429687500000000e-01 -2.116050295583704610e-03
1.442871093750000000e-01 -2.091338256477115465e-03
1.445312500000000000e-01 -2.068660294810342748e-03
1.447753906250000000e-01 -2.048008032843995352e-03
1.450195312500000000e-01 -2.029370932262963834e-03
1.452636718750000000e-01 -2.012736288492078529e-03
1.455078125000000000e-01 -1.998089226930233053e-03
1.457519531250000000e-01 -1.985412701216660025e-03
1.459960937500000000e-01 -1.974687493472515598e-03
1.462402343750000000e-01 -1.965892216418296812e-03
1.464843750000000000e-01 -1.959003317736573990e-03
1.467285156250000000e-01 -1.953995086381610236e-03
1.469726562500000000e-01 -1.950839660992187419e-03
1.472167968750000000e-01 -1.949507040478692943e-03
1.474609375000000000e-01 -1.949965096827099842e-03
1.477050781250000000e-01 -1.952179589864044829e-03
1.479492187500000000e-01 -1.956114184551438484e-03
1.481933593750000000e-01 -1.961730470199540832e-03
1.484375000000000000e-01 -1.968987982209569054e-03
1.486816406250000000e-01 -1.977844225919511700e-03
1.489257812500000000e-01 -1.988254702780523075e-03
1.491699218750000000e-01 -2.000172938963373781e-03
1.494140625000000000e-01 -2.013550516139162028e-03
1.496582031250000000e-01 -2.028337104832189652e-03
1.499023437500000000e-01 -2.044480499932888051e-03
1.501464843750000000e-01 -2.061926658711854543e-03
1.503906250000000000e-01 -2.080619741377631726e-03
1.506347656250000000e-01 -2.100502153751904189e-03
1.508789062500000000e-01 -2.121514592658968468e-03
1.511230468750000000e-01 -2.143596093674204894e-03
1.513671875000000000e-01 -2.166684081245762172e-03
1.516113281250000000e-01 -2.190714421502093501e-03
1.518554687500000000e-01 -2.215621477247964322e-03
1.520996093750000000e-01 -2.241338165759998446e-03
1.523437500000000000e-01 -2.267796018770695810e-03
1.525878906250000000e-01 -2.294925245237777744e-03
1.528320312500000000e-01 -2.322654796387269016e-03
1.530761718750000000e-01 -2.350912433357166265e-03
1.533203125000000000e-01 -2.379624797370638589e-03
1.535644531250000000e-01 -2.408717482325073433e-03
1.538085937500000000e-01 -2.438115109995919738e-03
1.540527343750000000e-01 -2.467741407571111267e-03
1.542968750000000000e-01 -2.497519287842919766e-03
1.545410156250000000e-01 -2.527370931829864276e-03
1.547851562500000000e-01 -2.557217873828676602e-03
1.550292968750000000e-01 -2.586981088967377218e-03
1.552734375000000000e-01 -2.616581083245250738e-03
1.555175781250000000e-01 -2.645937985931823277e-03
1.557617187500000000e-01 -2.674971644566426221e-03
1.560058593750000000e-01 -2.703601722132020768e-03
1.562500000000000000e-01 -2.731747796872241452e-03
1.564941406250000000e-01 -2.759329464311122138e-03
1.567382812500000000e-01 -2.786266441745510747e-03
1.569824218750000000e-01 -2.812478675039642440e-03
1.572265625000000000e-01 -2.837886447736082118e-03
1.574707031250000000e-01 -2.862410492468825396e-03
1.577148437500000000e-01 -2.885972104664347171e-03
1.579589843750000000e-01 -2.908493258445332685e-03
1.582031250000000000e-01 -2.929896724836567046e-03
1.584472656250000000e-01 -2.950106192031398677e-03
1.586914062500000000e-01 -2.969046387946150389e-03
1.589355468750000000e-01 -2.986643204806682661e-03
1.591796875000000000e-01 -3.002823825852374284e-03
1.594238281250000000e-01 -3.017516854129098647e-03
1.596679687500000000e-01 -3.030652443200665402e-03
1.599121093750000000e-01 -3.042162430006101204e-03
1.601562500000000000e-01 -3.051980469422233000e-03
1.604003906250000000e-01 -3.060042170972110398e-03
1.606445312500000000e-01 -3.066285237210308878e-03
1.608886718750000000e-01 -3.070649603984065834e-03
1.611328125000000000e-01 -3.073077582442351741e-03
1.613769531250000000e-01 -3.073514002807087309e-03
1.616210937500000000e-01 -3.071906359764398076e-03
1.618652343750000000e-01 -3.068204959419063016e-03
1.621093750000000000e-01 -3.062363067982687426e-03
1.623535156250000000e-01 -3.054337061840328715e-03
1.625976562500000000e-01 -3.044086579095051093e-03
1.628417968750000000e-01 -3.031574672547776572e-03
1.630859375000000000e-01 -3.016767964041378036e-03
1.633300781250000000e-01 -2.999636800069538367e-03
1.635742187500000000e-01 -2.980155408579321374e-03
1.638183593750000000e-01 -2.958302057081141356e-03
1.640625000000000000e-01 -2.934059211682438217e-03
1.643066406250000000e-01 -2.907413697329275237e-03
1.645507812500000000e-01 -2.878356858957431541e-03
1.647949218750000000e-01 -2.846884723609832690e-03
1.650390625000000000e-01 -2.812998163349789138e-03
1.652832031250000000e-01 -2.776703058984253403e-03
1.655273437500000000e-01 -2.738010464582885106e-03
1.657714843750000000e-01 -2.696936772537128491e-03
1.660156250000000000e-01 -2.653503879329832671e-03
1.662597656250000000e-01 -2.607739351603299838e-03
1.665039062500000000e-01 -2.559676592994719613e-03
1.667480468750000000e-01 -2.509355011028446825e-03
1.669921875000000000e-01 -2.456820184519870054e-03
1.672363281250000000e-01 -2.402124031050334452e-03
1.674804687500000000e-01 -2.345324974768914217e-03
1.677246093750000000e-01 -2.286488114066287380e-03
1.679687500000000000e-01 -2.225685389447562557e-03
1.682128906250000000e-01 -2.162995751135099454e-03
1.684570312500000000e-01 -2.098505326756594513e-03
1.687011718750000000e-01 -2.032307588507364926e-03
1.689453125000000000e-01 -1.964503520341054355e-03
1.691894531250000000e-01 -1.895201784478217633e-03
1.694335937500000000e-01 -1.824518887673320933e-03
1.696777343750000000e-01 -1.752579346813831762e-03
1.699218750000000000e-01 -1.679515853950874771e-03
1.701660156250000000e-01 -1.605469440676188242e-03
1.704101562500000000e-01 -1.530589641603796736e-03
1.706542968750000000e-01 -1.455034657183773561e-03
1.708984375000000000e-01 -1.378971515393345726e-03
1.711425781250000000e-01 -1.302576232546925894e-03
1.713867187500000000e-01 -1.226033973026119384e-03
1.716308593750000000e-01 -1.149539207716543388e-03
1.718750000000000000e-01 -1.073295871393042944e-03
1.721191406250000000e-01 -9.975175185843454528e-04
1.723632812500000000e-01 -9.224274782297925412e-04
1.726074218750000000e-01 -8.482590067160344915e-04
1.728515625000000000e-01 -7.752554394500066337e-04
1.730957031250000000e-01 -7.036703407834465906e-04
1.733398437500000000e-01 -6.337676522463198125e-04
1.735839843750000000e-01 -5.658218389328339981e-04
1.738281250000000000e-01 -5.001180341821509501e-04
1.740722656250000000e-01 -4.369521822269462064e-04
1.743164062500000000e-01 -3.766311788240273017e-04
1.745605468750000000e-01 -3.194730099522757882e-04
1.748046875000000000e-01 -2.658068882794850651e-04
1.750488281250000000e-01 -2.159733873696723094e-04
1.752929687500000000e-01 -1.703245737729730536e-04
1.755371093750000000e-01 -1.292241366286361881e-04
1.757812500000000000e-01 -9.304751492322793638e-05
1.760253906250000000e-01 -6.218202233299052750e-05
1.762695312500000000e-01 -3.702696933771676413e-05
1.765136718750000000e-01 -1.799378298983356217e-05
1.767578125000000000e-01 -5.506123784471128602e-06
1.770019531250000000e-01 0.000000000000000000e+00
1.772460937500000000e-01 -1.923879096921154996e-06
1.774902343750000000e-01 -1.173879641669373086e-05
1.777343750000000000e-01 -2.991846088207239518e-05
1.779785156250000000e-01 -5.694935778421950090e-05
1.782226562500000000e-01 -9.333084861395946064e-05
1.784667968750000000e-01 -1.395752677524342289e-04
1.787109375000000000e-01 -1.962080161490575847e-04
1.789550781250000000e-01 -2.637676517736053938e-04
1.791992187500000000e-01 -3.428059769419178338e-04
1.794433593750000000e-01 -4.338881223588941793e-04
1.796875000000000000e-01 -5.375926278929910040e-04
1.799316406250000000e-01 -6.545115200253803778e-04
1.801757812500000000e-01 -7.852503859169246425e-04
1.804199218750000000e-01 -9.304284442066546035e-04
1.806640625000000000e-01 -1.090678612115425494e-03
1.809082031250000000e-01 -1.266647569380552341e-03
1.811523437500000000e-01 -1.458995818524044807e-03
1.813964843750000000e-01 -1.668397741624971786e-03
1.816406250000000000e-01 -1.895541653539112303e-03
1.818847656250000000e-01 -2.141129851594314459e-03
1.821289062500000000e-01 -2.405878661647875560e-03
1.823730468750000000e-01 -2.690518480520154299e-03
1.826171875000000000e-01 -2.995793814818625833e-03
1.828613281250000000e-01 -3.322463316067114647e-03
1.831054687500000000e-01 -3.671299812268102869e-03
1.833496093750000000e-01 -4.043090335670740387e-03
1.835937500000000000e-01 -4.438636146900876156e-03
1.838378906250000000e-01 -4.858752755453110694e-03
1.840820312500000000e-01 -5.304269936345917813e-03
1.843261718750000000e-01 -5.776031743266685226e-03
1.845703125000000000e-01 -6.274896517808770113e-03
1.848144531250000000e-01 -6.801736895155841012e-03
1.850585937500000000e-01 -7.357439806014554051e-03
1.853027343750000000e-01 -7.942906474866617828e-03
1.855468750000000000e-01 -8.559052414454981772e-03
1.857910156250000000e-01 -9.206807416774154262e-03
1.860351562500000000e-01 -9.887115540195168251e-03
1.862792968750000000e-01 -1.060093509308046578e-02
1.865234375000000000e-01 -1.134923861368974940e-02
1.867675781250000000e-01 -1.213301284653311995e-02
1.870117187500000000e-01 -1.295325871505781379e-02
1.872558593750000000e-01 -1.381099129082485888e-02
1.875000000000000000e-01 -1.470723975909038472e-02
1.877441406250000000e-01 -1.564304738089106195e-02
1.879882812500000000e-01 -1.661947145164788253e-02
1.882324218750000000e-01 -1.763758325623143719e-02
1.884765625000000000e-01 -1.869846802075869618e-02
1.887207031250000000e-01 -1.980322486072338961e-02
1.889648437500000000e-01 -2.095296672609947564e-02
1.892089843750000000e-01 -2.214882034282084078e-02
1.894531250000000000e-01 -2.339192615113461216e-02
1.896972656250000000e-01 -2.468343824070018400e-02
1.899414062500000000e-01 -2.602452428243395843e-02
1.901855468750000000e-01 -2.741636545722769824e-02
1.904296875000000000e-01 -2.886015638159733498e-02
1.906738281250000000e-01 -3.035710503016275652e-02
1.909179687500000000e-01 -3.190843265518594762e-02
1.911621093750000000e-01 -3.351537370318169451e-02
1.914062500000000000e-01 -3.517917572852979902e-02
1.916503906250000000e-01 -3.690109930427354357e-02
1.918945312500000000e-01 -3.868241793011861773e-02
1.921386718750000000e-01 -4.052441793770356071e-02
1.923828125000000000e-01 -4.242839839309908712e-02
1.926269531250000000e-01 -4.439567099676366979e-02
1.928710937500000000e-01 -4.642755998091274705e-02
1.931152343750000000e-01 -4.852540200431576523e-02
1.933593750000000000e-01 -5.069054604477685189e-02
1.936035156250000000e-01 -5.292435328902911351e-02
1.938476562500000000e-01 -5.522819702046888324e-02
1.940917968750000000e-01 -5.760346250465886442e-02
1.943359375000000000e-01 -6.005154687244385059e-02
1.945800781250000000e-01 -6.257385900117640176e-02
1.948242187500000000e-01 -6.517181939365457310e-02
1.950683593750000000e-01 -6.784686005531170849e-02
1.953125000000000000e-01 -7.060042436928881671e-02
1.955566406250000000e-01 -7.343396696973059079e-02
1.958007812500000000e-01 -7.634895361333349229e-02
1.960449218750000000e-01 -7.934686104908905691e-02
1.962890625000000000e-01 -8.242917688649242791e-02
1.965332031250000000e-01 -8.559739946210243033e-02
1.967773437500000000e-01 -8.885303770463792716e-02
1.970214843750000000e-01 -9.219761099856782494e-02
1.972656250000000000e-01 -9.563264904655000009e-02
1.975097656250000000e-01 -9.915969173030703132e-02
1.977539062500000000e-01 -1.027802889704929612e-01
1.979980468750000000e-01 -1.064960005853805569e-01
1.982421875000000000e-01 -1.103083961483832809e-01
1.984863281250000000e-01 -1.142190548447103993e-01
1.987304687500000000e-01 -1.182295653269989089e-01
1.989746093750000000e-01 -1.223415255701780779e-01
1.992187500000000000e-01 -1.265565427254529141e-01
1.994628906250000000e-01 -1.308762329736765651e-01
1.997070312500000000e-01 -1.353022213780405991e-01
1.999511718750000000e-01 -1.398361417361684289e-01
2.001953125000000000e-01 -1.444796364317397774e-01
2.004394531250000000e-01 -1.492343562857740835e-01
2.006835937500000000e-01 -1.541019604073596838e-01
2.009277343750000000e-01 -1.590841160442977298e-01
2.011718750000000000e-01 -1.641824984333908333e-01
2.014160156250000000e-01 -1.693987906506890795e-01
2.016601562500000000e-01 -1.747346834615086664e-01
2.019042968750000000e-01 -1.801918751706352850e-01
2.021484375000000000e-01 -1.857720714723711808e-01
2.023925781250000000e-01 -1.914769853008948530e-01
2.026367187500000000e-01 -1.973083366805923333e-01
2.028808593750000000e-01 -2.032678525768432110e-01
2.031250000000000000e-01 -2.093572667469913995e-01
2.033691406250000000e-01 -2.155783195916995965e-01
2.036132812500000000e-01 -2.219327580067727013e-01
2.038574218750000000e-01 -2.284223352355070347e-01
2.041015625000000000e-01 -2.350488107214800948e-01
2.043457031250000000e-01 -2.418139499620792776e-01
2.045898437500000000e-01 -2.487195243626558749e-01
2.048339843750000000e-01 -2.557673110913469827e-01
2.050781250000000000e-01 -2.629590929348637474e-01
2.053222656250000000e-01 -2.702966581548906788e-01
2.055664062500000000e-01 -2.777818003455934104e-01
2.058105468750000000e-01 -2.854163182919364772e-01
2.060546875000000000e-01 -2.932020158290100653e-01
2.062988281250000000e-01 -3.011407017025646837e-01
2.065429687500000000e-01 -3.092341894304979633e-01
2.067871093750000000e-01 -3.174842971654783241e-01
2.070312500000000000e-01 -3.258928475589044638e-01
2.072753906250000000e-01 -3.344616676260443455e-01
2.075195312500000000e-01 -3.431925886124531644e-01
2.077636718750000000e-01 -3.520874458617271330e-01
2.080078125000000000e-01 -3.611480786847209856e-01
2.082519531250000000e-01 -3.703763302300586702e-01
2.084960937500000000e-01 -3.797740473563067098e-01
2.087402343750000000e-01 -3.893430805054123311e-01
2.089843750000000000e-01 -3.990852835779321595e-01
2.092285156250000000e-01 -4.090025138096109458e-01
2.094726562500000000e-01 -4.190966316498645483e-01
2.097167968750000000e-01 -4.293695006416129445e-01
2.099609375000000000e-01 -4.398229873030601311e-01
2.102050781250000000e-01 -4.504589610110230069e-01
2.104492187500000000e-01 -4.612792938861787206e-01
2.106933593750000000e-01 -4.722858606799746894e-01
2.109375000000000000e-01 -4.834805386633860280e-01
2.111816406250000000e-01 -4.948652075175914433e-01
2.114257812500000000e-01 -5.064417492264396969e-01
2.116699218750000000e-01 -5.182120479708913763e-01
2.119140625000000000e-01 -5.301779900253649203e-01
2.121582031250000000e-01 -5.423414636560011104e-01
2.124023437500000000e-01 -5.547043590209881359e-01
2.126464843750000000e-01 -5.672685680727909130e-01
2.128906250000000000e-01 -5.800359844624836114e-01
2.131347656250000000e-01 -5.930085034461569649e-01
2.133789062500000000e-01 -6.061880217931872039e-01
2.136230468750000000e-01 -6.195764376968639908e-01
2.138671875000000000e-01 -6.331756506869510304e-01
2.141113281250000000e-01 -6.469875615443640982e-01
2.143554687500000000e-01 -6.610140722180375406e-01
2.145996093750000000e-01 -6.752570857439224028e-01
2.148437500000000000e-01 -6.897185061661446071e-01
2.150878906250000000e-01 -7.044002384602663369e-01
2.153320312500000000e-01 -7.193041884588922130e-01
2.155761718750000000e-01 -7.344322627793076208e-01
2.158203125000000000e-01 -7.497863687534049859e-01
2.160644531250000000e-01 -7.653684143598127321e-01
2.163085937500000000e-01 -7.811803081582837649e-01
2.165527343750000000e-01 -7.972239592262013730e-01
2.167968750000000000e-01 -8.135012770974583418e-01
2.170410156250000000e-01 -8.300141717035245392e-01
2.172851562500000000e-01 -8.467645533167313943e-01
2.175292968750000000e-01 -8.637543324958869562e-01
2.177734375000000000e-01 -8.809854200340652142e-01
2.180175781250000000e-01 -8.984597269086975757e-01
2.182617187500000000e-01 -9.161791642340091357e-01
2.185058593750000000e-01 -9.341456432155155198e-01
2.187500000000000000e-01 -9.523610751070350489e-01
2.189941406250000000e-01 -9.708273711697614772e-01
2.192382812500000000e-01 -9.895464426337383657e-01
2.194824218750000000e-01 -1.008520200661521926e+00
2.197265625000000000e-01 -1.027750556314217079e+00
2.199707031250000000e-01 -1.047239420519559872e+00
2.202148437500000000e-01 -1.066988704042600489e+00
2.204589843750000000e-01 -1.087000317458276299e+00
2.207031250000000000e-01 -1.107276171126528652e+00
2.209472656250000000e-01 -1.127818175169551296e+00
2.211914062500000000e-01 -1.148628239451213062e+00
2.214355468750000000e-01 -1.169708273558967448e+00
2.216796875000000000e-01 -1.191060186787723296e+00
2.219238281250000000e-01 -1.212685888126117106e+00
2.221679687500000000e-01 -1.234587286244988036e+00
2.224121093750000000e-01 -1.256766289488055577e+00
2.226562500000000000e-01 -1.279224805864828340e+00
2.229003906250000000e-01 -1.301964743045672890e+00
2.231445312500000000e-01 -1.324988008359241576e+00
2.233886718750000000e-01 -1.348296508791847259e+00
2.236328125000000000e-01 -1.371892150989310721e+00
2.238769531250000000e-01 -1.395776841260726542e+00
2.241210937500000000e-01 -1.419952485584644819e+00
2.243652343750000000e-01 -1.444420989617185569e+00
2.246093750000000000e-01 -1.469184258702526336e+00
2.248535156250000000e-01 -1.494244197885421954e+00
2.250976562500000000e-01 -1.519602711925855942e+00
2.253417968750000000e-01 -1.545261705315880363e+00
2.255859375000000000e-01 -1.571223082298601526e+00
2.258300781250000000e-01 -1.597488746889183631e+00
2.260742187500000000e-01 -1.624060602898026673e+00
2.263183593750000000e-01 -1.650940553956132817e+00
2.265625000000000000e-01 -1.678130503542362817e+00
2.268066406250000000e-01 -1.705632355012895118e+00
2.270507812500000000e-01 -1.733448011632845009e+00
2.272949218750000000e-01 -1.761579376609759606e+00
2.275390625000000000e-01 -1.790028353129287098e+00
2.277832031250000000e-01 -1.818796844392892353e+00
2.280273437500000000e-01 -1.847886753657547843e+00
2.282714843750000000e-01 -1.877299984277627232e+00
2.285156250000000000e-01 -1.907038439748504288e+00
2.287597656250000000e-01 -1.937104023752510784e+00
2.290039062500000000e-01 -1.967498640206699179e+00
2.292480468750000000e-01 -1.998224193312694297e+00
2.294921875000000000e-01 -2.029282587608420840e+00
2.297363281250000000e-01 -2.060675728021976738e+00
2.299804687500000000e-01 -2.092405519927368118e+00
2.302246093750000000e-01 -2.124473869202290643e+00
2.304687500000000000e-01 -2.156882682287772468e+00
2.307128906250000000e-01 -2.189633866249877769e+00
2.309570312500000000e-01 -2.222729328843328744e+00
2.312011718750000000e-01 -2.256170978577060282e+00
2.314453125000000000e-01 -2.289960724781678891e+00
2.316894531250000000e-01 -2.324100477678982202e+00
2.319335937500000000e-01 -2.358592148453212189e+00
2.321777343750000000e-01 -2.393437649324454242e+00
2.324218750000000000e-01 -2.428638893623727313e+00
2.326660156250000000e-01 -2.464197795870219920e+00
2.329101562500000000e-01 -2.500116271850231442e+00
2.331542968750000000e-01 -2.536396238698188199e+00
2.333984375000000000e-01 -2.573039614979421685e+00
2.336425781250000000e-01 -2.610048320774922104e+00
2.338867187500000000e-01 -2.647424277768053003e+00
2.341308593750000000e-01 -2.685169409333070689e+00
2.343750000000000000e-01 -2.723285640625476844e+00
2.346191406250000000e-01 -2.761774898674531187e+00
2.348632812500000000e-01 -2.800639112477313120e+00
2.351074218750000000e-01 -2.839880213094957639e+00
2.353515625000000000e-01 -2.879500133750681812e+00
2.355957031250000000e-01 -2.919500809929658658e+00
2.358398437500000000e-01 -2.959884179480894772e+00
2.360839843750000000e-01 -3.000652182720870087e+00
2.363281250000000000e-01 -3.041806762539323472e+00
2.365722656250000000e-01 -3.083349864506601534e+00
2.368164062500000000e-01 -3.125283436983238516e+00
2.370605468750000000e-01 -3.167609431231241501e+00
2.373046875000000000e-01 -3.210329801527421978e+00
2.375488281250000000e-01 -3.253446505278546397e+00
2.377929687500000000e-01 -3.296961503138518879e+00
2.380371093750000000e-01 -3.340876759127411333e+00
2.382812500000000000e-01 -3.385194240752497308e+00
2.385253906250000000e-01 -3.429915919131232727e+00
2.387695312500000000e-01 -3.475043769116140879e+00
2.390136718750000000e-01 -3.520579769421772198e+00
2.392578125000000000e-01 -3.566525902753539867e+00
2.395019531250000000e-01 -3.612884155938559161e+00
2.397460937500000000e-01 -3.659656520058604201e+00
2.399902343750000000e-01 -3.706844990584940547e+00
2.402343750000000000e-01 -3.754451567515218358e+00
2.404785156250000000e-01 -3.802478255512468763e+00
2.407226562500000000e-01 -3.850927064046061332e+00
2.409667968750000000e-01 -3.899800007534878432e+00
2.412109375000000000e-01 -3.949099105492294370e+00
2.414550781250000000e-01 -3.998826382673669855e+00
2.416992187500000000e-01 -4.048983869225537546e+00
2.419433593750000000e-01 -4.099573600837246090e+00
2.421875000000000000e-01 -4.150597618894579455e+00
2.424316406250000000e-01 -4.202057970635607376e+00
2.426757812500000000e-01 -4.253956709308823747e+00
2.429199218750000000e-01 -4.306295894333317165e+00
2.431640625000000000e-01 -4.359077591461328893e+00
2.434082031250000000e-01 -4.412303872943098781e+00
2.436523437500000000e-01 -4.465976817693814382e+00
2.438964843750000000e-01 -4.520098511463132240e+00
2.441406250000000000e-01 -4.574671047006816593e+00
2.443847656250000000e-01 -4.629696524260921819e+00
2.446289062500000000e-01 -4.685177050518262831e+00
2.448730468750000000e-01 -4.741114740607372369e+00
2.451171875000000000e-01 -4.797511717073902560e+00
2.453613281250000000e-01 -4.854370110364484958e+00
2.456054687500000000e-01 -4.911692059013205380e+00
2.458496093750000000e-01 -4.969479709830579850e+00
2.460937500000000000e-01 -5.027735218095088499e+00
2.463378906250000000e-01 -5.086460747747437949e+00
2.465820312500000000e-01 -5.145658471587410077e+00
2.468261718750000000e-01 -5.205330571473496093e+00
2.470703125000000000e-01 -5.265479238525188066e+00
2.473144531250000000e-01 -5.326106673328183660e+00
2.475585937500000000e-01 -5.387215086142290943e+00
2.478027343750000000e-01 -5.448806697112317465e+00
2.480468750000000000e-01 -5.510883736481872575e+00
2.482910156250000000e-01 -5.573448444810111368e+00
2.485351562500000000e-01 -5.636503073191448721e+00
2.487792968750000000e-01 -5.700049883478499169e+00
2.490234375000000000e-01 -5.764091148508015294e+00
2.492675781250000000e-01 -5.828629152330051966e+00
2.495117187500000000e-01 -5.893666190440328023e+00
2.497558593750000000e-01 -5.959204570015927516e+00
2.500000000000000000e-01 -6.025246610154354698e+00
2.502441406250000000e-01 -6.091794642115900160e+00
2.504882812500000000e-01 -6.158851009569616508e+00
2.507324218750000000e-01 -6.226418068842733078e+00
2.509765625000000000e-01 -6.294498189173680203e+00
2.512207031250000000e-01 -6.363093752968893568e+00
2.514648437500000000e-01 -6.432207156063114439e+00
2.517089843750000000e-01 -6.501840807983782611e+00
2.519531250000000000e-01 -6.571997132219109972e+00
2.521972656250000000e-01 -6.642678566490204162e+00
2.524414062500000000e-01 -6.713887563027213901e+00
2.526855468750000000e-01 -6.785626588849581253e+00
2.529296875000000000e-01 -6.857898126050457677e+00
2.531738281250000000e-01 -6.930704672085525431e+00
2.534179687500000000e-01 -7.004048740066011192e+00
2.536621093750000000e-01 -7.077932859056360826e+00
2.539062500000000000e-01 -7.152359574376291107e+00
2.541503906250000000e-01 -7.227331447907587858e+00
2.543945312500000000e-01 -7.302851058405636309e+00
2.546386718750000000e-01 -7.378921001815797354e+00
2.548828125000000000e-01 -7.455543891594700767e+00
2.551269531250000000e-01 -7.532722359036625903e+00
2.553710937500000000e-01 -7.610459053605069357e+00
2.556152343750000000e-01 -7.688756643269542224e+00
2.558593750000000000e-01 -7.767617814847781688e+00
2.561035156250000000e-01 -7.847045274353504851e+00
2.563476562500000000e-01 -7.927041747349733214e+00
2.565917968750000000e-01 -8.007609979307886761e+00
2.568359375000000000e-01 -8.088752735972917662e+00
2.570800781250000000e-01 -8.170472803734213585e+00
2.573242187500000000e-01 -8.252772990002817721e+00
2.575683593750000000e-01 -8.335656123595001077e+00
2.578125000000000000e-01 -8.419125055122108847e+00
2.580566406250000000e-01 -8.503182657387149845e+00
2.583007812500000000e-01 -8.587831825788057927e+00
2.585449218750000000e-01 -8.673075478727881205e+00
2.587890625000000000e-01 -8.758916558032055377e+00
2.590332031250000000e-01 -8.845358029372874853e+00
2.592773437500000000e-01 -8.932402882701410363e+00
2.595214843750000000e-01 -9.020054132686979642e+00
2.597656250000000000e-01 -9.108314819164434084e+00
2.600097656250000000e-01 -9.197188007589303993e+00
2.602539062500000000e-01 -9.286676789501214557e+00
2.604980468750000000e-01 -9.376784282995565434e+00
2.607421875000000000e-01 -9.467513633203772372e+00
2.609863281250000000e-01 -9.558868012782291146e+00
2.612304687500000000e-01 -9.650850622410644064e+00
2.614746093750000000e-01 -9.743464691298605374e+00
2.617187500000000000e-01 -9.836713477702794250e+00
2.619628906250000000e-01 -9.930600269453051965e+00
2.622070312500000000e-01 -1.002512838448865296e+01
2.624511718750000000e-01 -1.012030117140466956e+01
2.626953125000000000e-01 -1.021612201000882436e+01
2.629394531250000000e-01 -1.031259431188903619e+01
2.631835937500000000e-01 -1.040972152099187298e+01
2.634277343750000000e-01 -1.050750711421237327e+01
2.636718750000000000e-01 -1.060595460199527906e+01
2.639160156250000000e-01 -1.070506752894831948e+01
2.641601562500000000e-01 -1.080484947446742439e+01
2.644042968750000000e-01 -1.090530405337466391e+01
2.646484375000000000e-01 -1.100643491656884976e+01
2.648925781250000000e-01 -1.110824575168936690e+01
2.651367187500000000e-01 -1.121074028379354104e+01
2.653808593750000000e-01 -1.131392227604783329e+01
2.656250000000000000e-01 -1.141779553043342332e+01
2.658691406250000000e-01 -1.152236388846625914e+01
2.661132812500000000e-01 -1.162763123193235515e+01
2.663574218750000000e-01 -1.173360148363844502e+01
2.666015625000000000e-01 -1.184027860817857203e+01
2.668457031250000000e-01 -1.194766661271705743e+01
2.670898437500000000e-01 -1.205576954778823051e+01
2.673339843750000000e-01 -1.216459150811340351e+01
2.675781250000000000e-01 -1.227413663343575934e+01
2.678222656250000000e-01 -1.238440910937332262e+01
2.680664062500000000e-01 -1.249541316829093063e+01
2.683105468750000000e-01 -1.260715309019133201e+01
2.685546875000000000e-01 -1.271963320362635130e+01
2.687988281250000000e-01 -1.283285788662848148e+01
2.690429687500000000e-01 -1.294683156766350862e+01
2.692871093750000000e-01 -1.306155872660491468e+01
2.695312500000000000e-01 -1.317704389573055579e+01
2.697753906250000000e-01 -1.329329166074236923e+01
2.700195312500000000e-01 -1.341030666180978415e+01
2.702636718750000000e-01 -1.352809359463751804e+01
2.705078125000000000e-01 -1.364665721155853362e+01
2.707519531250000000e-01 -1.376600232265290913e+01
2.709960937500000000e-01 -1.388613379689336114e+01
2.712402343750000000e-01 -1.400705656331838611e+01
2.714843750000000000e-01 -1.412877561223364609e+01
2.717285156250000000e-01 -1.425129599644276368e+01
2.719726562500000000e-01 -1.437462283250815176e+01
2.722167968750000000e-01 -1.449876130204306435e+01
2.724609375000000000e-01 -1.462371665303567170e+01
2.727050781250000000e-01 -1.474949420120638166e+01
2.729492187500000000e-01 -1.487609933139920315e+01
2.731933593750000000e-01 -1.500353749900857991e+01
2.734375000000000000e-01 -1.513181423144249749e+01
2.736816406250000000e-01 -1.526093512962331289e+01
2.739257812500000000e-01 -1.539090586952748652e+01
2.741699218750000000e-01 -1.552173220376529628e+01
2.744140625000000000e-01 -1.565341996320226770e+01
2.746582031250000000e-01 -1.578597505862324368e+01
2.749023437500000000e-01 -1.591940348244092718e+01
2.751464843750000000e-01 -1.605371131045016853e+01
2.753906250000000000e-01 -1.618890470362963185e+01
2.756347656250000000e-01 -1.632498990999242494e+01
2.758789062500000000e-01 -1.646197326648751158e+01
2.761230468750000000e-01 -1.659986120095347673e+01
2.763671875000000000e-01 -1.673866023412658421e+01
2.766113281250000000e-01 -1.687837698170509526e+01
2.768554687500000000e-01 -1.701901815647168803e+01
2.770996093750000000e-01 -1.716059057047615966e+01
2.773437500000000000e-01 -1.730310113728056365e+01
2.775878906250000000e-01 -1.744655687426896407e+01
2.778320312500000000e-01 -1.759096490502430754e+01
2.780761718750000000e-01 -1.773633246177469402e+01
2.783203125000000000e-01 -1.788266688791166104e+01
2.785644531250000000e-01 -1.802997564058333779e+01
2.788085937500000000e-01 -1.817826629336485666e+01
2.790527343750000000e-01 -1.832754653900951780e+01
2.792968750000000000e-01 -1.847782419228303041e+01
2.795410156250000000e-01 -1.862910719288482397e+01
2.797851562500000000e-01 -1.878140360845900858e+01
2.800292968750000000e-01 -1.893472163769901329e+01
2.802734375000000000e-01 -1.908906961354934850e+01
2.805175781250000000e-01 -1.924445600650811627e+01
2.807617187500000000e-01 -1.940088942803470218e+01
2.810058593750000000e-01 -1.955837863406642896e+01
2.812500000000000000e-01 -1.971693252864871937e+01
2.814941406250000000e-01 -1.987656016768344358e+01
2.817382812500000000e-01 -2.003727076280005548e+01
2.819824218750000000e-01 -2.019907368535475456e+01
2.822265625000000000e-01 -2.036197847056288879e+01
2.824707031250000000e-01 -2.052599482177012646e+01
2.827148437500000000e-01 -2.069113261486837274e+01
2.829589843750000000e-01 -2.085740190286230700e+01
2.832031250000000000e-01 -2.102481292059324858e+01
2.834472656250000000e-01 -2.119337608962698738e+01
2.836914062500000000e-01 -2.136310202331259944e+01
2.839355468750000000e-01 -2.153400153201995693e+01
2.841796875000000000e-01 -2.170608562856352819e+01
2.844238281250000000e-01 -2.187936553382112237e+01
2.846679687500000000e-01 -2.205385268255574260e+01
2.849121093750000000e-01 -2.222955872945050970e+01
2.851562500000000000e-01 -2.240649555536540305e+01
2.854003906250000000e-01 -2.258467527382696005e+01
2.856445312500000000e-01 -2.276411023776104514e+01
2.858886718750000000e-01 -2.294481304648031994e+01
2.861328125000000000e-01 -2.312679655293842274e+01
2.863769531250000000e-01 -2.331007387126341257e+01
2.866210937500000000e-01 -2.349465838458400668e+01
2.868652343750000000e-01 -2.368056375316264450e+01
2.871093750000000000e-01 -2.386780392285030672e+01
2.873535156250000000e-01 -2.405639313387932532e+01
2.875976562500000000e-01 -2.424634593001024285e+01
2.878417968750000000e-01 -2.443767716805120926e+01
2.880859375000000000e-01 -2.463040202776822696e+01
2.883300781250000000e-01 -2.482453602220650168e+01
2.885742187500000000e-01 -2.502009500844384604e+01
2.888183593750000000e-01 -2.521709519879880190e+01
2.890625000000000000e-01 -2.541555317251720680e+01
2.893066406250000000e-01 -2.561548588796259196e+01
2.895507812500000000e-01 -2.581691069533738414e+01
2.897949218750000000e-01 -2.601984534996350362e+01
2.900390625000000000e-01 -2.622430802615284762e+01
2.902832031250000000e-01 -2.643031733170045783e+01
2.905273437500000000e-01 -2.663789232303443555e+01
2.907714843750000000e-01 -2.684705252105988649e+01
2.910156250000000000e-01 -2.705781792773635885e+01
2.912597656250000000e-01 -2.727020904343022778e+01
2.915039062500000000e-01 -2.748424688508792002e+01
2.917480468750000000e-01 -2.769995300527656923e+01
2.919921875000000000e-01 -2.791734951214493776e+01
2.922363281250000000e-01 -2.813645909035834336e+01
2.924804687500000000e-01 -2.835730502306703471e+01
2.927246093750000000e-01 -2.857991121497093445e+01
2.929687500000000000e-01 -2.880430221654827250e+01
2.932128906250000000e-01 -2.903050324952076267e+01
2.934570312500000000e-01 -2.925854023363342549e+01
2.937011718750000000e-01 -2.948843981483260279e+01
2.939453125000000000e-01 -2.972022939493241722e+01
2.941894531250000000e-01 -2.995393716286702102e+01
2.944335937500000000e-01 -3.018959212763260780e+01
2.946777343750000000e-01 -3.042722415303256156e+01
2.949218750000000000e-01 -3.066686399434709642e+01
2.951660156250000000e-01 -3.090854333705910051e+01
2.954101562500000000e-01 -3.115229483777822139e+01
2.956542968750000000e-01 -3.139815216751671301e+01
2.958984375000000000e-01 -3.164615005748440524e+01
2.961425781250000000e-01 -3.189632434758252799e+01
2.963867187500000000e-01 -3.214871203779301112e+01
2.966308593750000000e-01 -3.240335134267613881e+01
2.968750000000000000e-01 -3.266028174920717930e+01
2.971191406250000000e-01 -3.291954407820543338e+01
2.973632812500000000e-01 -3.318118054962902619e+01
2.976074218750000000e-01 -3.344523485203504976e+01
2.978515625000000000e-01 -3.371175221653274434e+01
2.980957031250000000e-01 -3.398077949558631161e+01
2.983398437500000000e-01 -3.425236524705923813e+01
2.985839843750000000e-01 -3.452655982392815304e+01
2.988281250000000000e-01 -3.480341547013727421e+01
2.990722656250000000e-01 -3.508298642310961668e+01
2.993164062500000000e-01 -3.536532902348332641e+01
2.995605468750000000e-01 -3.565050183269908501e+01
2.998046875000000000e-01 -3.593856575912855789e+01
3.000488281250000000e-01 -3.622958419350706549e+01
3.002929687500000000e-01 -3.652362315451210151e+01
3.005371093750000000e-01 -3.682075144542317702e+01
3.007812500000000000e-01 -3.712104082289789631e+01
3.010253906250000000e-01 -3.742456617901618188e+01
3.012695312500000000e-01 -3.773140573787248542e+01
3.015136718750000000e-01 -3.804164126814548297e+01
3.017578125000000000e-01 -3.835535831323831246e+01
3.020019531250000000e-01 -3.867264644077411617e+01
3.022460937500000000e-01 -3.899359951344591479e+01
3.024902343750000000e-01 -3.931831598346394685e+01
3.027343750000000000e-01 -3.964689921312731258e+01
3.029785156250000000e-01 -3.997945782436569573e+01
3.032226562500000000e-01 -4.031610608046645439e+01
3.034667968750000000e-01 -4.065696430362729075e+01
3.037109375000000000e-01 -4.100215933246579425e+01
3.039550781250000000e-01 -4.135182502418346928e+01
3.041992187500000000e-01 -4.170610280673696479e+01
3.044433593750000000e-01 -4.206514228714273429e+01
3.046875000000000000e-01 -4.242910192292194438e+01
3.049316406250000000e-01 -4.279814976475024224e+01
3.051757812500000000e-01 -4.317246427959440069e+01
3.054199218750000000e-01 -4.355223526506674148e+01
3.056640625000000000e-01 -4.393766486743547262e+01
3.059082031250000000e-01 -4.432896871775715653e+01
3.061523437500000000e-01 -4.472637720300397746e+01
3.063964843750000000e-01 -4.513013689194626465e+01
3.066406250000000000e-01 -4.554051213900783779e+01
3.068847656250000000e-01 -4.595778689348210833e+01
3.071289062500000000e-01 -4.638226674654477932e+01
3.073730468750000000e-01 -4.681428125463716583e+01
3.076171875000000000e-01 -4.725418658530615801e+01
3.078613281250000000e-01 -4.770236854079711009e+01
3.081054687500000000e-01 -4.815924602610339633e+01
3.083496093750000000e-01 -4.862527504232377140e+01
3.085937500000000000e-01 -4.910095330388054435e+01
3.088378906250000000e-01 -4.958682560043098420e+01
3.090820312500000000e-01 -5.008349005250223485e+01
3.093261718750000000e-01 -5.059160544590970687e+01
3.095703125000000000e-01 -5.111189987629471432e+01
3.098144531250000000e-01 -5.164518099518421934e+01
3.100585937500000000e-01 -5.219234822746918212e+01
3.103027343750000000e-01 -5.275440743392520204e+01
3.105468750000000000e-01 -5.333248863065591650e+01
3.107910156250000000e-01 -5.392786756382896840e+01
3.110351562500000000e-01 -5.454199219241976948e+01
3.112792968750000000e-01 -5.517651548309686405e+01
3.115234375000000000e-01 -5.583333641361670630e+01
3.117675781250000000e-01 -5.651465178094549913e+01
3.120117187500000000e-01 -5.722302242189758203e+01
3.122558593750000000e-01 -5.796145894276901345e+01
3.125000000000000000e-01 -5.873353428934822773e+01
3.127441406250000000e-01 -5.954353391901181425e+01
3.129882812500000000e-01 -6.039665973339659644e+01
3.132324218750000000e-01 -6.129931266029463899e+01
3.134765625000000000e-01 -6.225949334834162130e+01
3.137207031250000000e-01 -6.328738566524123144e+01
3.139648437500000000e-01 -6.439623321669110112e+01
3.142089843750000000e-01 -6.560370538041767929e+01
3.144531250000000000e-01 -6.693412264229424125e+01
3.146972656250000000e-01 -6.842228449042809757e+01
3.149414062500000000e-01 -7.012052149331771034e+01
3.151855468750000000e-01 -7.211290354010296255e+01
3.154296875000000000e-01 -7.454759381917847350e+01
3.156738281250000000e-01 -7.772504275116548911e+01
3.159179687500000000e-01 -8.242238135197013094e+01
3.161621093750000000e-01 -9.225203244793490853e+01
3.164062500000000000e-01 -9.241702653822945024e+01
3.166503906250000000e-01 -8.316555231161395056e+01
3.168945312500000000e-01 -7.899681626666072987e+01
3.171386718750000000e-01 -7.634097891987440221e+01
3.173828125000000000e-01 -7.442567592179604219e+01
3.176269531250000000e-01 -7.295178557144488707e+01
3.178710937500000000e-01 -7.177167988858506931e+01
3.181152343750000000e-01 -7.080155953301817817e+01
3.183593750000000000e-01 -6.998925533951799594e+01
3.186035156250000000e-01 -6.930007734231834604e+01
3.188476562500000000e-01 -6.870978721019595525e+01
3.190917968750000000e-01 -6.820078204769204433e+01
3.193359375000000000e-01 -6.775987511222483306e+01
3.195800781250000000e-01 -6.737693311437655552e+01
3.198242187500000000e-01 -6.704400162449022105e+01
3.200683593750000000e-01 -6.675472272485619385e+01
3.203125000000000000e-01 -6.650393501640587601e+01
3.205566406250000000e-01 -6.628739146593264309e+01
3.208007812500000000e-01 -6.610155573033998166e+01
3.210449218750000000e-01 -6.594345212791216682e+01
3.212890625000000000e-01 -6.581055313362546144e+01
3.215332031250000000e-01 -6.570069365871660239e+01
3.217773437500000000e-01 -6.561200479700627852e+01
3.220214843750000000e-01 -6.554286195023959749e+01
3.222656250000000000e-01 -6.549184373024412764e+01
3.225097656250000000e-01 -6.545769904515798032e+01
3.227539062500000000e-01 -6.543932047540097585e+01
3.229980468750000000e-01 -6.543572253635814207e+01
3.232421875000000000e-01 -6.544602377540967098e+01
3.234863281250000000e-01 -6.546943190489218978e+01
3.237304687500000000e-01 -6.550523135852218104e+01
3.239746093750000000e-01 -6.555277279698560733e+01
3.242187500000000000e-01 -6.561146419173323352e+01
3.244628906250000000e-01 -6.568076319439752808e+01
3.247070312500000000e-01 -6.576017055919477627e+01
3.249511718750000000e-01 -6.584922443179964091e+01
3.251953125000000000e-01 -6.594749535413548358e+01
3.254394531250000000e-01 -6.605458186265434506e+01
3.256835937500000000e-01 -6.617010657998339695e+01
3.259277343750000000e-01 -6.629371271742472516e+01
3.261718750000000000e-01 -6.642506092007552354e+01
3.264160156250000000e-01 -6.656382639778676946e+01
3.266601562500000000e-01 -6.670969629451623462e+01
3.269042968750000000e-01 -6.686236725640725354e+01
3.271484375000000000e-01 -6.702154316521196620e+01
3.273925781250000000e-01 -6.718693300928183021e+01
3.276367187500000000e-01 -6.735824886875337825e+01
3.278808593750000000e-01 -6.753520399578030720e+01
3.281250000000000000e-01 -6.771751097418554366e+01
3.283691406250000000e-01 -6.790487994615452294e+01
3.286132812500000000e-01 -6.809701689674280090e+01
3.288574218750000000e-01 -6.829362198988090427e+01
3.291015625000000000e-01 -6.849438795242149070e+01
3.293457031250000000e-01 -6.869899850574327616e+01
3.295898437500000000e-01 -6.890712684740893224e+01
3.298339843750000000e-01 -6.911843418846345344e+01
3.300781250000000000e-01 -6.933256835510022142e+01
3.303222656250000000e-01 -6.954916246700537386e+01
3.305664062500000000e-01 -6.976783370798830219e+01
3.308105468750000000e-01 -6.998818220838313664e+01
3.310546875000000000e-01 -7.020979006226160379e+01
3.312988281250000000e-01 -7.043222050642641818e+01
3.315429687500000000e-01 -7.065501729167630174e+01
3.317871093750000000e-01 -7.087770428040055037e+01
3.320312500000000000e-01 -7.109978530749307879e+01
3.322753906250000000e-01 -7.132074434403763519e+01
3.325195312500000000e-01 -7.154004600480564591e+01
3.327636718750000000e-01 -7.175713644092529364e+01
3.330078125000000000e-01 -7.197144465808217717e+01
3.332519531250000000e-01 -7.218238429766702779e+01
3.334960937500000000e-01 -7.238935591363471644e+01
3.337402343750000000e-01 -7.259174977005416451e+01
3.339843750000000000e-01 -7.278894917503347983e+01
3.342285156250000000e-01 -7.298033435378799538e+01
3.344726562500000000e-01 -7.316528684872525901e+01
3.347167968750000000e-01 -7.334319441678374574e+01
3.349609375000000000e-01 -7.351345637488309137e+01
3.352050781250000000e-01 -7.367548932349397717e+01
3.354492187500000000e-01 -7.382873315736270570e+01
3.356933593750000000e-01 -7.397265725165527783e+01
3.359375000000000000e-01 -7.410676669383640558e+01
3.361816406250000000e-01 -7.423060841582348246e+01
3.364257812500000000e-01 -7.434377707104079036e+01
3.366699218750000000e-01 -7.444592049588506200e+01
3.369140625000000000e-01 -7.453674459751063353e+01
3.371582031250000000e-01 -7.461601751899287649e+01
3.374023437500000000e-01 -7.468357294974600791e+01
3.376464843750000000e-01 -7.473931247289209523e+01
3.378906250000000000e-01 -7.478320687035103731e+01
3.381347656250000000e-01 -7.481529634081796587e+01
3.383789062500000000e-01 -7.483568962199747432e+01
3.386230468750000000e-01 -7.484456204555016257e+01
3.388671875000000000e-01 -7.484215258834089468e+01
3.391113281250000000e-01 -7.482876001574464908e+01
3.393554687500000000e-01 -7.480473823851977500e+01
3.395996093750000000e-01 -7.477049102553168325e+01
3.398437500000000000e-01 -7.472646622650269421e+01
3.400878906250000000e-01 -7.467314966496965667e+01
3.403320312500000000e-01 -7.461105885954907535e+01
3.405761718750000000e-01 -7.454073672362333980e+01
3.408203125000000000e-01 -7.446274538053725678e+01
3.410644531250000000e-01 -7.437766021391935567e+01
3.413085937500000000e-01 -7.428606425339592079e+01
3.415527343750000000e-01 -7.418854297454446112e+01
3.417968750000000000e-01 -7.408567957112913405e+01
3.420410156250000000e-01 -7.397805073735614201e+01
3.422851562500000000e-01 -7.386622297933959658e+01
3.425292968750000000e-01 -7.375074945881894450e+01
3.427734375000000000e-01 -7.363216735805470137e+01
3.430175781250000000e-01 -7.351099574417739291e+01
3.432617187500000000e-01 -7.338773390230171856e+01
3.435058593750000000e-01 -7.326286010092908896e+01
3.437500000000000000e-01 -7.313683074919732974e+01
3.439941406250000000e-01 -7.301007990350539956e+01
3.442382812500000000e-01 -7.288301908090262771e+01
3.444824218750000000e-01 -7.275603733721467847e+01
3.447265625000000000e-01 -7.262950156997372630e+01
3.449707031250000000e-01 -7.250375700871353501e+01
3.452148437500000000e-01 -7.237912785819999328e+01
3.454589843750000000e-01 -7.225591806352429103e+01
3.457031250000000000e-01 -7.213441216926888444e+01
3.459472656250000000e-01 -7.201487624850412317e+01
3.461914062500000000e-01 -7.189755888046779830e+01
3.464355468750000000e-01 -7.178269215903829092e+01
3.466796875000000000e-01 -7.167049271678146738e+01
3.469238281250000000e-01 -7.156116275213804556e+01
3.471679687500000000e-01 -7.145489104955733239e+01
3.474121093750000000e-01 -7.135185398447384841e+01
3.476562500000000000e-01 -7.125221650697847053e+01
3.479003906250000000e-01 -7.115613309937482711e+01
3.481445312500000000e-01 -7.106374870451824677e+01
3.483886718750000000e-01 -7.097519962274640193e+01
3.486328125000000000e-01 -7.089061437629901263e+01
3.488769531250000000e-01 -7.081011454099464686e+01
3.491210937500000000e-01 -7.073381554562088525e+01
3.493652343750000000e-01 -7.066182744001521598e+01
3.496093750000000000e-01 -7.059425563337229903e+01
3.498535156250000000e-01 -7.053120160467781830e+01
3.500976562500000000e-01 -7.047276358750440295e+01
3.503417968750000000e-01 -7.041903723177222219e+01
3.505859375000000000e-01 -7.037011624503224994e+01
3.508300781250000000e-01 -7.032609301651730505e+01
3.510742187500000000e-01 -7.028705922688955354e+01
3.513183593750000000e-01 -7.025310644713806596e+01
3.515625000000000000e-01 -7.022432673015677551e+01
3.518066406250000000e-01 -7.020081319863388103e+01
3.520507812500000000e-01 -7.018266063326193205e+01
3.522949218750000000e-01 -7.016996606539440506e+01
3.525390625000000000e-01 -7.016282937854933266e+01
3.527832031250000000e-01 -7.016135392347554500e+01
3.530273437500000000e-01 -7.016564715197252156e+01
3.532714843750000000e-01 -7.017582127491938593e+01
3.535156250000000000e-01 -7.019199395055413504e+01
3.537597656250000000e-01 -7.021428900973896248e+01
3.540039062500000000e-01 -7.024283722548655362e+01
3.542480468750000000e-01 -7.027777713509357227e+01
3.544921875000000000e-01 -7.031925592401140079e+01
3.547363281250000000e-01 -7.036743038202392597e+01
3.549804687500000000e-01 -7.042246794355123996e+01
3.552246093750000000e-01 -7.048454782577080380e+01
3.554687500000000000e-01 -7.055386228012638128e+01
3.557128906250000000e-01 -7.063061797548596132e+01
3.559570312500000000e-01 -7.071503753388371649e+01
3.562011718750000000e-01 -7.080736124362883288e+01
3.564453125000000000e-01 -7.090784897865036385e+01
3.566894531250000000e-01 -7.101678235823554530e+01
3.569335937500000000e-01 -7.113446718789927559e+01
3.571777343750000000e-01 -7.126123622960199100e+01
3.574218750000000000e-01 -7.139745235937724033e+01
3.576660156250000000e-01 -7.154351218248250177e+01
3.579101562500000000e-01 -7.169985019064704090e+01
3.581542968750000000e-01 -7.186694356503538472e+01
3.583984375000000000e-01 -7.204531775165840202e+01
3.586425781250000000e-01 -7.223555296590761543e+01
3.588867187500000000e-01 -7.243829182087283414e+01
3.591308593750000000e-01 -7.265424832314155879e+01
3.593750000000000000e-01 -7.288421854348530360e+01
3.596191406250000000e-01 -7.312909335331984551e+01
3.598632812500000000e-01 -7.338987372831928724e+01
3.601074218750000000e-01 -7.366768926836255105e+01
3.603515625000000000e-01 -7.396382078248232972e+01
3.605957031250000000e-01 -7.427972806096350666e+01
3.608398437500000000e-01 -7.461708433492837855e+01
3.610839843750000000e-01 -7.497781945602559972e+01
3.613281250000000000e-01 -7.536417458743383690e+01
3.615722656250000000e-01 -7.577877229923862501e+01
3.618164062500000000e-01 -7.622470758854363737e+01
3.620605468750000000e-01 -7.670566780047218458e+01
3.623046875000000000e-01 -7.722609321473007071e+01
3.625488281250000000e-01 -7.779139605886267361e+01
3.627929687500000000e-01 -7.840826547487412768e+01
3.630371093750000000e-01 -7.908510239447994650e+01
3.632812500000000000e-01 -7.983265696673863943e+01
3.635253906250000000e-01 -8.066499348921193757e+01
3.637695312500000000e-01 -8.160100813354947036e+01
3.640136718750000000e-01 -8.266692925763555877e+01
3.642578125000000000e-01 -8.390067879106076987e+01
3.645019531250000000e-01 -8.536005260900253688e+01
3.647460937500000000e-01 -8.713960236402073178e+01
3.649902343750000000e-01 -8.941040902194148998e+01
3.652343750000000000e-01 -9.253441115506888082e+01
3.654785156250000000e-01 -9.752887385479486682e+01
3.657226562500000000e-01 -1.108628642435089091e+02
3.659667968750000000e-01 -1.023192094444834339e+02
3.662109375000000000e-01 -9.476897895023415686e+01
3.664550781250000000e-01 -9.076810018044227490e+01
3.666992187500000000e-01 -8.802356694476286236e+01
3.669433593750000000e-01 -8.592995137750074264e+01
3.671875000000000000e-01 -8.423597476356593461e+01
3.674316406250000000e-01 -8.281288302227007136e+01
3.676757812500000000e-01 -8.158581736285086095e+01
3.679199218750000000e-01 -8.050738432905563968e+01
3.681640625000000000e-01 -7.954567175839986248e+01
3.684082031250000000e-01 -7.867816284442635322e+01
3.686523437500000000e-01 -7.788837501307966704e+01
3.688964843750000000e-01 -7.716387923868853704e+01
3.691406250000000000e-01 -7.649507079871985127e+01
3.693847656250000000e-01 -7.587437336437878344e+01
3.696289062500000000e-01 -7.529570512716858843e+01
3.698730468750000000e-01 -7.475410980268782168e+01
3.701171875000000000e-01 -7.424549494727531851e+01
3.703613281250000000e-01 -7.376644218641047246e+01
3.706054687500000000e-01 -7.331406687144979628e+01
3.708496093750000000e-01 -7.288591247778778381e+01
3.710937500000000000e-01 -7.247986990949236485e+01
3.713378906250000000e-01 -7.209411497797707113e+01
3.715820312500000000e-01 -7.172705935400794885e+01
3.718261718750000000e-01 -7.137731165265603295e+01
3.720703125000000000e-01 -7.104364623858214145e+01
3.723144531250000000e-01 -7.072497798392052459e+01
3.725585937500000000e-01 -7.042034166575227516e+01
3.728027343750000000e-01 -7.012887501629134590e+01
3.730468750000000000e-01 -6.984980467542746396e+01
3.732910156250000000e-01 -6.958243446906033114e+01
3.735351562500000000e-01 -6.932613556620491124e+01
3.737792968750000000e-01 -6.908033816486837964e+01
3.740234375000000000e-01 -6.884452443056829907e+01
3.742675781250000000e-01 -6.861822246781183310e+01
3.745117187500000000e-01 -6.840100114861013481e+01
3.747558593750000000e-01 -6.819246565605971000e+01
3.750000000000000000e-01 -6.799225362775599990e+01
3.752441406250000000e-01 -6.780003180492789738e+01
3.754882812500000000e-01 -6.761549310997017415e+01
3.757324218750000000e-01 -6.743835408851722946e+01
3.759765625000000000e-01 -6.726835266309535655e+01
3.762207031250000000e-01 -6.710524615409167382e+01
3.764648437500000000e-01 -6.694880953105284505e+01
3.767089843750000000e-01 -6.679883386308188165e+01
3.769531250000000000e-01 -6.665512494207187899e+01
3.771972656250000000e-01 -6.651750205634250790e+01
3.774414062500000000e-01 -6.638579689572135578e+01
3.776855468750000000e-01 -6.625985257176941445e+01
3.779296875000000000e-01 -6.613952273923572989e+01
3.781738281250000000e-01 -6.602467080672185773e+01
3.784179687500000000e-01 -6.591516922623614505e+01
3.786621093750000000e-01 -6.581089885267373063e+01
3.789062500000000000e-01 -6.571174836544555831e+01
3.791503906250000000e-01 -6.561761374552298776e+01
3.793945312500000000e-01 -6.552839780197086839e+01
3.796386718750000000e-01 -6.544400974284333472e+01
3.798828125000000000e-01 -6.536436478593743971e+01
3.801269531250000000e-01 -6.528938380540904518e+01
3.803710937500000000e-01 -6.521899301081424483e+01
3.806152343750000000e-01 -6.515312365544581041e+01
3.808593750000000000e-01 -6.509171177135512210e+01
3.811035156250000000e-01 -6.503469792856861886e+01
3.813476562500000000e-01 -6.498202701647315394e+01
3.815917968750000000e-01 -6.493364804542227375e+01
3.818359375000000000e-01 -6.488951396700102237e+01
3.820800781250000000e-01 -6.484958151140651239e+01
3.823242187500000000e-01 -6.481381104069150467e+01
3.825683593750000000e-01 -6.478216641675101073e+01
3.828125000000000000e-01 -6.475461488297395363e+01
3.830566406250000000e-01 -6.473112695875155964e+01
3.833007812500000000e-01 -6.471167634601866325e+01
3.835449218750000000e-01 -6.469623984716589860e+01
3.837890625000000000e-01 -6.468479729374178078e+01
3.840332031250000000e-01 -6.467733148543345578e+01
3.842773437500000000e-01 -6.467382813891320836e+01
3.845214843750000000e-01 -6.467427584617676928e+01
3.847656250000000000e-01 -6.467866604212902359e+01
3.850097656250000000e-01 -6.468699298114172791e+01
3.852539062500000000e-01 -6.469925372249093698e+01
3.854980468750000000e-01 -6.471544812451759299e+01
3.857421875000000000e-01 -6.473557884751519964e+01
3.859863281250000000e-01 -6.475965136533848465e+01
3.862304687500000000e-01 -6.478767398584555792e+01
3.864746093750000000e-01 -6.481965788026774078e+01
3.867187500000000000e-01 -6.485561712174961713e+01
3.869628906250000000e-01 -6.489556873330661801e+01
3.872070312500000000e-01 -6.493953274553595634e+01
3.874511718750000000e-01 -6.498753226447435338e+01
3.876953125000000000e-01 -6.503959355009911292e+01
3.879394531250000000e-01 -6.509574610603948486e+01
3.881835937500000000e-01 -6.515602278109344070e+01
3.884277343750000000e-01 -6.522045988338466316e+01
3.886718750000000000e-01 -6.528909730793638744e+01
3.889160156250000000e-01 -6.536197867867068112e+01
3.891601562500000000e-01 -6.543915150594141039e+01
3.894042968750000000e-01 -6.552066736079711973e+01
3.896484375000000000e-01 -6.560658206748533416e+01
3.898925781250000000e-01 -6.569695591567139559e+01
3.901367187500000000e-01 -6.579185389427658492e+01
3.903808593750000000e-01 -6.589134594892129826e+01
3.906250000000000000e-01 -6.599550726528670452e+01
3.908691406250000000e-01 -6.610441858103376944e+01
3.911132812500000000e-01 -6.621816652918695922e+01
3.913574218750000000e-01 -6.633684401639864348e+01
3.916015625000000000e-01 -6.646055063985525635e+01
3.918457031250000000e-01 -6.658939314723461678e+01
3.920898437500000000e-01 -6.672348594462313542e+01
3.923339843750000000e-01 -6.686295165805674401e+01
3.925781250000000000e-01 -6.700792175526297001e+01
3.928222656250000000e-01 -6.715853723497585293e+01
3.930664062500000000e-01 -6.731494939246674392e+01
3.933105468750000000e-01 -6.747732067120995225e+01
3.935546875000000000e-01 -6.764582561219880574e+01
3.937988281250000000e-01 -6.782065191421325778e+01
3.940429687500000000e-01 -6.800200162066958853e+01
3.942871093750000000e-01 -6.819009245115913131e+01
3.945312500000000000e-01 -6.838515929910288094e+01
3.947753906250000000e-01 -6.858745592058741636e+01
3.950195312500000000e-01 -6.879725684409420694e+01
3.952636718750000000e-01 -6.901485953640437288e+01
3.955078125000000000e-01 -6.924058686666133156e+01
3.957519531250000000e-01 -6.947478991894188027e+01
3.959960937500000000e-01 -6.971785121382318096e+01
3.962402343750000000e-01 -6.997018841210508810e+01
3.964843750000000000e-01 -7.023225858975443714e+01
3.967285156250000000e-01 -7.050456319262063687e+01
3.969726562500000000e-01 -7.078765380476218638e+01
3.972167968750000000e-01 -7.108213889567826982e+01
3.974609375000000000e-01 -7.138869175262668421e+01
3.977050781250000000e-01 -7.170805985648672731e+01
3.979492187500000000e-01 -7.204107602806166710e+01
3.981933593750000000e-01 -7.238867176149126692e+01
3.984375000000000000e-01 -7.275189328044396575e+01
3.986816406250000000e-01 -7.313192101258252364e+01
3.989257812500000000e-01 -7.353009339419037360e+01
3.991699218750000000e-01 -7.394793621393635874e+01
3.994140625000000000e-01 -7.438719911801715057e+01
3.996582031250000000e-01 -7.484990148173690727e+01
3.999023437500000000e-01 -7.533839068775864689e+01
4.001464843750000000e-01 -7.585541706872773204e+01
4.003906250000000000e-01 -7.640423158097306100e+01
4.006347656250000000e-01 -7.698871501961106389e+01
4.008789062500000000e-01 -7.761355184660482109e+01
4.011230468750000000e-01 -7.828446849516404882e+01
4.013671875000000000e-01 -7.900856716513074218e+01
4.016113281250000000e-01 -7.979480505750484554e+01
4.018554687500000000e-01 -8.065470241394154982e+01
4.020996093750000000e-01 -8.160342442061140389e+01
4.023437500000000000e-01 -8.266150214359075221e+01
4.025878906250000000e-01 -8.385770685916270395e+01
4.028320312500000000e-01 -8.523415108453068001e+01
4.030761718750000000e-01 -8.685607248668002001e+01
4.033203125000000000e-01 -8.883264533797066065e+01
4.035644531250000000e-01 -9.136820456070553576e+01
4.038085937500000000e-01 -9.492023501159953014e+01
4.040527343750000000e-01 -1.009396021372183156e+02
4.042968750000000000e-01 -1.398095083144472142e+02
4.045410156250000000e-01 -1.012435551874653754e+02
4.047851562500000000e-01 -9.522616441631303985e+01
4.050292968750000000e-01 -9.174324507232852000e+01
4.052734375000000000e-01 -8.929360816087204000e+01
4.055175781250000000e-01 -8.740971415663807420e+01
4.057617187500000000e-01 -8.588388436587352714e+01
4.060058593750000000e-01 -8.460551812904425617e+01
4.062500000000000000e-01 -8.350867043971119585e+01
4.064941406250000000e-01 -8.255084105433407160e+01
4.067382812500000000e-01 -8.170303081669933931e+01
4.069824218750000000e-01 -8.094456801119520151e+01
4.072265625000000000e-01 -8.026019772953496556e+01
4.074707031250000000e-01 -7.963834139218671737e+01
4.077148437500000000e-01 -7.907000368123084399e+01
4.079589843750000000e-01 -7.854805780719861730e+01
4.082031250000000000e-01 -7.806676209477946315e+01
4.084472656250000000e-01 -7.762142348689452831e+01
4.086914062500000000e-01 -7.720815744365476974e+01
4.089355468750000000e-01 -7.682371288865726910e+01
4.091796875000000000e-01 -7.646534213955420967e+01
4.094238281250000000e-01 -7.613070262784006559e+01
4.096679687500000000e-01 -7.581778151841965041e+01
4.099121093750000000e-01 -7.552483711148576617e+01
4.101562500000000000e-01 -7.525035273447997497e+01
4.104003906250000000e-01 -7.499300006079289460e+01
4.106445312500000000e-01 -7.475160963398397485e+01
4.108886718750000000e-01 -7.452514696410980832e+01
4.111328125000000000e-01 -7.431269297898899140e+01
4.113769531250000000e-01 -7.411342791278580933e+01
4.116210937500000000e-01 -7.392661793210268684e+01
4.118652343750000000e-01 -7.375160396081587066e+01
4.121093750000000000e-01 -7.358779228452452514e+01
4.123535156250000000e-01 -7.343464660618002426e+01
4.125976562500000000e-01 -7.329168129276393984e+01
4.128417968750000000e-01 -7.315845560622673815e+01
4.130859375000000000e-01 -7.303456875221873190e+01
4.133300781250000000e-01 -7.291965561250236760e+01
4.135742187500000000e-01 -7.281338305185467163e+01
4.138183593750000000e-01 -7.271544671014180494e+01
4.140625000000000000e-01 -7.262556820615110098e+01
4.143066406250000000e-01 -7.254349269242227649e+01
4.145507812500000000e-01 -7.246898671083461352e+01
4.147949218750000000e-01 -7.240183630657800506e+01
4.150390625000000000e-01 -7.234184536542883848e+01
4.152832031250000000e-01 -7.228883414454554668e+01
4.155273437500000000e-01 -7.224263797164374523e+01
4.157714843750000000e-01 -7.220310609141816371e+01
4.160156250000000000e-01 -7.217010064084055898e+01
4.162597656250000000e-01 -7.214349573816586769e+01
4.165039062500000000e-01 -7.212317667212694516e+01
4.167480468750000000e-01 -7.210903918025812231e+01
4.169921875000000000e-01 -7.210098880628517293e+01
4.172363281250000000e-01 -7.209894032844493950e+01
4.174804687500000000e-01 -7.210281725126436925e+01
4.177246093750000000e-01 -7.211255135470864275e+01
4.179687500000000000e-01 -7.212808229510166314e+01
4.182128906250000000e-01 -7.214935725339449846e+01
4.184570312500000000e-01 -7.217633062646837061e+01
4.187011718750000000e-01 -7.220896375827649649e+01
4.189453125000000000e-01 -7.224722470768983840e+01
4.191894531250000000e-01 -7.229108805052040054e+01
4.194335937500000000e-01 -7.234053471374659239e+01
4.196777343750000000e-01 -7.239555183999554799e+01
4.199218750000000000e-01 -7.245613268083211267e+01
4.201660156250000000e-01 -7.252227651787745799e+01
4.204101562500000000e-01 -7.259398861062085473e+01
4.206542968750000000e-01 -7.267128017052840505e+01
4.208984375000000000e-01 -7.275416836092541928e+01
4.211425781250000000e-01 -7.284267632262307757e+01
4.213867187500000000e-01 -7.293683322537611957e+01
4.216308593750000000e-01 -7.303667434551485371e+01
4.218750000000000000e-01 -7.314224117038213535e+01
4.221191406250000000e-01 -7.325358153042752463e+01
4.223632812500000000e-01 -7.337074976015281891e+01
4.226074218750000000e-01 -7.349380688924524918e+01
4.228515625000000000e-01 -7.362282086569332762e+01
4.230957031250000000e-01 -7.375786681299702252e+01
4.233398437500000000e-01 -7.389902732386829598e+01
4.235839843750000000e-01 -7.404639279340052838e+01
4.238281250000000000e-01 -7.420006179492510512e+01
4.240722656250000000e-01 -7.436014150265577882e+01
4.243164062500000000e-01 -7.452674816541809832e+01
4.245605468750000000e-01 -7.470000763683775347e+01
4.248046875000000000e-01 -7.488005596793684049e+01
4.250488281250000000e-01 -7.506704006909509985e+01
4.252929687500000000e-01 -7.526111844941264906e+01
4.255371093750000000e-01 -7.546246204280510028e+01
4.257812500000000000e-01 -7.567125513162191908e+01
4.260253906250000000e-01 -7.588769638032438536e+01
4.262695312500000000e-01 -7.611199999382047565e+01
4.265136718750000000e-01 -7.634439701762602226e+01
4.267578125000000000e-01 -7.658513679972023169e+01
4.270019531250000000e-01 -7.683448863785962146e+01
4.272460937500000000e-01 -7.709274363980672717e+01
4.274902343750000000e-01 -7.736021682978187641e+01
4.277343750000000000e-01 -7.763724953970506704e+01
4.279785156250000000e-01 -7.792421213267306257e+01
4.282226562500000000e-01 -7.822150711386854027e+01
4.284667968750000000e-01 -7.852957269734602619e+01
4.287109375000000000e-01 -7.884888690987811799e+01
4.289550781250000000e-01 -7.917997233209510455e+01
4.291992187500000000e-01 -7.952340159905341466e+01
4.294433593750000000e-01 -7.987980381097544580e+01
4.296875000000000000e-01 -8.024987204144998998e+01
4.299316406250000000e-01 -8.063437217687703651e+01
4.301757812500000000e-01 -8.103415338181322625e+01
4.304199218750000000e-01 -8.145016056399384752e+01
4.306640625000000000e-01 -8.188344931758101097e+01
4.309082031250000000e-01 -8.233520396283242349e+01
4.311523437500000000e-01 -8.280675948862625546e+01
4.313964843750000000e-01 -8.329962846143912714e+01
4.316406250000000000e-01 -8.381553431894093364e+01
4.318847656250000000e-01 -8.435645296457002473e+01
4.321289062500000000e-01 -8.492466528617597987e+01
4.323730468750000000e-01 -8.552282424521129656e+01
4.326171875000000000e-01 -8.615404168951391739e+01
4.328613281250000000e-01 -8.682200230457779355e+01
4.331054687500000000e-01 -8.753111559349790127e+01
4.333496093750000000e-01 -8.828672224654530964e+01
4.335937500000000000e-01 -8.909538011746370501e+01
4.338378906250000000e-01 -8.996526982522780713e+01
4.340820312500000000e-01 -9.090678564460831979e+01
4.343261718750000000e-01 -9.193342369176976092e+01
4.345703125000000000e-01 -9.306316736461192818e+01
4.348144531250000000e-01 -9.432074698829271142e+01
4.350585937500000000e-01 -9.574153290801848470e+01
4.353027343750000000e-01 -9.737872294766270898e+01
4.355468750000000000e-01 -9.931786559316039131e+01
4.357910156250000000e-01 -1.017100690704694017e+02
4.360351562500000000e-01 -1.048631129313698835e+02
4.362792968750000000e-01 -1.095805578513883347e+02
4.365234375000000000e-01 -1.197180018339328882e+02
4.367675781250000000e-01 -1.188433457582856079e+02
4.370117187500000000e-01 -1.098816480400785167e+02
4.372558593750000000e-01 -1.057556746015906128e+02
4.375000000000000000e-01 -1.031125686023391950e+02
4.377441406250000000e-01 -1.012052275907508943e+02
4.379882812500000000e-01 -9.974187644846371370e+01
4.382324218750000000e-01 -9.857810888426871543e+01
4.384765625000000000e-01 -9.763201195298023549e+01
4.387207031250000000e-01 -9.685279907640980923e+01
4.389648437500000000e-01 -9.620697408725921207e+01
4.392089843750000000e-01 -9.567144757428135904e+01
4.394531250000000000e-01 -9.522979936479759999e+01
4.396972656250000000e-01 -9.487011140495511086e+01
4.399414062500000000e-01 -9.458364713989051609e+01
4.401855468750000000e-01 -9.436401710046106928e+01
4.404296875000000000e-01 -9.420663984493475596e+01
4.406738281250000000e-01 -9.410839232660939047e+01
4.409179687500000000e-01 -9.406738918611797828e+01
4.411621093750000000e-01 -9.408285643639531770e+01
4.414062500000000000e-01 -9.415508115081408391e+01
4.416503906250000000e-01 -9.428543012103571641e+01
4.418945312500000000e-01 -9.447644007340872463e+01
4.421386718750000000e-01 -9.473199228598626576e+01
4.423828125000000000e-01 -9.505759794829960185e+01
4.426269531250000000e-01 -9.546084127145854836e+01
4.428710937500000000e-01 -9.595206227258705667e+01
4.431152343750000000e-01 -9.654542454525882533e+01
4.433593750000000000e-01 -9.726063605174292093e+01
4.436035156250000000e-01 -9.812584537657113515e+01
4.438476562500000000e-01 -9.918280725187790381e+01
4.440917968750000000e-01 -1.004968282786075804e+02
4.443359375000000000e-01 -1.021780031604710501e+02
4.445800781250000000e-01 -1.044337353543274389e+02
4.448242187500000000e-01 -1.077319420405621031e+02
4.450683593750000000e-01 -1.135778756466551158e+02
4.453125000000000000e-01 -1.505468749649841129e+02
4.455566406250000000e-01 -1.128976076771040766e+02
4.458007812500000000e-01 -1.067256669705261345e+02
4.460449218750000000e-01 -1.030210011778096657e+02
4.462890625000000000e-01 -1.003367419480194229e+02
4.465332031250000000e-01 -9.821598943585442498e+01
4.467773437500000000e-01 -9.645443638991849866e+01
4.470214843750000000e-01 -9.494278939052851740e+01
4.472656250000000000e-01 -9.361564663647938289e+01
4.475097656250000000e-01 -9.243071953856366463e+01
4.477539062500000000e-01 -9.135906128026151407e+01
4.479980468750000000e-01 -9.037997084737182263e+01
4.482421875000000000e-01 -8.947812073636612240e+01
4.484863281250000000e-01 -8.864183671734700454e+01
4.487304687500000000e-01 -8.786201600142462098e+01
4.489746093750000000e-01 -8.713141897440256400e+01
4.492187500000000000e-01 -8.644418959563243732e+01
4.494628906250000000e-01 -8.579552117844401948e+01
4.497070312500000000e-01 -8.518141764521101322e+01
4.499511718750000000e-01 -8.459851926495528573e+01
4.501953125000000000e-01 -8.404397302139356896e+01
4.504394531250000000e-01 -8.351533454504243537e+01
4.506835937500000000e-01 -8.301049280170160216e+01
4.509277343750000000e-01 -8.252761147084964932e+01
4.511718750000000000e-01 -8.206508275520842233e+01
4.514160156250000000e-01 -8.162149058085748266e+01
4.516601562500000000e-01 -8.119558098065439822e+01
4.519042968750000000e-01 -8.078623803794120306e+01
4.521484375000000000e-01 -8.039246417919676446e+01
4.523925781250000000e-01 -8.001336390314911284e+01
4.526367187500000000e-01 -7.964813024886957749e+01
4.528808593750000000e-01 -7.929603346619896342e+01
4.531250000000000000e-01 -7.895641147032404206e+01
4.533691406250000000e-01 -7.862866175305316574e+01
4.536132812500000000e-01 -7.831223449055464414e+01
4.538574218750000000e-01 -7.800662664128341817e+01
4.541015625000000000e-01 -7.771137686727770699e+01
4.543457031250000000e-01 -7.742606114472231127e+01
4.545898437500000000e-01 -7.715028895414315002e+01
4.548339843750000000e-01 -7.688369996089892311e+01
4.550781250000000000e-01 -7.662596111190674719e+01
4.553222656250000000e-01 -7.637676408788927063e+01
4.555664062500000000e-01 -7.613582306012121137e+01
4.558105468750000000e-01 -7.590287270944685361e+01
4.560546875000000000e-01 -7.567766647159851345e+01
4.562988281250000000e-01 -7.545997497924173558e+01
4.565429687500000000e-01 -7.524958467487495284e+01
4.567871093750000000e-01 -7.504629657329425640e+01
4.570312500000000000e-01 -7.484992515489987852e+01
4.572753906250000000e-01 -7.466029737434236324e+01
4.575195312500000000e-01 -7.447725177073051839e+01
4.577636718750000000e-01 -7.430063766794872038e+01
4.580078125000000000e-01 -7.413031445478524972e+01
4.582519531250000000e-01 -7.396615093630305182e+01
4.584960937500000000e-01 -7.380802474888380971e+01
4.587402343750000000e-01 -7.365582183231141755e+01
4.589843750000000000e-01 -7.350943595305676581e+01
4.592285156250000000e-01 -7.336876827406319990e+01
4.594726562500000000e-01 -7.323372696625837364e+01
4.597167968750000000e-01 -7.310422685835231960e+01
4.599609375000000000e-01 -7.298018912123225732e+01
4.602050781250000000e-01 -7.286154098430168347e+01
4.604492187500000000e-01 -7.274821548098077528e+01
4.606933593750000000e-01 -7.264015122131452529e+01
4.609375000000000000e-01 -7.253729218956418379e+01
4.611816406250000000e-01 -7.243958756525185549e+01
4.614257812500000000e-01 -7.234699156605174153e+01
4.616699218750000000e-01 -7.225946331141999224e+01
4.619140625000000000e-01 -7.217696670571834261e+01
4.621582031250000000e-01 -7.209947034017342560e+01
4.624023437500000000e-01 -7.202694741268147993e+01
4.626464843750000000e-01 -7.195937566520561290e+01
4.628906250000000000e-01 -7.189673733795970634e+01
4.631347656250000000e-01 -7.183901914045753756e+01
4.633789062500000000e-01 -7.178621223899233428e+01
4.636230468750000000e-01 -7.173831226076408996e+01
4.638671875000000000e-01 -7.169531931448082673e+01
4.641113281250000000e-01 -7.165723802801231557e+01
4.643554687500000000e-01 -7.162407760322227546e+01
4.645996093750000000e-01 -7.159585188865699479e+01
4.648437500000000000e-01 -7.157257947070219473e+01
4.650878906250000000e-01 -7.155428378411758672e+01
4.653320312500000000e-01 -7.154099324295800955e+01
4.655761718750000000e-01 -7.153274139305652568e+01
4.658203125000000000e-01 -7.152956708758588888e+01
4.660644531250000000e-01 -7.153151468724415452e+01
4.663085937500000000e-01 -7.153863428717987460e+01
4.665527343750000000e-01 -7.155098197267122373e+01
4.667968750000000000e-01 -7.156862010621571812e+01
4.670410156250000000e-01 -7.159161764896801117e+01
4.672851562500000000e-01 -7.162005051985345006e+01
4.675292968750000000e-01 -7.165400199619139698e+01
4.677734375000000000e-01 -7.169356316020180486e+01
4.680175781250000000e-01 -7.173883339658461011e+01
4.682617187500000000e-01 -7.178992094678579861e+01
4.685058593750000000e-01 -7.184694352676216056e+01
4.687500000000000000e-01 -7.191002901591053842e+01
4.689941406250000000e-01 -7.197931622599723767e+01
4.692382812500000000e-01 -7.205495576046348560e+01
4.694824218750000000e-01 -7.213711097595907518e+01
4.697265625000000000e-01 -7.222595906005811628e+01
4.699707031250000000e-01 -7.232169224138789332e+01
4.702148437500000000e-01 -7.242451915110252969e+01
4.704589843750000000e-01 -7.253466635811750507e+01
4.707031250000000000e-01 -7.265238010433947125e+01
4.709472656250000000e-01 -7.277792827117438890e+01
4.711914062500000000e-01 -7.291160261424641931e+01
4.714355468750000000e-01 -7.305372131066934571e+01
4.716796875000000000e-01 -7.320463187182578224e+01
4.719238281250000000e-01 -7.336471448561046316e+01
4.721679687500000000e-01 -7.353438586553657785e+01
4.724121093750000000e-01 -7.371410370091739139e+01
4.726562500000000000e-01 -7.390437182357700863e+01
4.729003906250000000e-01 -7.410574623314504095e+01
4.731445312500000000e-01 -7.431884215727826870e+01
4.733886718750000000e-01 -7.454434236676740966e+01
4.736328125000000000e-01 -7.478300702214610851e+01
4.738769531250000000e-01 -7.503568540240546270e+01
4.741210937500000000e-01 -7.530332996381298472e+01
4.743652343750000000e-01 -7.558701330643302185e+01
4.746093750000000000e-01 -7.588794880011042210e+01
4.748535156250000000e-01 -7.620751585929045291e+01
4.750976562500000000e-01 -7.654729118221270312e+01
4.753417968750000000e-01 -7.690908772676333172e+01
4.755859375000000000e-01 -7.729500384103076271e+01
4.758300781250000000e-01 -7.770748589809244322e+01
4.760742187500000000e-01 -7.814940914806801686e+01
4.763183593750000000e-01 -7.862418353920398317e+01
4.765625000000000000e-01 -7.913589437261026660e+01
4.768066406250000000e-01 -7.968949252433306185e+01
4.770507812500000000e-01 -8.029105679493696357e+01
4.772949218750000000e-01 -8.094816391559700719e+01
4.775390625000000000e-01 -8.167042400048170236e+01
4.777832031250000000e-01 -8.247027901229770919e+01
4.780273437500000000e-01 -8.336423632623943547e+01
4.782714843750000000e-01 -8.437485709169192205e+01
4.785156250000000000e-01 -8.553413188987923377e+01
4.787597656250000000e-01 -8.688959644829985507e+01
4.790039062500000000e-01 -8.851638329007502648e+01
4.792480468750000000e-01 -9.054382826078170865e+01
4.794921875000000000e-01 -9.322466550275269981e+01
4.797363281250000000e-01 -9.716918717784190562e+01
4.799804687500000000e-01 -1.047022438230927577e+02
4.802246093750000000e-01 -1.128395045897061948e+02
4.804687500000000000e-01 -9.962350072144826640e+01
4.807128906250000000e-01 -9.457996606563253295e+01
4.809570312500000000e-01 -9.139240490804630213e+01
4.812011718750000000e-01 -8.905341598262546654e+01
4.814453125000000000e-01 -8.720343734474683117e+01
4.816894531250000000e-01 -8.567224153706374068e+01
4.819335937500000000e-01 -8.436565380699425987e+01
4.821777343750000000e-01 -8.322606645337833697e+01
4.824218750000000000e-01 -8.221565868354973361e+01
4.826660156250000000e-01 -8.130825855867473706e+01
4.829101562500000000e-01 -8.048500141160020860e+01
4.831542968750000000e-01 -7.973183966034628156e+01
4.833984375000000000e-01 -7.903803063318856914e+01
4.836425781250000000e-01 -7.839517485662551621e+01
4.838867187500000000e-01 -7.779658058385587083e+01
4.841308593750000000e-01 -7.723683015630908244e+01
4.843750000000000000e-01 -7.671147584600031166e+01
4.846191406250000000e-01 -7.621682138784649396e+01
4.848632812500000000e-01 -7.574976177106702835e+01
4.851074218750000000e-01 -7.530766358686165063e+01
4.853515625000000000e-01 -7.488827420399871926e+01
4.855957031250000000e-01 -7.448965181948787517e+01
4.858398437500000000e-01 -7.411011087923120044e+01
4.860839843750000000e-01 -7.374817898598307409e+01
4.863281250000000000e-01 -7.340256251062140791e+01
4.865722656250000000e-01 -7.307211887879101653e+01
4.868164062500000000e-01 -7.275583403640321478e+01
4.870605468750000000e-01 -7.245280397434669339e+01
4.873046875000000000e-01 -7.216221946565141820e+01
4.875488281250000000e-01 -7.188335336746354187e+01
4.877929687500000000e-01 -7.161554998750089851e+01
4.880371093750000000e-01 -7.135821612518630275e+01
4.882812500000000000e-01 -7.111081348060920959e+01
4.885253906250000000e-01 -7.087285218845852341e+01
4.887695312500000000e-01 -7.064388528270441725e+01
4.890136718750000000e-01 -7.042350393594398383e+01
4.892578125000000000e-01 -7.021133334709188034e+01
4.895019531250000000e-01 -7.000702917436458961e+01
4.897460937500000000e-01 -6.981027442931777216e+01
4.899902343750000000e-01 -6.962077676231072587e+01
4.902343750000000000e-01 -6.943826608201362660e+01
4.904785156250000000e-01 -6.926249246078732824e+01
4.907226562500000000e-01 -6.909322428617831235e+01
4.909667968750000000e-01 -6.893024662455154328e+01
4.912109375000000000e-01 -6.877335976877724022e+01
4.914550781250000000e-01 -6.862237794568900995e+01
4.916992187500000000e-01 -6.847712816300736449e+01
4.919433593750000000e-01 -6.833744917823382536e+01
4.921875000000000000e-01 -6.820319057461263412e+01
4.924316406250000000e-01 -6.807421193130240056e+01
4.926757812500000000e-01 -6.795038207671441910e+01
4.929199218750000000e-01 -6.783157841546361055e+01
4.931640625000000000e-01 -6.771768632065108307e+01
4.934082031250000000e-01 -6.760859858426198343e+01
4.936523437500000000e-01 -6.750421491943230023e+01
4.938964843750000000e-01 -6.740444150907615040e+01
4.941406250000000000e-01 -6.730919059609216504e+01
4.943847656250000000e-01 -6.721838011092515330e+01
4.946289062500000000e-01 -6.713193333280614183e+01
4.948730468750000000e-01 -6.704977858136122393e+01
4.951171875000000000e-01 -6.697184893577539810e+01
4.953613281250000000e-01 -6.689808197889936991e+01
4.956054687500000000e-01 -6.682841956412272566e+01
4.958496093750000000e-01 -6.676280760292769401e+01
4.960937500000000000e-01 -6.670119587145005369e+01
4.963378906250000000e-01 -6.664353783440115819e+01
4.965820312500000000e-01 -6.658979048501072384e+01
4.968261718750000000e-01 -6.653991419970158461e+01
4.970703125000000000e-01 -6.649387260643740660e+01
4.973144531250000000e-01 -6.645163246576747440e+01
4.975585937500000000e-01 -6.641316356366702678e+01
4.978027343750000000e-01 -6.637843861542528145e+01
4.980468750000000000e-01 -6.634743317998263024e+01
4.982910156250000000e-01 -6.632012558396192503e+01
4.985351562500000000e-01 -6.629649685505279422e+01
4.987792968750000000e-01 -6.627653066417983041e+01
4.990234375000000000e-01 -6.626021327615808332e+01
4.992675781250000000e-01 -6.624753350842651400e+01
4.995117187500000000e-01 -6.623848269766588714e+01
4.997558593750000000e-01 -6.623305467404775015e+01
