-5.000000000000000000e-01 6.699149941487499405e+01
-4.997558593750000000e-01 6.699150163452641493e+01
-4.995117187500000000e-01 6.699150830172791871e+01
-4.992675781250000000e-01 6.699151944119037694e+01
-4.990234375000000000e-01 6.699153509399569373e+01
-4.987792968750000000e-01 6.699155531744277425e+01
-4.985351562500000000e-01 6.699158018483247190e+01
-4.982910156250000000e-01 6.699160978519211085e+01
-4.980468750000000000e-01 6.699164422294033727e+01
-4.978027343750000000e-01 6.699168361749316603e+01
-4.975585937500000000e-01 6.699172810281241652e+01
-4.973144531250000000e-01 6.699177782689767469e+01
-4.970703125000000000e-01 6.699183295122317361e+01
-4.968261718750000000e-01 6.699189365012124142e+01
-4.965820312500000000e-01 6.699196011011390794e+01
-4.963378906250000000e-01 6.699203252919457441e+01
-4.960937500000000000e-01 6.699211111606166469e+01
-4.958496093750000000e-01 6.699219608930648917e+01
-4.956054687500000000e-01 6.699228767655735339e+01
-4.953613281250000000e-01 6.699238611358259732e+01
-4.951171875000000000e-01 6.699249164335472528e+01
-4.948730468750000000e-01 6.699260451507845460e+01
-4.946289062500000000e-01 6.699272498318525493e+01
-4.943847656250000000e-01 6.699285330629730595e+01
-4.941406250000000000e-01 6.699298974616363012e+01
-4.938964843750000000e-01 6.699313456657149857e+01
-4.936523437500000000e-01 6.699328803223609441e+01
-4.934082031250000000e-01 6.699345040767158821e+01
-4.931640625000000000e-01 6.699362195604679471e+01
-4.929199218750000000e-01 6.699380293802867925e+01
-4.926757812500000000e-01 6.699399361061693980e+01
-4.924316406250000000e-01 6.699419422597307516e+01
-4.921875000000000000e-01 6.699440503024717941e+01
-4.919433593750000000e-01 6.699462626240587326e+01
-4.916992187500000000e-01 6.699485815306479708e+01
-4.914550781250000000e-01 6.699510092332891986e+01
-4.912109375000000000e-01 6.699535478364413166e+01
-4.909667968750000000e-01 6.699561993266340210e+01
-4.907226562500000000e-01 6.699589655613092987e+01
-4.904785156250000000e-01 6.699618482578731005e+01
-4.902343750000000000e-01 6.699648489829942832e+01
-4.899902343750000000e-01 6.699679691421766847e+01
-4.897460937500000000e-01 6.699712099696401424e+01
-4.895019531250000000e-01 6.699745725185410095e+01
-4.892578125000000000e-01 6.699780576515570374e+01
-4.890136718750000000e-01 6.699816660318730044e+01
-4.887695312500000000e-01 6.699853981145876958e+01
-4.885253906250000000e-01 6.699892541385747791e+01
-4.882812500000000000e-01 6.699932341188201690e+01
-4.880371093750000000e-01 6.699973378392618883e+01
-4.877929687500000000e-01 6.700015648461550199e+01
-4.875488281250000000e-01 6.700059144419861923e+01
-4.873046875000000000e-01 6.700103856799535151e+01
-4.870605468750000000e-01 6.700149773590379709e+01
-4.868164062500000000e-01 6.700196880196772042e+01
-4.865722656250000000e-01 6.700245159400645889e+01
-4.863281250000000000e-01 6.700294591330822414e+01
-4.860839843750000000e-01 6.700345153438857437e+01
-4.858398437500000000e-01 6.700396820481505245e+01
-4.855957031250000000e-01 6.700449564509881384e+01
-4.853515625000000000e-01 6.700503354865431049e+01
-4.851074218750000000e-01 6.700558158182752777e+01
-4.848632812500000000e-01 6.700613938399314407e+01
-4.846191406250000000e-01 6.700670656772119571e+01
-4.843750000000000000e-01 6.700728271901293454e+01
-4.841308593750000000e-01 6.700786739760610544e+01
-4.838867187500000000e-01 6.700846013734937401e+01
-4.836425781250000000e-01 6.700906044664522199e+01
-4.833984375000000000e-01 6.700966780896099806e+01
-4.831542968750000000e-01 6.701028168340711488e+01
-4.829101562500000000e-01 6.701090150538155399e+01
-4.826660156250000000e-01 6.701152668727949901e+01
-4.824218750000000000e-01 6.701215661926671885e+01
-4.821777343750000000e-01 6.701279067011539325e+01
-4.819335937500000000e-01 6.701342818810064728e+01
-4.816894531250000000e-01 6.701406850195586173e+01
-4.814453125000000000e-01 6.701471092188521084e+01
-4.812011718750000000e-01 6.701535474063086895e+01
-4.809570312500000000e-01 6.701599923459295383e+01
-4.807128906250000000e-01 6.701664366499979053e+01
-4.804687500000000000e-01 6.701728727912586692e+01
-4.802246093750000000e-01 6.701792931155500810e+01
-4.799804687500000000e-01 6.701856898548585662e+01
-4.797363281250000000e-01 6.701920551407701510e+01
-4.794921875000000000e-01 6.701983810182866819e+01
-4.792480468750000000e-01 6.702046594599779894e+01
-4.790039062500000000e-01 6.702108823804367432e+01
-4.787597656250000000e-01 6.702170416510065820e+01
-4.785156250000000000e-01 6.702231291147467118e+01
-4.782714843750000000e-01 6.702291366016032725e+01
-4.780273437500000000e-01 6.702350559437489608e+01
-4.777832031250000000e-01 6.702408789910614928e+01
-4.775390625000000000e-01 6.702465976266998382e+01
-4.772949218750000000e-01 6.702522037827489498e+01
-4.770507812500000000e-01 6.702576894558914944e+01
-4.768066406250000000e-01 6.702630467230757461e+01
-4.765625000000000000e-01 6.702682677571407055e+01
-4.763183593750000000e-01 6.702733448423637697e+01
-4.760742187500000000e-01 6.702782703898949990e+01
-4.758300781250000000e-01 6.702830369530443022e+01
-4.755859375000000000e-01 6.702876372423820328e+01
-4.753417968750000000e-01 6.702920641406232960e+01
-4.750976562500000000e-01 6.702963107172580237e+01
-4.748535156250000000e-01 6.703003702428949850e+01
-4.746093750000000000e-01 6.703042362032844892e+01
-4.743652343750000000e-01 6.703079023129899383e+01
-4.741210937500000000e-01 6.703113625286736976e+01
-4.738769531250000000e-01 6.703146110619682929e+01
-4.736328125000000000e-01 6.703176423919013871e+01
-4.733886718750000000e-01 6.703204512768469669e+01
-4.731445312500000000e-01 6.703230327659728971e+01
-4.729003906250000000e-01 6.703253822101596882e+01
-4.726562500000000000e-01 6.703274952723626257e+01
-4.724121093750000000e-01 6.703293679373946645e+01
-4.721679687500000000e-01 6.703309965211052202e+01
-4.719238281250000000e-01 6.703323776789332555e+01
-4.716796875000000000e-01 6.703335084138142008e+01
-4.714355468750000000e-01 6.703343860834212364e+01
-4.711914062500000000e-01 6.703350084067233183e+01
-4.709472656250000000e-01 6.703353734698424660e+01
-4.707031250000000000e-01 6.703354797311979496e+01
-4.704589843750000000e-01 6.703353260259213187e+01
-4.702148437500000000e-01 6.703349115695326077e+01
-4.699707031250000000e-01 6.703342359608670620e+01
-4.697265625000000000e-01 6.703332991842430033e+01
-4.694824218750000000e-01 6.703321016108668573e+01
-4.692382812500000000e-01 6.703306439994662469e+01
-4.689941406250000000e-01 6.703289274961524313e+01
-4.687500000000000000e-01 6.703269536335058376e+01
-4.685058593750000000e-01 6.703247243288889479e+01
-4.682617187500000000e-01 6.703222418819846951e+01
-4.680175781250000000e-01 6.703195089715669042e+01
-4.677734375000000000e-01 6.703165286515054788e+01
-4.675292968750000000e-01 6.703133043460155704e+01
-4.672851562500000000e-01 6.703098398441568406e+01
-4.670410156250000000e-01 6.703061392935950380e+01
-4.667968750000000000e-01 6.703022071936376847e+01
-4.665527343750000000e-01 6.702980483875555251e+01
-4.663085937500000000e-01 6.702936680542075010e+01
-4.660644531250000000e-01 6.702890716989840314e+01
-4.658203125000000000e-01 6.702842651440882094e+01
-4.655761718750000000e-01 6.702792545181738149e+01
-4.653320312500000000e-01 6.702740462453614612e+01
-4.650878906250000000e-01 6.702686470336568902e+01
-4.648437500000000000e-01 6.702630638627937287e+01
-4.645996093750000000e-01 6.702573039715271364e+01
-4.643554687500000000e-01 6.702513748444052055e+01
-4.641113281250000000e-01 6.702452841980456810e+01
-4.638671875000000000e-01 6.702390399669465637e+01
-4.636230468750000000e-01 6.702326502888635673e+01
-4.633789062500000000e-01 6.702261234897804343e+01
-4.631347656250000000e-01 6.702194680685110484e+01
-4.628906250000000000e-01 6.702126926809607710e+01
-4.626464843750000000e-01 6.702058061240842335e+01
-4.624023437500000000e-01 6.701988173195734078e+01
-4.621582031250000000e-01 6.701917352973114816e+01
-4.619140625000000000e-01 6.701845691786287773e+01
-4.616699218750000000e-01 6.701773281593966658e+01
-4.614257812500000000e-01 6.701700214929972788e+01
-4.611816406250000000e-01 6.701626584732069603e+01
-4.609375000000000000e-01 6.701552484170285595e+01
-4.606933593750000000e-01 6.701478006475132077e+01
-4.604492187500000000e-01 6.701403244766088108e+01
-4.602050781250000000e-01 6.701328291880719235e+01
-4.599609375000000000e-01 6.701253240204819406e+01
-4.597167968750000000e-01 6.701178181503956921e+01
-4.594726562500000000e-01 6.701103206756781105e+01
-4.592285156250000000e-01 6.701028405990481929e+01
-4.589843750000000000e-01 6.700953868118756418e+01
-4.587402343750000000e-01 6.700879680782631453e+01
-4.584960937500000000e-01 6.700805930194522375e+01
-4.582519531250000000e-01 6.700732700985858514e+01
-4.580078125000000000e-01 6.700660076058609604e+01
-4.577636718750000000e-01 6.700588136441056974e+01
-4.575195312500000000e-01 6.700516961148123585e+01
-4.572753906250000000e-01 6.700446627046561332e+01
-4.570312500000000000e-01 6.700377208725318212e+01
-4.567871093750000000e-01 6.700308778371346818e+01
-4.565429687500000000e-01 6.700241405651135551e+01
-4.562988281250000000e-01 6.700175157598232545e+01
-4.560546875000000000e-01 6.700110098506995371e+01
-4.558105468750000000e-01 6.700046289832783941e+01
-4.555664062500000000e-01 6.699983790098858094e+01
-4.553222656250000000e-01 6.699922654810112022e+01
-4.550781250000000000e-01 6.699862936373887123e+01
-4.548339843750000000e-01 6.699804684027984081e+01
-4.545898437500000000e-01 6.699747943776061732e+01
-4.543457031250000000e-01 6.699692758330502329e+01
-4.541015625000000000e-01 6.699639167062900924e+01
-4.538574218750000000e-01 6.699587205962247083e+01
-4.536132812500000000e-01 6.699536907600869995e+01
-4.533691406250000000e-01 6.699488301108206656e+01
-4.531250000000000000e-01 6.699441412152444286e+01
-4.528808593750000000e-01 6.699396262930014245e+01
-4.526367187500000000e-01 6.699352872162967287e+01
-4.523925781250000000e-01 6.699311255104205998e+01
-4.521484375000000000e-01 6.699271423550496252e+01
-4.519042968750000000e-01 6.699233385863252010e+01
-4.516601562500000000e-01 6.699197146996957031e+01
-4.514160156250000000e-01 6.699162708535173749e+01
-4.511718750000000000e-01 6.699130068733978760e+01
-4.509277343750000000e-01 6.699099222572725409e+01
-4.506835937500000000e-01 6.699070161811948765e+01
-4.504394531250000000e-01 6.699042875058276536e+01
-4.501953125000000000e-01 6.699017347836117153e+01
-4.499511718750000000e-01 6.698993562665964419e+01
-4.497070312500000000e-01 6.698971499149062936e+01
-4.494628906250000000e-01 6.698951134058221157e+01
-4.492187500000000000e-01 6.698932441434516250e+01
-4.489746093750000000e-01 6.698915392689632142e+01
-4.487304687500000000e-01 6.698899956713535175e+01
-4.484863281250000000e-01 6.698886099987232967e+01
-4.482421875000000000e-01 6.698873786700281130e+01
-4.479980468750000000e-01 6.698862978872752194e+01
-4.477539062500000000e-01 6.698853636481337048e+01
-4.475097656250000000e-01 6.698845717589233573e+01
-4.472656250000000000e-01 6.698839178479522616e+01
-4.470214843750000000e-01 6.698833973791633412e+01
-4.467773437500000000e-01 6.698830056660604271e+01
-4.465332031250000000e-01 6.698827378858723591e+01
-4.462890625000000000e-01 6.698825890939235705e+01
-4.460449218750000000e-01 6.698825542381717923e+01
-4.458007812500000000e-01 6.698826281738772082e+01
-4.455566406250000000e-01 6.698828056783651164e+01
-4.453125000000000000e-01 6.698830814658465727e+01
-4.450683593750000000e-01 6.698834502022582171e+01
-4.448242187500000000e-01 6.698839065200849063e+01
-4.445800781250000000e-01 6.698844450331290545e+01
-4.443359375000000000e-01 6.698850603511883151e+01
-4.440917968750000000e-01 6.698857470946087744e+01
-4.438476562500000000e-01 6.698864999086735850e+01
-4.436035156250000000e-01 6.698873134777960558e+01
-4.433593750000000000e-01 6.698881825394794021e+01
-4.431152343750000000e-01 6.698891018980127399e+01
-4.428710937500000000e-01 6.698900664378668068e+01
-4.426269531250000000e-01 6.698910711367601323e+01
-4.423828125000000000e-01 6.698921110783631150e+01
-4.421386718750000000e-01 6.698931814646104499e+01
-4.418945312500000000e-01 6.698942776275931976e+01
-4.416503906250000000e-01 6.698953950410007963e+01
-4.414062500000000000e-01 6.698965293310899938e+01
-4.411621093750000000e-01 6.698976762871512847e+01
-4.409179687500000000e-01 6.698988318714523871e+01
-4.406738281250000000e-01 6.698999922286338915e+01
-4.404296875000000000e-01 6.699011536945366174e+01
-4.401855468750000000e-01 6.699023128044419195e+01
-4.399414062500000000e-01 6.699034663007057588e+01
-4.396972656250000000e-01 6.699046111397694858e+01
-4.394531250000000000e-01 6.699057444985353982e+01
-4.392089843750000000e-01 6.699068637800894521e+01
-4.389648437500000000e-01 6.699079666187640214e+01
-4.387207031250000000e-01 6.699090508845256409e+01
-4.384765625000000000e-01 6.699101146866863132e+01
-4.382324218750000000e-01 6.699111563769238842e+01
-4.379882812500000000e-01 6.699121745516150384e+01
-4.377441406250000000e-01 6.699131680534694055e+01
-4.375000000000000000e-01 6.699141359724718825e+01
-4.372558593750000000e-01 6.699150776461267753e+01
-4.370117187500000000e-01 6.699159926590101577e+01
-4.367675781250000000e-01 6.699168808416320076e+01
-4.365234375000000000e-01 6.699177422686165073e+01
-4.362792968750000000e-01 6.699185772562033492e+01
-4.360351562500000000e-01 6.699193863590843989e+01
-4.357910156250000000e-01 6.699201703665823970e+01
-4.355468750000000000e-01 6.699209302981850556e+01
-4.353027343750000000e-01 6.699216673984503245e+01
-4.350585937500000000e-01 6.699223831312937705e+01
-4.348144531250000000e-01 6.699230791736815149e+01
-4.345703125000000000e-01 6.699237574087393909e+01
-4.343261718750000000e-01 6.699244199183057447e+01
-4.340820312500000000e-01 6.699250689749432297e+01
-4.338378906250000000e-01 6.699257070334351738e+01
-4.335937500000000000e-01 6.699263367217892551e+01
-4.333496093750000000e-01 6.699269608317740676e+01
-4.331054687500000000e-01 6.699275823090141557e+01
-4.328613281250000000e-01 6.699282042426700912e+01
-4.326171875000000000e-01 6.699288298547341469e+01
-4.323730468750000000e-01 6.699294624889668626e+01
-4.321289062500000000e-01 6.699301055995093179e+01
-4.318847656250000000e-01 6.699307627391972630e+01
-4.316406250000000000e-01 6.699314375476116368e+01
-4.313964843750000000e-01 6.699321337388958852e+01
-4.311523437500000000e-01 6.699328550893747547e+01
-4.309082031250000000e-01 6.699336054250051120e+01
-4.306640625000000000e-01 6.699343886086941779e+01
-4.304199218750000000e-01 6.699352085275188529e+01
-4.301757812500000000e-01 6.699360690798789619e+01
-4.299316406250000000e-01 6.699369741626205155e+01
-4.296875000000000000e-01 6.699379276581613851e+01
-4.294433593750000000e-01 6.699389334216544967e+01
-4.291992187500000000e-01 6.699399952682225035e+01
-4.289550781250000000e-01 6.699411169602979044e+01
-4.287109375000000000e-01 6.699423021951008650e+01
-4.284667968750000000e-01 6.699435545922912638e+01
-4.282226562500000000e-01 6.699448776818216800e+01
-4.279785156250000000e-01 6.699462748920299759e+01
-4.277343750000000000e-01 6.699477495379990444e+01
-4.274902343750000000e-01 6.699493048102134196e+01
-4.272460937500000000e-01 6.699509437635474285e+01
-4.270019531250000000e-01 6.699526693066081862e+01
-4.267578125000000000e-01 6.699544841914656956e+01
-4.265136718750000000e-01 6.699563910037942094e+01
-4.262695312500000000e-01 6.699583921534537012e+01
-4.260253906250000000e-01 6.699604898655317697e+01
-4.257812500000000000e-01 6.699626861718749637e+01
-4.255371093750000000e-01 6.699649829031260140e+01
-4.252929687500000000e-01 6.699673816812919824e+01
-4.250488281250000000e-01 6.699698839128603822e+01
-4.248046875000000000e-01 6.699724907824824527e+01
-4.245605468750000000e-01 6.699752032472387953e+01
-4.243164062500000000e-01 6.699780220315025758e+01
-4.240722656250000000e-01 6.699809476224137939e+01
-4.238281250000000000e-01 6.699839802659762711e+01
-4.235839843750000000e-01 6.699871199637863128e+01
-4.233398437500000000e-01 6.699903664704022788e+01
-4.230957031250000000e-01 6.699937192913606054e+01
-4.228515625000000000e-01 6.699971776818445335e+01
-4.226074218750000000e-01 6.700007406460061077e+01
-4.223632812500000000e-01 6.700044069369457134e+01
-4.221191406250000000e-01 6.700081750573458805e+01
-4.218750000000000000e-01 6.700120432607594978e+01
-4.216308593750000000e-01 6.700160095535463256e+01
-4.213867187500000000e-01 6.700200716974543980e+01
-4.211425781250000000e-01 6.700242272128372178e+01
-4.208984375000000000e-01 6.700284733824976513e+01
-4.206542968750000000e-01 6.700328072561502779e+01
-4.204101562500000000e-01 6.700372256554861394e+01
-4.201660156250000000e-01 6.700417251798290863e+01
-4.199218750000000000e-01 6.700463022123672374e+01
-4.196777343750000000e-01 6.700509529269416475e+01
-4.194335937500000000e-01 6.700556732953759820e+01
-4.191894531250000000e-01 6.700604590953250295e+01
-4.189453125000000000e-01 6.700653059186230109e+01
-4.187011718750000000e-01 6.700702091801075255e+01
-4.184570312500000000e-01 6.700751641268976755e+01
-4.182128906250000000e-01 6.700801658480983747e+01
-4.179687500000000000e-01 6.700852092849092401e+01
-4.177246093750000000e-01 6.700902892411077971e+01
-4.174804687500000000e-01 6.700954003938799985e+01
-4.172363281250000000e-01 6.701005373049709135e+01
-4.169921875000000000e-01 6.701056944321250342e+01
-4.167480468750000000e-01 6.701108661407850775e+01
-4.165039062500000000e-01 6.701160467160214296e+01
-4.162597656250000000e-01 6.701212303746581256e+01
-4.160156250000000000e-01 6.701264112775652393e+01
-4.157714843750000000e-01 6.701315835420851386e+01
-4.155273437500000000e-01 6.701367412545609170e+01
-4.152832031250000000e-01 6.701418784829330377e+01
-4.150390625000000000e-01 6.701469892893737779e+01
-4.147949218750000000e-01 6.701520677429247996e+01
-4.145507812500000000e-01 6.701571079321060154e+01
-4.143066406250000000e-01 6.701621039774641986e+01
-4.140625000000000000e-01 6.701670500440278033e+01
-4.138183593750000000e-01 6.701719403536370123e+01
-4.135742187500000000e-01 6.701767691971173235e+01
-4.133300781250000000e-01 6.701815309462661219e+01
-4.130859375000000000e-01 6.701862200656208302e+01
-4.128417968750000000e-01 6.701908311239802174e+01
-4.125976562500000000e-01 6.701953588056485955e+01
-4.123535156250000000e-01 6.701997979213761880e+01
-4.121093750000000000e-01 6.702041434189665381e+01
-4.118652343750000000e-01 6.702083903935258036e+01
-4.116210937500000000e-01 6.702125340973276479e+01
-4.113769531250000000e-01 6.702165699492709905e+01
-4.111328125000000000e-01 6.702204935439041833e+01
-4.108886718750000000e-01 6.702243006599975672e+01
-4.106445312500000000e-01 6.702279872686398221e+01
-4.104003906250000000e-01 6.702315495408412005e+01
-4.101562500000000000e-01 6.702349838546240335e+01
-4.099121093750000000e-01 6.702382868015837403e+01
-4.096679687500000000e-01 6.702414551929058462e+01
-4.094238281250000000e-01 6.702444860648236613e+01
-4.091796875000000000e-01 6.702473766835046831e+01
-4.089355468750000000e-01 6.702501245493554904e+01
-4.086914062500000000e-01 6.702527274007339031e+01
-4.084472656250000000e-01 6.702551832170625801e+01
-4.082031250000000000e-01 6.702574902213358143e+01
-4.079589843750000000e-01 6.702596468820165398e+01
-4.077148437500000000e-01 6.702616519143182927e+01
-4.074707031250000000e-01 6.702635042808731214e+01
-4.072265625000000000e-01 6.702652031917835984e+01
-4.069824218750000000e-01 6.702667481040619180e+01
-4.067382812500000000e-01 6.702681387204580687e+01
-4.064941406250000000e-01 6.702693749876831930e+01
-4.062500000000000000e-01 6.702704570940346684e+01
-4.060058593750000000e-01 6.702713854664293081e+01
-4.057617187500000000e-01 6.702721607668576098e+01
-4.055175781250000000e-01 6.702727838882660194e+01
-4.052734375000000000e-01 6.702732559498834064e+01
-4.050292968750000000e-01 6.702735782920042595e+01
-4.047851562500000000e-01 6.702737524702440908e+01
-4.045410156250000000e-01 6.702737802492843855e+01
-4.042968750000000000e-01 6.702736635961261413e+01
-4.040527343750000000e-01 6.702734046728697592e+01
-4.038085937500000000e-01 6.702730058290433135e+01
-4.035644531250000000e-01 6.702724695935020804e+01
-4.033203125000000000e-01 6.702717986659207838e+01
-4.030761718750000000e-01 6.702709959079038526e+01
-4.028320312500000000e-01 6.702700643337385600e+01
-4.025878906250000000e-01 6.702690071008186123e+01
-4.023437500000000000e-01 6.702678274997633423e+01
-4.020996093750000000e-01 6.702665289442617791e+01
-4.018554687500000000e-01 6.702651149606701608e+01
-4.016113281250000000e-01 6.702635891773931576e+01
-4.013671875000000000e-01 6.702619553140759479e+01
-4.011230468750000000e-01 6.702602171706418233e+01
-4.008789062500000000e-01 6.702583786162028900e+01
-4.006347656250000000e-01 6.702564435778772634e+01
-4.003906250000000000e-01 6.702544160295435915e+01
-4.001464843750000000e-01 6.702522999805643167e+01
-3.999023437500000000e-01 6.702500994645109245e+01
-3.996582031250000000e-01 6.702478185279224476e+01
-3.994140625000000000e-01 6.702454612191279182e+01
-3.991699218750000000e-01 6.702430315771677272e+01
-3.989257812500000000e-01 6.702405336208413189e+01
-3.986816406250000000e-01 6.702379713379164627e+01
-3.984375000000000000e-01 6.702353486745271027e+01
-3.981933593750000000e-01 6.702326695247941757e+01
-3.979492187500000000e-01 6.702299377206945508e+01
-3.977050781250000000e-01 6.702271570222120545e+01
-3.974609375000000000e-01 6.702243311077940291e+01
-3.972167968750000000e-01 6.702214635651456831e+01
-3.969726562500000000e-01 6.702185578823844025e+01
-3.967285156250000000e-01 6.702156174395837240e+01
-3.964843750000000000e-01 6.702126455007282857e+01
-3.962402343750000000e-01 6.702096452061053355e+01
-3.959960937500000000e-01 6.702066195651538294e+01
-3.957519531250000000e-01 6.702035714497932872e+01
-3.955078125000000000e-01 6.702005035882510242e+01
-3.952636718750000000e-01 6.701974185594066569e+01
-3.950195312500000000e-01 6.701943187876710795e+01
-3.947753906250000000e-01 6.701912065384144057e+01
-3.945312500000000000e-01 6.701880839139573709e+01
-3.942871093750000000e-01 6.701849528501391262e+01
-3.940429687500000000e-01 6.701818151134708046e+01
-3.937988281250000000e-01 6.701786722988843792e+01
-3.935546875000000000e-01 6.701755258280849148e+01
-3.933105468750000000e-01 6.701723769485110438e+01
-3.930664062500000000e-01 6.701692267329077879e+01
-3.928222656250000000e-01 6.701660760795134308e+01
-3.925781250000000000e-01 6.701629257128625738e+01
-3.923339843750000000e-01 6.701597761852019630e+01
-3.920898437500000000e-01 6.701566278785166730e+01
-3.918457031250000000e-01 6.701534810071622417e+01
-3.916015625000000000e-01 6.701503356210966444e+01
-3.913574218750000000e-01 6.701471916097007409e+01
-3.911132812500000000e-01 6.701440487061817919e+01
-3.908691406250000000e-01 6.701409064925435644e+01
-3.906250000000000000e-01 6.701377644051130744e+01
-3.903808593750000000e-01 6.701346217406063488e+01
-3.901367187500000000e-01 6.701314776627187086e+01
-3.898925781250000000e-01 6.701283312092188282e+01
-3.896484375000000000e-01 6.701251812995289470e+01
-3.894042968750000000e-01 6.701220267427684973e+01
-3.891601562500000000e-01 6.701188662462386958e+01
-3.889160156250000000e-01 6.701156984243253589e+01
-3.886718750000000000e-01 6.701125218077920920e+01
-3.884277343750000000e-01 6.701093348534388383e+01
-3.881835937500000000e-01 6.701061359540989315e+01
-3.879394531250000000e-01 6.701029234489431019e+01
-3.876953125000000000e-01 6.700996956340625843e+01
-3.874511718750000000e-01 6.700964507733006315e+01
-3.872070312500000000e-01 6.700931871092987535e+01
-3.869628906250000000e-01 6.700899028747282671e+01
-3.867187500000000000e-01 6.700865963036700634e+01
-3.864746093750000000e-01 6.700832656431134637e+01
-3.862304687500000000e-01 6.700799091645356498e+01
-3.859863281250000000e-01 6.700765251755295537e+01
-3.857421875000000000e-01 6.700731120314442535e+01
-3.854980468750000000e-01 6.700696681470033411e+01
-3.852539062500000000e-01 6.700661920078638900e+01
-3.850097656250000000e-01 6.700626821820836199e+01
-3.847656250000000000e-01 6.700591373314578902e+01
-3.845214843750000000e-01 6.700555562226929851e+01
-3.842773437500000000e-01 6.700519377383797348e+01
-3.840332031250000000e-01 6.700482808877342222e+01
-3.837890625000000000e-01 6.700445848170684826e+01
-3.835449218750000000e-01 6.700408488199596491e+01
-3.833007812500000000e-01 6.700370723470850010e+01
-3.830566406250000000e-01 6.700332550156869615e+01
-3.828125000000000000e-01 6.700293966186400496e+01
-3.825683593750000000e-01 6.700254971330861054e+01
-3.823242187500000000e-01 6.700215567286100793e+01
-3.820800781250000000e-01 6.700175757749261152e+01
-3.818359375000000000e-01 6.700135548490455051e+01
-3.815917968750000000e-01 6.700094947419030689e+01
-3.813476562500000000e-01 6.700053964644119731e+01
-3.811035156250000000e-01 6.700012612529276623e+01
-3.808593750000000000e-01 6.699970905740944715e+01
-3.806152343750000000e-01 6.699928861290575810e+01
-3.803710937500000000e-01 6.699886498570167248e+01
-3.801269531250000000e-01 6.699843839381074417e+01
-3.798828125000000000e-01 6.699800907955908258e+01
-3.796386718750000000e-01 6.699757730973395553e+01
-3.793945312500000000e-01 6.699714337566051370e+01
-3.791503906250000000e-01 6.699670759320575542e+01
-3.789062500000000000e-01 6.699627030270863770e+01
-3.786621093750000000e-01 6.699583186883570818e+01
-3.784179687500000000e-01 6.699539268036183159e+01
-3.781738281250000000e-01 6.699495314987532879e+01
-3.779296875000000000e-01 6.699451371340786920e+01
-3.776855468750000000e-01 6.699407482998871899e+01
-3.774414062500000000e-01 6.699363698112401266e+01
-3.771972656250000000e-01 6.699320067020120462e+01
-3.769531250000000000e-01 6.699276642181943942e+01
-3.767089843750000000e-01 6.699233478104693518e+01
-3.764648437500000000e-01 6.699190631260611895e+01
-3.762207031250000000e-01 6.699148159998806307e+01
-3.759765625000000000e-01 6.699106124449744470e+01
-3.757324218750000000e-01 6.699064586422997536e+01
-3.754882812500000000e-01 6.699023609298393467e+01
-3.752441406250000000e-01 6.698983257910803957e+01
-3.750000000000000000e-01 6.698943598428770940e+01
-3.747558593750000000e-01 6.698904698227239862e+01
-3.745117187500000000e-01 6.698866625754629922e+01
-3.742675781250000000e-01 6.698829450394559615e+01
-3.740234375000000000e-01 6.698793242322483366e+01
-3.737792968750000000e-01 6.698758072357576054e+01
-3.735351562500000000e-01 6.698724011810186596e+01
-3.732910156250000000e-01 6.698691132325193109e+01
-3.730468750000000000e-01 6.698659505721647633e+01
-3.728027343750000000e-01 6.698629203829031553e+01
-3.725585937500000000e-01 6.698600298320553748e+01
-3.723144531250000000e-01 6.698572860543842467e+01
-3.720703125000000000e-01 6.698546961349481421e+01
-3.718261718750000000e-01 6.698522670917762412e+01
-3.715820312500000000e-01 6.698500058584100714e+01
-3.713378906250000000e-01 6.698479192663553761e+01
-3.710937500000000000e-01 6.698460140274845287e+01
-3.708496093750000000e-01 6.698442967164383788e+01
-3.706054687500000000e-01 6.698427737530687409e+01
-3.703613281250000000e-01 6.698414513849698437e+01
-3.701171875000000000e-01 6.698403356701398081e+01
-3.698730468750000000e-01 6.698394324598231719e+01
-3.696289062500000000e-01 6.698387473815749615e+01
-3.693847656250000000e-01 6.698382858225946279e+01
-3.691406250000000000e-01 6.698380529133737582e+01
-3.688964843750000000e-01 6.698380535117021850e+01
-3.686523437500000000e-01 6.698382921870772577e+01
-3.684082031250000000e-01 6.698387732055589083e+01
-3.681640625000000000e-01 6.698395005151144233e+01
-3.679199218750000000e-01 6.698404777314932801e+01
-3.676757812500000000e-01 6.698417081246745397e+01
-3.674316406250000000e-01 6.698431946059247366e+01
-3.671875000000000000e-01 6.698449397155070528e+01
-3.669433593750000000e-01 6.698469456110768760e+01
-3.666992187500000000e-01 6.698492140567995534e+01
-3.664550781250000000e-01 6.698517464132274313e+01
-3.662109375000000000e-01 6.698545436279641763e+01
-3.659667968750000000e-01 6.698576062271497733e+01
-3.657226562500000000e-01 6.698609343077963274e+01
-3.654785156250000000e-01 6.698645275309969804e+01
-3.652343750000000000e-01 6.698683851160390645e+01
-3.649902343750000000e-01 6.698725058354371242e+01
-3.647460937500000000e-01 6.698768880109135182e+01
-3.645019531250000000e-01 6.698815295103395329e+01
-3.642578125000000000e-01 6.698864277456553395e+01
-3.640136718750000000e-01 6.698915796717828641e+01
-3.637695312500000000e-01 6.698969817865398113e+01
-3.635253906250000000e-01 6.699026301315689125e+01
-3.632812500000000000e-01 6.699085202942822548e+01
-3.630371093750000000e-01 6.699146474108290761e+01
-3.627929687500000000e-01 6.699210061700870256e+01
-3.625488281250000000e-01 6.699275908186740480e+01
-3.623046875000000000e-01 6.699343951669776231e+01
-3.620605468750000000e-01 6.699414125961970967e+01
-3.618164062500000000e-01 6.699486360663857454e+01
-3.615722656250000000e-01 6.699560581254846170e+01
-3.613281250000000000e-01 6.699636709193315198e+01
-3.610839843750000000e-01 6.699714662026308076e+01
-3.608398437500000000e-01 6.699794353508623601e+01
-3.605957031250000000e-01 6.699875693731095794e+01
-3.603515625000000000e-01 6.699958589257829544e+01
-3.601074218750000000e-01 6.700042943272120510e+01
-3.598632812500000000e-01 6.700128655730773630e+01
-3.596191406250000000e-01 6.700215623526521824e+01
-3.593750000000000000e-01 6.700303740658225138e+01
-3.591308593750000000e-01 6.700392898408465214e+01
-3.588867187500000000e-01 6.700482985528229563e+01
-3.586425781250000000e-01 6.700573888428239400e+01
-3.583984375000000000e-01 6.700665491376561533e+01
-3.581542968750000000e-01 6.700757676702063748e+01
-3.579101562500000000e-01 6.700850325003287367e+01
-3.576660156250000000e-01 6.700943315362285091e+01
-3.574218750000000000e-01 6.701036525562967938e+01
-3.571777343750000000e-01 6.701129832313475276e+01
-3.569335937500000000e-01 6.701223111472094729e+01
-3.566894531250000000e-01 6.701316238276237414e+01
-3.564453125000000000e-01 6.701409087573949819e+01
-3.562011718750000000e-01 6.701501534057472043e+01
-3.559570312500000000e-01 6.701593452498312331e+01
-3.557128906250000000e-01 6.701684717983314954e+01
-3.554687500000000000e-01 6.701775206151214093e+01
-3.552246093750000000e-01 6.701864793429110989e+01
-3.549804687500000000e-01 6.701953357268386924e+01
-3.547363281250000000e-01 6.702040776379496378e+01
-3.544921875000000000e-01 6.702126930965113161e+01
-3.542480468750000000e-01 6.702211702951117900e+01
-3.540039062500000000e-01 6.702294976214892586e+01
-3.537597656250000000e-01 6.702376636810417665e+01
-3.535156250000000000e-01 6.702456573189653000e+01
-3.532714843750000000e-01 6.702534676419693938e+01
-3.530273437500000000e-01 6.702610840395232117e+01
-3.527832031250000000e-01 6.702684962045803729e+01
-3.525390625000000000e-01 6.702756941537371915e+01
-3.522949218750000000e-01 6.702826682467785702e+01
-3.520507812500000000e-01 6.702894092055637998e+01
-3.518066406250000000e-01 6.702959081322123325e+01
-3.515625000000000000e-01 6.703021565265433424e+01
-3.513183593750000000e-01 6.703081463027328368e+01
-3.510742187500000000e-01 6.703138698051454014e+01
-3.508300781250000000e-01 6.703193198233063299e+01
-3.505859375000000000e-01 6.703244896059770497e+01
-3.503417968750000000e-01 6.703293728743012991e+01
-3.500976562500000000e-01 6.703339638339903672e+01
-3.498535156250000000e-01 6.703382571865176942e+01
-3.496093750000000000e-01 6.703422481392956911e+01
-3.493652343750000000e-01 6.703459324148109033e+01
-3.491210937500000000e-01 6.703493062586916551e+01
-3.488769531250000000e-01 6.703523664466918319e+01
-3.486328125000000000e-01 6.703551102905680636e+01
-3.483886718750000000e-01 6.703575356428389398e+01
-3.481445312500000000e-01 6.703596409004092038e+01
-3.479003906250000000e-01 6.703614250070502578e+01
-3.476562500000000000e-01 6.703628874547278826e+01
-3.474121093750000000e-01 6.703640282837717734e+01
-3.471679687500000000e-01 6.703648480818831956e+01
-3.469238281250000000e-01 6.703653479819797667e+01
-3.466796875000000000e-01 6.703655296588800638e+01
-3.464355468750000000e-01 6.703653953248328889e+01
-3.461914062500000000e-01 6.703649477238970178e+01
-3.459472656250000000e-01 6.703641901251822333e+01
-3.457031250000000000e-01 6.703631263149634378e+01
-3.454589843750000000e-01 6.703617605876834773e+01
-3.452148437500000000e-01 6.703600977358615864e+01
-3.449707031250000000e-01 6.703581430389276363e+01
-3.447265625000000000e-01 6.703559022510054888e+01
-3.444824218750000000e-01 6.703533815876690483e+01
-3.442382812500000000e-01 6.703505877117002854e+01
-3.439941406250000000e-01 6.703475277178785063e+01
-3.437500000000000000e-01 6.703442091168325589e+01
-3.435058593750000000e-01 6.703406398179915016e+01
-3.432617187500000000e-01 6.703368281116706839e+01
-3.430175781250000000e-01 6.703327826503310405e+01
-3.427734375000000000e-01 6.703285124290557917e+01
-3.425292968750000000e-01 6.703240267652824969e+01
-3.422851562500000000e-01 6.703193352778414749e+01
-3.420410156250000000e-01 6.703144478653443628e+01
-3.417968750000000000e-01 6.703093746839711287e+01
-3.415527343750000000e-01 6.703041261247082616e+01
-3.413085937500000000e-01 6.702987127900884445e+01
-3.410644531250000000e-01 6.702931454704850012e+01
-3.408203125000000000e-01 6.702874351200178182e+01
-3.405761718750000000e-01 6.702815928321246020e+01
-3.403320312500000000e-01 6.702756298148547387e+01
-3.400878906250000000e-01 6.702695573659462980e+01
-3.398437500000000000e-01 6.702633868477410317e+01
-3.395996093750000000e-01 6.702571296620003238e+01
-3.393554687500000000e-01 6.702507972246802126e+01
-3.391113281250000000e-01 6.702444009407267345e+01
-3.388671875000000000e-01 6.702379521789522698e+01
-3.386230468750000000e-01 6.702314622470527183e+01
-3.383789062500000000e-01 6.702249423668277473e+01
-3.381347656250000000e-01 6.702184036496630881e+01
-3.378906250000000000e-01 6.702118570723369828e+01
-3.376464843750000000e-01 6.702053134532063439e+01
-3.374023437500000000e-01 6.701987834288377144e+01
-3.371582031250000000e-01 6.701922774311344710e+01
-3.369140625000000000e-01 6.701858056650215190e+01
-3.366699218750000000e-01 6.701793780867420480e+01
-3.364257812500000000e-01 6.701730043828197836e+01
-3.361816406250000000e-01 6.701666939497413011e+01
-3.359375000000000000e-01 6.701604558744084272e+01
-3.356933593750000000e-01 6.701542989154100383e+01
-3.354492187500000000e-01 6.701482314851628530e+01
-3.352050781250000000e-01 6.701422616329621462e+01
-3.349609375000000000e-01 6.701363970289914107e+01
-3.347167968750000000e-01 6.701306449493257844e+01
-3.344726562500000000e-01 6.701250122619717331e+01
-3.342285156250000000e-01 6.701195054139755314e+01
-3.339843750000000000e-01 6.701141304196357851e+01
-3.337402343750000000e-01 6.701088928498478481e+01
-3.334960937500000000e-01 6.701037978226078451e+01
-3.332519531250000000e-01 6.700988499946998900e+01
-3.330078125000000000e-01 6.700940535545869636e+01
-3.327636718750000000e-01 6.700894122165234990e+01
-3.325195312500000000e-01 6.700849292159016102e+01
-3.322753906250000000e-01 6.700806073058443246e+01
-3.320312500000000000e-01 6.700764487550500803e+01
-3.317871093750000000e-01 6.700724553468945999e+01
-3.315429687500000000e-01 6.700686283797871567e+01
-3.312988281250000000e-01 6.700649686687813755e+01
-3.310546875000000000e-01 6.700614765484296242e+01
-3.308105468750000000e-01 6.700581518768726141e+01
-3.305664062500000000e-01 6.700549940411497118e+01
-3.303222656250000000e-01 6.700520019637102109e+01
-3.300781250000000000e-01 6.700491741101059517e+01
-3.298339843750000000e-01 6.700465084978401364e+01
-3.295898437500000000e-01 6.700440027063409332e+01
-3.293457031250000000e-01 6.700416538880331530e+01
-3.291015625000000000e-01 6.700394587804669300e+01
-3.288574218750000000e-01 6.700374137194688728e+01
-3.286132812500000000e-01 6.700355146532716333e+01
-3.283691406250000000e-01 6.700337571575779805e+01
-3.281250000000000000e-01 6.700321364515106382e+01
-3.278808593750000000e-01 6.700306474143974356e+01
-3.276367187500000000e-01 6.700292846033376293e+01
-3.273925781250000000e-01 6.700280422714932627e+01
-3.271484375000000000e-01 6.700269143870468724e+01
-3.269042968750000000e-01 6.700258946527624460e+01
-3.266601562500000000e-01 6.700249765260893753e+01
-3.264160156250000000e-01 6.700241532397392064e+01
-3.261718750000000000e-01 6.700234178226719450e+01
-3.259277343750000000e-01 6.700227631214188762e+01
-3.256835937500000000e-01 6.700221818216722625e+01
-3.254394531250000000e-01 6.700216664700701585e+01
-3.251953125000000000e-01 6.700212094960998854e+01
-3.249511718750000000e-01 6.700208032340488273e+01
-3.247070312500000000e-01 6.700204399449225434e+01
-3.244628906250000000e-01 6.700201118382570087e+01
-3.242187500000000000e-01 6.700198110937452611e+01
-3.239746093750000000e-01 6.700195298826029955e+01
-3.237304687500000000e-01 6.700192603885939491e+01
-3.234863281250000000e-01 6.700189948286366359e+01
-3.232421875000000000e-01 6.700187254729181063e+01
-3.229980468750000000e-01 6.700184446644334457e+01
-3.227539062500000000e-01 6.700181448378776849e+01
-3.225097656250000000e-01 6.700178185378118201e+01
-3.222656250000000000e-01 6.700174584360311769e+01
-3.220214843750000000e-01 6.700170573480592395e+01
-3.217773437500000000e-01 6.700166082486964569e+01
-3.215332031250000000e-01 6.700161042865525474e+01
-3.212890625000000000e-01 6.700155387974930932e+01
-3.210449218750000000e-01 6.700149053169350566e+01
-3.208007812500000000e-01 6.700141975909212988e+01
-3.205566406250000000e-01 6.700134095859175432e+01
-3.203125000000000000e-01 6.700125354972649916e+01
-3.200683593750000000e-01 6.700115697562348771e+01
-3.198242187500000000e-01 6.700105070356275405e+01
-3.195800781250000000e-01 6.700093422538641619e+01
-3.193359375000000000e-01 6.700080705775216927e+01
-3.190917968750000000e-01 6.700066874222639512e+01
-3.188476562500000000e-01 6.700051884521276691e+01
-3.186035156250000000e-01 6.700035695771217092e+01
-3.183593750000000000e-01 6.700018269491052081e+01
-3.181152343750000000e-01 6.699999569559116708e+01
-3.178710937500000000e-01 6.699979562136903155e+01
-3.176269531250000000e-01 6.699958215574409337e+01
-3.173828125000000000e-01 6.699935500297213764e+01
-3.171386718750000000e-01 6.699911388675103296e+01
-3.168945312500000000e-01 6.699885854872148627e+01
-3.166503906250000000e-01 6.699858874678145071e+01
-3.164062500000000000e-01 6.699830425321368921e+01
-3.161621093750000000e-01 6.699800485262672112e+01
-3.159179687500000000e-01 6.699769033970977716e+01
-3.156738281250000000e-01 6.699736051680254434e+01
-3.154296875000000000e-01 6.699701519128120708e+01
-3.151855468750000000e-01 6.699665417276297319e+01
-3.149414062500000000e-01 6.699627727013091771e+01
-3.146972656250000000e-01 6.699588428838261223e+01
-3.144531250000000000e-01 6.699547502530522536e+01
-3.142089843750000000e-01 6.699504926798142890e+01
-3.139648437500000000e-01 6.699460678912971900e+01
-3.137207031250000000e-01 6.699414734328441057e+01
-3.134765625000000000e-01 6.699367066282002270e+01
-3.132324218750000000e-01 6.699317645382558339e+01
-3.129882812500000000e-01 6.699266439183520561e+01
-3.127441406250000000e-01 6.699213411742094593e+01
-3.125000000000000000e-01 6.699158523165492340e+01
-3.122558593750000000e-01 6.699101729144803130e+01
-3.120117187500000000e-01 6.699042980477250353e+01
-3.117675781250000000e-01 6.698982222577684809e+01
-3.115234375000000000e-01 6.698919394980083553e+01
-3.112792968750000000e-01 6.698854430829987905e+01
-3.110351562500000000e-01 6.698787256368720477e+01
-3.107910156250000000e-01 6.698717790410361772e+01
-3.105468750000000000e-01 6.698645943812400105e+01
-3.103027343750000000e-01 6.698571618941085148e+01
-3.100585937500000000e-01 6.698494709132444314e+01
-3.098144531250000000e-01 6.698415098150024960e+01
-3.095703125000000000e-01 6.698332659640401232e+01
-3.093261718750000000e-01 6.698247256587497134e+01
-3.090820312500000000e-01 6.698158740766815811e+01
-3.088378906250000000e-01 6.698066952200649382e+01
-3.085937500000000000e-01 6.697971718615383452e+01
-3.083496093750000000e-01 6.697872854901956430e+01
-3.081054687500000000e-01 6.697770162580611952e+01
-3.078613281250000000e-01 6.697663429271025848e+01
-3.076171875000000000e-01 6.697552428168887673e+01
-3.073730468750000000e-01 6.697436917530038158e+01
-3.071289062500000000e-01 6.697316640163228385e+01
-3.068847656250000000e-01 6.697191322932565072e+01
-3.066406250000000000e-01 6.697060676270658064e+01
-3.063964843750000000e-01 6.696924393703527301e+01
-3.061523437500000000e-01 6.696782151388225657e+01
-3.059082031250000000e-01 6.696633607664176679e+01
-3.056640625000000000e-01 6.696478402619143822e+01
-3.054199218750000000e-01 6.696316157670744929e+01
-3.051757812500000000e-01 6.696146475164380263e+01
-3.049316406250000000e-01 6.695968937988392611e+01
-3.046875000000000000e-01 6.695783109207270911e+01
-3.044433593750000000e-01 6.695588531713607949e+01
-3.041992187500000000e-01 6.695384727899551081e+01
-3.039550781250000000e-01 6.695171199348345681e+01
-3.037109375000000000e-01 6.694947426546617919e+01
-3.034667968750000000e-01 6.694712868617904178e+01
-3.032226562500000000e-01 6.694466963077945820e+01
-3.029785156250000000e-01 6.694209125612164257e+01
-3.027343750000000000e-01 6.693938749875701433e+01
-3.024902343750000000e-01 6.693655207316353994e+01
-3.022460937500000000e-01 6.693357847020641316e+01
-3.020019531250000000e-01 6.693045995583230479e+01
-3.017578125000000000e-01 6.692718956999827640e+01
-3.015136718750000000e-01 6.692376012583650891e+01
-3.012695312500000000e-01 6.692016420905466134e+01
-3.010253906250000000e-01 6.691639417757164665e+01
-3.007812500000000000e-01 6.691244216138757395e+01
-3.005371093750000000e-01 6.690830006268650720e+01
-3.002929687500000000e-01 6.690395955616943979e+01
-3.000488281250000000e-01 6.689941208961494112e+01
-2.998046875000000000e-01 6.689464888466386583e+01
-2.995605468750000000e-01 6.688966093782431699e+01
-2.993164062500000000e-01 6.688443902169228750e+01
-2.990722656250000000e-01 6.687897368638284945e+01
-2.988281250000000000e-01 6.687325526116657670e+01
-2.985839843750000000e-01 6.686727385630494780e+01
-2.983398437500000000e-01 6.686101936507834864e+01
-2.980957031250000000e-01 6.685448146599962627e+01
-2.978515625000000000e-01 6.684764962520600307e+01
-2.976074218750000000e-01 6.684051309902140758e+01
-2.973632812500000000e-01 6.683306093668117853e+01
-2.971191406250000000e-01 6.682528198321068658e+01
-2.968750000000000000e-01 6.681716488244900631e+01
-2.966308593750000000e-01 6.680869808020865719e+01
-2.963867187500000000e-01 6.679986982756203417e+01
-2.961425781250000000e-01 6.679066818424493590e+01
-2.958984375000000000e-01 6.678108102216751263e+01
-2.956542968750000000e-01 6.677109602902260121e+01
-2.954101562500000000e-01 6.676070071198139999e+01
-2.951660156250000000e-01 6.674988240146636542e+01
-2.949218750000000000e-01 6.673862825499091400e+01
-2.946777343750000000e-01 6.672692526105564070e+01
-2.944335937500000000e-01 6.671476024309075115e+01
-2.941894531250000000e-01 6.670211986343419142e+01
-2.939453125000000000e-01 6.668899062733524374e+01
-2.937011718750000000e-01 6.667535888697311464e+01
-2.934570312500000000e-01 6.666121084548036890e+01
-2.932128906250000000e-01 6.664653256096104883e+01
-2.929687500000000000e-01 6.663130995049334615e+01
-2.927246093750000000e-01 6.661552879410683659e+01
-2.924804687500000000e-01 6.659917473872476990e+01
-2.922363281250000000e-01 6.658223330206136836e+01
-2.919921875000000000e-01 6.656468987646518087e+01
-2.917480468750000000e-01 6.654652973269880079e+01
-2.915039062500000000e-01 6.652773802364627898e+01
-2.912597656250000000e-01 6.650829978793916553e+01
-2.910156250000000000e-01 6.648819995349273881e+01
-2.907714843750000000e-01 6.646742334094422233e+01
-2.905273437500000000e-01 6.644595466698444852e+01
-2.902832031250000000e-01 6.642377854757583577e+01
-2.900390625000000000e-01 6.640087950104847891e+01
-2.897949218750000000e-01 6.637724195106753200e+01
-2.895507812500000000e-01 6.635285022946449374e+01
-2.893066406250000000e-01 6.632768857892612857e+01
-2.890625000000000000e-01 6.630174115553410275e+01
-2.888183593750000000e-01 6.627499203114926729e+01
-2.885742187500000000e-01 6.624742519563504572e+01
-2.883300781250000000e-01 6.621902455891371631e+01
-2.880859375000000000e-01 6.618977395285057241e+01
-2.878417968750000000e-01 6.615965713296088779e+01
-2.875976562500000000e-01 6.612865777993458494e+01
-2.873535156250000000e-01 6.609675950097424391e+01
-2.871093750000000000e-01 6.606394583094208883e+01
-2.868652343750000000e-01 6.603020023331163202e+01
-2.866210937500000000e-01 6.599550610092056502e+01
-2.863769531250000000e-01 6.595984675652067608e+01
-2.861328125000000000e-01 6.592320545312193758e+01
-2.858886718750000000e-01 6.588556537412719649e+01
-2.856445312500000000e-01 6.584690963325465418e+01
-2.854003906250000000e-01 6.580722127424515122e+01
-2.851562500000000000e-01 6.576648327035199770e+01
-2.849121093750000000e-01 6.572467852361045004e+01
-2.846679687500000000e-01 6.568178986388485896e+01
-2.844238281250000000e-01 6.563780004769141385e+01
-2.841796875000000000e-01 6.559269175679429509e+01
-2.839355468750000000e-01 6.554644759657364261e+01
-2.836914062500000000e-01 6.549905009416355028e+01
-2.834472656250000000e-01 6.545048169635865065e+01
-2.832031250000000000e-01 6.540072476728765594e+01
-2.829589843750000000e-01 6.534976158585293149e+01
-2.827148437500000000e-01 6.529757434293443907e+01
-2.824707031250000000e-01 6.524414513835745311e+01
-2.822265625000000000e-01 6.518945597762272826e+01
-2.819824218750000000e-01 6.513348876839846469e+01
-2.817382812500000000e-01 6.507622531677321831e+01
-2.814941406250000000e-01 6.501764732326908813e+01
-2.812500000000000000e-01 6.495773637861481120e+01
-2.810058593750000000e-01 6.489647395927806883e+01
-2.807617187500000000e-01 6.483384142275687623e+01
-2.805175781250000000e-01 6.476982000262988493e+01
-2.802734375000000000e-01 6.470439080336532811e+01
-2.800292968750000000e-01 6.463753479488903508e+01
-2.797851562500000000e-01 6.456923280691141542e+01
-2.795410156250000000e-01 6.449946552301409497e+01
-2.792968750000000000e-01 6.442821347449675784e+01
-2.790527343750000000e-01 6.435545703398497608e+01
-2.788085937500000000e-01 6.428117640880029171e+01
-2.785644531250000000e-01 6.420535163409374491e+01
-2.783203125000000000e-01 6.412796256574470988e+01
-2.780761718750000000e-01 6.404898887302709909e+01
-2.778320312500000000e-01 6.396841003104532319e+01
-2.775878906250000000e-01 6.388620531294294835e+01
-2.773437500000000000e-01 6.380235378188775996e+01
-2.770996093750000000e-01 6.371683428283688500e+01
-2.768554687500000000e-01 6.362962543408704619e+01
-2.766113281250000000e-01 6.354070561861522748e+01
-2.763671875000000000e-01 6.345005297521616683e+01
-2.761230468750000000e-01 6.335764538944385293e+01
-2.758789062500000000e-01 6.326346048436544578e+01
-2.756347656250000000e-01 6.316747561113714937e+01
-2.753906250000000000e-01 6.306966783941287957e+01
-2.751464843750000000e-01 6.297001394759816151e+01
-2.749023437500000000e-01 6.286849041296341056e+01
-2.746582031250000000e-01 6.276507340163244919e+01
-2.744140625000000000e-01 6.265973875846461283e+01
-2.741699218750000000e-01 6.255246199685062436e+01
-2.739257812500000000e-01 6.244321828844579159e+01
-2.736816406250000000e-01 6.233198245286622097e+01
-2.734375000000000000e-01 6.221872894737789750e+01
-2.731933593750000000e-01 6.210343185661145782e+01
-2.729492187500000000e-01 6.198606488234008793e+01
-2.727050781250000000e-01 6.186660133336239653e+01
-2.724609375000000000e-01 6.174501411553723074e+01
-2.722167968750000000e-01 6.162127572202322057e+01
-2.719726562500000000e-01 6.149535822378221894e+01
-2.717285156250000000e-01 6.136723326041273197e+01
-2.714843750000000000e-01 6.123687203138776169e+01
-2.712402343750000000e-01 6.110424528777983255e+01
-2.709960937500000000e-01 6.096932332456631798e+01
-2.707519531250000000e-01 6.083207597361868579e+01
-2.705078125000000000e-01 6.069247259749203494e+01
-2.702636718750000000e-01 6.055048208414439159e+01
-2.700195312500000000e-01 6.040607284273086464e+01
-2.697753906250000000e-01 6.025921280063444385e+01
-2.695312500000000000e-01 6.010986940191418881e+01
-2.692871093750000000e-01 5.995800960737248175e+01
-2.690429687500000000e-01 5.980359989646665753e+01
-2.687988281250000000e-01 5.964660627131621595e+01
-2.685546875000000000e-01 5.948699426308598959e+01
-2.683105468750000000e-01 5.932472894105821126e+01
-2.680664062500000000e-01 5.915977492474243604e+01
-2.678222656250000000e-01 5.899209639941268080e+01
-2.675781250000000000e-01 5.882165713550598696e+01
-2.673339843750000000e-01 5.864842051236685450e+01
-2.670898437500000000e-01 5.847234954687765196e+01
-2.668457031250000000e-01 5.829340692757746467e+01
-2.666015625000000000e-01 5.811155505494097895e+01
-2.663574218750000000e-01 5.792675608856666258e+01
-2.661132812500000000e-01 5.773897200210900138e+01
-2.658691406250000000e-01 5.754816464688582300e+01
-2.656250000000000000e-01 5.735429582519824265e+01
-2.653808593750000000e-01 5.715732737451944701e+01
-2.651367187500000000e-01 5.695722126384073647e+01
-2.648925781250000000e-01 5.675393970360968154e+01
-2.646484375000000000e-01 5.654744527085867389e+01
-2.644042968750000000e-01 5.633770105130244588e+01
-2.641601562500000000e-01 5.612467080038416611e+01
-2.639160156250000000e-01 5.590831912547123750e+01
-2.636718750000000000e-01 5.568861169164757996e+01
-2.634277343750000000e-01 5.546551545381951343e+01
-2.631835937500000000e-01 5.523899891815116092e+01
-2.629394531250000000e-01 5.500903243617223382e+01
-2.626953125000000000e-01 5.477558853526075211e+01
-2.624511718750000000e-01 5.453864228959449179e+01
-2.622070312500000000e-01 5.429817173609209391e+01
-2.619628906250000000e-01 5.405415834032602618e+01
-2.617187500000000000e-01 5.380658751788674010e+01
-2.614746093750000000e-01 5.355544921720910168e+01
-2.612304687500000000e-01 5.330073857043596774e+01
-2.609863281250000000e-01 5.304245661948548474e+01
-2.607421875000000000e-01 5.278061112510226849e+01
-2.604980468750000000e-01 5.251521746729732598e+01
-2.602539062500000000e-01 5.224629964620437050e+01
-2.600097656250000000e-01 5.197389139298128669e+01
-2.597656250000000000e-01 5.169803740093993838e+01
-2.595214843750000000e-01 5.141879468756016536e+01
-2.592773437500000000e-01 5.113623409839267708e+01
-2.590332031250000000e-01 5.085044196402272121e+01
-2.587890625000000000e-01 5.056152192118179300e+01
-2.585449218750000000e-01 5.026959690867010977e+01
-2.583007812500000000e-01 4.997481134787812351e+01
-2.580566406250000000e-01 4.967733351623989790e+01
-2.578125000000000000e-01 4.937735811975408495e+01
-2.575683593750000000e-01 4.907510906758366787e+01
-2.573242187500000000e-01 4.877084244747383934e+01
-2.570800781250000000e-01 4.846484969506271057e+01
-2.568359375000000000e-01 4.815746094282712164e+01
-2.565917968750000000e-01 4.784904852511402140e+01
-2.563476562500000000e-01 4.754003060415833204e+01
-2.561035156250000000e-01 4.723087486789971479e+01
-2.558593750000000000e-01 4.692210223354739185e+01
-2.556152343750000000e-01 4.661429047106022239e+01
-2.553710937500000000e-01 4.630807763801523436e+01
-2.551269531250000000e-01 4.600416519195967879e+01
-2.548828125000000000e-01 4.570332061882361074e+01
-2.546386718750000000e-01 4.540637938727122958e+01
-2.543945312500000000e-01 4.511424601047220762e+01
-2.541503906250000000e-01 4.482789397078636995e+01
-2.539062500000000000e-01 4.454836424206768442e+01
-2.536621093750000000e-01 4.427676213221531043e+01
-2.534179687500000000e-01 4.401425216934592299e+01
-2.531738281250000000e-01 4.376205077307205471e+01
-2.529296875000000000e-01 4.352141649239874255e+01
-2.526855468750000000e-01 4.329363765770933981e+01
-2.524414062500000000e-01 4.308001738889042542e+01
-2.521972656250000000e-01 4.288185602534404950e+01
-2.519531250000000000e-01 4.270043119379955954e+01
-2.517089843750000000e-01 4.253697589993122108e+01
-2.514648437500000000e-01 4.239265520894250017e+01
-2.512207031250000000e-01 4.226854225353740446e+01
-2.509765625000000000e-01 4.216559445698018749e+01
-2.507324218750000000e-01 4.208463096494413946e+01
-2.504882812500000000e-01 4.202631232461766331e+01
-2.502441406250000000e-01 4.199112341952768190e+01
-2.500000000000000000e-01 4.197936055744257544e+01
-2.497558593750000000e-01 4.199112341952768190e+01
-2.495117187500000000e-01 4.202631232461769883e+01
-2.492675781250000000e-01 4.208463096494418210e+01
-2.490234375000000000e-01 4.216559445698020880e+01
-2.487792968750000000e-01 4.226854225353741867e+01
-2.485351562500000000e-01 4.239265520894256412e+01
-2.482910156250000000e-01 4.253697589993122818e+01
-2.480468750000000000e-01 4.270043119379956664e+01
-2.478027343750000000e-01 4.288185602534403529e+01
-2.475585937500000000e-01 4.308001738889043963e+01
-2.473144531250000000e-01 4.329363765770931849e+01
-2.470703125000000000e-01 4.352141649239875676e+01
-2.468261718750000000e-01 4.376205077307206182e+01
-2.465820312500000000e-01 4.401425216934595142e+01
-2.463378906250000000e-01 4.427676213221531754e+01
-2.460937500000000000e-01 4.454836424206769152e+01
-2.458496093750000000e-01 4.482789397078636995e+01
-2.456054687500000000e-01 4.511424601047222893e+01
-2.453613281250000000e-01 4.540637938727122958e+01
-2.451171875000000000e-01 4.570332061882366759e+01
-2.448730468750000000e-01 4.600416519195968590e+01
-2.446289062500000000e-01 4.630807763801526278e+01
-2.443847656250000000e-01 4.661429047106025791e+01
-2.441406250000000000e-01 4.692210223354742027e+01
-2.438964843750000000e-01 4.723087486789971479e+01
-2.436523437500000000e-01 4.754003060415831783e+01
-2.434082031250000000e-01 4.784904852511402851e+01
-2.431640625000000000e-01 4.815746094282714296e+01
-2.429199218750000000e-01 4.846484969506271767e+01
-2.426757812500000000e-01 4.877084244747385355e+01
-2.424316406250000000e-01 4.907510906758368208e+01
-2.421875000000000000e-01 4.937735811975408495e+01
-2.419433593750000000e-01 4.967733351623989790e+01
-2.416992187500000000e-01 4.997481134787813062e+01
-2.414550781250000000e-01 5.026959690867010266e+01
-2.412109375000000000e-01 5.056152192118180011e+01
-2.409667968750000000e-01 5.085044196402272121e+01
-2.407226562500000000e-01 5.113623409839269840e+01
-2.404785156250000000e-01 5.141879468756016536e+01
-2.402343750000000000e-01 5.169803740093993838e+01
-2.399902343750000000e-01 5.197389139298127958e+01
-2.397460937500000000e-01 5.224629964620436340e+01
-2.395019531250000000e-01 5.251521746729733309e+01
-2.392578125000000000e-01 5.278061112510226849e+01
-2.390136718750000000e-01 5.304245661948548474e+01
-2.387695312500000000e-01 5.330073857043596774e+01
-2.385253906250000000e-01 5.355544921720910168e+01
-2.382812500000000000e-01 5.380658751788674010e+01
-2.380371093750000000e-01 5.405415834032603328e+01
-2.377929687500000000e-01 5.429817173609210101e+01
-2.375488281250000000e-01 5.453864228959449179e+01
-2.373046875000000000e-01 5.477558853526076632e+01
-2.370605468750000000e-01 5.500903243617224092e+01
-2.368164062500000000e-01 5.523899891815116092e+01
-2.365722656250000000e-01 5.546551545381952053e+01
-2.363281250000000000e-01 5.568861169164758707e+01
-2.360839843750000000e-01 5.590831912547123750e+01
-2.358398437500000000e-01 5.612467080038415190e+01
-2.355957031250000000e-01 5.633770105130245298e+01
-2.353515625000000000e-01 5.654744527085868100e+01
-2.351074218750000000e-01 5.675393970360968865e+01
-2.348632812500000000e-01 5.695722126384072936e+01
-2.346191406250000000e-01 5.715732737451944701e+01
-2.343750000000000000e-01 5.735429582519824265e+01
-2.341308593750000000e-01 5.754816464688582300e+01
-2.338867187500000000e-01 5.773897200210900849e+01
-2.336425781250000000e-01 5.792675608856666258e+01
-2.333984375000000000e-01 5.811155505494097895e+01
-2.331542968750000000e-01 5.829340692757746467e+01
-2.329101562500000000e-01 5.847234954687766617e+01
-2.326660156250000000e-01 5.864842051236685450e+01
-2.324218750000000000e-01 5.882165713550597985e+01
-2.321777343750000000e-01 5.899209639941268080e+01
-2.319335937500000000e-01 5.915977492474243604e+01
-2.316894531250000000e-01 5.932472894105821126e+01
-2.314453125000000000e-01 5.948699426308598959e+01
-2.312011718750000000e-01 5.964660627131621595e+01
-2.309570312500000000e-01 5.980359989646665753e+01
-2.307128906250000000e-01 5.995800960737247465e+01
-2.304687500000000000e-01 6.010986940191418881e+01
-2.302246093750000000e-01 6.025921280063444385e+01
-2.299804687500000000e-01 6.040607284273086464e+01
-2.297363281250000000e-01 6.055048208414439870e+01
-2.294921875000000000e-01 6.069247259749204204e+01
-2.292480468750000000e-01 6.083207597361869290e+01
-2.290039062500000000e-01 6.096932332456631798e+01
-2.287597656250000000e-01 6.110424528777983966e+01
-2.285156250000000000e-01 6.123687203138775459e+01
-2.282714843750000000e-01 6.136723326041273197e+01
-2.280273437500000000e-01 6.149535822378220473e+01
-2.277832031250000000e-01 6.162127572202322057e+01
-2.275390625000000000e-01 6.174501411553723074e+01
-2.272949218750000000e-01 6.186660133336239653e+01
-2.270507812500000000e-01 6.198606488234008793e+01
-2.268066406250000000e-01 6.210343185661145782e+01
-2.265625000000000000e-01 6.221872894737789750e+01
-2.263183593750000000e-01 6.233198245286622097e+01
-2.260742187500000000e-01 6.244321828844579159e+01
-2.258300781250000000e-01 6.255246199685062436e+01
-2.255859375000000000e-01 6.265973875846459862e+01
-2.253417968750000000e-01 6.276507340163244919e+01
-2.250976562500000000e-01 6.286849041296341056e+01
-2.248535156250000000e-01 6.297001394759816151e+01
-2.246093750000000000e-01 6.306966783941287957e+01
-2.243652343750000000e-01 6.316747561113714937e+01
-2.241210937500000000e-01 6.326346048436544578e+01
-2.238769531250000000e-01 6.335764538944385293e+01
-2.236328125000000000e-01 6.345005297521616683e+01
-2.233886718750000000e-01 6.354070561861522748e+01
-2.231445312500000000e-01 6.362962543408704619e+01
-2.229003906250000000e-01 6.371683428283688500e+01
-2.226562500000000000e-01 6.380235378188775996e+01
-2.224121093750000000e-01 6.388620531294294835e+01
-2.221679687500000000e-01 6.396841003104532319e+01
-2.219238281250000000e-01 6.404898887302709909e+01
-2.216796875000000000e-01 6.412796256574470988e+01
-2.214355468750000000e-01 6.420535163409374491e+01
-2.211914062500000000e-01 6.428117640880029171e+01
-2.209472656250000000e-01 6.435545703398497608e+01
-2.207031250000000000e-01 6.442821347449675784e+01
-2.204589843750000000e-01 6.449946552301409497e+01
-2.202148437500000000e-01 6.456923280691141542e+01
-2.199707031250000000e-01 6.463753479488903508e+01
-2.197265625000000000e-01 6.470439080336534232e+01
-2.194824218750000000e-01 6.476982000262988493e+01
-2.192382812500000000e-01 6.483384142275687623e+01
-2.189941406250000000e-01 6.489647395927806883e+01
-2.187500000000000000e-01 6.495773637861481120e+01
-2.185058593750000000e-01 6.501764732326908813e+01
-2.182617187500000000e-01 6.507622531677321831e+01
-2.180175781250000000e-01 6.513348876839846469e+01
-2.177734375000000000e-01 6.518945597762271404e+01
-2.175292968750000000e-01 6.524414513835745311e+01
-2.172851562500000000e-01 6.529757434293445328e+01
-2.170410156250000000e-01 6.534976158585293149e+01
-2.167968750000000000e-01 6.540072476728767015e+01
-2.165527343750000000e-01 6.545048169635865065e+01
-2.163085937500000000e-01 6.549905009416355028e+01
-2.160644531250000000e-01 6.554644759657364261e+01
-2.158203125000000000e-01 6.559269175679429509e+01
-2.155761718750000000e-01 6.563780004769141385e+01
-2.153320312500000000e-01 6.568178986388485896e+01
-2.150878906250000000e-01 6.572467852361045004e+01
-2.148437500000000000e-01 6.576648327035199770e+01
-2.145996093750000000e-01 6.580722127424515122e+01
-2.143554687500000000e-01 6.584690963325465418e+01
-2.141113281250000000e-01 6.588556537412721070e+01
-2.138671875000000000e-01 6.592320545312193758e+01
-2.136230468750000000e-01 6.595984675652067608e+01
-2.133789062500000000e-01 6.599550610092056502e+01
-2.131347656250000000e-01 6.603020023331164623e+01
-2.128906250000000000e-01 6.606394583094208883e+01
-2.126464843750000000e-01 6.609675950097424391e+01
-2.124023437500000000e-01 6.612865777993458494e+01
-2.121582031250000000e-01 6.615965713296088779e+01
-2.119140625000000000e-01 6.618977395285057241e+01
-2.116699218750000000e-01 6.621902455891371631e+01
-2.114257812500000000e-01 6.624742519563504572e+01
-2.111816406250000000e-01 6.627499203114925308e+01
-2.109375000000000000e-01 6.630174115553410275e+01
-2.106933593750000000e-01 6.632768857892614278e+01
-2.104492187500000000e-01 6.635285022946449374e+01
-2.102050781250000000e-01 6.637724195106753200e+01
-2.099609375000000000e-01 6.640087950104847891e+01
-2.097167968750000000e-01 6.642377854757583577e+01
-2.094726562500000000e-01 6.644595466698444852e+01
-2.092285156250000000e-01 6.646742334094422233e+01
-2.089843750000000000e-01 6.648819995349273881e+01
-2.087402343750000000e-01 6.650829978793916553e+01
-2.084960937500000000e-01 6.652773802364627898e+01
-2.082519531250000000e-01 6.654652973269880079e+01
-2.080078125000000000e-01 6.656468987646516666e+01
-2.077636718750000000e-01 6.658223330206135415e+01
-2.075195312500000000e-01 6.659917473872476990e+01
-2.072753906250000000e-01 6.661552879410683659e+01
-2.070312500000000000e-01 6.663130995049334615e+01
-2.067871093750000000e-01 6.664653256096104883e+01
-2.065429687500000000e-01 6.666121084548036890e+01
-2.062988281250000000e-01 6.667535888697311464e+01
-2.060546875000000000e-01 6.668899062733524374e+01
-2.058105468750000000e-01 6.670211986343419142e+01
-2.055664062500000000e-01 6.671476024309075115e+01
-2.053222656250000000e-01 6.672692526105564070e+01
-2.050781250000000000e-01 6.673862825499091400e+01
-2.048339843750000000e-01 6.674988240146636542e+01
-2.045898437500000000e-01 6.676070071198138578e+01
-2.043457031250000000e-01 6.677109602902260121e+01
-2.041015625000000000e-01 6.678108102216751263e+01
-2.038574218750000000e-01 6.679066818424493590e+01
-2.036132812500000000e-01 6.679986982756203417e+01
-2.033691406250000000e-01 6.680869808020865719e+01
-2.031250000000000000e-01 6.681716488244900631e+01
-2.028808593750000000e-01 6.682528198321068658e+01
-2.026367187500000000e-01 6.683306093668119274e+01
-2.023925781250000000e-01 6.684051309902140758e+01
-2.021484375000000000e-01 6.684764962520600307e+01
-2.019042968750000000e-01 6.685448146599962627e+01
-2.016601562500000000e-01 6.686101936507834864e+01
-2.014160156250000000e-01 6.686727385630494780e+01
-2.011718750000000000e-01 6.687325526116657670e+01
-2.009277343750000000e-01 6.687897368638283524e+01
-2.006835937500000000e-01 6.688443902169228750e+01
-2.004394531250000000e-01 6.688966093782431699e+01
-2.001953125000000000e-01 6.689464888466386583e+01
-1.999511718750000000e-01 6.689941208961494112e+01
-1.997070312500000000e-01 6.690395955616943979e+01
-1.994628906250000000e-01 6.690830006268652141e+01
-1.992187500000000000e-01 6.691244216138757395e+01
-1.989746093750000000e-01 6.691639417757164665e+01
-1.987304687500000000e-01 6.692016420905466134e+01
-1.984863281250000000e-01 6.692376012583650891e+01
-1.982421875000000000e-01 6.692718956999827640e+01
-1.979980468750000000e-01 6.693045995583230479e+01
-1.977539062500000000e-01 6.693357847020641316e+01
-1.975097656250000000e-01 6.693655207316353994e+01
-1.972656250000000000e-01 6.693938749875701433e+01
-1.970214843750000000e-01 6.694209125612164257e+01
-1.967773437500000000e-01 6.694466963077945820e+01
-1.965332031250000000e-01 6.694712868617904178e+01
-1.962890625000000000e-01 6.694947426546617919e+01
-1.960449218750000000e-01 6.695171199348345681e+01
-1.958007812500000000e-01 6.695384727899551081e+01
-1.955566406250000000e-01 6.695588531713607949e+01
-1.953125000000000000e-01 6.695783109207270911e+01
-1.950683593750000000e-01 6.695968937988392611e+01
-1.948242187500000000e-01 6.696146475164380263e+01
-1.945800781250000000e-01 6.696316157670744929e+01
-1.943359375000000000e-01 6.696478402619143822e+01
-1.940917968750000000e-01 6.696633607664176679e+01
-1.938476562500000000e-01 6.696782151388225657e+01
-1.936035156250000000e-01 6.696924393703527301e+01
-1.933593750000000000e-01 6.697060676270658064e+01
-1.931152343750000000e-01 6.697191322932565072e+01
-1.928710937500000000e-01 6.697316640163228385e+01
-1.926269531250000000e-01 6.697436917530038158e+01
-1.923828125000000000e-01 6.697552428168887673e+01
-1.921386718750000000e-01 6.697663429271027269e+01
-1.918945312500000000e-01 6.697770162580611952e+01
-1.916503906250000000e-01 6.697872854901956430e+01
-1.914062500000000000e-01 6.697971718615383452e+01
-1.911621093750000000e-01 6.698066952200649382e+01
-1.909179687500000000e-01 6.698158740766815811e+01
-1.906738281250000000e-01 6.698247256587497134e+01
-1.904296875000000000e-01 6.698332659640401232e+01
-1.901855468750000000e-01 6.698415098150024960e+01
-1.899414062500000000e-01 6.698494709132444314e+01
-1.896972656250000000e-01 6.698571618941085148e+01
-1.894531250000000000e-01 6.698645943812400105e+01
-1.892089843750000000e-01 6.698717790410361772e+01
-1.889648437500000000e-01 6.698787256368720477e+01
-1.887207031250000000e-01 6.698854430829987905e+01
-1.884765625000000000e-01 6.698919394980083553e+01
-1.882324218750000000e-01 6.698982222577684809e+01
-1.879882812500000000e-01 6.699042980477250353e+01
-1.877441406250000000e-01 6.699101729144803130e+01
-1.875000000000000000e-01 6.699158523165492340e+01
-1.872558593750000000e-01 6.699213411742094593e+01
-1.870117187500000000e-01 6.699266439183520561e+01
-1.867675781250000000e-01 6.699317645382558339e+01
-1.865234375000000000e-01 6.699367066282002270e+01
-1.862792968750000000e-01 6.699414734328441057e+01
-1.860351562500000000e-01 6.699460678912971900e+01
-1.857910156250000000e-01 6.699504926798142890e+01
-1.855468750000000000e-01 6.699547502530522536e+01
-1.853027343750000000e-01 6.699588428838259802e+01
-1.850585937500000000e-01 6.699627727013091771e+01
-1.848144531250000000e-01 6.699665417276297319e+01
-1.845703125000000000e-01 6.699701519128122129e+01
-1.843261718750000000e-01 6.699736051680254434e+01
-1.840820312500000000e-01 6.699769033970977716e+01
-1.838378906250000000e-01 6.699800485262672112e+01
-1.835937500000000000e-01 6.699830425321368921e+01
-1.833496093750000000e-01 6.699858874678145071e+01
-1.831054687500000000e-01 6.699885854872148627e+01
-1.828613281250000000e-01 6.699911388675103296e+01
-1.826171875000000000e-01 6.699935500297213764e+01
-1.823730468750000000e-01 6.699958215574409337e+01
-1.821289062500000000e-01 6.699979562136903155e+01
-1.818847656250000000e-01 6.699999569559116708e+01
-1.816406250000000000e-01 6.700018269491052081e+01
-1.813964843750000000e-01 6.700035695771217092e+01
-1.811523437500000000e-01 6.700051884521276691e+01
-1.809082031250000000e-01 6.700066874222639512e+01
-1.806640625000000000e-01 6.700080705775216927e+01
-1.804199218750000000e-01 6.700093422538641619e+01
-1.801757812500000000e-01 6.700105070356275405e+01
-1.799316406250000000e-01 6.700115697562348771e+01
-1.796875000000000000e-01 6.700125354972649916e+01
-1.794433593750000000e-01 6.700134095859175432e+01
-1.791992187500000000e-01 6.700141975909212988e+01
-1.789550781250000000e-01 6.700149053169349145e+01
-1.787109375000000000e-01 6.700155387974930932e+01
-1.784667968750000000e-01 6.700161042865524053e+01
-1.782226562500000000e-01 6.700166082486964569e+01
-1.779785156250000000e-01 6.700170573480592395e+01
-1.777343750000000000e-01 6.700174584360311769e+01
-1.774902343750000000e-01 6.700178185378116780e+01
-1.772460937500000000e-01 6.700181448378775428e+01
-1.770019531250000000e-01 6.700184446644335878e+01
-1.767578125000000000e-01 6.700187254729181063e+01
-1.765136718750000000e-01 6.700189948286366359e+01
-1.762695312500000000e-01 6.700192603885939491e+01
-1.760253906250000000e-01 6.700195298826029955e+01
-1.757812500000000000e-01 6.700198110937452611e+01
-1.755371093750000000e-01 6.700201118382570087e+01
-1.752929687500000000e-01 6.700204399449225434e+01
-1.750488281250000000e-01 6.700208032340488273e+01
-1.748046875000000000e-01 6.700212094960998854e+01
-1.745605468750000000e-01 6.700216664700701585e+01
-1.743164062500000000e-01 6.700221818216722625e+01
-1.740722656250000000e-01 6.700227631214188762e+01
-1.738281250000000000e-01 6.700234178226719450e+01
-1.735839843750000000e-01 6.700241532397390642e+01
-1.733398437500000000e-01 6.700249765260892332e+01
-1.730957031250000000e-01 6.700258946527624460e+01
-1.728515625000000000e-01 6.700269143870468724e+01
-1.726074218750000000e-01 6.700280422714934048e+01
-1.723632812500000000e-01 6.700292846033376293e+01
-1.721191406250000000e-01 6.700306474143974356e+01
-1.718750000000000000e-01 6.700321364515106382e+01
-1.716308593750000000e-01 6.700337571575779805e+01
-1.713867187500000000e-01 6.700355146532716333e+01
-1.711425781250000000e-01 6.700374137194688728e+01
-1.708984375000000000e-01 6.700394587804669300e+01
-1.706542968750000000e-01 6.700416538880331530e+01
-1.704101562500000000e-01 6.700440027063409332e+01
-1.701660156250000000e-01 6.700465084978401364e+01
-1.699218750000000000e-01 6.700491741101059517e+01
-1.696777343750000000e-01 6.700520019637102109e+01
-1.694335937500000000e-01 6.700549940411497118e+01
-1.691894531250000000e-01 6.700581518768726141e+01
-1.689453125000000000e-01 6.700614765484294821e+01
-1.687011718750000000e-01 6.700649686687813755e+01
-1.684570312500000000e-01 6.700686283797871567e+01
-1.682128906250000000e-01 6.700724553468945999e+01
-1.679687500000000000e-01 6.700764487550500803e+01
-1.677246093750000000e-01 6.700806073058443246e+01
-1.674804687500000000e-01 6.700849292159016102e+01
-1.672363281250000000e-01 6.700894122165234990e+01
-1.669921875000000000e-01 6.700940535545869636e+01
-1.667480468750000000e-01 6.700988499946998900e+01
-1.665039062500000000e-01 6.701037978226078451e+01
-1.662597656250000000e-01 6.701088928498478481e+01
-1.660156250000000000e-01 6.701141304196357851e+01
-1.657714843750000000e-01 6.701195054139755314e+01
-1.655273437500000000e-01 6.701250122619717331e+01
-1.652832031250000000e-01 6.701306449493257844e+01
-1.650390625000000000e-01 6.701363970289914107e+01
-1.647949218750000000e-01 6.701422616329621462e+01
-1.645507812500000000e-01 6.701482314851627109e+01
-1.643066406250000000e-01 6.701542989154100383e+01
-1.640625000000000000e-01 6.701604558744082851e+01
-1.638183593750000000e-01 6.701666939497413011e+01
-1.635742187500000000e-01 6.701730043828197836e+01
-1.633300781250000000e-01 6.701793780867420480e+01
-1.630859375000000000e-01 6.701858056650215190e+01
-1.628417968750000000e-01 6.701922774311344710e+01
-1.625976562500000000e-01 6.701987834288377144e+01
-1.623535156250000000e-01 6.702053134532063439e+01
-1.621093750000000000e-01 6.702118570723369828e+01
-1.618652343750000000e-01 6.702184036496630881e+01
-1.616210937500000000e-01 6.702249423668277473e+01
-1.613769531250000000e-01 6.702314622470527183e+01
-1.611328125000000000e-01 6.702379521789522698e+01
-1.608886718750000000e-01 6.702444009407267345e+01
-1.606445312500000000e-01 6.702507972246802126e+01
-1.604003906250000000e-01 6.702571296620003238e+01
-1.601562500000000000e-01 6.702633868477410317e+01
-1.599121093750000000e-01 6.702695573659462980e+01
-1.596679687500000000e-01 6.702756298148547387e+01
-1.594238281250000000e-01 6.702815928321246020e+01
-1.591796875000000000e-01 6.702874351200178182e+01
-1.589355468750000000e-01 6.702931454704850012e+01
-1.586914062500000000e-01 6.702987127900884445e+01
-1.584472656250000000e-01 6.703041261247082616e+01
-1.582031250000000000e-01 6.703093746839711287e+01
-1.579589843750000000e-01 6.703144478653443628e+01
-1.577148437500000000e-01 6.703193352778414749e+01
-1.574707031250000000e-01 6.703240267652823547e+01
-1.572265625000000000e-01 6.703285124290557917e+01
-1.569824218750000000e-01 6.703327826503310405e+01
-1.567382812500000000e-01 6.703368281116706839e+01
-1.564941406250000000e-01 6.703406398179915016e+01
-1.562500000000000000e-01 6.703442091168325589e+01
-1.560058593750000000e-01 6.703475277178785063e+01
-1.557617187500000000e-01 6.703505877117002854e+01
-1.555175781250000000e-01 6.703533815876690483e+01
-1.552734375000000000e-01 6.703559022510054888e+01
-1.550292968750000000e-01 6.703581430389276363e+01
-1.547851562500000000e-01 6.703600977358615864e+01
-1.545410156250000000e-01 6.703617605876834773e+01
-1.542968750000000000e-01 6.703631263149634378e+01
-1.540527343750000000e-01 6.703641901251822333e+01
-1.538085937500000000e-01 6.703649477238970178e+01
-1.535644531250000000e-01 6.703653953248328889e+01
-1.533203125000000000e-01 6.703655296588799217e+01
-1.530761718750000000e-01 6.703653479819797667e+01
-1.528320312500000000e-01 6.703648480818831956e+01
-1.525878906250000000e-01 6.703640282837717734e+01
-1.523437500000000000e-01 6.703628874547277405e+01
-1.520996093750000000e-01 6.703614250070501157e+01
-1.518554687500000000e-01 6.703596409004092038e+01
-1.516113281250000000e-01 6.703575356428389398e+01
-1.513671875000000000e-01 6.703551102905680636e+01
-1.511230468750000000e-01 6.703523664466918319e+01
-1.508789062500000000e-01 6.703493062586916551e+01
-1.506347656250000000e-01 6.703459324148109033e+01
-1.503906250000000000e-01 6.703422481392956911e+01
-1.501464843750000000e-01 6.703382571865176942e+01
-1.499023437500000000e-01 6.703339638339903672e+01
-1.496582031250000000e-01 6.703293728743012991e+01
-1.494140625000000000e-01 6.703244896059770497e+01
-1.491699218750000000e-01 6.703193198233063299e+01
-1.489257812500000000e-01 6.703138698051454014e+01
-1.486816406250000000e-01 6.703081463027328368e+01
-1.484375000000000000e-01 6.703021565265433424e+01
-1.481933593750000000e-01 6.702959081322123325e+01
-1.479492187500000000e-01 6.702894092055637998e+01
-1.477050781250000000e-01 6.702826682467785702e+01
-1.474609375000000000e-01 6.702756941537371915e+01
-1.472167968750000000e-01 6.702684962045803729e+01
-1.469726562500000000e-01 6.702610840395233538e+01
-1.467285156250000000e-01 6.702534676419693938e+01
-1.464843750000000000e-01 6.702456573189653000e+01
-1.462402343750000000e-01 6.702376636810417665e+01
-1.459960937500000000e-01 6.702294976214892586e+01
-1.457519531250000000e-01 6.702211702951117900e+01
-1.455078125000000000e-01 6.702126930965113161e+01
-1.452636718750000000e-01 6.702040776379496378e+01
-1.450195312500000000e-01 6.701953357268386924e+01
-1.447753906250000000e-01 6.701864793429110989e+01
-1.445312500000000000e-01 6.701775206151214093e+01
-1.442871093750000000e-01 6.701684717983314954e+01
-1.440429687500000000e-01 6.701593452498312331e+01
-1.437988281250000000e-01 6.701501534057472043e+01
-1.435546875000000000e-01 6.701409087573949819e+01
-1.433105468750000000e-01 6.701316238276237414e+01
-1.430664062500000000e-01 6.701223111472094729e+01
-1.428222656250000000e-01 6.701129832313475276e+01
-1.425781250000000000e-01 6.701036525562967938e+01
-1.423339843750000000e-01 6.700943315362285091e+01
-1.420898437500000000e-01 6.700850325003287367e+01
-1.418457031250000000e-01 6.700757676702063748e+01
-1.416015625000000000e-01 6.700665491376561533e+01
-1.413574218750000000e-01 6.700573888428239400e+01
-1.411132812500000000e-01 6.700482985528229563e+01
-1.408691406250000000e-01 6.700392898408465214e+01
-1.406250000000000000e-01 6.700303740658225138e+01
-1.403808593750000000e-01 6.700215623526521824e+01
-1.401367187500000000e-01 6.700128655730773630e+01
-1.398925781250000000e-01 6.700042943272120510e+01
-1.396484375000000000e-01 6.699958589257829544e+01
-1.394042968750000000e-01 6.699875693731095794e+01
-1.391601562500000000e-01 6.699794353508623601e+01
-1.389160156250000000e-01 6.699714662026309497e+01
-1.386718750000000000e-01 6.699636709193315198e+01
-1.384277343750000000e-01 6.699560581254846170e+01
-1.381835937500000000e-01 6.699486360663858875e+01
-1.379394531250000000e-01 6.699414125961970967e+01
-1.376953125000000000e-01 6.699343951669776231e+01
-1.374511718750000000e-01 6.699275908186740480e+01
-1.372070312500000000e-01 6.699210061700870256e+01
-1.369628906250000000e-01 6.699146474108290761e+01
-1.367187500000000000e-01 6.699085202942822548e+01
-1.364746093750000000e-01 6.699026301315689125e+01
-1.362304687500000000e-01 6.698969817865398113e+01
-1.359863281250000000e-01 6.698915796717828641e+01
-1.357421875000000000e-01 6.698864277456553395e+01
-1.354980468750000000e-01 6.698815295103395329e+01
-1.352539062500000000e-01 6.698768880109135182e+01
-1.350097656250000000e-01 6.698725058354371242e+01
-1.347656250000000000e-01 6.698683851160390645e+01
-1.345214843750000000e-01 6.698645275309969804e+01
-1.342773437500000000e-01 6.698609343077963274e+01
-1.340332031250000000e-01 6.698576062271497733e+01
-1.337890625000000000e-01 6.698545436279641763e+01
-1.335449218750000000e-01 6.698517464132274313e+01
-1.333007812500000000e-01 6.698492140567995534e+01
-1.330566406250000000e-01 6.698469456110768760e+01
-1.328125000000000000e-01 6.698449397155070528e+01
-1.325683593750000000e-01 6.698431946059247366e+01
-1.323242187500000000e-01 6.698417081246743976e+01
-1.320800781250000000e-01 6.698404777314932801e+01
-1.318359375000000000e-01 6.698395005151144233e+01
-1.315917968750000000e-01 6.698387732055589083e+01
-1.313476562500000000e-01 6.698382921870772577e+01
-1.311035156250000000e-01 6.698380535117021850e+01
-1.308593750000000000e-01 6.698380529133737582e+01
-1.306152343750000000e-01 6.698382858225946279e+01
-1.303710937500000000e-01 6.698387473815749615e+01
-1.301269531250000000e-01 6.698394324598231719e+01
-1.298828125000000000e-01 6.698403356701398081e+01
-1.296386718750000000e-01 6.698414513849698437e+01
-1.293945312500000000e-01 6.698427737530687409e+01
-1.291503906250000000e-01 6.698442967164383788e+01
-1.289062500000000000e-01 6.698460140274845287e+01
-1.286621093750000000e-01 6.698479192663553761e+01
-1.284179687500000000e-01 6.698500058584100714e+01
-1.281738281250000000e-01 6.698522670917762412e+01
-1.279296875000000000e-01 6.698546961349481421e+01
-1.276855468750000000e-01 6.698572860543842467e+01
-1.274414062500000000e-01 6.698600298320553748e+01
-1.271972656250000000e-01 6.698629203829032974e+01
-1.269531250000000000e-01 6.698659505721647633e+01
-1.267089843750000000e-01 6.698691132325193109e+01
-1.264648437500000000e-01 6.698724011810185175e+01
-1.262207031250000000e-01 6.698758072357576054e+01
-1.259765625000000000e-01 6.698793242322483366e+01
-1.257324218750000000e-01 6.698829450394559615e+01
-1.254882812500000000e-01 6.698866625754629922e+01
-1.252441406250000000e-01 6.698904698227239862e+01
-1.250000000000000000e-01 6.698943598428770940e+01
-1.247558593750000000e-01 6.698983257910803957e+01
-1.245117187500000000e-01 6.699023609298393467e+01
-1.242675781250000000e-01 6.699064586422997536e+01
-1.240234375000000000e-01 6.699106124449744470e+01
-1.237792968750000000e-01 6.699148159998807728e+01
-1.235351562500000000e-01 6.699190631260613316e+01
-1.232910156250000000e-01 6.699233478104693518e+01
-1.230468750000000000e-01 6.699276642181943942e+01
-1.228027343750000000e-01 6.699320067020120462e+01
-1.225585937500000000e-01 6.699363698112402687e+01
-1.223144531250000000e-01 6.699407482998871899e+01
-1.220703125000000000e-01 6.699451371340786920e+01
-1.218261718750000000e-01 6.699495314987532879e+01
-1.215820312500000000e-01 6.699539268036183159e+01
-1.213378906250000000e-01 6.699583186883570818e+01
-1.210937500000000000e-01 6.699627030270863770e+01
-1.208496093750000000e-01 6.699670759320575542e+01
-1.206054687500000000e-01 6.699714337566051370e+01
-1.203613281250000000e-01 6.699757730973395553e+01
-1.201171875000000000e-01 6.699800907955908258e+01
-1.198730468750000000e-01 6.699843839381074417e+01
-1.196289062500000000e-01 6.699886498570168669e+01
-1.193847656250000000e-01 6.699928861290575810e+01
-1.191406250000000000e-01 6.699970905740944715e+01
-1.188964843750000000e-01 6.700012612529276623e+01
-1.186523437500000000e-01 6.700053964644119731e+01
-1.184082031250000000e-01 6.700094947419030689e+01
-1.181640625000000000e-01 6.700135548490455051e+01
-1.179199218750000000e-01 6.700175757749261152e+01
-1.176757812500000000e-01 6.700215567286100793e+01
-1.174316406250000000e-01 6.700254971330861054e+01
-1.171875000000000000e-01 6.700293966186400496e+01
-1.169433593750000000e-01 6.700332550156869615e+01
-1.166992187500000000e-01 6.700370723470850010e+01
-1.164550781250000000e-01 6.700408488199596491e+01
-1.162109375000000000e-01 6.700445848170684826e+01
-1.159667968750000000e-01 6.700482808877342222e+01
-1.157226562500000000e-01 6.700519377383797348e+01
-1.154785156250000000e-01 6.700555562226929851e+01
-1.152343750000000000e-01 6.700591373314578902e+01
-1.149902343750000000e-01 6.700626821820836199e+01
-1.147460937500000000e-01 6.700661920078638900e+01
-1.145019531250000000e-01 6.700696681470033411e+01
-1.142578125000000000e-01 6.700731120314442535e+01
-1.140136718750000000e-01 6.700765251755295537e+01
-1.137695312500000000e-01 6.700799091645356498e+01
-1.135253906250000000e-01 6.700832656431134637e+01
-1.132812500000000000e-01 6.700865963036700634e+01
-1.130371093750000000e-01 6.700899028747282671e+01
-1.127929687500000000e-01 6.700931871092987535e+01
-1.125488281250000000e-01 6.700964507733006315e+01
-1.123046875000000000e-01 6.700996956340625843e+01
-1.120605468750000000e-01 6.701029234489431019e+01
-1.118164062500000000e-01 6.701061359540989315e+01
-1.115722656250000000e-01 6.701093348534388383e+01
-1.113281250000000000e-01 6.701125218077920920e+01
-1.110839843750000000e-01 6.701156984243253589e+01
-1.108398437500000000e-01 6.701188662462386958e+01
-1.105957031250000000e-01 6.701220267427684973e+01
-1.103515625000000000e-01 6.701251812995289470e+01
-1.101074218750000000e-01 6.701283312092188282e+01
-1.098632812500000000e-01 6.701314776627187086e+01
-1.096191406250000000e-01 6.701346217406063488e+01
-1.093750000000000000e-01 6.701377644051130744e+01
-1.091308593750000000e-01 6.701409064925435644e+01
-1.088867187500000000e-01 6.701440487061817919e+01
-1.086425781250000000e-01 6.701471916097007409e+01
-1.083984375000000000e-01 6.701503356210966444e+01
-1.081542968750000000e-01 6.701534810071622417e+01
-1.079101562500000000e-01 6.701566278785166730e+01
-1.076660156250000000e-01 6.701597761852019630e+01
-1.074218750000000000e-01 6.701629257128627160e+01
-1.071777343750000000e-01 6.701660760795134308e+01
-1.069335937500000000e-01 6.701692267329077879e+01
-1.066894531250000000e-01 6.701723769485111859e+01
-1.064453125000000000e-01 6.701755258280849148e+01
-1.062011718750000000e-01 6.701786722988843792e+01
-1.059570312500000000e-01 6.701818151134708046e+01
-1.057128906250000000e-01 6.701849528501391262e+01
-1.054687500000000000e-01 6.701880839139573709e+01
-1.052246093750000000e-01 6.701912065384144057e+01
-1.049804687500000000e-01 6.701943187876710795e+01
-1.047363281250000000e-01 6.701974185594066569e+01
-1.044921875000000000e-01 6.702005035882510242e+01
-1.042480468750000000e-01 6.702035714497932872e+01
-1.040039062500000000e-01 6.702066195651538294e+01
-1.037597656250000000e-01 6.702096452061053355e+01
-1.035156250000000000e-01 6.702126455007282857e+01
-1.032714843750000000e-01 6.702156174395837240e+01
-1.030273437500000000e-01 6.702185578823844025e+01
-1.027832031250000000e-01 6.702214635651456831e+01
-1.025390625000000000e-01 6.702243311077940291e+01
-1.022949218750000000e-01 6.702271570222120545e+01
-1.020507812500000000e-01 6.702299377206945508e+01
-1.018066406250000000e-01 6.702326695247941757e+01
-1.015625000000000000e-01 6.702353486745271027e+01
-1.013183593750000000e-01 6.702379713379164627e+01
-1.010742187500000000e-01 6.702405336208413189e+01
-1.008300781250000000e-01 6.702430315771677272e+01
-1.005859375000000000e-01 6.702454612191279182e+01
-1.003417968750000000e-01 6.702478185279224476e+01
-1.000976562500000000e-01 6.702500994645109245e+01
-9.985351562500000000e-02 6.702522999805643167e+01
-9.960937500000000000e-02 6.702544160295435915e+01
-9.936523437500000000e-02 6.702564435778772634e+01
-9.912109375000000000e-02 6.702583786162028900e+01
-9.887695312500000000e-02 6.702602171706418233e+01
-9.863281250000000000e-02 6.702619553140759479e+01
-9.838867187500000000e-02 6.702635891773931576e+01
-9.814453125000000000e-02 6.702651149606701608e+01
-9.790039062500000000e-02 6.702665289442617791e+01
-9.765625000000000000e-02 6.702678274997633423e+01
-9.741210937500000000e-02 6.702690071008186123e+01
-9.716796875000000000e-02 6.702700643337385600e+01
-9.692382812500000000e-02 6.702709959079038526e+01
-9.667968750000000000e-02 6.702717986659209259e+01
-9.643554687500000000e-02 6.702724695935020804e+01
-9.619140625000000000e-02 6.702730058290433135e+01
-9.594726562500000000e-02 6.702734046728697592e+01
-9.570312500000000000e-02 6.702736635961261413e+01
-9.545898437500000000e-02 6.702737802492843855e+01
-9.521484375000000000e-02 6.702737524702440908e+01
-9.497070312500000000e-02 6.702735782920042595e+01
-9.472656250000000000e-02 6.702732559498834064e+01
-9.448242187500000000e-02 6.702727838882660194e+01
-9.423828125000000000e-02 6.702721607668576098e+01
-9.399414062500000000e-02 6.702713854664293081e+01
-9.375000000000000000e-02 6.702704570940346684e+01
-9.350585937500000000e-02 6.702693749876831930e+01
-9.326171875000000000e-02 6.702681387204580687e+01
-9.301757812500000000e-02 6.702667481040619180e+01
-9.277343750000000000e-02 6.702652031917835984e+01
-9.252929687500000000e-02 6.702635042808731214e+01
-9.228515625000000000e-02 6.702616519143182927e+01
-9.204101562500000000e-02 6.702596468820165398e+01
-9.179687500000000000e-02 6.702574902213358143e+01
-9.155273437500000000e-02 6.702551832170625801e+01
-9.130859375000000000e-02 6.702527274007339031e+01
-9.106445312500000000e-02 6.702501245493554904e+01
-9.082031250000000000e-02 6.702473766835046831e+01
-9.057617187500000000e-02 6.702444860648236613e+01
-9.033203125000000000e-02 6.702414551929058462e+01
-9.008789062500000000e-02 6.702382868015837403e+01
-8.984375000000000000e-02 6.702349838546240335e+01
-8.959960937500000000e-02 6.702315495408412005e+01
-8.935546875000000000e-02 6.702279872686398221e+01
-8.911132812500000000e-02 6.702243006599975672e+01
-8.886718750000000000e-02 6.702204935439041833e+01
-8.862304687500000000e-02 6.702165699492708484e+01
-8.837890625000000000e-02 6.702125340973276479e+01
-8.813476562500000000e-02 6.702083903935258036e+01
-8.789062500000000000e-02 6.702041434189665381e+01
-8.764648437500000000e-02 6.701997979213761880e+01
-8.740234375000000000e-02 6.701953588056485955e+01
-8.715820312500000000e-02 6.701908311239802174e+01
-8.691406250000000000e-02 6.701862200656209723e+01
-8.666992187500000000e-02 6.701815309462661219e+01
-8.642578125000000000e-02 6.701767691971173235e+01
-8.618164062500000000e-02 6.701719403536370123e+01
-8.593750000000000000e-02 6.701670500440278033e+01
-8.569335937500000000e-02 6.701621039774641986e+01
-8.544921875000000000e-02 6.701571079321061575e+01
-8.520507812500000000e-02 6.701520677429247996e+01
-8.496093750000000000e-02 6.701469892893737779e+01
-8.471679687500000000e-02 6.701418784829330377e+01
-8.447265625000000000e-02 6.701367412545609170e+01
-8.422851562500000000e-02 6.701315835420851386e+01
-8.398437500000000000e-02 6.701264112775652393e+01
-8.374023437500000000e-02 6.701212303746581256e+01
-8.349609375000000000e-02 6.701160467160214296e+01
-8.325195312500000000e-02 6.701108661407849354e+01
-8.300781250000000000e-02 6.701056944321250342e+01
-8.276367187500000000e-02 6.701005373049709135e+01
-8.251953125000000000e-02 6.700954003938799985e+01
-8.227539062500000000e-02 6.700902892411077971e+01
-8.203125000000000000e-02 6.700852092849092401e+01
-8.178710937500000000e-02 6.700801658480983747e+01
-8.154296875000000000e-02 6.700751641268976755e+01
-8.129882812500000000e-02 6.700702091801075255e+01
-8.105468750000000000e-02 6.700653059186230109e+01
-8.081054687500000000e-02 6.700604590953250295e+01
-8.056640625000000000e-02 6.700556732953759820e+01
-8.032226562500000000e-02 6.700509529269416475e+01
-8.007812500000000000e-02 6.700463022123672374e+01
-7.983398437500000000e-02 6.700417251798290863e+01
-7.958984375000000000e-02 6.700372256554861394e+01
-7.934570312500000000e-02 6.700328072561502779e+01
-7.910156250000000000e-02 6.700284733824976513e+01
-7.885742187500000000e-02 6.700242272128372178e+01
-7.861328125000000000e-02 6.700200716974543980e+01
-7.836914062500000000e-02 6.700160095535463256e+01
-7.812500000000000000e-02 6.700120432607593557e+01
-7.788085937500000000e-02 6.700081750573458805e+01
-7.763671875000000000e-02 6.700044069369457134e+01
-7.739257812500000000e-02 6.700007406460061077e+01
-7.714843750000000000e-02 6.699971776818445335e+01
-7.690429687500000000e-02 6.699937192913606054e+01
-7.666015625000000000e-02 6.699903664704022788e+01
-7.641601562500000000e-02 6.699871199637863128e+01
-7.617187500000000000e-02 6.699839802659762711e+01
-7.592773437500000000e-02 6.699809476224137939e+01
-7.568359375000000000e-02 6.699780220315025758e+01
-7.543945312500000000e-02 6.699752032472387953e+01
-7.519531250000000000e-02 6.699724907824824527e+01
-7.495117187500000000e-02 6.699698839128603822e+01
-7.470703125000000000e-02 6.699673816812919824e+01
-7.446289062500000000e-02 6.699649829031260140e+01
-7.421875000000000000e-02 6.699626861718751059e+01
-7.397460937500000000e-02 6.699604898655317697e+01
-7.373046875000000000e-02 6.699583921534537012e+01
-7.348632812500000000e-02 6.699563910037943515e+01
-7.324218750000000000e-02 6.699544841914656956e+01
-7.299804687500000000e-02 6.699526693066081862e+01
-7.275390625000000000e-02 6.699509437635475706e+01
-7.250976562500000000e-02 6.699493048102135617e+01
-7.226562500000000000e-02 6.699477495379990444e+01
-7.202148437500000000e-02 6.699462748920299759e+01
-7.177734375000000000e-02 6.699448776818216800e+01
-7.153320312500000000e-02 6.699435545922912638e+01
-7.128906250000000000e-02 6.699423021951008650e+01
-7.104492187500000000e-02 6.699411169602979044e+01
-7.080078125000000000e-02 6.699399952682226456e+01
-7.055664062500000000e-02 6.699389334216544967e+01
-7.031250000000000000e-02 6.699379276581613851e+01
-7.006835937500000000e-02 6.699369741626205155e+01
-6.982421875000000000e-02 6.699360690798789619e+01
-6.958007812500000000e-02 6.699352085275188529e+01
-6.933593750000000000e-02 6.699343886086941779e+01
-6.909179687500000000e-02 6.699336054250051120e+01
-6.884765625000000000e-02 6.699328550893747547e+01
-6.860351562500000000e-02 6.699321337388958852e+01
-6.835937500000000000e-02 6.699314375476116368e+01
-6.811523437500000000e-02 6.699307627391972630e+01
-6.787109375000000000e-02 6.699301055995093179e+01
-6.762695312500000000e-02 6.699294624889668626e+01
-6.738281250000000000e-02 6.699288298547341469e+01
-6.713867187500000000e-02 6.699282042426700912e+01
-6.689453125000000000e-02 6.699275823090141557e+01
-6.665039062500000000e-02 6.699269608317740676e+01
-6.640625000000000000e-02 6.699263367217892551e+01
-6.616210937500000000e-02 6.699257070334351738e+01
-6.591796875000000000e-02 6.699250689749432297e+01
-6.567382812500000000e-02 6.699244199183057447e+01
-6.542968750000000000e-02 6.699237574087393909e+01
-6.518554687500000000e-02 6.699230791736815149e+01
-6.494140625000000000e-02 6.699223831312937705e+01
-6.469726562500000000e-02 6.699216673984503245e+01
-6.445312500000000000e-02 6.699209302981850556e+01
-6.420898437500000000e-02 6.699201703665823970e+01
-6.396484375000000000e-02 6.699193863590843989e+01
-6.372070312500000000e-02 6.699185772562033492e+01
-6.347656250000000000e-02 6.699177422686165073e+01
-6.323242187500000000e-02 6.699168808416320076e+01
-6.298828125000000000e-02 6.699159926590101577e+01
-6.274414062500000000e-02 6.699150776461267753e+01
-6.250000000000000000e-02 6.699141359724718825e+01
-6.225585937500000000e-02 6.699131680534694055e+01
-6.201171875000000000e-02 6.699121745516150384e+01
-6.176757812500000000e-02 6.699111563769238842e+01
-6.152343750000000000e-02 6.699101146866863132e+01
-6.127929687500000000e-02 6.699090508845256409e+01
-6.103515625000000000e-02 6.699079666187640214e+01
-6.079101562500000000e-02 6.699068637800894521e+01
-6.054687500000000000e-02 6.699057444985353982e+01
-6.030273437500000000e-02 6.699046111397694858e+01
-6.005859375000000000e-02 6.699034663007057588e+01
-5.981445312500000000e-02 6.699023128044419195e+01
-5.957031250000000000e-02 6.699011536945366174e+01
-5.932617187500000000e-02 6.698999922286338915e+01
-5.908203125000000000e-02 6.698988318714523871e+01
-5.883789062500000000e-02 6.698976762871512847e+01
-5.859375000000000000e-02 6.698965293310899938e+01
-5.834960937500000000e-02 6.698953950410007963e+01
-5.810546875000000000e-02 6.698942776275931976e+01
-5.786132812500000000e-02 6.698931814646104499e+01
-5.761718750000000000e-02 6.698921110783631150e+01
-5.737304687500000000e-02 6.698910711367601323e+01
-5.712890625000000000e-02 6.698900664378668068e+01
-5.688476562500000000e-02 6.698891018980127399e+01
-5.664062500000000000e-02 6.698881825394794021e+01
-5.639648437500000000e-02 6.698873134777960558e+01
-5.615234375000000000e-02 6.698864999086735850e+01
-5.590820312500000000e-02 6.698857470946087744e+01
-5.566406250000000000e-02 6.698850603511883151e+01
-5.541992187500000000e-02 6.698844450331290545e+01
-5.517578125000000000e-02 6.698839065200849063e+01
-5.493164062500000000e-02 6.698834502022582171e+01
-5.468750000000000000e-02 6.698830814658465727e+01
-5.444335937500000000e-02 6.698828056783651164e+01
-5.419921875000000000e-02 6.698826281738772082e+01
-5.395507812500000000e-02 6.698825542381717923e+01
-5.371093750000000000e-02 6.698825890939235705e+01
-5.346679687500000000e-02 6.698827378858723591e+01
-5.322265625000000000e-02 6.698830056660604271e+01
-5.297851562500000000e-02 6.698833973791633412e+01
-5.273437500000000000e-02 6.698839178479522616e+01
-5.249023437500000000e-02 6.698845717589234994e+01
-5.224609375000000000e-02 6.698853636481337048e+01
-5.200195312500000000e-02 6.698862978872752194e+01
-5.175781250000000000e-02 6.698873786700281130e+01
-5.151367187500000000e-02 6.698886099987232967e+01
-5.126953125000000000e-02 6.698899956713535175e+01
-5.102539062500000000e-02 6.698915392689632142e+01
-5.078125000000000000e-02 6.698932441434516250e+01
-5.053710937500000000e-02 6.698951134058221157e+01
-5.029296875000000000e-02 6.698971499149062936e+01
-5.004882812500000000e-02 6.698993562665964419e+01
-4.980468750000000000e-02 6.699017347836117153e+01
-4.956054687500000000e-02 6.699042875058276536e+01
-4.931640625000000000e-02 6.699070161811948765e+01
-4.907226562500000000e-02 6.699099222572725409e+01
-4.882812500000000000e-02 6.699130068733978760e+01
-4.858398437500000000e-02 6.699162708535173749e+01
-4.833984375000000000e-02 6.699197146996957031e+01
-4.809570312500000000e-02 6.699233385863252010e+01
-4.785156250000000000e-02 6.699271423550496252e+01
-4.760742187500000000e-02 6.699311255104205998e+01
-4.736328125000000000e-02 6.699352872162967287e+01
-4.711914062500000000e-02 6.699396262930014245e+01
-4.687500000000000000e-02 6.699441412152444286e+01
-4.663085937500000000e-02 6.699488301108206656e+01
-4.638671875000000000e-02 6.699536907600869995e+01
-4.614257812500000000e-02 6.699587205962247083e+01
-4.589843750000000000e-02 6.699639167062900924e+01
-4.565429687500000000e-02 6.699692758330502329e+01
-4.541015625000000000e-02 6.699747943776061732e+01
-4.516601562500000000e-02 6.699804684027984081e+01
-4.492187500000000000e-02 6.699862936373887123e+01
-4.467773437500000000e-02 6.699922654810112022e+01
-4.443359375000000000e-02 6.699983790098858094e+01
-4.418945312500000000e-02 6.700046289832783941e+01
-4.394531250000000000e-02 6.700110098506993950e+01
-4.370117187500000000e-02 6.700175157598232545e+01
-4.345703125000000000e-02 6.700241405651135551e+01
-4.321289062500000000e-02 6.700308778371346818e+01
-4.296875000000000000e-02 6.700377208725318212e+01
-4.272460937500000000e-02 6.700446627046561332e+01
-4.248046875000000000e-02 6.700516961148123585e+01
-4.223632812500000000e-02 6.700588136441056974e+01
-4.199218750000000000e-02 6.700660076058609604e+01
-4.174804687500000000e-02 6.700732700985858514e+01
-4.150390625000000000e-02 6.700805930194522375e+01
-4.125976562500000000e-02 6.700879680782631453e+01
-4.101562500000000000e-02 6.700953868118756418e+01
-4.077148437500000000e-02 6.701028405990481929e+01
-4.052734375000000000e-02 6.701103206756781105e+01
-4.028320312500000000e-02 6.701178181503956921e+01
-4.003906250000000000e-02 6.701253240204819406e+01
-3.979492187500000000e-02 6.701328291880719235e+01
-3.955078125000000000e-02 6.701403244766088108e+01
-3.930664062500000000e-02 6.701478006475132077e+01
-3.906250000000000000e-02 6.701552484170285595e+01
-3.881835937500000000e-02 6.701626584732069603e+01
-3.857421875000000000e-02 6.701700214929972788e+01
-3.833007812500000000e-02 6.701773281593965237e+01
-3.808593750000000000e-02 6.701845691786287773e+01
-3.784179687500000000e-02 6.701917352973114816e+01
-3.759765625000000000e-02 6.701988173195734078e+01
-3.735351562500000000e-02 6.702058061240842335e+01
-3.710937500000000000e-02 6.702126926809607710e+01
-3.686523437500000000e-02 6.702194680685110484e+01
-3.662109375000000000e-02 6.702261234897804343e+01
-3.637695312500000000e-02 6.702326502888635673e+01
-3.613281250000000000e-02 6.702390399669465637e+01
-3.588867187500000000e-02 6.702452841980456810e+01
-3.564453125000000000e-02 6.702513748444052055e+01
-3.540039062500000000e-02 6.702573039715271364e+01
-3.515625000000000000e-02 6.702630638627937287e+01
-3.491210937500000000e-02 6.702686470336568902e+01
-3.466796875000000000e-02 6.702740462453614612e+01
-3.442382812500000000e-02 6.702792545181738149e+01
-3.417968750000000000e-02 6.702842651440882094e+01
-3.393554687500000000e-02 6.702890716989840314e+01
-3.369140625000000000e-02 6.702936680542075010e+01
-3.344726562500000000e-02 6.702980483875555251e+01
-3.320312500000000000e-02 6.703022071936376847e+01
-3.295898437500000000e-02 6.703061392935950380e+01
-3.271484375000000000e-02 6.703098398441566985e+01
-3.247070312500000000e-02 6.703133043460155704e+01
-3.222656250000000000e-02 6.703165286515056209e+01
-3.198242187500000000e-02 6.703195089715669042e+01
-3.173828125000000000e-02 6.703222418819846951e+01
-3.149414062500000000e-02 6.703247243288889479e+01
-3.125000000000000000e-02 6.703269536335058376e+01
-3.100585937500000000e-02 6.703289274961522892e+01
-3.076171875000000000e-02 6.703306439994662469e+01
-3.051757812500000000e-02 6.703321016108668573e+01
-3.027343750000000000e-02 6.703332991842430033e+01
-3.002929687500000000e-02 6.703342359608670620e+01
-2.978515625000000000e-02 6.703349115695326077e+01
-2.954101562500000000e-02 6.703353260259211766e+01
-2.929687500000000000e-02 6.703354797311979496e+01
-2.905273437500000000e-02 6.703353734698424660e+01
-2.880859375000000000e-02 6.703350084067233183e+01
-2.856445312500000000e-02 6.703343860834212364e+01
-2.832031250000000000e-02 6.703335084138142008e+01
-2.807617187500000000e-02 6.703323776789332555e+01
-2.783203125000000000e-02 6.703309965211052202e+01
-2.758789062500000000e-02 6.703293679373946645e+01
-2.734375000000000000e-02 6.703274952723626257e+01
-2.709960937500000000e-02 6.703253822101595460e+01
-2.685546875000000000e-02 6.703230327659728971e+01
-2.661132812500000000e-02 6.703204512768469669e+01
-2.636718750000000000e-02 6.703176423919015292e+01
-2.612304687500000000e-02 6.703146110619682929e+01
-2.587890625000000000e-02 6.703113625286736976e+01
-2.563476562500000000e-02 6.703079023129899383e+01
-2.539062500000000000e-02 6.703042362032844892e+01
-2.514648437500000000e-02 6.703003702428949850e+01
-2.490234375000000000e-02 6.702963107172580237e+01
-2.465820312500000000e-02 6.702920641406232960e+01
-2.441406250000000000e-02 6.702876372423820328e+01
-2.416992187500000000e-02 6.702830369530443022e+01
-2.392578125000000000e-02 6.702782703898949990e+01
-2.368164062500000000e-02 6.702733448423636275e+01
-2.343750000000000000e-02 6.702682677571407055e+01
-2.319335937500000000e-02 6.702630467230757461e+01
-2.294921875000000000e-02 6.702576894558914944e+01
-2.270507812500000000e-02 6.702522037827489498e+01
-2.246093750000000000e-02 6.702465976266998382e+01
-2.221679687500000000e-02 6.702408789910613507e+01
-2.197265625000000000e-02 6.702350559437489608e+01
-2.172851562500000000e-02 6.702291366016032725e+01
-2.148437500000000000e-02 6.702231291147467118e+01
-2.124023437500000000e-02 6.702170416510065820e+01
-2.099609375000000000e-02 6.702108823804367432e+01
-2.075195312500000000e-02 6.702046594599778473e+01
-2.050781250000000000e-02 6.701983810182866819e+01
-2.026367187500000000e-02 6.701920551407701510e+01
-2.001953125000000000e-02 6.701856898548585662e+01
-1.977539062500000000e-02 6.701792931155500810e+01
-1.953125000000000000e-02 6.701728727912586692e+01
-1.928710937500000000e-02 6.701664366499979053e+01
-1.904296875000000000e-02 6.701599923459295383e+01
-1.879882812500000000e-02 6.701535474063085474e+01
-1.855468750000000000e-02 6.701471092188521084e+01
-1.831054687500000000e-02 6.701406850195586173e+01
-1.806640625000000000e-02 6.701342818810063307e+01
-1.782226562500000000e-02 6.701279067011539325e+01
-1.757812500000000000e-02 6.701215661926670464e+01
-1.733398437500000000e-02 6.701152668727949901e+01
-1.708984375000000000e-02 6.701090150538155399e+01
-1.684570312500000000e-02 6.701028168340711488e+01
-1.660156250000000000e-02 6.700966780896099806e+01
-1.635742187500000000e-02 6.700906044664522199e+01
-1.611328125000000000e-02 6.700846013734937401e+01
-1.586914062500000000e-02 6.700786739760610544e+01
-1.562500000000000000e-02 6.700728271901293454e+01
-1.538085937500000000e-02 6.700670656772119571e+01
-1.513671875000000000e-02 6.700613938399314407e+01
-1.489257812500000000e-02 6.700558158182752777e+01
-1.464843750000000000e-02 6.700503354865431049e+01
-1.440429687500000000e-02 6.700449564509881384e+01
-1.416015625000000000e-02 6.700396820481505245e+01
-1.391601562500000000e-02 6.700345153438857437e+01
-1.367187500000000000e-02 6.700294591330822414e+01
-1.342773437500000000e-02 6.700245159400645889e+01
-1.318359375000000000e-02 6.700196880196772042e+01
-1.293945312500000000e-02 6.700149773590379709e+01
-1.269531250000000000e-02 6.700103856799535151e+01
-1.245117187500000000e-02 6.700059144419861923e+01
-1.220703125000000000e-02 6.700015648461550199e+01
-1.196289062500000000e-02 6.699973378392617462e+01
-1.171875000000000000e-02 6.699932341188201690e+01
-1.147460937500000000e-02 6.699892541385747791e+01
-1.123046875000000000e-02 6.699853981145876958e+01
-1.098632812500000000e-02 6.699816660318730044e+01
-1.074218750000000000e-02 6.699780576515570374e+01
-1.049804687500000000e-02 6.699745725185410095e+01
-1.025390625000000000e-02 6.699712099696401424e+01
-1.000976562500000000e-02 6.699679691421766847e+01
-9.765625000000000000e-03 6.699648489829942832e+01
-9.521484375000000000e-03 6.699618482578731005e+01
-9.277343750000000000e-03 6.699589655613091566e+01
-9.033203125000000000e-03 6.699561993266340210e+01
-8.789062500000000000e-03 6.699535478364413166e+01
-8.544921875000000000e-03 6.699510092332891986e+01
-8.300781250000000000e-03 6.699485815306479708e+01
-8.056640625000000000e-03 6.699462626240587326e+01
-7.812500000000000000e-03 6.699440503024717941e+01
-7.568359375000000000e-03 6.699419422597307516e+01
-7.324218750000000000e-03 6.699399361061693980e+01
-7.080078125000000000e-03 6.699380293802867925e+01
-6.835937500000000000e-03 6.699362195604679471e+01
-6.591796875000000000e-03 6.699345040767158821e+01
-6.347656250000000000e-03 6.699328803223609441e+01
-6.103515625000000000e-03 6.699313456657149857e+01
-5.859375000000000000e-03 6.699298974616363012e+01
-5.615234375000000000e-03 6.699285330629729174e+01
-5.371093750000000000e-03 6.699272498318524072e+01
-5.126953125000000000e-03 6.699260451507845460e+01
-4.882812500000000000e-03 6.699249164335472528e+01
-4.638671875000000000e-03 6.699238611358259732e+01
-4.394531250000000000e-03 6.699228767655735339e+01
-4.150390625000000000e-03 6.699219608930648917e+01
-3.906250000000000000e-03 6.699211111606166469e+01
-3.662109375000000000e-03 6.699203252919457441e+01
-3.417968750000000000e-03 6.699196011011390794e+01
-3.173828125000000000e-03 6.699189365012124142e+01
-2.929687500000000000e-03 6.699183295122317361e+01
-2.685546875000000000e-03 6.699177782689767469e+01
-2.441406250000000000e-03 6.699172810281241652e+01
-2.197265625000000000e-03 6.699168361749316603e+01
-1.953125000000000000e-03 6.699164422294033727e+01
-1.708984375000000000e-03 6.699160978519211085e+01
-1.464843750000000000e-03 6.699158018483247190e+01
-1.220703125000000000e-03 6.699155531744277425e+01
-9.765625000000000000e-04 6.699153509399567952e+01
-7.324218750000000000e-04 6.699151944119037694e+01
-4.882812500000000000e-04 6.699150830172791871e+01
-2.441406250000000000e-04 6.699150163452641493e+01
0.000000000000000000e+00 6.699149941487499405e+01
2.441406250000000000e-04 6.699150163452641493e+01
4.882812500000000000e-04 6.699150830172791871e+01
7.324218750000000000e-04 6.699151944119037694e+01
9.765625000000000000e-04 6.699153509399569373e+01
1.220703125000000000e-03 6.699155531744277425e+01
1.464843750000000000e-03 6.699158018483247190e+01
1.708984375000000000e-03 6.699160978519211085e+01
1.953125000000000000e-03 6.699164422294033727e+01
2.197265625000000000e-03 6.699168361749316603e+01
2.441406250000000000e-03 6.699172810281241652e+01
2.685546875000000000e-03 6.699177782689767469e+01
2.929687500000000000e-03 6.699183295122317361e+01
3.173828125000000000e-03 6.699189365012124142e+01
3.417968750000000000e-03 6.699196011011390794e+01
3.662109375000000000e-03 6.699203252919457441e+01
3.906250000000000000e-03 6.699211111606166469e+01
4.150390625000000000e-03 6.699219608930648917e+01
4.394531250000000000e-03 6.699228767655735339e+01
4.638671875000000000e-03 6.699238611358259732e+01
4.882812500000000000e-03 6.699249164335472528e+01
5.126953125000000000e-03 6.699260451507845460e+01
5.371093750000000000e-03 6.699272498318525493e+01
5.615234375000000000e-03 6.699285330629730595e+01
5.859375000000000000e-03 6.699298974616363012e+01
6.103515625000000000e-03 6.699313456657149857e+01
6.347656250000000000e-03 6.699328803223609441e+01
6.591796875000000000e-03 6.699345040767158821e+01
6.835937500000000000e-03 6.699362195604679471e+01
7.080078125000000000e-03 6.699380293802867925e+01
7.324218750000000000e-03 6.699399361061693980e+01
7.568359375000000000e-03 6.699419422597307516e+01
7.812500000000000000e-03 6.699440503024717941e+01
8.056640625000000000e-03 6.699462626240587326e+01
8.300781250000000000e-03 6.699485815306479708e+01
8.544921875000000000e-03 6.699510092332891986e+01
8.789062500000000000e-03 6.699535478364413166e+01
9.033203125000000000e-03 6.699561993266340210e+01
9.277343750000000000e-03 6.699589655613092987e+01
9.521484375000000000e-03 6.699618482578731005e+01
9.765625000000000000e-03 6.699648489829942832e+01
1.000976562500000000e-02 6.699679691421766847e+01
1.025390625000000000e-02 6.699712099696401424e+01
1.049804687500000000e-02 6.699745725185410095e+01
1.074218750000000000e-02 6.699780576515570374e+01
1.098632812500000000e-02 6.699816660318730044e+01
1.123046875000000000e-02 6.699853981145876958e+01
1.147460937500000000e-02 6.699892541385747791e+01
1.171875000000000000e-02 6.699932341188201690e+01
1.196289062500000000e-02 6.699973378392618883e+01
1.220703125000000000e-02 6.700015648461550199e+01
1.245117187500000000e-02 6.700059144419861923e+01
1.269531250000000000e-02 6.700103856799535151e+01
1.293945312500000000e-02 6.700149773590379709e+01
1.318359375000000000e-02 6.700196880196772042e+01
1.342773437500000000e-02 6.700245159400645889e+01
1.367187500000000000e-02 6.700294591330822414e+01
1.391601562500000000e-02 6.700345153438857437e+01
1.416015625000000000e-02 6.700396820481505245e+01
1.440429687500000000e-02 6.700449564509881384e+01
1.464843750000000000e-02 6.700503354865431049e+01
1.489257812500000000e-02 6.700558158182752777e+01
1.513671875000000000e-02 6.700613938399314407e+01
1.538085937500000000e-02 6.700670656772119571e+01
1.562500000000000000e-02 6.700728271901293454e+01
1.586914062500000000e-02 6.700786739760610544e+01
1.611328125000000000e-02 6.700846013734937401e+01
1.635742187500000000e-02 6.700906044664522199e+01
1.660156250000000000e-02 6.700966780896099806e+01
1.684570312500000000e-02 6.701028168340711488e+01
1.708984375000000000e-02 6.701090150538155399e+01
1.733398437500000000e-02 6.701152668727949901e+01
1.757812500000000000e-02 6.701215661926671885e+01
1.782226562500000000e-02 6.701279067011539325e+01
1.806640625000000000e-02 6.701342818810064728e+01
1.831054687500000000e-02 6.701406850195586173e+01
1.855468750000000000e-02 6.701471092188521084e+01
1.879882812500000000e-02 6.701535474063086895e+01
1.904296875000000000e-02 6.701599923459295383e+01
1.928710937500000000e-02 6.701664366499979053e+01
1.953125000000000000e-02 6.701728727912586692e+01
1.977539062500000000e-02 6.701792931155500810e+01
2.001953125000000000e-02 6.701856898548585662e+01
2.026367187500000000e-02 6.701920551407701510e+01
2.050781250000000000e-02 6.701983810182866819e+01
2.075195312500000000e-02 6.702046594599779894e+01
2.099609375000000000e-02 6.702108823804367432e+01
2.124023437500000000e-02 6.702170416510065820e+01
2.148437500000000000e-02 6.702231291147467118e+01
2.172851562500000000e-02 6.702291366016032725e+01
2.197265625000000000e-02 6.702350559437489608e+01
2.221679687500000000e-02 6.702408789910614928e+01
2.246093750000000000e-02 6.702465976266998382e+01
2.270507812500000000e-02 6.702522037827489498e+01
2.294921875000000000e-02 6.702576894558914944e+01
2.319335937500000000e-02 6.702630467230757461e+01
2.343750000000000000e-02 6.702682677571407055e+01
2.368164062500000000e-02 6.702733448423637697e+01
2.392578125000000000e-02 6.702782703898949990e+01
2.416992187500000000e-02 6.702830369530443022e+01
2.441406250000000000e-02 6.702876372423820328e+01
2.465820312500000000e-02 6.702920641406232960e+01
2.490234375000000000e-02 6.702963107172580237e+01
2.514648437500000000e-02 6.703003702428949850e+01
2.539062500000000000e-02 6.703042362032844892e+01
2.563476562500000000e-02 6.703079023129899383e+01
2.587890625000000000e-02 6.703113625286736976e+01
2.612304687500000000e-02 6.703146110619682929e+01
2.636718750000000000e-02 6.703176423919013871e+01
2.661132812500000000e-02 6.703204512768469669e+01
2.685546875000000000e-02 6.703230327659728971e+01
2.709960937500000000e-02 6.703253822101596882e+01
2.734375000000000000e-02 6.703274952723626257e+01
2.758789062500000000e-02 6.703293679373946645e+01
2.783203125000000000e-02 6.703309965211052202e+01
2.807617187500000000e-02 6.703323776789332555e+01
2.832031250000000000e-02 6.703335084138142008e+01
2.856445312500000000e-02 6.703343860834212364e+01
2.880859375000000000e-02 6.703350084067233183e+01
2.905273437500000000e-02 6.703353734698424660e+01
2.929687500000000000e-02 6.703354797311979496e+01
2.954101562500000000e-02 6.703353260259213187e+01
2.978515625000000000e-02 6.703349115695326077e+01
3.002929687500000000e-02 6.703342359608670620e+01
3.027343750000000000e-02 6.703332991842430033e+01
3.051757812500000000e-02 6.703321016108668573e+01
3.076171875000000000e-02 6.703306439994662469e+01
3.100585937500000000e-02 6.703289274961524313e+01
3.125000000000000000e-02 6.703269536335058376e+01
3.149414062500000000e-02 6.703247243288889479e+01
3.173828125000000000e-02 6.703222418819846951e+01
3.198242187500000000e-02 6.703195089715669042e+01
3.222656250000000000e-02 6.703165286515054788e+01
3.247070312500000000e-02 6.703133043460155704e+01
3.271484375000000000e-02 6.703098398441568406e+01
3.295898437500000000e-02 6.703061392935950380e+01
3.320312500000000000e-02 6.703022071936376847e+01
3.344726562500000000e-02 6.702980483875555251e+01
3.369140625000000000e-02 6.702936680542075010e+01
3.393554687500000000e-02 6.702890716989840314e+01
3.417968750000000000e-02 6.702842651440882094e+01
3.442382812500000000e-02 6.702792545181738149e+01
3.466796875000000000e-02 6.702740462453614612e+01
3.491210937500000000e-02 6.702686470336568902e+01
3.515625000000000000e-02 6.702630638627937287e+01
3.540039062500000000e-02 6.702573039715271364e+01
3.564453125000000000e-02 6.702513748444052055e+01
3.588867187500000000e-02 6.702452841980456810e+01
3.613281250000000000e-02 6.702390399669465637e+01
3.637695312500000000e-02 6.702326502888635673e+01
3.662109375000000000e-02 6.702261234897804343e+01
3.686523437500000000e-02 6.702194680685110484e+01
3.710937500000000000e-02 6.702126926809607710e+01
3.735351562500000000e-02 6.702058061240842335e+01
3.759765625000000000e-02 6.701988173195734078e+01
3.784179687500000000e-02 6.701917352973114816e+01
3.808593750000000000e-02 6.701845691786287773e+01
3.833007812500000000e-02 6.701773281593966658e+01
3.857421875000000000e-02 6.701700214929972788e+01
3.881835937500000000e-02 6.701626584732069603e+01
3.906250000000000000e-02 6.701552484170285595e+01
3.930664062500000000e-02 6.701478006475132077e+01
3.955078125000000000e-02 6.701403244766088108e+01
3.979492187500000000e-02 6.701328291880719235e+01
4.003906250000000000e-02 6.701253240204819406e+01
4.028320312500000000e-02 6.701178181503956921e+01
4.052734375000000000e-02 6.701103206756781105e+01
4.077148437500000000e-02 6.701028405990481929e+01
4.101562500000000000e-02 6.700953868118756418e+01
4.125976562500000000e-02 6.700879680782631453e+01
4.150390625000000000e-02 6.700805930194522375e+01
4.174804687500000000e-02 6.700732700985858514e+01
4.199218750000000000e-02 6.700660076058609604e+01
4.223632812500000000e-02 6.700588136441056974e+01
4.248046875000000000e-02 6.700516961148123585e+01
4.272460937500000000e-02 6.700446627046561332e+01
4.296875000000000000e-02 6.700377208725318212e+01
4.321289062500000000e-02 6.700308778371346818e+01
4.345703125000000000e-02 6.700241405651135551e+01
4.370117187500000000e-02 6.700175157598232545e+01
4.394531250000000000e-02 6.700110098506995371e+01
4.418945312500000000e-02 6.700046289832783941e+01
4.443359375000000000e-02 6.699983790098858094e+01
4.467773437500000000e-02 6.699922654810112022e+01
4.492187500000000000e-02 6.699862936373887123e+01
4.516601562500000000e-02 6.699804684027984081e+01
4.541015625000000000e-02 6.699747943776061732e+01
4.565429687500000000e-02 6.699692758330502329e+01
4.589843750000000000e-02 6.699639167062900924e+01
4.614257812500000000e-02 6.699587205962247083e+01
4.638671875000000000e-02 6.699536907600869995e+01
4.663085937500000000e-02 6.699488301108206656e+01
4.687500000000000000e-02 6.699441412152444286e+01
4.711914062500000000e-02 6.699396262930014245e+01
4.736328125000000000e-02 6.699352872162967287e+01
4.760742187500000000e-02 6.699311255104205998e+01
4.785156250000000000e-02 6.699271423550496252e+01
4.809570312500000000e-02 6.699233385863252010e+01
4.833984375000000000e-02 6.699197146996957031e+01
4.858398437500000000e-02 6.699162708535173749e+01
4.882812500000000000e-02 6.699130068733978760e+01
4.907226562500000000e-02 6.699099222572725409e+01
4.931640625000000000e-02 6.699070161811948765e+01
4.956054687500000000e-02 6.699042875058276536e+01
4.980468750000000000e-02 6.699017347836117153e+01
5.004882812500000000e-02 6.698993562665964419e+01
5.029296875000000000e-02 6.698971499149062936e+01
5.053710937500000000e-02 6.698951134058221157e+01
5.078125000000000000e-02 6.698932441434516250e+01
5.102539062500000000e-02 6.698915392689632142e+01
5.126953125000000000e-02 6.698899956713535175e+01
5.151367187500000000e-02 6.698886099987232967e+01
5.175781250000000000e-02 6.698873786700281130e+01
5.200195312500000000e-02 6.698862978872752194e+01
5.224609375000000000e-02 6.698853636481337048e+01
5.249023437500000000e-02 6.698845717589233573e+01
5.273437500000000000e-02 6.698839178479522616e+01
5.297851562500000000e-02 6.698833973791633412e+01
5.322265625000000000e-02 6.698830056660604271e+01
5.346679687500000000e-02 6.698827378858723591e+01
5.371093750000000000e-02 6.698825890939235705e+01
5.395507812500000000e-02 6.698825542381717923e+01
5.419921875000000000e-02 6.698826281738772082e+01
5.444335937500000000e-02 6.698828056783651164e+01
5.468750000000000000e-02 6.698830814658465727e+01
5.493164062500000000e-02 6.698834502022582171e+01
5.517578125000000000e-02 6.698839065200849063e+01
5.541992187500000000e-02 6.698844450331290545e+01
5.566406250000000000e-02 6.698850603511883151e+01
5.590820312500000000e-02 6.698857470946087744e+01
5.615234375000000000e-02 6.698864999086735850e+01
5.639648437500000000e-02 6.698873134777960558e+01
5.664062500000000000e-02 6.698881825394794021e+01
5.688476562500000000e-02 6.698891018980127399e+01
5.712890625000000000e-02 6.698900664378668068e+01
5.737304687500000000e-02 6.698910711367601323e+01
5.761718750000000000e-02 6.698921110783631150e+01
5.786132812500000000e-02 6.698931814646104499e+01
5.810546875000000000e-02 6.698942776275931976e+01
5.834960937500000000e-02 6.698953950410007963e+01
5.859375000000000000e-02 6.698965293310899938e+01
5.883789062500000000e-02 6.698976762871512847e+01
5.908203125000000000e-02 6.698988318714523871e+01
5.932617187500000000e-02 6.698999922286338915e+01
5.957031250000000000e-02 6.699011536945366174e+01
5.981445312500000000e-02 6.699023128044419195e+01
6.005859375000000000e-02 6.699034663007057588e+01
6.030273437500000000e-02 6.699046111397694858e+01
6.054687500000000000e-02 6.699057444985353982e+01
6.079101562500000000e-02 6.699068637800894521e+01
6.103515625000000000e-02 6.699079666187640214e+01
6.127929687500000000e-02 6.699090508845256409e+01
6.152343750000000000e-02 6.699101146866863132e+01
6.176757812500000000e-02 6.699111563769238842e+01
6.201171875000000000e-02 6.699121745516150384e+01
6.225585937500000000e-02 6.699131680534694055e+01
6.250000000000000000e-02 6.699141359724718825e+01
6.274414062500000000e-02 6.699150776461267753e+01
6.298828125000000000e-02 6.699159926590101577e+01
6.323242187500000000e-02 6.699168808416320076e+01
6.347656250000000000e-02 6.699177422686165073e+01
6.372070312500000000e-02 6.699185772562033492e+01
6.396484375000000000e-02 6.699193863590843989e+01
6.420898437500000000e-02 6.699201703665823970e+01
6.445312500000000000e-02 6.699209302981850556e+01
6.469726562500000000e-02 6.699216673984503245e+01
6.494140625000000000e-02 6.699223831312937705e+01
6.518554687500000000e-02 6.699230791736815149e+01
6.542968750000000000e-02 6.699237574087393909e+01
6.567382812500000000e-02 6.699244199183057447e+01
6.591796875000000000e-02 6.699250689749432297e+01
6.616210937500000000e-02 6.699257070334351738e+01
6.640625000000000000e-02 6.699263367217892551e+01
6.665039062500000000e-02 6.699269608317740676e+01
6.689453125000000000e-02 6.699275823090141557e+01
6.713867187500000000e-02 6.699282042426700912e+01
6.738281250000000000e-02 6.699288298547341469e+01
6.762695312500000000e-02 6.699294624889668626e+01
6.787109375000000000e-02 6.699301055995093179e+01
6.811523437500000000e-02 6.699307627391972630e+01
6.835937500000000000e-02 6.699314375476116368e+01
6.860351562500000000e-02 6.699321337388958852e+01
6.884765625000000000e-02 6.699328550893747547e+01
6.909179687500000000e-02 6.699336054250051120e+01
6.933593750000000000e-02 6.699343886086941779e+01
6.958007812500000000e-02 6.699352085275188529e+01
6.982421875000000000e-02 6.699360690798789619e+01
7.006835937500000000e-02 6.699369741626205155e+01
7.031250000000000000e-02 6.699379276581613851e+01
7.055664062500000000e-02 6.699389334216544967e+01
7.080078125000000000e-02 6.699399952682225035e+01
7.104492187500000000e-02 6.699411169602979044e+01
7.128906250000000000e-02 6.699423021951008650e+01
7.153320312500000000e-02 6.699435545922912638e+01
7.177734375000000000e-02 6.699448776818216800e+01
7.202148437500000000e-02 6.699462748920299759e+01
7.226562500000000000e-02 6.699477495379990444e+01
7.250976562500000000e-02 6.699493048102134196e+01
7.275390625000000000e-02 6.699509437635474285e+01
7.299804687500000000e-02 6.699526693066081862e+01
7.324218750000000000e-02 6.699544841914656956e+01
7.348632812500000000e-02 6.699563910037942094e+01
7.373046875000000000e-02 6.699583921534537012e+01
7.397460937500000000e-02 6.699604898655317697e+01
7.421875000000000000e-02 6.699626861718749637e+01
7.446289062500000000e-02 6.699649829031260140e+01
7.470703125000000000e-02 6.699673816812919824e+01
7.495117187500000000e-02 6.699698839128603822e+01
7.519531250000000000e-02 6.699724907824824527e+01
7.543945312500000000e-02 6.699752032472387953e+01
7.568359375000000000e-02 6.699780220315025758e+01
7.592773437500000000e-02 6.699809476224137939e+01
7.617187500000000000e-02 6.699839802659762711e+01
7.641601562500000000e-02 6.699871199637863128e+01
7.666015625000000000e-02 6.699903664704022788e+01
7.690429687500000000e-02 6.699937192913606054e+01
7.714843750000000000e-02 6.699971776818445335e+01
7.739257812500000000e-02 6.700007406460061077e+01
7.763671875000000000e-02 6.700044069369457134e+01
7.788085937500000000e-02 6.700081750573458805e+01
7.812500000000000000e-02 6.700120432607594978e+01
7.836914062500000000e-02 6.700160095535463256e+01
7.861328125000000000e-02 6.700200716974543980e+01
7.885742187500000000e-02 6.700242272128372178e+01
7.910156250000000000e-02 6.700284733824976513e+01
7.934570312500000000e-02 6.700328072561502779e+01
7.958984375000000000e-02 6.700372256554861394e+01
7.983398437500000000e-02 6.700417251798290863e+01
8.007812500000000000e-02 6.700463022123672374e+01
8.032226562500000000e-02 6.700509529269416475e+01
8.056640625000000000e-02 6.700556732953759820e+01
8.081054687500000000e-02 6.700604590953250295e+01
8.105468750000000000e-02 6.700653059186230109e+01
8.129882812500000000e-02 6.700702091801075255e+01
8.154296875000000000e-02 6.700751641268976755e+01
8.178710937500000000e-02 6.700801658480983747e+01
8.203125000000000000e-02 6.700852092849092401e+01
8.227539062500000000e-02 6.700902892411077971e+01
8.251953125000000000e-02 6.700954003938799985e+01
8.276367187500000000e-02 6.701005373049709135e+01
8.300781250000000000e-02 6.701056944321250342e+01
8.325195312500000000e-02 6.701108661407850775e+01
8.349609375000000000e-02 6.701160467160214296e+01
8.374023437500000000e-02 6.701212303746581256e+01
8.398437500000000000e-02 6.701264112775652393e+01
8.422851562500000000e-02 6.701315835420851386e+01
8.447265625000000000e-02 6.701367412545609170e+01
8.471679687500000000e-02 6.701418784829330377e+01
8.496093750000000000e-02 6.701469892893737779e+01
8.520507812500000000e-02 6.701520677429247996e+01
8.544921875000000000e-02 6.701571079321060154e+01
8.569335937500000000e-02 6.701621039774641986e+01
8.593750000000000000e-02 6.701670500440278033e+01
8.618164062500000000e-02 6.701719403536370123e+01
8.642578125000000000e-02 6.701767691971173235e+01
8.666992187500000000e-02 6.701815309462661219e+01
8.691406250000000000e-02 6.701862200656208302e+01
8.715820312500000000e-02 6.701908311239802174e+01
8.740234375000000000e-02 6.701953588056485955e+01
8.764648437500000000e-02 6.701997979213761880e+01
8.789062500000000000e-02 6.702041434189665381e+01
8.813476562500000000e-02 6.702083903935258036e+01
8.837890625000000000e-02 6.702125340973276479e+01
8.862304687500000000e-02 6.702165699492709905e+01
8.886718750000000000e-02 6.702204935439041833e+01
8.911132812500000000e-02 6.702243006599975672e+01
8.935546875000000000e-02 6.702279872686398221e+01
8.959960937500000000e-02 6.702315495408412005e+01
8.984375000000000000e-02 6.702349838546240335e+01
9.008789062500000000e-02 6.702382868015837403e+01
9.033203125000000000e-02 6.702414551929058462e+01
9.057617187500000000e-02 6.702444860648236613e+01
9.082031250000000000e-02 6.702473766835046831e+01
9.106445312500000000e-02 6.702501245493554904e+01
9.130859375000000000e-02 6.702527274007339031e+01
9.155273437500000000e-02 6.702551832170625801e+01
9.179687500000000000e-02 6.702574902213358143e+01
9.204101562500000000e-02 6.702596468820165398e+01
9.228515625000000000e-02 6.702616519143182927e+01
9.252929687500000000e-02 6.702635042808731214e+01
9.277343750000000000e-02 6.702652031917835984e+01
9.301757812500000000e-02 6.702667481040619180e+01
9.326171875000000000e-02 6.702681387204580687e+01
9.350585937500000000e-02 6.702693749876831930e+01
9.375000000000000000e-02 6.702704570940346684e+01
9.399414062500000000e-02 6.702713854664293081e+01
9.423828125000000000e-02 6.702721607668576098e+01
9.448242187500000000e-02 6.702727838882660194e+01
9.472656250000000000e-02 6.702732559498834064e+01
9.497070312500000000e-02 6.702735782920042595e+01
9.521484375000000000e-02 6.702737524702440908e+01
9.545898437500000000e-02 6.702737802492843855e+01
9.570312500000000000e-02 6.702736635961261413e+01
9.594726562500000000e-02 6.702734046728697592e+01
9.619140625000000000e-02 6.702730058290433135e+01
9.643554687500000000e-02 6.702724695935020804e+01
9.667968750000000000e-02 6.702717986659207838e+01
9.692382812500000000e-02 6.702709959079038526e+01
9.716796875000000000e-02 6.702700643337385600e+01
9.741210937500000000e-02 6.702690071008186123e+01
9.765625000000000000e-02 6.702678274997633423e+01
9.790039062500000000e-02 6.702665289442617791e+01
9.814453125000000000e-02 6.702651149606701608e+01
9.838867187500000000e-02 6.702635891773931576e+01
9.863281250000000000e-02 6.702619553140759479e+01
9.887695312500000000e-02 6.702602171706418233e+01
9.912109375000000000e-02 6.702583786162028900e+01
9.936523437500000000e-02 6.702564435778772634e+01
9.960937500000000000e-02 6.702544160295435915e+01
9.985351562500000000e-02 6.702522999805643167e+01
1.000976562500000000e-01 6.702500994645109245e+01
1.003417968750000000e-01 6.702478185279224476e+01
1.005859375000000000e-01 6.702454612191279182e+01
1.008300781250000000e-01 6.702430315771677272e+01
1.010742187500000000e-01 6.702405336208413189e+01
1.013183593750000000e-01 6.702379713379164627e+01
1.015625000000000000e-01 6.702353486745271027e+01
1.018066406250000000e-01 6.702326695247941757e+01
1.020507812500000000e-01 6.702299377206945508e+01
1.022949218750000000e-01 6.702271570222120545e+01
1.025390625000000000e-01 6.702243311077940291e+01
1.027832031250000000e-01 6.702214635651456831e+01
1.030273437500000000e-01 6.702185578823844025e+01
1.032714843750000000e-01 6.702156174395837240e+01
1.035156250000000000e-01 6.702126455007282857e+01
1.037597656250000000e-01 6.702096452061053355e+01
1.040039062500000000e-01 6.702066195651538294e+01
1.042480468750000000e-01 6.702035714497932872e+01
1.044921875000000000e-01 6.702005035882510242e+01
1.047363281250000000e-01 6.701974185594066569e+01
1.049804687500000000e-01 6.701943187876710795e+01
1.052246093750000000e-01 6.701912065384144057e+01
1.054687500000000000e-01 6.701880839139573709e+01
1.057128906250000000e-01 6.701849528501391262e+01
1.059570312500000000e-01 6.701818151134708046e+01
1.062011718750000000e-01 6.701786722988843792e+01
1.064453125000000000e-01 6.701755258280849148e+01
1.066894531250000000e-01 6.701723769485110438e+01
1.069335937500000000e-01 6.701692267329077879e+01
1.071777343750000000e-01 6.701660760795134308e+01
1.074218750000000000e-01 6.701629257128625738e+01
1.076660156250000000e-01 6.701597761852019630e+01
1.079101562500000000e-01 6.701566278785166730e+01
1.081542968750000000e-01 6.701534810071622417e+01
1.083984375000000000e-01 6.701503356210966444e+01
1.086425781250000000e-01 6.701471916097007409e+01
1.088867187500000000e-01 6.701440487061817919e+01
1.091308593750000000e-01 6.701409064925435644e+01
1.093750000000000000e-01 6.701377644051130744e+01
1.096191406250000000e-01 6.701346217406063488e+01
1.098632812500000000e-01 6.701314776627187086e+01
1.101074218750000000e-01 6.701283312092188282e+01
1.103515625000000000e-01 6.701251812995289470e+01
1.105957031250000000e-01 6.701220267427684973e+01
1.108398437500000000e-01 6.701188662462386958e+01
1.110839843750000000e-01 6.701156984243253589e+01
1.113281250000000000e-01 6.701125218077920920e+01
1.115722656250000000e-01 6.701093348534388383e+01
1.118164062500000000e-01 6.701061359540989315e+01
1.120605468750000000e-01 6.701029234489431019e+01
1.123046875000000000e-01 6.700996956340625843e+01
1.125488281250000000e-01 6.700964507733006315e+01
1.127929687500000000e-01 6.700931871092987535e+01
1.130371093750000000e-01 6.700899028747282671e+01
1.132812500000000000e-01 6.700865963036700634e+01
1.135253906250000000e-01 6.700832656431134637e+01
1.137695312500000000e-01 6.700799091645356498e+01
1.140136718750000000e-01 6.700765251755295537e+01
1.142578125000000000e-01 6.700731120314442535e+01
1.145019531250000000e-01 6.700696681470033411e+01
1.147460937500000000e-01 6.700661920078638900e+01
1.149902343750000000e-01 6.700626821820836199e+01
1.152343750000000000e-01 6.700591373314578902e+01
1.154785156250000000e-01 6.700555562226929851e+01
1.157226562500000000e-01 6.700519377383797348e+01
1.159667968750000000e-01 6.700482808877342222e+01
1.162109375000000000e-01 6.700445848170684826e+01
1.164550781250000000e-01 6.700408488199596491e+01
1.166992187500000000e-01 6.700370723470850010e+01
1.169433593750000000e-01 6.700332550156869615e+01
1.171875000000000000e-01 6.700293966186400496e+01
1.174316406250000000e-01 6.700254971330861054e+01
1.176757812500000000e-01 6.700215567286100793e+01
1.179199218750000000e-01 6.700175757749261152e+01
1.181640625000000000e-01 6.700135548490455051e+01
1.184082031250000000e-01 6.700094947419030689e+01
1.186523437500000000e-01 6.700053964644119731e+01
1.188964843750000000e-01 6.700012612529276623e+01
1.191406250000000000e-01 6.699970905740944715e+01
1.193847656250000000e-01 6.699928861290575810e+01
1.196289062500000000e-01 6.699886498570167248e+01
1.198730468750000000e-01 6.699843839381074417e+01
1.201171875000000000e-01 6.699800907955908258e+01
1.203613281250000000e-01 6.699757730973395553e+01
1.206054687500000000e-01 6.699714337566051370e+01
1.208496093750000000e-01 6.699670759320575542e+01
1.210937500000000000e-01 6.699627030270863770e+01
1.213378906250000000e-01 6.699583186883570818e+01
1.215820312500000000e-01 6.699539268036183159e+01
1.218261718750000000e-01 6.699495314987532879e+01
1.220703125000000000e-01 6.699451371340786920e+01
1.223144531250000000e-01 6.699407482998871899e+01
1.225585937500000000e-01 6.699363698112401266e+01
1.228027343750000000e-01 6.699320067020120462e+01
1.230468750000000000e-01 6.699276642181943942e+01
1.232910156250000000e-01 6.699233478104693518e+01
1.235351562500000000e-01 6.699190631260611895e+01
1.237792968750000000e-01 6.699148159998806307e+01
1.240234375000000000e-01 6.699106124449744470e+01
1.242675781250000000e-01 6.699064586422997536e+01
1.245117187500000000e-01 6.699023609298393467e+01
1.247558593750000000e-01 6.698983257910803957e+01
1.250000000000000000e-01 6.698943598428770940e+01
1.252441406250000000e-01 6.698904698227239862e+01
1.254882812500000000e-01 6.698866625754629922e+01
1.257324218750000000e-01 6.698829450394559615e+01
1.259765625000000000e-01 6.698793242322483366e+01
1.262207031250000000e-01 6.698758072357576054e+01
1.264648437500000000e-01 6.698724011810186596e+01
1.267089843750000000e-01 6.698691132325193109e+01
1.269531250000000000e-01 6.698659505721647633e+01
1.271972656250000000e-01 6.698629203829031553e+01
1.274414062500000000e-01 6.698600298320553748e+01
1.276855468750000000e-01 6.698572860543842467e+01
1.279296875000000000e-01 6.698546961349481421e+01
1.281738281250000000e-01 6.698522670917762412e+01
1.284179687500000000e-01 6.698500058584100714e+01
1.286621093750000000e-01 6.698479192663553761e+01
1.289062500000000000e-01 6.698460140274845287e+01
1.291503906250000000e-01 6.698442967164383788e+01
1.293945312500000000e-01 6.698427737530687409e+01
1.296386718750000000e-01 6.698414513849698437e+01
1.298828125000000000e-01 6.698403356701398081e+01
1.301269531250000000e-01 6.698394324598231719e+01
1.303710937500000000e-01 6.698387473815749615e+01
1.306152343750000000e-01 6.698382858225946279e+01
1.308593750000000000e-01 6.698380529133737582e+01
1.311035156250000000e-01 6.698380535117021850e+01
1.313476562500000000e-01 6.698382921870772577e+01
1.315917968750000000e-01 6.698387732055589083e+01
1.318359375000000000e-01 6.698395005151144233e+01
1.320800781250000000e-01 6.698404777314932801e+01
1.323242187500000000e-01 6.698417081246745397e+01
1.325683593750000000e-01 6.698431946059247366e+01
1.328125000000000000e-01 6.698449397155070528e+01
1.330566406250000000e-01 6.698469456110768760e+01
1.333007812500000000e-01 6.698492140567995534e+01
1.335449218750000000e-01 6.698517464132274313e+01
1.337890625000000000e-01 6.698545436279641763e+01
1.340332031250000000e-01 6.698576062271497733e+01
1.342773437500000000e-01 6.698609343077963274e+01
1.345214843750000000e-01 6.698645275309969804e+01
1.347656250000000000e-01 6.698683851160390645e+01
1.350097656250000000e-01 6.698725058354371242e+01
1.352539062500000000e-01 6.698768880109135182e+01
1.354980468750000000e-01 6.698815295103395329e+01
1.357421875000000000e-01 6.698864277456553395e+01
1.359863281250000000e-01 6.698915796717828641e+01
1.362304687500000000e-01 6.698969817865398113e+01
1.364746093750000000e-01 6.699026301315689125e+01
1.367187500000000000e-01 6.699085202942822548e+01
1.369628906250000000e-01 6.699146474108290761e+01
1.372070312500000000e-01 6.699210061700870256e+01
1.374511718750000000e-01 6.699275908186740480e+01
1.376953125000000000e-01 6.699343951669776231e+01
1.379394531250000000e-01 6.699414125961970967e+01
1.381835937500000000e-01 6.699486360663857454e+01
1.384277343750000000e-01 6.699560581254846170e+01
1.386718750000000000e-01 6.699636709193315198e+01
1.389160156250000000e-01 6.699714662026308076e+01
1.391601562500000000e-01 6.699794353508623601e+01
1.394042968750000000e-01 6.699875693731095794e+01
1.396484375000000000e-01 6.699958589257829544e+01
1.398925781250000000e-01 6.700042943272120510e+01
1.401367187500000000e-01 6.700128655730773630e+01
1.403808593750000000e-01 6.700215623526521824e+01
1.406250000000000000e-01 6.700303740658225138e+01
1.408691406250000000e-01 6.700392898408465214e+01
1.411132812500000000e-01 6.700482985528229563e+01
1.413574218750000000e-01 6.700573888428239400e+01
1.416015625000000000e-01 6.700665491376561533e+01
1.418457031250000000e-01 6.700757676702063748e+01
1.420898437500000000e-01 6.700850325003287367e+01
1.423339843750000000e-01 6.700943315362285091e+01
1.425781250000000000e-01 6.701036525562967938e+01
1.428222656250000000e-01 6.701129832313475276e+01
1.430664062500000000e-01 6.701223111472094729e+01
1.433105468750000000e-01 6.701316238276237414e+01
1.435546875000000000e-01 6.701409087573949819e+01
1.437988281250000000e-01 6.701501534057472043e+01
1.440429687500000000e-01 6.701593452498312331e+01
1.442871093750000000e-01 6.701684717983314954e+01
1.445312500000000000e-01 6.701775206151214093e+01
1.447753906250000000e-01 6.701864793429110989e+01
1.450195312500000000e-01 6.701953357268386924e+01
1.452636718750000000e-01 6.702040776379496378e+01
1.455078125000000000e-01 6.702126930965113161e+01
1.457519531250000000e-01 6.702211702951117900e+01
1.459960937500000000e-01 6.702294976214892586e+01
1.462402343750000000e-01 6.702376636810417665e+01
1.464843750000000000e-01 6.702456573189653000e+01
1.467285156250000000e-01 6.702534676419693938e+01
1.469726562500000000e-01 6.702610840395232117e+01
1.472167968750000000e-01 6.702684962045803729e+01
1.474609375000000000e-01 6.702756941537371915e+01
1.477050781250000000e-01 6.702826682467785702e+01
1.479492187500000000e-01 6.702894092055637998e+01
1.481933593750000000e-01 6.702959081322123325e+01
1.484375000000000000e-01 6.703021565265433424e+01
1.486816406250000000e-01 6.703081463027328368e+01
1.489257812500000000e-01 6.703138698051454014e+01
1.491699218750000000e-01 6.703193198233063299e+01
1.494140625000000000e-01 6.703244896059770497e+01
1.496582031250000000e-01 6.703293728743012991e+01
1.499023437500000000e-01 6.703339638339903672e+01
1.501464843750000000e-01 6.703382571865176942e+01
1.503906250000000000e-01 6.703422481392956911e+01
1.506347656250000000e-01 6.703459324148109033e+01
1.508789062500000000e-01 6.703493062586916551e+01
1.511230468750000000e-01 6.703523664466918319e+01
1.513671875000000000e-01 6.703551102905680636e+01
1.516113281250000000e-01 6.703575356428389398e+01
1.518554687500000000e-01 6.703596409004092038e+01
1.520996093750000000e-01 6.703614250070502578e+01
1.523437500000000000e-01 6.703628874547278826e+01
1.525878906250000000e-01 6.703640282837717734e+01
1.528320312500000000e-01 6.703648480818831956e+01
1.530761718750000000e-01 6.703653479819797667e+01
1.533203125000000000e-01 6.703655296588800638e+01
1.535644531250000000e-01 6.703653953248328889e+01
1.538085937500000000e-01 6.703649477238970178e+01
1.540527343750000000e-01 6.703641901251822333e+01
1.542968750000000000e-01 6.703631263149634378e+01
1.545410156250000000e-01 6.703617605876834773e+01
1.547851562500000000e-01 6.703600977358615864e+01
1.550292968750000000e-01 6.703581430389276363e+01
1.552734375000000000e-01 6.703559022510054888e+01
1.555175781250000000e-01 6.703533815876690483e+01
1.557617187500000000e-01 6.703505877117002854e+01
1.560058593750000000e-01 6.703475277178785063e+01
1.562500000000000000e-01 6.703442091168325589e+01
1.564941406250000000e-01 6.703406398179915016e+01
1.567382812500000000e-01 6.703368281116706839e+01
1.569824218750000000e-01 6.703327826503310405e+01
1.572265625000000000e-01 6.703285124290557917e+01
1.574707031250000000e-01 6.703240267652824969e+01
1.577148437500000000e-01 6.703193352778414749e+01
1.579589843750000000e-01 6.703144478653443628e+01
1.582031250000000000e-01 6.703093746839711287e+01
1.584472656250000000e-01 6.703041261247082616e+01
1.586914062500000000e-01 6.702987127900884445e+01
1.589355468750000000e-01 6.702931454704850012e+01
1.591796875000000000e-01 6.702874351200178182e+01
1.594238281250000000e-01 6.702815928321246020e+01
1.596679687500000000e-01 6.702756298148547387e+01
1.599121093750000000e-01 6.702695573659462980e+01
1.601562500000000000e-01 6.702633868477410317e+01
1.604003906250000000e-01 6.702571296620003238e+01
1.606445312500000000e-01 6.702507972246802126e+01
1.608886718750000000e-01 6.702444009407267345e+01
1.611328125000000000e-01 6.702379521789522698e+01
1.613769531250000000e-01 6.702314622470527183e+01
1.616210937500000000e-01 6.702249423668277473e+01
1.618652343750000000e-01 6.702184036496630881e+01
1.621093750000000000e-01 6.702118570723369828e+01
1.623535156250000000e-01 6.702053134532063439e+01
1.625976562500000000e-01 6.701987834288377144e+01
1.628417968750000000e-01 6.701922774311344710e+01
1.630859375000000000e-01 6.701858056650215190e+01
1.633300781250000000e-01 6.701793780867420480e+01
1.635742187500000000e-01 6.701730043828197836e+01
1.638183593750000000e-01 6.701666939497413011e+01
1.640625000000000000e-01 6.701604558744084272e+01
1.643066406250000000e-01 6.701542989154100383e+01
1.645507812500000000e-01 6.701482314851628530e+01
1.647949218750000000e-01 6.701422616329621462e+01
1.650390625000000000e-01 6.701363970289914107e+01
1.652832031250000000e-01 6.701306449493257844e+01
1.655273437500000000e-01 6.701250122619717331e+01
1.657714843750000000e-01 6.701195054139755314e+01
1.660156250000000000e-01 6.701141304196357851e+01
1.662597656250000000e-01 6.701088928498478481e+01
1.665039062500000000e-01 6.701037978226078451e+01
1.667480468750000000e-01 6.700988499946998900e+01
1.669921875000000000e-01 6.700940535545869636e+01
1.672363281250000000e-01 6.700894122165234990e+01
1.674804687500000000e-01 6.700849292159016102e+01
1.677246093750000000e-01 6.700806073058443246e+01
1.679687500000000000e-01 6.700764487550500803e+01
1.682128906250000000e-01 6.700724553468945999e+01
1.684570312500000000e-01 6.700686283797871567e+01
1.687011718750000000e-01 6.700649686687813755e+01
1.689453125000000000e-01 6.700614765484296242e+01
1.691894531250000000e-01 6.700581518768726141e+01
1.694335937500000000e-01 6.700549940411497118e+01
1.696777343750000000e-01 6.700520019637102109e+01
1.699218750000000000e-01 6.700491741101059517e+01
1.701660156250000000e-01 6.700465084978401364e+01
1.704101562500000000e-01 6.700440027063409332e+01
1.706542968750000000e-01 6.700416538880331530e+01
1.708984375000000000e-01 6.700394587804669300e+01
1.711425781250000000e-01 6.700374137194688728e+01
1.713867187500000000e-01 6.700355146532716333e+01
1.716308593750000000e-01 6.700337571575779805e+01
1.718750000000000000e-01 6.700321364515106382e+01
1.721191406250000000e-01 6.700306474143974356e+01
1.723632812500000000e-01 6.700292846033376293e+01
1.726074218750000000e-01 6.700280422714932627e+01
1.728515625000000000e-01 6.700269143870468724e+01
1.730957031250000000e-01 6.700258946527624460e+01
1.733398437500000000e-01 6.700249765260893753e+01
1.735839843750000000e-01 6.700241532397392064e+01
1.738281250000000000e-01 6.700234178226719450e+01
1.740722656250000000e-01 6.700227631214188762e+01
1.743164062500000000e-01 6.700221818216722625e+01
1.745605468750000000e-01 6.700216664700701585e+01
1.748046875000000000e-01 6.700212094960998854e+01
1.750488281250000000e-01 6.700208032340488273e+01
1.752929687500000000e-01 6.700204399449225434e+01
1.755371093750000000e-01 6.700201118382570087e+01
1.757812500000000000e-01 6.700198110937452611e+01
1.760253906250000000e-01 6.700195298826029955e+01
1.762695312500000000e-01 6.700192603885939491e+01
1.765136718750000000e-01 6.700189948286366359e+01
1.767578125000000000e-01 6.700187254729181063e+01
1.770019531250000000e-01 6.700184446644334457e+01
1.772460937500000000e-01 6.700181448378776849e+01
1.774902343750000000e-01 6.700178185378118201e+01
1.777343750000000000e-01 6.700174584360311769e+01
1.779785156250000000e-01 6.700170573480592395e+01
1.782226562500000000e-01 6.700166082486964569e+01
1.784667968750000000e-01 6.700161042865525474e+01
1.787109375000000000e-01 6.700155387974930932e+01
1.789550781250000000e-01 6.700149053169350566e+01
1.791992187500000000e-01 6.700141975909212988e+01
1.794433593750000000e-01 6.700134095859175432e+01
1.796875000000000000e-01 6.700125354972649916e+01
1.799316406250000000e-01 6.700115697562348771e+01
1.801757812500000000e-01 6.700105070356275405e+01
1.804199218750000000e-01 6.700093422538641619e+01
1.806640625000000000e-01 6.700080705775216927e+01
1.809082031250000000e-01 6.700066874222639512e+01
1.811523437500000000e-01 6.700051884521276691e+01
1.813964843750000000e-01 6.700035695771217092e+01
1.816406250000000000e-01 6.700018269491052081e+01
1.818847656250000000e-01 6.699999569559116708e+01
1.821289062500000000e-01 6.699979562136903155e+01
1.823730468750000000e-01 6.699958215574409337e+01
1.826171875000000000e-01 6.699935500297213764e+01
1.828613281250000000e-01 6.699911388675103296e+01
1.831054687500000000e-01 6.699885854872148627e+01
1.833496093750000000e-01 6.699858874678145071e+01
1.835937500000000000e-01 6.699830425321368921e+01
1.838378906250000000e-01 6.699800485262672112e+01
1.840820312500000000e-01 6.699769033970977716e+01
1.843261718750000000e-01 6.699736051680254434e+01
1.845703125000000000e-01 6.699701519128120708e+01
1.848144531250000000e-01 6.699665417276297319e+01
1.850585937500000000e-01 6.699627727013091771e+01
1.853027343750000000e-01 6.699588428838261223e+01
1.855468750000000000e-01 6.699547502530522536e+01
1.857910156250000000e-01 6.699504926798142890e+01
1.860351562500000000e-01 6.699460678912971900e+01
1.862792968750000000e-01 6.699414734328441057e+01
1.865234375000000000e-01 6.699367066282002270e+01
1.867675781250000000e-01 6.699317645382558339e+01
1.870117187500000000e-01 6.699266439183520561e+01
1.872558593750000000e-01 6.699213411742094593e+01
1.875000000000000000e-01 6.699158523165492340e+01
1.877441406250000000e-01 6.699101729144803130e+01
1.879882812500000000e-01 6.699042980477250353e+01
1.882324218750000000e-01 6.698982222577684809e+01
1.884765625000000000e-01 6.698919394980083553e+01
1.887207031250000000e-01 6.698854430829987905e+01
1.889648437500000000e-01 6.698787256368720477e+01
1.892089843750000000e-01 6.698717790410361772e+01
1.894531250000000000e-01 6.698645943812400105e+01
1.896972656250000000e-01 6.698571618941085148e+01
1.899414062500000000e-01 6.698494709132444314e+01
1.901855468750000000e-01 6.698415098150024960e+01
1.904296875000000000e-01 6.698332659640401232e+01
1.906738281250000000e-01 6.698247256587497134e+01
1.909179687500000000e-01 6.698158740766815811e+01
1.911621093750000000e-01 6.698066952200649382e+01
1.914062500000000000e-01 6.697971718615383452e+01
1.916503906250000000e-01 6.697872854901956430e+01
1.918945312500000000e-01 6.697770162580611952e+01
1.921386718750000000e-01 6.697663429271025848e+01
1.923828125000000000e-01 6.697552428168887673e+01
1.926269531250000000e-01 6.697436917530038158e+01
1.928710937500000000e-01 6.697316640163228385e+01
1.931152343750000000e-01 6.697191322932565072e+01
1.933593750000000000e-01 6.697060676270658064e+01
1.936035156250000000e-01 6.696924393703527301e+01
1.938476562500000000e-01 6.696782151388225657e+01
1.940917968750000000e-01 6.696633607664176679e+01
1.943359375000000000e-01 6.696478402619143822e+01
1.945800781250000000e-01 6.696316157670744929e+01
1.948242187500000000e-01 6.696146475164380263e+01
1.950683593750000000e-01 6.695968937988392611e+01
1.953125000000000000e-01 6.695783109207270911e+01
1.955566406250000000e-01 6.695588531713607949e+01
1.958007812500000000e-01 6.695384727899551081e+01
1.960449218750000000e-01 6.695171199348345681e+01
1.962890625000000000e-01 6.694947426546617919e+01
1.965332031250000000e-01 6.694712868617904178e+01
1.967773437500000000e-01 6.694466963077945820e+01
1.970214843750000000e-01 6.694209125612164257e+01
1.972656250000000000e-01 6.693938749875701433e+01
1.975097656250000000e-01 6.693655207316353994e+01
1.977539062500000000e-01 6.693357847020641316e+01
1.979980468750000000e-01 6.693045995583230479e+01
1.982421875000000000e-01 6.692718956999827640e+01
1.984863281250000000e-01 6.692376012583650891e+01
1.987304687500000000e-01 6.692016420905466134e+01
1.989746093750000000e-01 6.691639417757164665e+01
1.992187500000000000e-01 6.691244216138757395e+01
1.994628906250000000e-01 6.690830006268650720e+01
1.997070312500000000e-01 6.690395955616943979e+01
1.999511718750000000e-01 6.689941208961494112e+01
2.001953125000000000e-01 6.689464888466386583e+01
2.004394531250000000e-01 6.688966093782431699e+01
2.006835937500000000e-01 6.688443902169228750e+01
2.009277343750000000e-01 6.687897368638284945e+01
2.011718750000000000e-01 6.687325526116657670e+01
2.014160156250000000e-01 6.686727385630494780e+01
2.016601562500000000e-01 6.686101936507834864e+01
2.019042968750000000e-01 6.685448146599962627e+01
2.021484375000000000e-01 6.684764962520600307e+01
2.023925781250000000e-01 6.684051309902140758e+01
2.026367187500000000e-01 6.683306093668117853e+01
2.028808593750000000e-01 6.682528198321068658e+01
2.031250000000000000e-01 6.681716488244900631e+01
2.033691406250000000e-01 6.680869808020865719e+01
2.036132812500000000e-01 6.679986982756203417e+01
2.038574218750000000e-01 6.679066818424493590e+01
2.041015625000000000e-01 6.678108102216751263e+01
2.043457031250000000e-01 6.677109602902260121e+01
2.045898437500000000e-01 6.676070071198139999e+01
2.048339843750000000e-01 6.674988240146636542e+01
2.050781250000000000e-01 6.673862825499091400e+01
2.053222656250000000e-01 6.672692526105564070e+01
2.055664062500000000e-01 6.671476024309075115e+01
2.058105468750000000e-01 6.670211986343419142e+01
2.060546875000000000e-01 6.668899062733524374e+01
2.062988281250000000e-01 6.667535888697311464e+01
2.065429687500000000e-01 6.666121084548036890e+01
2.067871093750000000e-01 6.664653256096104883e+01
2.070312500000000000e-01 6.663130995049334615e+01
2.072753906250000000e-01 6.661552879410683659e+01
2.075195312500000000e-01 6.659917473872476990e+01
2.077636718750000000e-01 6.658223330206136836e+01
2.080078125000000000e-01 6.656468987646518087e+01
2.082519531250000000e-01 6.654652973269880079e+01
2.084960937500000000e-01 6.652773802364627898e+01
2.087402343750000000e-01 6.650829978793916553e+01
2.089843750000000000e-01 6.648819995349273881e+01
2.092285156250000000e-01 6.646742334094422233e+01
2.094726562500000000e-01 6.644595466698444852e+01
2.097167968750000000e-01 6.642377854757583577e+01
2.099609375000000000e-01 6.640087950104847891e+01
2.102050781250000000e-01 6.637724195106753200e+01
2.104492187500000000e-01 6.635285022946449374e+01
2.106933593750000000e-01 6.632768857892612857e+01
2.109375000000000000e-01 6.630174115553410275e+01
2.111816406250000000e-01 6.627499203114926729e+01
2.114257812500000000e-01 6.624742519563504572e+01
2.116699218750000000e-01 6.621902455891371631e+01
2.119140625000000000e-01 6.618977395285057241e+01
2.121582031250000000e-01 6.615965713296088779e+01
2.124023437500000000e-01 6.612865777993458494e+01
2.126464843750000000e-01 6.609675950097424391e+01
2.128906250000000000e-01 6.606394583094208883e+01
2.131347656250000000e-01 6.603020023331163202e+01
2.133789062500000000e-01 6.599550610092056502e+01
2.136230468750000000e-01 6.595984675652067608e+01
2.138671875000000000e-01 6.592320545312193758e+01
2.141113281250000000e-01 6.588556537412719649e+01
2.143554687500000000e-01 6.584690963325465418e+01
2.145996093750000000e-01 6.580722127424515122e+01
2.148437500000000000e-01 6.576648327035199770e+01
2.150878906250000000e-01 6.572467852361045004e+01
2.153320312500000000e-01 6.568178986388485896e+01
2.155761718750000000e-01 6.563780004769141385e+01
2.158203125000000000e-01 6.559269175679429509e+01
2.160644531250000000e-01 6.554644759657364261e+01
2.163085937500000000e-01 6.549905009416355028e+01
2.165527343750000000e-01 6.545048169635865065e+01
2.167968750000000000e-01 6.540072476728765594e+01
2.170410156250000000e-01 6.534976158585293149e+01
2.172851562500000000e-01 6.529757434293443907e+01
2.175292968750000000e-01 6.524414513835745311e+01
2.177734375000000000e-01 6.518945597762272826e+01
2.180175781250000000e-01 6.513348876839846469e+01
2.182617187500000000e-01 6.507622531677321831e+01
2.185058593750000000e-01 6.501764732326908813e+01
2.187500000000000000e-01 6.495773637861481120e+01
2.189941406250000000e-01 6.489647395927806883e+01
2.192382812500000000e-01 6.483384142275687623e+01
2.194824218750000000e-01 6.476982000262988493e+01
2.197265625000000000e-01 6.470439080336532811e+01
2.199707031250000000e-01 6.463753479488903508e+01
2.202148437500000000e-01 6.456923280691141542e+01
2.204589843750000000e-01 6.449946552301409497e+01
2.207031250000000000e-01 6.442821347449675784e+01
2.209472656250000000e-01 6.435545703398497608e+01
2.211914062500000000e-01 6.428117640880029171e+01
2.214355468750000000e-01 6.420535163409374491e+01
2.216796875000000000e-01 6.412796256574470988e+01
2.219238281250000000e-01 6.404898887302709909e+01
2.221679687500000000e-01 6.396841003104532319e+01
2.224121093750000000e-01 6.388620531294294835e+01
2.226562500000000000e-01 6.380235378188775996e+01
2.229003906250000000e-01 6.371683428283688500e+01
2.231445312500000000e-01 6.362962543408704619e+01
2.233886718750000000e-01 6.354070561861522748e+01
2.236328125000000000e-01 6.345005297521616683e+01
2.238769531250000000e-01 6.335764538944385293e+01
2.241210937500000000e-01 6.326346048436544578e+01
2.243652343750000000e-01 6.316747561113714937e+01
2.246093750000000000e-01 6.306966783941287957e+01
2.248535156250000000e-01 6.297001394759816151e+01
2.250976562500000000e-01 6.286849041296341056e+01
2.253417968750000000e-01 6.276507340163244919e+01
2.255859375000000000e-01 6.265973875846461283e+01
2.258300781250000000e-01 6.255246199685062436e+01
2.260742187500000000e-01 6.244321828844579159e+01
2.263183593750000000e-01 6.233198245286622097e+01
2.265625000000000000e-01 6.221872894737789750e+01
2.268066406250000000e-01 6.210343185661145782e+01
2.270507812500000000e-01 6.198606488234008793e+01
2.272949218750000000e-01 6.186660133336239653e+01
2.275390625000000000e-01 6.174501411553723074e+01
2.277832031250000000e-01 6.162127572202322057e+01
2.280273437500000000e-01 6.149535822378221894e+01
2.282714843750000000e-01 6.136723326041273197e+01
2.285156250000000000e-01 6.123687203138776169e+01
2.287597656250000000e-01 6.110424528777983255e+01
2.290039062500000000e-01 6.096932332456631798e+01
2.292480468750000000e-01 6.083207597361868579e+01
2.294921875000000000e-01 6.069247259749203494e+01
2.297363281250000000e-01 6.055048208414439159e+01
2.299804687500000000e-01 6.040607284273086464e+01
2.302246093750000000e-01 6.025921280063444385e+01
2.304687500000000000e-01 6.010986940191418881e+01
2.307128906250000000e-01 5.995800960737248175e+01
2.309570312500000000e-01 5.980359989646665753e+01
2.312011718750000000e-01 5.964660627131621595e+01
2.314453125000000000e-01 5.948699426308598959e+01
2.316894531250000000e-01 5.932472894105821126e+01
2.319335937500000000e-01 5.915977492474243604e+01
2.321777343750000000e-01 5.899209639941268080e+01
2.324218750000000000e-01 5.882165713550598696e+01
2.326660156250000000e-01 5.864842051236685450e+01
2.329101562500000000e-01 5.847234954687765196e+01
2.331542968750000000e-01 5.829340692757746467e+01
2.333984375000000000e-01 5.811155505494097895e+01
2.336425781250000000e-01 5.792675608856666258e+01
2.338867187500000000e-01 5.773897200210900138e+01
2.341308593750000000e-01 5.754816464688582300e+01
2.343750000000000000e-01 5.735429582519824265e+01
2.346191406250000000e-01 5.715732737451944701e+01
2.348632812500000000e-01 5.695722126384073647e+01
2.351074218750000000e-01 5.675393970360968154e+01
2.353515625000000000e-01 5.654744527085867389e+01
2.355957031250000000e-01 5.633770105130244588e+01
2.358398437500000000e-01 5.612467080038416611e+01
2.360839843750000000e-01 5.590831912547123750e+01
2.363281250000000000e-01 5.568861169164757996e+01
2.365722656250000000e-01 5.546551545381951343e+01
2.368164062500000000e-01 5.523899891815116092e+01
2.370605468750000000e-01 5.500903243617223382e+01
2.373046875000000000e-01 5.477558853526075211e+01
2.375488281250000000e-01 5.453864228959449179e+01
2.377929687500000000e-01 5.429817173609209391e+01
2.380371093750000000e-01 5.405415834032602618e+01
2.382812500000000000e-01 5.380658751788674010e+01
2.385253906250000000e-01 5.355544921720910168e+01
2.387695312500000000e-01 5.330073857043596774e+01
2.390136718750000000e-01 5.304245661948548474e+01
2.392578125000000000e-01 5.278061112510226849e+01
2.395019531250000000e-01 5.251521746729732598e+01
2.397460937500000000e-01 5.224629964620437050e+01
2.399902343750000000e-01 5.197389139298128669e+01
2.402343750000000000e-01 5.169803740093993838e+01
2.404785156250000000e-01 5.141879468756016536e+01
2.407226562500000000e-01 5.113623409839267708e+01
2.409667968750000000e-01 5.085044196402272121e+01
2.412109375000000000e-01 5.056152192118179300e+01
2.414550781250000000e-01 5.026959690867010977e+01
2.416992187500000000e-01 4.997481134787812351e+01
2.419433593750000000e-01 4.967733351623989790e+01
2.421875000000000000e-01 4.937735811975408495e+01
2.424316406250000000e-01 4.907510906758366787e+01
2.426757812500000000e-01 4.877084244747383934e+01
2.429199218750000000e-01 4.846484969506271057e+01
2.431640625000000000e-01 4.815746094282712164e+01
2.434082031250000000e-01 4.784904852511402140e+01
2.436523437500000000e-01 4.754003060415833204e+01
2.438964843750000000e-01 4.723087486789971479e+01
2.441406250000000000e-01 4.692210223354739185e+01
2.443847656250000000e-01 4.661429047106022239e+01
2.446289062500000000e-01 4.630807763801523436e+01
2.448730468750000000e-01 4.600416519195967879e+01
2.451171875000000000e-01 4.570332061882361074e+01
2.453613281250000000e-01 4.540637938727122958e+01
2.456054687500000000e-01 4.511424601047220762e+01
2.458496093750000000e-01 4.482789397078636995e+01
2.460937500000000000e-01 4.454836424206768442e+01
2.463378906250000000e-01 4.427676213221531043e+01
2.465820312500000000e-01 4.401425216934592299e+01
2.468261718750000000e-01 4.376205077307205471e+01
2.470703125000000000e-01 4.352141649239874255e+01
2.473144531250000000e-01 4.329363765770933981e+01
2.475585937500000000e-01 4.308001738889042542e+01
2.478027343750000000e-01 4.288185602534404950e+01
2.480468750000000000e-01 4.270043119379955954e+01
2.482910156250000000e-01 4.253697589993122108e+01
2.485351562500000000e-01 4.239265520894250017e+01
2.487792968750000000e-01 4.226854225353740446e+01
2.490234375000000000e-01 4.216559445698018749e+01
2.492675781250000000e-01 4.208463096494413946e+01
2.495117187500000000e-01 4.202631232461766331e+01
2.497558593750000000e-01 4.199112341952768190e+01
2.500000000000000000e-01 4.197936055744257544e+01
2.502441406250000000e-01 4.199112341952768190e+01
2.504882812500000000e-01 4.202631232461769883e+01
2.507324218750000000e-01 4.208463096494418210e+01
2.509765625000000000e-01 4.216559445698020880e+01
2.512207031250000000e-01 4.226854225353741867e+01
2.514648437500000000e-01 4.239265520894256412e+01
2.517089843750000000e-01 4.253697589993122818e+01
2.519531250000000000e-01 4.270043119379956664e+01
2.521972656250000000e-01 4.288185602534403529e+01
2.524414062500000000e-01 4.308001738889043963e+01
2.526855468750000000e-01 4.329363765770931849e+01
2.529296875000000000e-01 4.352141649239875676e+01
2.531738281250000000e-01 4.376205077307206182e+01
2.534179687500000000e-01 4.401425216934595142e+01
2.536621093750000000e-01 4.427676213221531754e+01
2.539062500000000000e-01 4.454836424206769152e+01
2.541503906250000000e-01 4.482789397078636995e+01
2.543945312500000000e-01 4.511424601047222893e+01
2.546386718750000000e-01 4.540637938727122958e+01
2.548828125000000000e-01 4.570332061882366759e+01
2.551269531250000000e-01 4.600416519195968590e+01
2.553710937500000000e-01 4.630807763801526278e+01
2.556152343750000000e-01 4.661429047106025791e+01
2.558593750000000000e-01 4.692210223354742027e+01
2.561035156250000000e-01 4.723087486789971479e+01
2.563476562500000000e-01 4.754003060415831783e+01
2.565917968750000000e-01 4.784904852511402851e+01
2.568359375000000000e-01 4.815746094282714296e+01
2.570800781250000000e-01 4.846484969506271767e+01
2.573242187500000000e-01 4.877084244747385355e+01
2.575683593750000000e-01 4.907510906758368208e+01
2.578125000000000000e-01 4.937735811975408495e+01
2.580566406250000000e-01 4.967733351623989790e+01
2.583007812500000000e-01 4.997481134787813062e+01
2.585449218750000000e-01 5.026959690867010266e+01
2.587890625000000000e-01 5.056152192118180011e+01
2.590332031250000000e-01 5.085044196402272121e+01
2.592773437500000000e-01 5.113623409839269840e+01
2.595214843750000000e-01 5.141879468756016536e+01
2.597656250000000000e-01 5.169803740093993838e+01
2.600097656250000000e-01 5.197389139298127958e+01
2.602539062500000000e-01 5.224629964620436340e+01
2.604980468750000000e-01 5.251521746729733309e+01
2.607421875000000000e-01 5.278061112510226849e+01
2.609863281250000000e-01 5.304245661948548474e+01
2.612304687500000000e-01 5.330073857043596774e+01
2.614746093750000000e-01 5.355544921720910168e+01
2.617187500000000000e-01 5.380658751788674010e+01
2.619628906250000000e-01 5.405415834032603328e+01
2.622070312500000000e-01 5.429817173609210101e+01
2.624511718750000000e-01 5.453864228959449179e+01
2.626953125000000000e-01 5.477558853526076632e+01
2.629394531250000000e-01 5.500903243617224092e+01
2.631835937500000000e-01 5.523899891815116092e+01
2.634277343750000000e-01 5.546551545381952053e+01
2.636718750000000000e-01 5.568861169164758707e+01
2.639160156250000000e-01 5.590831912547123750e+01
2.641601562500000000e-01 5.612467080038415190e+01
2.644042968750000000e-01 5.633770105130245298e+01
2.646484375000000000e-01 5.654744527085868100e+01
2.648925781250000000e-01 5.675393970360968865e+01
2.651367187500000000e-01 5.695722126384072936e+01
2.653808593750000000e-01 5.715732737451944701e+01
2.656250000000000000e-01 5.735429582519824265e+01
2.658691406250000000e-01 5.754816464688582300e+01
2.661132812500000000e-01 5.773897200210900849e+01
2.663574218750000000e-01 5.792675608856666258e+01
2.666015625000000000e-01 5.811155505494097895e+01
2.668457031250000000e-01 5.829340692757746467e+01
2.670898437500000000e-01 5.847234954687766617e+01
2.673339843750000000e-01 5.864842051236685450e+01
2.675781250000000000e-01 5.882165713550597985e+01
2.678222656250000000e-01 5.899209639941268080e+01
2.680664062500000000e-01 5.915977492474243604e+01
2.683105468750000000e-01 5.932472894105821126e+01
2.685546875000000000e-01 5.948699426308598959e+01
2.687988281250000000e-01 5.964660627131621595e+01
2.690429687500000000e-01 5.980359989646665753e+01
2.692871093750000000e-01 5.995800960737247465e+01
2.695312500000000000e-01 6.010986940191418881e+01
2.697753906250000000e-01 6.025921280063444385e+01
2.700195312500000000e-01 6.040607284273086464e+01
2.702636718750000000e-01 6.055048208414439870e+01
2.705078125000000000e-01 6.069247259749204204e+01
2.707519531250000000e-01 6.083207597361869290e+01
2.709960937500000000e-01 6.096932332456631798e+01
2.712402343750000000e-01 6.110424528777983966e+01
2.714843750000000000e-01 6.123687203138775459e+01
2.717285156250000000e-01 6.136723326041273197e+01
2.719726562500000000e-01 6.149535822378220473e+01
2.722167968750000000e-01 6.162127572202322057e+01
2.724609375000000000e-01 6.174501411553723074e+01
2.727050781250000000e-01 6.186660133336239653e+01
2.729492187500000000e-01 6.198606488234008793e+01
2.731933593750000000e-01 6.210343185661145782e+01
2.734375000000000000e-01 6.221872894737789750e+01
2.736816406250000000e-01 6.233198245286622097e+01
2.739257812500000000e-01 6.244321828844579159e+01
2.741699218750000000e-01 6.255246199685062436e+01
2.744140625000000000e-01 6.265973875846459862e+01
2.746582031250000000e-01 6.276507340163244919e+01
2.749023437500000000e-01 6.286849041296341056e+01
2.751464843750000000e-01 6.297001394759816151e+01
2.753906250000000000e-01 6.306966783941287957e+01
2.756347656250000000e-01 6.316747561113714937e+01
2.758789062500000000e-01 6.326346048436544578e+01
2.761230468750000000e-01 6.335764538944385293e+01
2.763671875000000000e-01 6.345005297521616683e+01
2.766113281250000000e-01 6.354070561861522748e+01
2.768554687500000000e-01 6.362962543408704619e+01
2.770996093750000000e-01 6.371683428283688500e+01
2.773437500000000000e-01 6.380235378188775996e+01
2.775878906250000000e-01 6.388620531294294835e+01
2.778320312500000000e-01 6.396841003104532319e+01
2.780761718750000000e-01 6.404898887302709909e+01
2.783203125000000000e-01 6.412796256574470988e+01
2.785644531250000000e-01 6.420535163409374491e+01
2.788085937500000000e-01 6.428117640880029171e+01
2.790527343750000000e-01 6.435545703398497608e+01
2.792968750000000000e-01 6.442821347449675784e+01
2.795410156250000000e-01 6.449946552301409497e+01
2.797851562500000000e-01 6.456923280691141542e+01
2.800292968750000000e-01 6.463753479488903508e+01
2.802734375000000000e-01 6.470439080336534232e+01
2.805175781250000000e-01 6.476982000262988493e+01
2.807617187500000000e-01 6.483384142275687623e+01
2.810058593750000000e-01 6.489647395927806883e+01
2.812500000000000000e-01 6.495773637861481120e+01
2.814941406250000000e-01 6.501764732326908813e+01
2.817382812500000000e-01 6.507622531677321831e+01
2.819824218750000000e-01 6.513348876839846469e+01
2.822265625000000000e-01 6.518945597762271404e+01
2.824707031250000000e-01 6.524414513835745311e+01
2.827148437500000000e-01 6.529757434293445328e+01
2.829589843750000000e-01 6.534976158585293149e+01
2.832031250000000000e-01 6.540072476728767015e+01
2.834472656250000000e-01 6.545048169635865065e+01
2.836914062500000000e-01 6.549905009416355028e+01
2.839355468750000000e-01 6.554644759657364261e+01
2.841796875000000000e-01 6.559269175679429509e+01
2.844238281250000000e-01 6.563780004769141385e+01
2.846679687500000000e-01 6.568178986388485896e+01
2.849121093750000000e-01 6.572467852361045004e+01
2.851562500000000000e-01 6.576648327035199770e+01
2.854003906250000000e-01 6.580722127424515122e+01
2.856445312500000000e-01 6.584690963325465418e+01
2.858886718750000000e-01 6.588556537412721070e+01
2.861328125000000000e-01 6.592320545312193758e+01
2.863769531250000000e-01 6.595984675652067608e+01
2.866210937500000000e-01 6.599550610092056502e+01
2.868652343750000000e-01 6.603020023331164623e+01
2.871093750000000000e-01 6.606394583094208883e+01
2.873535156250000000e-01 6.609675950097424391e+01
2.875976562500000000e-01 6.612865777993458494e+01
2.878417968750000000e-01 6.615965713296088779e+01
2.880859375000000000e-01 6.618977395285057241e+01
2.883300781250000000e-01 6.621902455891371631e+01
2.885742187500000000e-01 6.624742519563504572e+01
2.888183593750000000e-01 6.627499203114925308e+01
2.890625000000000000e-01 6.630174115553410275e+01
2.893066406250000000e-01 6.632768857892614278e+01
2.895507812500000000e-01 6.635285022946449374e+01
2.897949218750000000e-01 6.637724195106753200e+01
2.900390625000000000e-01 6.640087950104847891e+01
2.902832031250000000e-01 6.642377854757583577e+01
2.905273437500000000e-01 6.644595466698444852e+01
2.907714843750000000e-01 6.646742334094422233e+01
2.910156250000000000e-01 6.648819995349273881e+01
2.912597656250000000e-01 6.650829978793916553e+01
2.915039062500000000e-01 6.652773802364627898e+01
2.917480468750000000e-01 6.654652973269880079e+01
2.919921875000000000e-01 6.656468987646516666e+01
2.922363281250000000e-01 6.658223330206135415e+01
2.924804687500000000e-01 6.659917473872476990e+01
2.927246093750000000e-01 6.661552879410683659e+01
2.929687500000000000e-01 6.663130995049334615e+01
2.932128906250000000e-01 6.664653256096104883e+01
2.934570312500000000e-01 6.666121084548036890e+01
2.937011718750000000e-01 6.667535888697311464e+01
2.939453125000000000e-01 6.668899062733524374e+01
2.941894531250000000e-01 6.670211986343419142e+01
2.944335937500000000e-01 6.671476024309075115e+01
2.946777343750000000e-01 6.672692526105564070e+01
2.949218750000000000e-01 6.673862825499091400e+01
2.951660156250000000e-01 6.674988240146636542e+01
2.954101562500000000e-01 6.676070071198138578e+01
2.956542968750000000e-01 6.677109602902260121e+01
2.958984375000000000e-01 6.678108102216751263e+01
2.961425781250000000e-01 6.679066818424493590e+01
2.963867187500000000e-01 6.679986982756203417e+01
2.966308593750000000e-01 6.680869808020865719e+01
2.968750000000000000e-01 6.681716488244900631e+01
2.971191406250000000e-01 6.682528198321068658e+01
2.973632812500000000e-01 6.683306093668119274e+01
2.976074218750000000e-01 6.684051309902140758e+01
2.978515625000000000e-01 6.684764962520600307e+01
2.980957031250000000e-01 6.685448146599962627e+01
2.983398437500000000e-01 6.686101936507834864e+01
2.985839843750000000e-01 6.686727385630494780e+01
2.988281250000000000e-01 6.687325526116657670e+01
2.990722656250000000e-01 6.687897368638283524e+01
2.993164062500000000e-01 6.688443902169228750e+01
2.995605468750000000e-01 6.688966093782431699e+01
2.998046875000000000e-01 6.689464888466386583e+01
3.000488281250000000e-01 6.689941208961494112e+01
3.002929687500000000e-01 6.690395955616943979e+01
3.005371093750000000e-01 6.690830006268652141e+01
3.007812500000000000e-01 6.691244216138757395e+01
3.010253906250000000e-01 6.691639417757164665e+01
3.012695312500000000e-01 6.692016420905466134e+01
3.015136718750000000e-01 6.692376012583650891e+01
3.017578125000000000e-01 6.692718956999827640e+01
3.020019531250000000e-01 6.693045995583230479e+01
3.022460937500000000e-01 6.693357847020641316e+01
3.024902343750000000e-01 6.693655207316353994e+01
3.027343750000000000e-01 6.693938749875701433e+01
3.029785156250000000e-01 6.694209125612164257e+01
3.032226562500000000e-01 6.694466963077945820e+01
3.034667968750000000e-01 6.694712868617904178e+01
3.037109375000000000e-01 6.694947426546617919e+01
3.039550781250000000e-01 6.695171199348345681e+01
3.041992187500000000e-01 6.695384727899551081e+01
3.044433593750000000e-01 6.695588531713607949e+01
3.046875000000000000e-01 6.695783109207270911e+01
3.049316406250000000e-01 6.695968937988392611e+01
3.051757812500000000e-01 6.696146475164380263e+01
3.054199218750000000e-01 6.696316157670744929e+01
3.056640625000000000e-01 6.696478402619143822e+01
3.059082031250000000e-01 6.696633607664176679e+01
3.061523437500000000e-01 6.696782151388225657e+01
3.063964843750000000e-01 6.696924393703527301e+01
3.066406250000000000e-01 6.697060676270658064e+01
3.068847656250000000e-01 6.697191322932565072e+01
3.071289062500000000e-01 6.697316640163228385e+01
3.073730468750000000e-01 6.697436917530038158e+01
3.076171875000000000e-01 6.697552428168887673e+01
3.078613281250000000e-01 6.697663429271027269e+01
3.081054687500000000e-01 6.697770162580611952e+01
3.083496093750000000e-01 6.697872854901956430e+01
3.085937500000000000e-01 6.697971718615383452e+01
3.088378906250000000e-01 6.698066952200649382e+01
3.090820312500000000e-01 6.698158740766815811e+01
3.093261718750000000e-01 6.698247256587497134e+01
3.095703125000000000e-01 6.698332659640401232e+01
3.098144531250000000e-01 6.698415098150024960e+01
3.100585937500000000e-01 6.698494709132444314e+01
3.103027343750000000e-01 6.698571618941085148e+01
3.105468750000000000e-01 6.698645943812400105e+01
3.107910156250000000e-01 6.698717790410361772e+01
3.110351562500000000e-01 6.698787256368720477e+01
3.112792968750000000e-01 6.698854430829987905e+01
3.115234375000000000e-01 6.698919394980083553e+01
3.117675781250000000e-01 6.698982222577684809e+01
3.120117187500000000e-01 6.699042980477250353e+01
3.122558593750000000e-01 6.699101729144803130e+01
3.125000000000000000e-01 6.699158523165492340e+01
3.127441406250000000e-01 6.699213411742094593e+01
3.129882812500000000e-01 6.699266439183520561e+01
3.132324218750000000e-01 6.699317645382558339e+01
3.134765625000000000e-01 6.699367066282002270e+01
3.137207031250000000e-01 6.699414734328441057e+01
3.139648437500000000e-01 6.699460678912971900e+01
3.142089843750000000e-01 6.699504926798142890e+01
3.144531250000000000e-01 6.699547502530522536e+01
3.146972656250000000e-01 6.699588428838259802e+01
3.149414062500000000e-01 6.699627727013091771e+01
3.151855468750000000e-01 6.699665417276297319e+01
3.154296875000000000e-01 6.699701519128122129e+01
3.156738281250000000e-01 6.699736051680254434e+01
3.159179687500000000e-01 6.699769033970977716e+01
3.161621093750000000e-01 6.699800485262672112e+01
3.164062500000000000e-01 6.699830425321368921e+01
3.166503906250000000e-01 6.699858874678145071e+01
3.168945312500000000e-01 6.699885854872148627e+01
3.171386718750000000e-01 6.699911388675103296e+01
3.173828125000000000e-01 6.699935500297213764e+01
3.176269531250000000e-01 6.699958215574409337e+01
3.178710937500000000e-01 6.699979562136903155e+01
3.181152343750000000e-01 6.699999569559116708e+01
3.183593750000000000e-01 6.700018269491052081e+01
3.186035156250000000e-01 6.700035695771217092e+01
3.188476562500000000e-01 6.700051884521276691e+01
3.190917968750000000e-01 6.700066874222639512e+01
3.193359375000000000e-01 6.700080705775216927e+01
3.195800781250000000e-01 6.700093422538641619e+01
3.198242187500000000e-01 6.700105070356275405e+01
3.200683593750000000e-01 6.700115697562348771e+01
3.203125000000000000e-01 6.700125354972649916e+01
3.205566406250000000e-01 6.700134095859175432e+01
3.208007812500000000e-01 6.700141975909212988e+01
3.210449218750000000e-01 6.700149053169349145e+01
3.212890625000000000e-01 6.700155387974930932e+01
3.215332031250000000e-01 6.700161042865524053e+01
3.217773437500000000e-01 6.700166082486964569e+01
3.220214843750000000e-01 6.700170573480592395e+01
3.222656250000000000e-01 6.700174584360311769e+01
3.225097656250000000e-01 6.700178185378116780e+01
3.227539062500000000e-01 6.700181448378775428e+01
3.229980468750000000e-01 6.700184446644335878e+01
3.232421875000000000e-01 6.700187254729181063e+01
3.234863281250000000e-01 6.700189948286366359e+01
3.237304687500000000e-01 6.700192603885939491e+01
3.239746093750000000e-01 6.700195298826029955e+01
3.242187500000000000e-01 6.700198110937452611e+01
3.244628906250000000e-01 6.700201118382570087e+01
3.247070312500000000e-01 6.700204399449225434e+01
3.249511718750000000e-01 6.700208032340488273e+01
3.251953125000000000e-01 6.700212094960998854e+01
3.254394531250000000e-01 6.700216664700701585e+01
3.256835937500000000e-01 6.700221818216722625e+01
3.259277343750000000e-01 6.700227631214188762e+01
3.261718750000000000e-01 6.700234178226719450e+01
3.264160156250000000e-01 6.700241532397390642e+01
3.266601562500000000e-01 6.700249765260892332e+01
3.269042968750000000e-01 6.700258946527624460e+01
3.271484375000000000e-01 6.700269143870468724e+01
3.273925781250000000e-01 6.700280422714934048e+01
3.276367187500000000e-01 6.700292846033376293e+01
3.278808593750000000e-01 6.700306474143974356e+01
3.281250000000000000e-01 6.700321364515106382e+01
3.283691406250000000e-01 6.700337571575779805e+01
3.286132812500000000e-01 6.700355146532716333e+01
3.288574218750000000e-01 6.700374137194688728e+01
3.291015625000000000e-01 6.700394587804669300e+01
3.293457031250000000e-01 6.700416538880331530e+01
3.295898437500000000e-01 6.700440027063409332e+01
3.298339843750000000e-01 6.700465084978401364e+01
3.300781250000000000e-01 6.700491741101059517e+01
3.303222656250000000e-01 6.700520019637102109e+01
3.305664062500000000e-01 6.700549940411497118e+01
3.308105468750000000e-01 6.700581518768726141e+01
3.310546875000000000e-01 6.700614765484294821e+01
3.312988281250000000e-01 6.700649686687813755e+01
3.315429687500000000e-01 6.700686283797871567e+01
3.317871093750000000e-01 6.700724553468945999e+01
3.320312500000000000e-01 6.700764487550500803e+01
3.322753906250000000e-01 6.700806073058443246e+01
3.325195312500000000e-01 6.700849292159016102e+01
3.327636718750000000e-01 6.700894122165234990e+01
3.330078125000000000e-01 6.700940535545869636e+01
3.332519531250000000e-01 6.700988499946998900e+01
3.334960937500000000e-01 6.701037978226078451e+01
3.337402343750000000e-01 6.701088928498478481e+01
3.339843750000000000e-01 6.701141304196357851e+01
3.342285156250000000e-01 6.701195054139755314e+01
3.344726562500000000e-01 6.701250122619717331e+01
3.347167968750000000e-01 6.701306449493257844e+01
3.349609375000000000e-01 6.701363970289914107e+01
3.352050781250000000e-01 6.701422616329621462e+01
3.354492187500000000e-01 6.701482314851627109e+01
3.356933593750000000e-01 6.701542989154100383e+01
3.359375000000000000e-01 6.701604558744082851e+01
3.361816406250000000e-01 6.701666939497413011e+01
3.364257812500000000e-01 6.701730043828197836e+01
3.366699218750000000e-01 6.701793780867420480e+01
3.369140625000000000e-01 6.701858056650215190e+01
3.371582031250000000e-01 6.701922774311344710e+01
3.374023437500000000e-01 6.701987834288377144e+01
3.376464843750000000e-01 6.702053134532063439e+01
3.378906250000000000e-01 6.702118570723369828e+01
3.381347656250000000e-01 6.702184036496630881e+01
3.383789062500000000e-01 6.702249423668277473e+01
3.386230468750000000e-01 6.702314622470527183e+01
3.388671875000000000e-01 6.702379521789522698e+01
3.391113281250000000e-01 6.702444009407267345e+01
3.393554687500000000e-01 6.702507972246802126e+01
3.395996093750000000e-01 6.702571296620003238e+01
3.398437500000000000e-01 6.702633868477410317e+01
3.400878906250000000e-01 6.702695573659462980e+01
3.403320312500000000e-01 6.702756298148547387e+01
3.405761718750000000e-01 6.702815928321246020e+01
3.408203125000000000e-01 6.702874351200178182e+01
3.410644531250000000e-01 6.702931454704850012e+01
3.413085937500000000e-01 6.702987127900884445e+01
3.415527343750000000e-01 6.703041261247082616e+01
3.417968750000000000e-01 6.703093746839711287e+01
3.420410156250000000e-01 6.703144478653443628e+01
3.422851562500000000e-01 6.703193352778414749e+01
3.425292968750000000e-01 6.703240267652823547e+01
3.427734375000000000e-01 6.703285124290557917e+01
3.430175781250000000e-01 6.703327826503310405e+01
3.432617187500000000e-01 6.703368281116706839e+01
3.435058593750000000e-01 6.703406398179915016e+01
3.437500000000000000e-01 6.703442091168325589e+01
3.439941406250000000e-01 6.703475277178785063e+01
3.442382812500000000e-01 6.703505877117002854e+01
3.444824218750000000e-01 6.703533815876690483e+01
3.447265625000000000e-01 6.703559022510054888e+01
3.449707031250000000e-01 6.703581430389276363e+01
3.452148437500000000e-01 6.703600977358615864e+01
3.454589843750000000e-01 6.703617605876834773e+01
3.457031250000000000e-01 6.703631263149634378e+01
3.459472656250000000e-01 6.703641901251822333e+01
3.461914062500000000e-01 6.703649477238970178e+01
3.464355468750000000e-01 6.703653953248328889e+01
3.466796875000000000e-01 6.703655296588799217e+01
3.469238281250000000e-01 6.703653479819797667e+01
3.471679687500000000e-01 6.703648480818831956e+01
3.474121093750000000e-01 6.703640282837717734e+01
3.476562500000000000e-01 6.703628874547277405e+01
3.479003906250000000e-01 6.703614250070501157e+01
3.481445312500000000e-01 6.703596409004092038e+01
3.483886718750000000e-01 6.703575356428389398e+01
3.486328125000000000e-01 6.703551102905680636e+01
3.488769531250000000e-01 6.703523664466918319e+01
3.491210937500000000e-01 6.703493062586916551e+01
3.493652343750000000e-01 6.703459324148109033e+01
3.496093750000000000e-01 6.703422481392956911e+01
3.498535156250000000e-01 6.703382571865176942e+01
3.500976562500000000e-01 6.703339638339903672e+01
3.503417968750000000e-01 6.703293728743012991e+01
3.505859375000000000e-01 6.703244896059770497e+01
3.508300781250000000e-01 6.703193198233063299e+01
3.510742187500000000e-01 6.703138698051454014e+01
3.513183593750000000e-01 6.703081463027328368e+01
3.515625000000000000e-01 6.703021565265433424e+01
3.518066406250000000e-01 6.702959081322123325e+01
3.520507812500000000e-01 6.702894092055637998e+01
3.522949218750000000e-01 6.702826682467785702e+01
3.525390625000000000e-01 6.702756941537371915e+01
3.527832031250000000e-01 6.702684962045803729e+01
3.530273437500000000e-01 6.702610840395233538e+01
3.532714843750000000e-01 6.702534676419693938e+01
3.535156250000000000e-01 6.702456573189653000e+01
3.537597656250000000e-01 6.702376636810417665e+01
3.540039062500000000e-01 6.702294976214892586e+01
3.542480468750000000e-01 6.702211702951117900e+01
3.544921875000000000e-01 6.702126930965113161e+01
3.547363281250000000e-01 6.702040776379496378e+01
3.549804687500000000e-01 6.701953357268386924e+01
3.552246093750000000e-01 6.701864793429110989e+01
3.554687500000000000e-01 6.701775206151214093e+01
3.557128906250000000e-01 6.701684717983314954e+01
3.559570312500000000e-01 6.701593452498312331e+01
3.562011718750000000e-01 6.701501534057472043e+01
3.564453125000000000e-01 6.701409087573949819e+01
3.566894531250000000e-01 6.701316238276237414e+01
3.569335937500000000e-01 6.701223111472094729e+01
3.571777343750000000e-01 6.701129832313475276e+01
3.574218750000000000e-01 6.701036525562967938e+01
3.576660156250000000e-01 6.700943315362285091e+01
3.579101562500000000e-01 6.700850325003287367e+01
3.581542968750000000e-01 6.700757676702063748e+01
3.583984375000000000e-01 6.700665491376561533e+01
3.586425781250000000e-01 6.700573888428239400e+01
3.588867187500000000e-01 6.700482985528229563e+01
3.591308593750000000e-01 6.700392898408465214e+01
3.593750000000000000e-01 6.700303740658225138e+01
3.596191406250000000e-01 6.700215623526521824e+01
3.598632812500000000e-01 6.700128655730773630e+01
3.601074218750000000e-01 6.700042943272120510e+01
3.603515625000000000e-01 6.699958589257829544e+01
3.605957031250000000e-01 6.699875693731095794e+01
3.608398437500000000e-01 6.699794353508623601e+01
3.610839843750000000e-01 6.699714662026309497e+01
3.613281250000000000e-01 6.699636709193315198e+01
3.615722656250000000e-01 6.699560581254846170e+01
3.618164062500000000e-01 6.699486360663858875e+01
3.620605468750000000e-01 6.699414125961970967e+01
3.623046875000000000e-01 6.699343951669776231e+01
3.625488281250000000e-01 6.699275908186740480e+01
3.627929687500000000e-01 6.699210061700870256e+01
3.630371093750000000e-01 6.699146474108290761e+01
3.632812500000000000e-01 6.699085202942822548e+01
3.635253906250000000e-01 6.699026301315689125e+01
3.637695312500000000e-01 6.698969817865398113e+01
3.640136718750000000e-01 6.698915796717828641e+01
3.642578125000000000e-01 6.698864277456553395e+01
3.645019531250000000e-01 6.698815295103395329e+01
3.647460937500000000e-01 6.698768880109135182e+01
3.649902343750000000e-01 6.698725058354371242e+01
3.652343750000000000e-01 6.698683851160390645e+01
3.654785156250000000e-01 6.698645275309969804e+01
3.657226562500000000e-01 6.698609343077963274e+01
3.659667968750000000e-01 6.698576062271497733e+01
3.662109375000000000e-01 6.698545436279641763e+01
3.664550781250000000e-01 6.698517464132274313e+01
3.666992187500000000e-01 6.698492140567995534e+01
3.669433593750000000e-01 6.698469456110768760e+01
3.671875000000000000e-01 6.698449397155070528e+01
3.674316406250000000e-01 6.698431946059247366e+01
3.676757812500000000e-01 6.698417081246743976e+01
3.679199218750000000e-01 6.698404777314932801e+01
3.681640625000000000e-01 6.698395005151144233e+01
3.684082031250000000e-01 6.698387732055589083e+01
3.686523437500000000e-01 6.698382921870772577e+01
3.688964843750000000e-01 6.698380535117021850e+01
3.691406250000000000e-01 6.698380529133737582e+01
3.693847656250000000e-01 6.698382858225946279e+01
3.696289062500000000e-01 6.698387473815749615e+01
3.698730468750000000e-01 6.698394324598231719e+01
3.701171875000000000e-01 6.698403356701398081e+01
3.703613281250000000e-01 6.698414513849698437e+01
3.706054687500000000e-01 6.698427737530687409e+01
3.708496093750000000e-01 6.698442967164383788e+01
3.710937500000000000e-01 6.698460140274845287e+01
3.713378906250000000e-01 6.698479192663553761e+01
3.715820312500000000e-01 6.698500058584100714e+01
3.718261718750000000e-01 6.698522670917762412e+01
3.720703125000000000e-01 6.698546961349481421e+01
3.723144531250000000e-01 6.698572860543842467e+01
3.725585937500000000e-01 6.698600298320553748e+01
3.728027343750000000e-01 6.698629203829032974e+01
3.730468750000000000e-01 6.698659505721647633e+01
3.732910156250000000e-01 6.698691132325193109e+01
3.735351562500000000e-01 6.698724011810185175e+01
3.737792968750000000e-01 6.698758072357576054e+01
3.740234375000000000e-01 6.698793242322483366e+01
3.742675781250000000e-01 6.698829450394559615e+01
3.745117187500000000e-01 6.698866625754629922e+01
3.747558593750000000e-01 6.698904698227239862e+01
3.750000000000000000e-01 6.698943598428770940e+01
3.752441406250000000e-01 6.698983257910803957e+01
3.754882812500000000e-01 6.699023609298393467e+01
3.757324218750000000e-01 6.699064586422997536e+01
3.759765625000000000e-01 6.699106124449744470e+01
3.762207031250000000e-01 6.699148159998807728e+01
3.764648437500000000e-01 6.699190631260613316e+01
3.767089843750000000e-01 6.699233478104693518e+01
3.769531250000000000e-01 6.699276642181943942e+01
3.771972656250000000e-01 6.699320067020120462e+01
3.774414062500000000e-01 6.699363698112402687e+01
3.776855468750000000e-01 6.699407482998871899e+01
3.779296875000000000e-01 6.699451371340786920e+01
3.781738281250000000e-01 6.699495314987532879e+01
3.784179687500000000e-01 6.699539268036183159e+01
3.786621093750000000e-01 6.699583186883570818e+01
3.789062500000000000e-01 6.699627030270863770e+01
3.791503906250000000e-01 6.699670759320575542e+01
3.793945312500000000e-01 6.699714337566051370e+01
3.796386718750000000e-01 6.699757730973395553e+01
3.798828125000000000e-01 6.699800907955908258e+01
3.801269531250000000e-01 6.699843839381074417e+01
3.803710937500000000e-01 6.699886498570168669e+01
3.806152343750000000e-01 6.699928861290575810e+01
3.808593750000000000e-01 6.699970905740944715e+01
3.811035156250000000e-01 6.700012612529276623e+01
3.813476562500000000e-01 6.700053964644119731e+01
3.815917968750000000e-01 6.700094947419030689e+01
3.818359375000000000e-01 6.700135548490455051e+01
3.820800781250000000e-01 6.700175757749261152e+01
3.823242187500000000e-01 6.700215567286100793e+01
3.825683593750000000e-01 6.700254971330861054e+01
3.828125000000000000e-01 6.700293966186400496e+01
3.830566406250000000e-01 6.700332550156869615e+01
3.833007812500000000e-01 6.700370723470850010e+01
3.835449218750000000e-01 6.700408488199596491e+01
3.837890625000000000e-01 6.700445848170684826e+01
3.840332031250000000e-01 6.700482808877342222e+01
3.842773437500000000e-01 6.700519377383797348e+01
3.845214843750000000e-01 6.700555562226929851e+01
3.847656250000000000e-01 6.700591373314578902e+01
3.850097656250000000e-01 6.700626821820836199e+01
3.852539062500000000e-01 6.700661920078638900e+01
3.854980468750000000e-01 6.700696681470033411e+01
3.857421875000000000e-01 6.700731120314442535e+01
3.859863281250000000e-01 6.700765251755295537e+01
3.862304687500000000e-01 6.700799091645356498e+01
3.864746093750000000e-01 6.700832656431134637e+01
3.867187500000000000e-01 6.700865963036700634e+01
3.869628906250000000e-01 6.700899028747282671e+01
3.872070312500000000e-01 6.700931871092987535e+01
3.874511718750000000e-01 6.700964507733006315e+01
3.876953125000000000e-01 6.700996956340625843e+01
3.879394531250000000e-01 6.701029234489431019e+01
3.881835937500000000e-01 6.701061359540989315e+01
3.884277343750000000e-01 6.701093348534388383e+01
3.886718750000000000e-01 6.701125218077920920e+01
3.889160156250000000e-01 6.701156984243253589e+01
3.891601562500000000e-01 6.701188662462386958e+01
3.894042968750000000e-01 6.701220267427684973e+01
3.896484375000000000e-01 6.701251812995289470e+01
3.898925781250000000e-01 6.701283312092188282e+01
3.901367187500000000e-01 6.701314776627187086e+01
3.903808593750000000e-01 6.701346217406063488e+01
3.906250000000000000e-01 6.701377644051130744e+01
3.908691406250000000e-01 6.701409064925435644e+01
3.911132812500000000e-01 6.701440487061817919e+01
3.913574218750000000e-01 6.701471916097007409e+01
3.916015625000000000e-01 6.701503356210966444e+01
3.918457031250000000e-01 6.701534810071622417e+01
3.920898437500000000e-01 6.701566278785166730e+01
3.923339843750000000e-01 6.701597761852019630e+01
3.925781250000000000e-01 6.701629257128627160e+01
3.928222656250000000e-01 6.701660760795134308e+01
3.930664062500000000e-01 6.701692267329077879e+01
3.933105468750000000e-01 6.701723769485111859e+01
3.935546875000000000e-01 6.701755258280849148e+01
3.937988281250000000e-01 6.701786722988843792e+01
3.940429687500000000e-01 6.701818151134708046e+01
3.942871093750000000e-01 6.701849528501391262e+01
3.945312500000000000e-01 6.701880839139573709e+01
3.947753906250000000e-01 6.701912065384144057e+01
3.950195312500000000e-01 6.701943187876710795e+01
3.952636718750000000e-01 6.701974185594066569e+01
3.955078125000000000e-01 6.702005035882510242e+01
3.957519531250000000e-01 6.702035714497932872e+01
3.959960937500000000e-01 6.702066195651538294e+01
3.962402343750000000e-01 6.702096452061053355e+01
3.964843750000000000e-01 6.702126455007282857e+01
3.967285156250000000e-01 6.702156174395837240e+01
3.969726562500000000e-01 6.702185578823844025e+01
3.972167968750000000e-01 6.702214635651456831e+01
3.974609375000000000e-01 6.702243311077940291e+01
3.977050781250000000e-01 6.702271570222120545e+01
3.979492187500000000e-01 6.702299377206945508e+01
3.981933593750000000e-01 6.702326695247941757e+01
3.984375000000000000e-01 6.702353486745271027e+01
3.986816406250000000e-01 6.702379713379164627e+01
3.989257812500000000e-01 6.702405336208413189e+01
3.991699218750000000e-01 6.702430315771677272e+01
3.994140625000000000e-01 6.702454612191279182e+01
3.996582031250000000e-01 6.702478185279224476e+01
3.999023437500000000e-01 6.702500994645109245e+01
4.001464843750000000e-01 6.702522999805643167e+01
4.003906250000000000e-01 6.702544160295435915e+01
4.006347656250000000e-01 6.702564435778772634e+01
4.008789062500000000e-01 6.702583786162028900e+01
4.011230468750000000e-01 6.702602171706418233e+01
4.013671875000000000e-01 6.702619553140759479e+01
4.016113281250000000e-01 6.702635891773931576e+01
4.018554687500000000e-01 6.702651149606701608e+01
4.020996093750000000e-01 6.702665289442617791e+01
4.023437500000000000e-01 6.702678274997633423e+01
4.025878906250000000e-01 6.702690071008186123e+01
4.028320312500000000e-01 6.702700643337385600e+01
4.030761718750000000e-01 6.702709959079038526e+01
4.033203125000000000e-01 6.702717986659209259e+01
4.035644531250000000e-01 6.702724695935020804e+01
4.038085937500000000e-01 6.702730058290433135e+01
4.040527343750000000e-01 6.702734046728697592e+01
4.042968750000000000e-01 6.702736635961261413e+01
4.045410156250000000e-01 6.702737802492843855e+01
4.047851562500000000e-01 6.702737524702440908e+01
4.050292968750000000e-01 6.702735782920042595e+01
4.052734375000000000e-01 6.702732559498834064e+01
4.055175781250000000e-01 6.702727838882660194e+01
4.057617187500000000e-01 6.702721607668576098e+01
4.060058593750000000e-01 6.702713854664293081e+01
4.062500000000000000e-01 6.702704570940346684e+01
4.064941406250000000e-01 6.702693749876831930e+01
4.067382812500000000e-01 6.702681387204580687e+01
4.069824218750000000e-01 6.702667481040619180e+01
4.072265625000000000e-01 6.702652031917835984e+01
4.074707031250000000e-01 6.702635042808731214e+01
4.077148437500000000e-01 6.702616519143182927e+01
4.079589843750000000e-01 6.702596468820165398e+01
4.082031250000000000e-01 6.702574902213358143e+01
4.084472656250000000e-01 6.702551832170625801e+01
4.086914062500000000e-01 6.702527274007339031e+01
4.089355468750000000e-01 6.702501245493554904e+01
4.091796875000000000e-01 6.702473766835046831e+01
4.094238281250000000e-01 6.702444860648236613e+01
4.096679687500000000e-01 6.702414551929058462e+01
4.099121093750000000e-01 6.702382868015837403e+01
4.101562500000000000e-01 6.702349838546240335e+01
4.104003906250000000e-01 6.702315495408412005e+01
4.106445312500000000e-01 6.702279872686398221e+01
4.108886718750000000e-01 6.702243006599975672e+01
4.111328125000000000e-01 6.702204935439041833e+01
4.113769531250000000e-01 6.702165699492708484e+01
4.116210937500000000e-01 6.702125340973276479e+01
4.118652343750000000e-01 6.702083903935258036e+01
4.121093750000000000e-01 6.702041434189665381e+01
4.123535156250000000e-01 6.701997979213761880e+01
4.125976562500000000e-01 6.701953588056485955e+01
4.128417968750000000e-01 6.701908311239802174e+01
4.130859375000000000e-01 6.701862200656209723e+01
4.133300781250000000e-01 6.701815309462661219e+01
4.135742187500000000e-01 6.701767691971173235e+01
4.138183593750000000e-01 6.701719403536370123e+01
4.140625000000000000e-01 6.701670500440278033e+01
4.143066406250000000e-01 6.701621039774641986e+01
4.145507812500000000e-01 6.701571079321061575e+01
4.147949218750000000e-01 6.701520677429247996e+01
4.150390625000000000e-01 6.701469892893737779e+01
4.152832031250000000e-01 6.701418784829330377e+01
4.155273437500000000e-01 6.701367412545609170e+01
4.157714843750000000e-01 6.701315835420851386e+01
4.160156250000000000e-01 6.701264112775652393e+01
4.162597656250000000e-01 6.701212303746581256e+01
4.165039062500000000e-01 6.701160467160214296e+01
4.167480468750000000e-01 6.701108661407849354e+01
4.169921875000000000e-01 6.701056944321250342e+01
4.172363281250000000e-01 6.701005373049709135e+01
4.174804687500000000e-01 6.700954003938799985e+01
4.177246093750000000e-01 6.700902892411077971e+01
4.179687500000000000e-01 6.700852092849092401e+01
4.182128906250000000e-01 6.700801658480983747e+01
4.184570312500000000e-01 6.700751641268976755e+01
4.187011718750000000e-01 6.700702091801075255e+01
4.189453125000000000e-01 6.700653059186230109e+01
4.191894531250000000e-01 6.700604590953250295e+01
4.194335937500000000e-01 6.700556732953759820e+01
4.196777343750000000e-01 6.700509529269416475e+01
4.199218750000000000e-01 6.700463022123672374e+01
4.201660156250000000e-01 6.700417251798290863e+01
4.204101562500000000e-01 6.700372256554861394e+01
4.206542968750000000e-01 6.700328072561502779e+01
4.208984375000000000e-01 6.700284733824976513e+01
4.211425781250000000e-01 6.700242272128372178e+01
4.213867187500000000e-01 6.700200716974543980e+01
4.216308593750000000e-01 6.700160095535463256e+01
4.218750000000000000e-01 6.700120432607593557e+01
4.221191406250000000e-01 6.700081750573458805e+01
4.223632812500000000e-01 6.700044069369457134e+01
4.226074218750000000e-01 6.700007406460061077e+01
4.228515625000000000e-01 6.699971776818445335e+01
4.230957031250000000e-01 6.699937192913606054e+01
4.233398437500000000e-01 6.699903664704022788e+01
4.235839843750000000e-01 6.699871199637863128e+01
4.238281250000000000e-01 6.699839802659762711e+01
4.240722656250000000e-01 6.699809476224137939e+01
4.243164062500000000e-01 6.699780220315025758e+01
4.245605468750000000e-01 6.699752032472387953e+01
4.248046875000000000e-01 6.699724907824824527e+01
4.250488281250000000e-01 6.699698839128603822e+01
4.252929687500000000e-01 6.699673816812919824e+01
4.255371093750000000e-01 6.699649829031260140e+01
4.257812500000000000e-01 6.699626861718751059e+01
4.260253906250000000e-01 6.699604898655317697e+01
4.262695312500000000e-01 6.699583921534537012e+01
4.265136718750000000e-01 6.699563910037943515e+01
4.267578125000000000e-01 6.699544841914656956e+01
4.270019531250000000e-01 6.699526693066081862e+01
4.272460937500000000e-01 6.699509437635475706e+01
4.274902343750000000e-01 6.699493048102135617e+01
4.277343750000000000e-01 6.699477495379990444e+01
4.279785156250000000e-01 6.699462748920299759e+01
4.282226562500000000e-01 6.699448776818216800e+01
4.284667968750000000e-01 6.699435545922912638e+01
4.287109375000000000e-01 6.699423021951008650e+01
4.289550781250000000e-01 6.699411169602979044e+01
4.291992187500000000e-01 6.699399952682226456e+01
4.294433593750000000e-01 6.699389334216544967e+01
4.296875000000000000e-01 6.699379276581613851e+01
4.299316406250000000e-01 6.699369741626205155e+01
4.301757812500000000e-01 6.699360690798789619e+01
4.304199218750000000e-01 6.699352085275188529e+01
4.306640625000000000e-01 6.699343886086941779e+01
4.309082031250000000e-01 6.699336054250051120e+01
4.311523437500000000e-01 6.699328550893747547e+01
4.313964843750000000e-01 6.699321337388958852e+01
4.316406250000000000e-01 6.699314375476116368e+01
4.318847656250000000e-01 6.699307627391972630e+01
4.321289062500000000e-01 6.699301055995093179e+01
4.323730468750000000e-01 6.699294624889668626e+01
4.326171875000000000e-01 6.699288298547341469e+01
4.328613281250000000e-01 6.699282042426700912e+01
4.331054687500000000e-01 6.699275823090141557e+01
4.333496093750000000e-01 6.699269608317740676e+01
4.335937500000000000e-01 6.699263367217892551e+01
4.338378906250000000e-01 6.699257070334351738e+01
4.340820312500000000e-01 6.699250689749432297e+01
4.343261718750000000e-01 6.699244199183057447e+01
4.345703125000000000e-01 6.699237574087393909e+01
4.348144531250000000e-01 6.699230791736815149e+01
4.350585937500000000e-01 6.699223831312937705e+01
4.353027343750000000e-01 6.699216673984503245e+01
4.355468750000000000e-01 6.699209302981850556e+01
4.357910156250000000e-01 6.699201703665823970e+01
4.360351562500000000e-01 6.699193863590843989e+01
4.362792968750000000e-01 6.699185772562033492e+01
4.365234375000000000e-01 6.699177422686165073e+01
4.367675781250000000e-01 6.699168808416320076e+01
4.370117187500000000e-01 6.699159926590101577e+01
4.372558593750000000e-01 6.699150776461267753e+01
4.375000000000000000e-01 6.699141359724718825e+01
4.377441406250000000e-01 6.699131680534694055e+01
4.379882812500000000e-01 6.699121745516150384e+01
4.382324218750000000e-01 6.699111563769238842e+01
4.384765625000000000e-01 6.699101146866863132e+01
4.387207031250000000e-01 6.699090508845256409e+01
4.389648437500000000e-01 6.699079666187640214e+01
4.392089843750000000e-01 6.699068637800894521e+01
4.394531250000000000e-01 6.699057444985353982e+01
4.396972656250000000e-01 6.699046111397694858e+01
4.399414062500000000e-01 6.699034663007057588e+01
4.401855468750000000e-01 6.699023128044419195e+01
4.404296875000000000e-01 6.699011536945366174e+01
4.406738281250000000e-01 6.698999922286338915e+01
4.409179687500000000e-01 6.698988318714523871e+01
4.411621093750000000e-01 6.698976762871512847e+01
4.414062500000000000e-01 6.698965293310899938e+01
4.416503906250000000e-01 6.698953950410007963e+01
4.418945312500000000e-01 6.698942776275931976e+01
4.421386718750000000e-01 6.698931814646104499e+01
4.423828125000000000e-01 6.698921110783631150e+01
4.426269531250000000e-01 6.698910711367601323e+01
4.428710937500000000e-01 6.698900664378668068e+01
4.431152343750000000e-01 6.698891018980127399e+01
4.433593750000000000e-01 6.698881825394794021e+01
4.436035156250000000e-01 6.698873134777960558e+01
4.438476562500000000e-01 6.698864999086735850e+01
4.440917968750000000e-01 6.698857470946087744e+01
4.443359375000000000e-01 6.698850603511883151e+01
4.445800781250000000e-01 6.698844450331290545e+01
4.448242187500000000e-01 6.698839065200849063e+01
4.450683593750000000e-01 6.698834502022582171e+01
4.453125000000000000e-01 6.698830814658465727e+01
4.455566406250000000e-01 6.698828056783651164e+01
4.458007812500000000e-01 6.698826281738772082e+01
4.460449218750000000e-01 6.698825542381717923e+01
4.462890625000000000e-01 6.698825890939235705e+01
4.465332031250000000e-01 6.698827378858723591e+01
4.467773437500000000e-01 6.698830056660604271e+01
4.470214843750000000e-01 6.698833973791633412e+01
4.472656250000000000e-01 6.698839178479522616e+01
4.475097656250000000e-01 6.698845717589234994e+01
4.477539062500000000e-01 6.698853636481337048e+01
4.479980468750000000e-01 6.698862978872752194e+01
4.482421875000000000e-01 6.698873786700281130e+01
4.484863281250000000e-01 6.698886099987232967e+01
4.487304687500000000e-01 6.698899956713535175e+01
4.489746093750000000e-01 6.698915392689632142e+01
4.492187500000000000e-01 6.698932441434516250e+01
4.494628906250000000e-01 6.698951134058221157e+01
4.497070312500000000e-01 6.698971499149062936e+01
4.499511718750000000e-01 6.698993562665964419e+01
4.501953125000000000e-01 6.699017347836117153e+01
4.504394531250000000e-01 6.699042875058276536e+01
4.506835937500000000e-01 6.699070161811948765e+01
4.509277343750000000e-01 6.699099222572725409e+01
4.511718750000000000e-01 6.699130068733978760e+01
4.514160156250000000e-01 6.699162708535173749e+01
4.516601562500000000e-01 6.699197146996957031e+01
4.519042968750000000e-01 6.699233385863252010e+01
4.521484375000000000e-01 6.699271423550496252e+01
4.523925781250000000e-01 6.699311255104205998e+01
4.526367187500000000e-01 6.699352872162967287e+01
4.528808593750000000e-01 6.699396262930014245e+01
4.531250000000000000e-01 6.699441412152444286e+01
4.533691406250000000e-01 6.699488301108206656e+01
4.536132812500000000e-01 6.699536907600869995e+01
4.538574218750000000e-01 6.699587205962247083e+01
4.541015625000000000e-01 6.699639167062900924e+01
4.543457031250000000e-01 6.699692758330502329e+01
4.545898437500000000e-01 6.699747943776061732e+01
4.548339843750000000e-01 6.699804684027984081e+01
4.550781250000000000e-01 6.699862936373887123e+01
4.553222656250000000e-01 6.699922654810112022e+01
4.555664062500000000e-01 6.699983790098858094e+01
4.558105468750000000e-01 6.700046289832783941e+01
4.560546875000000000e-01 6.700110098506993950e+01
4.562988281250000000e-01 6.700175157598232545e+01
4.565429687500000000e-01 6.700241405651135551e+01
4.567871093750000000e-01 6.700308778371346818e+01
4.570312500000000000e-01 6.700377208725318212e+01
4.572753906250000000e-01 6.700446627046561332e+01
4.575195312500000000e-01 6.700516961148123585e+01
4.577636718750000000e-01 6.700588136441056974e+01
4.580078125000000000e-01 6.700660076058609604e+01
4.582519531250000000e-01 6.700732700985858514e+01
4.584960937500000000e-01 6.700805930194522375e+01
4.587402343750000000e-01 6.700879680782631453e+01
4.589843750000000000e-01 6.700953868118756418e+01
4.592285156250000000e-01 6.701028405990481929e+01
4.594726562500000000e-01 6.701103206756781105e+01
4.597167968750000000e-01 6.701178181503956921e+01
4.599609375000000000e-01 6.701253240204819406e+01
4.602050781250000000e-01 6.701328291880719235e+01
4.604492187500000000e-01 6.701403244766088108e+01
4.606933593750000000e-01 6.701478006475132077e+01
4.609375000000000000e-01 6.701552484170285595e+01
4.611816406250000000e-01 6.701626584732069603e+01
4.614257812500000000e-01 6.701700214929972788e+01
4.616699218750000000e-01 6.701773281593965237e+01
4.619140625000000000e-01 6.701845691786287773e+01
4.621582031250000000e-01 6.701917352973114816e+01
4.624023437500000000e-01 6.701988173195734078e+01
4.626464843750000000e-01 6.702058061240842335e+01
4.628906250000000000e-01 6.702126926809607710e+01
4.631347656250000000e-01 6.702194680685110484e+01
4.633789062500000000e-01 6.702261234897804343e+01
4.636230468750000000e-01 6.702326502888635673e+01
4.638671875000000000e-01 6.702390399669465637e+01
4.641113281250000000e-01 6.702452841980456810e+01
4.643554687500000000e-01 6.702513748444052055e+01
4.645996093750000000e-01 6.702573039715271364e+01
4.648437500000000000e-01 6.702630638627937287e+01
4.650878906250000000e-01 6.702686470336568902e+01
4.653320312500000000e-01 6.702740462453614612e+01
4.655761718750000000e-01 6.702792545181738149e+01
4.658203125000000000e-01 6.702842651440882094e+01
4.660644531250000000e-01 6.702890716989840314e+01
4.663085937500000000e-01 6.702936680542075010e+01
4.665527343750000000e-01 6.702980483875555251e+01
4.667968750000000000e-01 6.703022071936376847e+01
4.670410156250000000e-01 6.703061392935950380e+01
4.672851562500000000e-01 6.703098398441566985e+01
4.675292968750000000e-01 6.703133043460155704e+01
4.677734375000000000e-01 6.703165286515056209e+01
4.680175781250000000e-01 6.703195089715669042e+01
4.682617187500000000e-01 6.703222418819846951e+01
4.685058593750000000e-01 6.703247243288889479e+01
4.687500000000000000e-01 6.703269536335058376e+01
4.689941406250000000e-01 6.703289274961522892e+01
4.692382812500000000e-01 6.703306439994662469e+01
4.694824218750000000e-01 6.703321016108668573e+01
4.697265625000000000e-01 6.703332991842430033e+01
4.699707031250000000e-01 6.703342359608670620e+01
4.702148437500000000e-01 6.703349115695326077e+01
4.704589843750000000e-01 6.703353260259211766e+01
4.707031250000000000e-01 6.703354797311979496e+01
4.709472656250000000e-01 6.703353734698424660e+01
4.711914062500000000e-01 6.703350084067233183e+01
4.714355468750000000e-01 6.703343860834212364e+01
4.716796875000000000e-01 6.703335084138142008e+01
4.719238281250000000e-01 6.703323776789332555e+01
4.721679687500000000e-01 6.703309965211052202e+01
4.724121093750000000e-01 6.703293679373946645e+01
4.726562500000000000e-01 6.703274952723626257e+01
4.729003906250000000e-01 6.703253822101595460e+01
4.731445312500000000e-01 6.703230327659728971e+01
4.733886718750000000e-01 6.703204512768469669e+01
4.736328125000000000e-01 6.703176423919015292e+01
4.738769531250000000e-01 6.703146110619682929e+01
4.741210937500000000e-01 6.703113625286736976e+01
4.743652343750000000e-01 6.703079023129899383e+01
4.746093750000000000e-01 6.703042362032844892e+01
4.748535156250000000e-01 6.703003702428949850e+01
4.750976562500000000e-01 6.702963107172580237e+01
4.753417968750000000e-01 6.702920641406232960e+01
4.755859375000000000e-01 6.702876372423820328e+01
4.758300781250000000e-01 6.702830369530443022e+01
4.760742187500000000e-01 6.702782703898949990e+01
4.763183593750000000e-01 6.702733448423636275e+01
4.765625000000000000e-01 6.702682677571407055e+01
4.768066406250000000e-01 6.702630467230757461e+01
4.770507812500000000e-01 6.702576894558914944e+01
4.772949218750000000e-01 6.702522037827489498e+01
4.775390625000000000e-01 6.702465976266998382e+01
4.777832031250000000e-01 6.702408789910613507e+01
4.780273437500000000e-01 6.702350559437489608e+01
4.782714843750000000e-01 6.702291366016032725e+01
4.785156250000000000e-01 6.702231291147467118e+01
4.787597656250000000e-01 6.702170416510065820e+01
4.790039062500000000e-01 6.702108823804367432e+01
4.792480468750000000e-01 6.702046594599778473e+01
4.794921875000000000e-01 6.701983810182866819e+01
4.797363281250000000e-01 6.701920551407701510e+01
4.799804687500000000e-01 6.701856898548585662e+01
4.802246093750000000e-01 6.701792931155500810e+01
4.804687500000000000e-01 6.701728727912586692e+01
4.807128906250000000e-01 6.701664366499979053e+01
4.809570312500000000e-01 6.701599923459295383e+01
4.812011718750000000e-01 6.701535474063085474e+01
4.814453125000000000e-01 6.701471092188521084e+01
4.816894531250000000e-01 6.701406850195586173e+01
4.819335937500000000e-01 6.701342818810063307e+01
4.821777343750000000e-01 6.701279067011539325e+01
4.824218750000000000e-01 6.701215661926670464e+01
4.826660156250000000e-01 6.701152668727949901e+01
4.829101562500000000e-01 6.701090150538155399e+01
4.831542968750000000e-01 6.701028168340711488e+01
4.833984375000000000e-01 6.700966780896099806e+01
4.836425781250000000e-01 6.700906044664522199e+01
4.838867187500000000e-01 6.700846013734937401e+01
4.841308593750000000e-01 6.700786739760610544e+01
4.843750000000000000e-01 6.700728271901293454e+01
4.846191406250000000e-01 6.700670656772119571e+01
4.848632812500000000e-01 6.700613938399314407e+01
4.851074218750000000e-01 6.700558158182752777e+01
4.853515625000000000e-01 6.700503354865431049e+01
4.855957031250000000e-01 6.700449564509881384e+01
4.858398437500000000e-01 6.700396820481505245e+01
4.860839843750000000e-01 6.700345153438857437e+01
4.863281250000000000e-01 6.700294591330822414e+01
4.865722656250000000e-01 6.700245159400645889e+01
4.868164062500000000e-01 6.700196880196772042e+01
4.870605468750000000e-01 6.700149773590379709e+01
4.873046875000000000e-01 6.700103856799535151e+01
4.875488281250000000e-01 6.700059144419861923e+01
4.877929687500000000e-01 6.700015648461550199e+01
4.880371093750000000e-01 6.699973378392617462e+01
4.882812500000000000e-01 6.699932341188201690e+01
4.885253906250000000e-01 6.699892541385747791e+01
4.887695312500000000e-01 6.699853981145876958e+01
4.890136718750000000e-01 6.699816660318730044e+01
4.892578125000000000e-01 6.699780576515570374e+01
4.895019531250000000e-01 6.699745725185410095e+01
4.897460937500000000e-01 6.699712099696401424e+01
4.899902343750000000e-01 6.699679691421766847e+01
4.902343750000000000e-01 6.699648489829942832e+01
4.904785156250000000e-01 6.699618482578731005e+01
4.907226562500000000e-01 6.699589655613091566e+01
4.909667968750000000e-01 6.699561993266340210e+01
4.912109375000000000e-01 6.699535478364413166e+01
4.914550781250000000e-01 6.699510092332891986e+01
4.916992187500000000e-01 6.699485815306479708e+01
4.919433593750000000e-01 6.699462626240587326e+01
4.921875000000000000e-01 6.699440503024717941e+01
4.924316406250000000e-01 6.699419422597307516e+01
4.926757812500000000e-01 6.699399361061693980e+01
4.929199218750000000e-01 6.699380293802867925e+01
4.931640625000000000e-01 6.699362195604679471e+01
4.934082031250000000e-01 6.699345040767158821e+01
4.936523437500000000e-01 6.699328803223609441e+01
4.938964843750000000e-01 6.699313456657149857e+01
4.941406250000000000e-01 6.699298974616363012e+01
4.943847656250000000e-01 6.699285330629729174e+01
4.946289062500000000e-01 6.699272498318524072e+01
4.948730468750000000e-01 6.699260451507845460e+01
4.951171875000000000e-01 6.699249164335472528e+01
4.953613281250000000e-01 6.699238611358259732e+01
4.956054687500000000e-01 6.699228767655735339e+01
4.958496093750000000e-01 6.699219608930648917e+01
4.960937500000000000e-01 6.699211111606166469e+01
4.963378906250000000e-01 6.699203252919457441e+01
4.965820312500000000e-01 6.699196011011390794e+01
4.968261718750000000e-01 6.699189365012124142e+01
4.970703125000000000e-01 6.699183295122317361e+01
4.973144531250000000e-01 6.699177782689767469e+01
4.975585937500000000e-01 6.699172810281241652e+01
4.978027343750000000e-01 6.699168361749316603e+01
4.980468750000000000e-01 6.699164422294033727e+01
4.982910156250000000e-01 6.699160978519211085e+01
4.985351562500000000e-01 6.699158018483247190e+01
4.987792968750000000e-01 6.699155531744277425e+01
4.990234375000000000e-01 6.699153509399567952e+01
4.992675781250000000e-01 6.699151944119037694e+01
4.995117187500000000e-01 6.699150830172791871e+01
4.997558593750000000e-01 6.699150163452641493e+01
