-5.000000000000000000e-01 -2.659440348676235288e+01
-4.997558593750000000e-01 -2.659465932925700571e+01
-4.995117187500000000e-01 -2.659542688305371883e+01
-4.992675781250000000e-01 -2.659670622710196497e+01
-4.990234375000000000e-01 -2.659849749302185273e+01
-4.987792968750000000e-01 -2.660080086516053299e+01
-4.985351562500000000e-01 -2.660361658067106561e+01
-4.982910156250000000e-01 -2.660694492961455992e+01
-4.980468750000000000e-01 -2.661078625508431372e+01
-4.978027343750000000e-01 -2.661514095335374464e+01
-4.975585937500000000e-01 -2.662000947404656870e+01
-4.973144531250000000e-01 -2.662539232033078207e+01
-4.970703125000000000e-01 -2.663129004913587750e+01
-4.968261718750000000e-01 -2.663770327139340566e+01
-4.965820312500000000e-01 -2.664463265230182287e+01
-4.963378906250000000e-01 -2.665207891161497855e+01
-4.960937500000000000e-01 -2.666004282395517322e+01
-4.958496093750000000e-01 -2.666852521915087593e+01
-4.956054687500000000e-01 -2.667752698259930000e+01
-4.953613281250000000e-01 -2.668704905565430963e+01
-4.951171875000000000e-01 -2.669709243604003746e+01
-4.948730468750000000e-01 -2.670765817829050803e+01
-4.946289062500000000e-01 -2.671874739421575740e+01
-4.943847656250000000e-01 -2.673036125339499947e+01
-4.941406250000000000e-01 -2.674250098369697781e+01
-4.938964843750000000e-01 -2.675516787182860412e+01
-4.936523437500000000e-01 -2.676836326391150678e+01
-4.934082031250000000e-01 -2.678208856608817001e+01
-4.931640625000000000e-01 -2.679634524515734384e+01
-4.929199218750000000e-01 -2.681113482923979063e+01
-4.926757812500000000e-01 -2.682645890847487280e+01
-4.924316406250000000e-01 -2.684231913574893724e+01
-4.921875000000000000e-01 -2.685871722745578438e+01
-4.919433593750000000e-01 -2.687565496429062506e+01
-4.916992187500000000e-01 -2.689313419207738676e+01
-4.914550781250000000e-01 -2.691115682263131603e+01
-4.912109375000000000e-01 -2.692972483465715072e+01
-4.909667968750000000e-01 -2.694884027468358667e+01
-4.907226562500000000e-01 -2.696850525803569454e+01
-4.904785156250000000e-01 -2.698872196984579475e+01
-4.902343750000000000e-01 -2.700949266610388477e+01
-4.899902343750000000e-01 -2.703081967474924241e+01
-4.897460937500000000e-01 -2.705270539680357800e+01
-4.895019531250000000e-01 -2.707515230754773228e+01
-4.892578125000000000e-01 -2.709816295774283645e+01
-4.890136718750000000e-01 -2.712173997489721344e+01
-4.887695312500000000e-01 -2.714588606458071851e+01
-4.885253906250000000e-01 -2.717060401178781248e+01
-4.882812500000000000e-01 -2.719589668235089874e+01
-4.880371093750000000e-01 -2.722176702440568619e+01
-4.877929687500000000e-01 -2.724821806991016615e+01
-4.875488281250000000e-01 -2.727525293621889446e+01
-4.873046875000000000e-01 -2.730287482771482388e+01
-4.870605468750000000e-01 -2.733108703750011159e+01
-4.868164062500000000e-01 -2.735989294914821102e+01
-4.865722656250000000e-01 -2.738929603851943284e+01
-4.863281250000000000e-01 -2.741929987564215310e+01
-4.860839843750000000e-01 -2.744990812666189584e+01
-4.858398437500000000e-01 -2.748112455586073821e+01
-4.855957031250000000e-01 -2.751295302774978779e+01
-4.853515625000000000e-01 -2.754539750923747121e+01
-4.851074218750000000e-01 -2.757846207187577647e+01
-4.848632812500000000e-01 -2.761215089418836754e+01
-4.846191406250000000e-01 -2.764646826408297287e+01
-4.843750000000000000e-01 -2.768141858135131628e+01
-4.841308593750000000e-01 -2.771700636026061559e+01
-4.838867187500000000e-01 -2.775323623223921032e+01
-4.836425781250000000e-01 -2.779011294866084469e+01
-4.833984375000000000e-01 -2.782764138373114804e+01
-4.831542968750000000e-01 -2.786582653748067173e+01
-4.829101562500000000e-01 -2.790467353886832313e+01
-4.826660156250000000e-01 -2.794418764900035512e+01
-4.824218750000000000e-01 -2.798437426446898613e+01
-4.821777343750000000e-01 -2.802523892081641677e+01
-4.819335937500000000e-01 -2.806678729612855605e+01
-4.816894531250000000e-01 -2.810902521476492311e+01
-4.814453125000000000e-01 -2.815195865122976571e+01
-4.812011718750000000e-01 -2.819559373419089710e+01
-4.809570312500000000e-01 -2.823993675065274900e+01
-4.807128906250000000e-01 -2.828499415028984743e+01
-4.804687500000000000e-01 -2.833077254994845973e+01
-4.802246093750000000e-01 -2.837727873832360714e+01
-4.799804687500000000e-01 -2.842451968081938674e+01
-4.797363281250000000e-01 -2.847250252460066378e+01
-4.794921875000000000e-01 -2.852123460384544984e+01
-4.792480468750000000e-01 -2.857072344520680929e+01
-4.790039062500000000e-01 -2.862097677349400371e+01
-4.787597656250000000e-01 -2.867200251758350760e+01
-4.785156250000000000e-01 -2.872380881657069196e+01
-4.782714843750000000e-01 -2.877640402617326032e+01
-4.780273437500000000e-01 -2.882979672539931570e+01
-4.777832031250000000e-01 -2.888399572349228350e+01
-4.775390625000000000e-01 -2.893901006716653868e+01
-4.772949218750000000e-01 -2.899484904814828568e+01
-4.770507812500000000e-01 -2.905152221103657340e+01
-4.768066406250000000e-01 -2.910903936150083382e+01
-4.765625000000000000e-01 -2.916741057483193345e+01
-4.763183593750000000e-01 -2.922664620486530396e+01
-4.760742187500000000e-01 -2.928675689329418574e+01
-4.758300781250000000e-01 -2.934775357939527041e+01
-4.755859375000000000e-01 -2.940964751018639944e+01
-4.753417968750000000e-01 -2.947245025104114902e+01
-4.750976562500000000e-01 -2.953617369678337568e+01
-4.748535156250000000e-01 -2.960083008328879473e+01
-4.746093750000000000e-01 -2.966643199962044264e+01
-4.743652343750000000e-01 -2.973299240072845961e+01
-4.741210937500000000e-01 -2.980052462074458930e+01
-4.738769531250000000e-01 -2.986904238690568647e+01
-4.736328125000000000e-01 -2.993855983414183797e+01
-4.733886718750000000e-01 -3.000909152036648209e+01
-4.731445312500000000e-01 -3.008065244251052661e+01
-4.729003906250000000e-01 -3.015325805334269660e+01
-4.726562500000000000e-01 -3.022692427912339497e+01
-4.724121093750000000e-01 -3.030166753814159364e+01
-4.721679687500000000e-01 -3.037750476018786472e+01
-4.719238281250000000e-01 -3.045445340702072201e+01
-4.716796875000000000e-01 -3.053253149388763887e+01
-4.714355468750000000e-01 -3.061175761216580327e+01
-4.711914062500000000e-01 -3.069215095319343334e+01
-4.709472656250000000e-01 -3.077373133336733702e+01
-4.707031250000000000e-01 -3.085651922058762509e+01
-4.704589843750000000e-01 -3.094053576213740442e+01
-4.702148437500000000e-01 -3.102580281409139218e+01
-4.699707031250000000e-01 -3.111234297235519719e+01
-4.697265625000000000e-01 -3.120017960544464586e+01
-4.694824218750000000e-01 -3.128933688912256628e+01
-4.692382812500000000e-01 -3.137983984302194074e+01
-4.689941406250000000e-01 -3.147171436939199651e+01
-4.687500000000000000e-01 -3.156498729411735837e+01
-4.685058593750000000e-01 -3.165968641017141039e+01
-4.682617187500000000e-01 -3.175584052367928223e+01
-4.680175781250000000e-01 -3.185347950278035967e+01
-4.677734375000000000e-01 -3.195263432949691307e+01
-4.675292968750000000e-01 -3.205333715483340029e+01
-4.672851562500000000e-01 -3.215562135735015659e+01
-4.670410156250000000e-01 -3.225952160547824121e+01
-4.667968750000000000e-01 -3.236507392386480575e+01
-4.665527343750000000e-01 -3.247231576406705500e+01
-4.663085937500000000e-01 -3.258128607993874226e+01
-4.660644531250000000e-01 -3.269202540809047974e+01
-4.658203125000000000e-01 -3.280457595383767000e+01
-4.655761718750000000e-01 -3.291898168309002415e+01
-4.653320312500000000e-01 -3.303528842068512006e+01
-4.650878906250000000e-01 -3.315354395571279156e+01
-4.648437500000000000e-01 -3.327379815443707400e+01
-4.645996093750000000e-01 -3.339610308148203899e+01
-4.643554687500000000e-01 -3.352051313001791755e+01
-4.641113281250000000e-01 -3.364708516176126807e+01
-4.638671875000000000e-01 -3.377587865769044839e+01
-4.636230468750000000e-01 -3.390695588047685050e+01
-4.633789062500000000e-01 -3.404038204973916493e+01
-4.631347656250000000e-01 -3.417622553135760199e+01
-4.628906250000000000e-01 -3.431455804222139960e+01
-4.626464843750000000e-01 -3.445545487194572587e+01
-4.624023437500000000e-01 -3.459899512327289273e+01
-4.621582031250000000e-01 -3.474526197308018993e+01
-4.619140625000000000e-01 -3.489434295615058801e+01
-4.616699218750000000e-01 -3.504633027413074586e+01
-4.614257812500000000e-01 -3.520132113240700988e+01
-4.611816406250000000e-01 -3.535941810798347973e+01
-4.609375000000000000e-01 -3.552072955184793557e+01
-4.606933593750000000e-01 -3.568537002978241901e+01
-4.604492187500000000e-01 -3.585346080610818831e+01
-4.602050781250000000e-01 -3.602513037548742147e+01
-4.599609375000000000e-01 -3.620051504862347258e+01
-4.597167968750000000e-01 -3.637975959855141639e+01
-4.594726562500000000e-01 -3.656301797520044516e+01
-4.592285156250000000e-01 -3.675045409706885380e+01
-4.589843750000000000e-01 -3.694224273021835359e+01
-4.587402343750000000e-01 -3.713857046640508486e+01
-4.584960937500000000e-01 -3.733963681407770707e+01
-4.582519531250000000e-01 -3.754565541823690467e+01
-4.580078125000000000e-01 -3.775685542786695237e+01
-4.577636718750000000e-01 -3.797348303289250282e+01
-4.575195312500000000e-01 -3.819580319652408917e+01
-4.572753906250000000e-01 -3.842410161357838660e+01
-4.570312500000000000e-01 -3.865868693109582210e+01
-4.567871093750000000e-01 -3.889989327457691815e+01
-4.565429687500000000e-01 -3.914808313174460608e+01
-4.562988281250000000e-01 -3.940365065632209252e+01
-4.560546875000000000e-01 -3.966702546744873814e+01
-4.558105468750000000e-01 -3.993867703672287206e+01
-4.555664062500000000e-01 -4.021911977542963967e+01
-4.553222656250000000e-01 -4.050891896048624830e+01
-4.550781250000000000e-01 -4.080869767071411758e+01
-4.548339843750000000e-01 -4.111914494745931137e+01
-4.545898437500000000e-01 -4.144102544842090907e+01
-4.543457031250000000e-01 -4.177519093505112124e+01
-4.541015625000000000e-01 -4.212259402798969177e+01
-4.538574218750000000e-01 -4.248430479005499194e+01
-4.536132812500000000e-01 -4.286153086428478076e+01
-4.533691406250000000e-01 -4.325564212271228115e+01
-4.531250000000000000e-01 -4.366820109540477546e+01
-4.528808593750000000e-01 -4.410100088676077235e+01
-4.526367187500000000e-01 -4.455611290474708142e+01
-4.523925781250000000e-01 -4.503594761780245648e+01
-4.521484375000000000e-01 -4.554333285412206322e+01
-4.519042968750000000e-01 -4.608161609585046392e+01
-4.516601562500000000e-01 -4.665480017156055226e+01
-4.514160156250000000e-01 -4.726772635196547867e+01
-4.511718750000000000e-01 -4.792632622353836069e+01
-4.509277343750000000e-01 -4.863797587951979295e+01
-4.506835937500000000e-01 -4.941200675056757063e+01
-4.504394531250000000e-01 -5.026046433980514649e+01
-4.501953125000000000e-01 -5.119927490132276660e+01
-4.499511718750000000e-01 -5.225011532951405258e+01
-4.497070312500000000e-01 -5.344356549611522667e+01
-4.494628906250000000e-01 -5.482476881045288053e+01
-4.492187500000000000e-01 -5.646445734677322292e+01
-4.489746093750000000e-01 -5.848290220621079527e+01
-4.487304687500000000e-01 -6.111071779386496416e+01
-4.484863281250000000e-01 -6.488632474574183107e+01
-4.482421875000000000e-01 -7.169291922484877944e+01
-4.479980468750000000e-01 -8.627120622260542859e+01
-4.477539062500000000e-01 -6.895526461742457514e+01
-4.475097656250000000e-01 -6.355727554001572344e+01
-4.472656250000000000e-01 -6.026033825973053126e+01
-4.470214843750000000e-01 -5.788172706736052930e+01
-4.467773437500000000e-01 -5.602099552259645776e+01
-4.465332031250000000e-01 -5.449333733482812647e+01
-4.462890625000000000e-01 -5.319808016471218082e+01
-4.460449218750000000e-01 -5.207428280403699716e+01
-4.458007812500000000e-01 -5.108223862757461120e+01
-4.455566406250000000e-01 -5.019462902896954404e+01
-4.453125000000000000e-01 -4.939185228052507881e+01
-4.450683593750000000e-01 -4.865936562691521772e+01
-4.448242187500000000e-01 -4.798608152193334320e+01
-4.445800781250000000e-01 -4.736335297773973707e+01
-4.443359375000000000e-01 -4.678430602640495550e+01
-4.440917968750000000e-01 -4.624338587742809636e+01
-4.438476562500000000e-01 -4.573603959648356465e+01
-4.436035156250000000e-01 -4.525848880899560100e+01
-4.433593750000000000e-01 -4.480756341894891648e+01
-4.431152343750000000e-01 -4.438057768574044104e+01
-4.428710937500000000e-01 -4.397523633617188921e+01
-4.426269531250000000e-01 -4.358956237847099402e+01
-4.423828125000000000e-01 -4.322184086374988254e+01
-4.421386718750000000e-01 -4.287057454544581958e+01
-4.418945312500000000e-01 -4.253444853836622741e+01
-4.416503906250000000e-01 -4.221230187065550865e+01
-4.414062500000000000e-01 -4.190310437579682201e+01
-4.411621093750000000e-01 -4.160593776518297915e+01
-4.409179687500000000e-01 -4.131998000527809012e+01
-4.406738281250000000e-01 -4.104449233032141819e+01
-4.404296875000000000e-01 -4.077880837441206552e+01
-4.401855468750000000e-01 -4.052232502103362322e+01
-4.399414062500000000e-01 -4.027449465429057796e+01
-4.396972656250000000e-01 -4.003481856183520193e+01
-4.394531250000000000e-01 -3.980284128999765159e+01
-4.392089843750000000e-01 -3.957814579081239970e+01
-4.389648437500000000e-01 -3.936034923126492657e+01
-4.387207031250000000e-01 -3.914909935919967410e+01
-4.384765625000000000e-01 -3.894407133945312438e+01
-4.382324218750000000e-01 -3.874496498904294839e+01
-4.379882812500000000e-01 -3.855150235249814727e+01
-4.377441406250000000e-01 -3.836342556832379103e+01
-4.375000000000000000e-01 -3.818049498563586042e+01
-4.372558593750000000e-01 -3.800248749657353642e+01
-4.370117187500000000e-01 -3.782919505549061512e+01
-4.367675781250000000e-01 -3.766042336037221361e+01
-4.365234375000000000e-01 -3.749599067560988175e+01
-4.362792968750000000e-01 -3.733572677833572584e+01
-4.360351562500000000e-01 -3.717947201307291749e+01
-4.357910156250000000e-01 -3.702707644161419864e+01
-4.355468750000000000e-01 -3.687839907684702467e+01
-4.353027343750000000e-01 -3.673330719077143414e+01
-4.350585937500000000e-01 -3.659167568825755268e+01
-4.348144531250000000e-01 -3.645338653918973648e+01
-4.345703125000000000e-01 -3.631832826258591496e+01
-4.343261718750000000e-01 -3.618639545709147853e+01
-4.340820312500000000e-01 -3.605748837293216980e+01
-4.338378906250000000e-01 -3.593151252101561965e+01
-4.335937500000000000e-01 -3.580837831537777305e+01
-4.333496093750000000e-01 -3.568800074562297198e+01
-4.331054687500000000e-01 -3.557029907638924726e+01
-4.328613281250000000e-01 -3.545519657121088386e+01
-4.326171875000000000e-01 -3.534262023843970013e+01
-4.323730468750000000e-01 -3.523250059714796834e+01
-4.321289062500000000e-01 -3.512477146115931248e+01
-4.318847656250000000e-01 -3.501936973954887833e+01
-4.316406250000000000e-01 -3.491623525213343271e+01
-4.313964843750000000e-01 -3.481531055862119217e+01
-4.311523437500000000e-01 -3.471654080022729971e+01
-4.309082031250000000e-01 -3.461987355268363586e+01
-4.306640625000000000e-01 -3.452525868967357070e+01
-4.304199218750000000e-01 -3.443264825582103583e+01
-4.301757812500000000e-01 -3.434199634844479476e+01
-4.299316406250000000e-01 -3.425325900736390849e+01
-4.296875000000000000e-01 -3.416639411210874044e+01
-4.294433593750000000e-01 -3.408136128594981074e+01
-4.291992187500000000e-01 -3.399812180621347579e+01
-4.289550781250000000e-01 -3.391663852039557980e+01
-4.287109375000000000e-01 -3.383687576763584559e+01
-4.284667968750000000e-01 -3.375879930514608418e+01
-4.282226562500000000e-01 -3.368237623922690460e+01
-4.279785156250000000e-01 -3.360757496053474114e+01
-4.277343750000000000e-01 -3.353436508329257038e+01
-4.274902343750000000e-01 -3.346271738816142260e+01
-4.272460937500000000e-01 -3.339260376851377288e+01
-4.270019531250000000e-01 -3.332399717987252075e+01
-4.267578125000000000e-01 -3.325687159229504886e+01
-4.265136718750000000e-01 -3.319120194550361447e+01
-4.262695312500000000e-01 -3.312696410657524382e+01
-4.260253906250000000e-01 -3.306413483002194198e+01
-4.257812500000000000e-01 -3.300269172010332142e+01
-4.255371093750000000e-01 -3.294261319522546216e+01
-4.252929687500000000e-01 -3.288387845429357981e+01
-4.250488281250000000e-01 -3.282646744489263568e+01
-4.248046875000000000e-01 -3.277036083318116511e+01
-4.245605468750000000e-01 -3.271553997539249536e+01
-4.243164062500000000e-01 -3.266198689084392726e+01
-4.240722656250000000e-01 -3.260968423636170854e+01
-4.238281250000000000e-01 -3.255861528203777766e+01
-4.235839843750000000e-01 -3.250876388823795082e+01
-4.233398437500000000e-01 -3.246011448378870057e+01
-4.230957031250000000e-01 -3.241265204527388022e+01
-4.228515625000000000e-01 -3.236636207737679882e+01
-4.226074218750000000e-01 -3.232123059420934652e+01
-4.223632812500000000e-01 -3.227724410157203749e+01
-4.221191406250000000e-01 -3.223438958009313637e+01
-4.218750000000000000e-01 -3.219265446919895624e+01
-4.216308593750000000e-01 -3.215202665186951947e+01
-4.213867187500000000e-01 -3.211249444013851218e+01
-4.211425781250000000e-01 -3.207404656129700982e+01
-4.208984375000000000e-01 -3.203667214476434566e+01
-4.206542968750000000e-01 -3.200036070959185963e+01
-4.204101562500000000e-01 -3.196510215256701670e+01
-4.201660156250000000e-01 -3.193088673688733081e+01
-4.199218750000000000e-01 -3.189770508137604210e+01
-4.196777343750000000e-01 -3.186554815021244025e+01
-4.194335937500000000e-01 -3.183440724315252623e+01
-4.191894531250000000e-01 -3.180427398621576174e+01
-4.189453125000000000e-01 -3.177514032281619194e+01
-4.187011718750000000e-01 -3.174699850531771617e+01
-4.184570312500000000e-01 -3.171984108699291482e+01
-4.182128906250000000e-01 -3.169366091436904398e+01
-4.179687500000000000e-01 -3.166845111994172512e+01
-4.177246093750000000e-01 -3.164420511524241419e+01
-4.174804687500000000e-01 -3.162091658424277085e+01
-4.172363281250000000e-01 -3.159857947708324488e+01
-4.169921875000000000e-01 -3.157718800411116433e+01
-4.167480468750000000e-01 -3.155673663021629949e+01
-4.165039062500000000e-01 -3.153722006945282175e+01
-4.162597656250000000e-01 -3.151863327993506658e+01
-4.160156250000000000e-01 -3.150097145899788842e+01
-4.157714843750000000e-01 -3.148423003861160652e+01
-4.155273437500000000e-01 -3.146840468104201349e+01
-4.152832031250000000e-01 -3.145349127474700168e+01
-4.150390625000000000e-01 -3.143948593050215123e+01
-4.147949218750000000e-01 -3.142638497774684936e+01
-4.145507812500000000e-01 -3.141418496114522441e+01
-4.143066406250000000e-01 -3.140288263735374485e+01
-4.140625000000000000e-01 -3.139247497199067283e+01
-4.138183593750000000e-01 -3.138295913680060067e+01
-4.135742187500000000e-01 -3.137433250700991039e+01
-4.133300781250000000e-01 -3.136659265886694214e+01
-4.130859375000000000e-01 -3.135973736736317719e+01
-4.128417968750000000e-01 -3.135376460413117172e+01
-4.125976562500000000e-01 -3.134867253551479394e+01
-4.123535156250000000e-01 -3.134445952080882591e+01
-4.121093750000000000e-01 -3.134112411066480774e+01
-4.118652343750000000e-01 -3.133866504565928324e+01
-4.116210937500000000e-01 -3.133708125502315056e+01
-4.113769531250000000e-01 -3.133637185552883153e+01
-4.111328125000000000e-01 -3.133653615053338726e+01
-4.108886718750000000e-01 -3.133757362917663514e+01
-4.106445312500000000e-01 -3.133948396573149608e+01
-4.104003906250000000e-01 -3.134226701910632684e+01
-4.101562500000000000e-01 -3.134592283249823197e+01
-4.099121093750000000e-01 -3.135045163319609429e+01
-4.096679687500000000e-01 -3.135585383253349079e+01
-4.094238281250000000e-01 -3.136213002599139799e+01
-4.091796875000000000e-01 -3.136928099345018239e+01
-4.089355468750000000e-01 -3.137730769959153321e+01
-4.086914062500000000e-01 -3.138621129445188984e+01
-4.084472656250000000e-01 -3.139599311412625582e+01
-4.082031250000000000e-01 -3.140665468162561424e+01
-4.079589843750000000e-01 -3.141819770788811184e+01
-4.077148437500000000e-01 -3.143062409294623549e+01
-4.074707031250000000e-01 -3.144393592725190345e+01
-4.072265625000000000e-01 -3.145813549316112301e+01
-4.069824218750000000e-01 -3.147322526658216191e+01
-4.067382812500000000e-01 -3.148920791878848036e+01
-4.064941406250000000e-01 -3.150608631840097473e+01
-4.062500000000000000e-01 -3.152386353354158643e+01
-4.060058593750000000e-01 -3.154254283416370797e+01
-4.057617187500000000e-01 -3.156212769456217160e+01
-4.055175781250000000e-01 -3.158262179606808218e+01
-4.052734375000000000e-01 -3.160402902993300955e+01
-4.050292968750000000e-01 -3.162635350040792659e+01
-4.047851562500000000e-01 -3.164959952802276888e+01
-4.045410156250000000e-01 -3.167377165307194176e+01
-4.042968750000000000e-01 -3.169887463931361538e+01
-4.040527343750000000e-01 -3.172491347788780303e+01
-4.038085937500000000e-01 -3.175189339146300682e+01
-4.035644531250000000e-01 -3.177981983861752013e+01
-4.033203125000000000e-01 -3.180869851846456342e+01
-4.030761718750000000e-01 -3.183853537553057578e+01
-4.028320312500000000e-01 -3.186933660489587083e+01
-4.025878906250000000e-01 -3.190110865760837555e+01
-4.023437500000000000e-01 -3.193385824638063752e+01
-4.020996093750000000e-01 -3.196759235158289414e+01
-4.018554687500000000e-01 -3.200231822754339106e+01
-4.016113281250000000e-01 -3.203804340917022841e+01
-4.013671875000000000e-01 -3.207477571890809998e+01
-4.011230468750000000e-01 -3.211252327404482543e+01
-4.008789062500000000e-01 -3.215129449438443032e+01
-4.006347656250000000e-01 -3.219109811030237012e+01
-4.003906250000000000e-01 -3.223194317120228902e+01
-4.001464843750000000e-01 -3.227383905439211986e+01
-3.999023437500000000e-01 -3.231679547440151623e+01
-3.996582031250000000e-01 -3.236082249276051215e+01
-3.994140625000000000e-01 -3.240593052826429243e+01
-3.991699218750000000e-01 -3.245213036774751458e+01
-3.989257812500000000e-01 -3.249943317739496962e+01
-3.986816406250000000e-01 -3.254785051461670520e+01
-3.984375000000000000e-01 -3.259739434051743956e+01
-3.981933593750000000e-01 -3.264807703299133124e+01
-3.979492187500000000e-01 -3.269991140047836353e+01
-3.977050781250000000e-01 -3.275291069641568953e+01
-3.974609375000000000e-01 -3.280708863442539780e+01
-3.972167968750000000e-01 -3.286245940427900791e+01
-3.969726562500000000e-01 -3.291903768868335334e+01
-3.967285156250000000e-01 -3.297683868093529469e+01
-3.964843750000000000e-01 -3.303587810349674214e+01
-3.962402343750000000e-01 -3.309617222754392429e+01
-3.959960937500000000e-01 -3.315773789354992118e+01
-3.957519531250000000e-01 -3.322059253296293946e+01
-3.955078125000000000e-01 -3.328475419104789523e+01
-3.952636718750000000e-01 -3.335024155096368048e+01
-3.950195312500000000e-01 -3.341707395915418033e+01
-3.947753906250000000e-01 -3.348527145213620315e+01
-3.945312500000000000e-01 -3.355485478477541506e+01
-3.942871093750000000e-01 -3.362584546014601727e+01
-3.940429687500000000e-01 -3.369826576108059157e+01
-3.937988281250000000e-01 -3.377213878352193888e+01
-3.935546875000000000e-01 -3.384748847179875497e+01
-3.933105468750000000e-01 -3.392433965595827061e+01
-3.930664062500000000e-01 -3.400271809129716161e+01
-3.928222656250000000e-01 -3.408265050024584752e+01
-3.925781250000000000e-01 -3.416416461677327732e+01
-3.923339843750000000e-01 -3.424728923349436371e+01
-3.920898437500000000e-01 -3.433205425167547276e+01
-3.918457031250000000e-01 -3.441849073435451345e+01
-3.916015625000000000e-01 -3.450663096280543840e+01
-3.913574218750000000e-01 -3.459650849660387451e+01
-3.911132812500000000e-01 -3.468815823756801819e+01
-3.908691406250000000e-01 -3.478161649787697485e+01
-3.906250000000000000e-01 -3.487692107269688080e+01
-3.903808593750000000e-01 -3.497411131767272963e+01
-3.901367187500000000e-01 -3.507322823168284742e+01
-3.898925781250000000e-01 -3.517431454528638568e+01
-3.896484375000000000e-01 -3.527741481533888646e+01
-3.894042968750000000e-01 -3.538257552629650604e+01
-3.891601562500000000e-01 -3.548984519878365518e+01
-3.889160156250000000e-01 -3.559927450605279375e+01
-3.886718750000000000e-01 -3.571091639903745829e+01
-3.884277343750000000e-01 -3.582482624076324385e+01
-3.881835937500000000e-01 -3.594106195097267431e+01
-3.879394531250000000e-01 -3.605968416190413706e+01
-3.876953125000000000e-01 -3.618075638627339430e+01
-3.874511718750000000e-01 -3.630434519861970699e+01
-3.872070312500000000e-01 -3.643052043131278595e+01
-3.869628906250000000e-01 -3.655935538666204820e+01
-3.867187500000000000e-01 -3.669092706674339865e+01
-3.864746093750000000e-01 -3.682531642274468453e+01
-3.862304687500000000e-01 -3.696260862585418039e+01
-3.859863281250000000e-01 -3.710289336196248655e+01
-3.857421875000000000e-01 -3.724626515273270400e+01
-3.854980468750000000e-01 -3.739282370592155758e+01
-3.852539062500000000e-01 -3.754267429820635726e+01
-3.850097656250000000e-01 -3.769592819420419261e+01
-3.847656250000000000e-01 -3.785270310586868447e+01
-3.845214843750000000e-01 -3.801312369702263538e+01
-3.842773437500000000e-01 -3.817732213845479095e+01
-3.840332031250000000e-01 -3.834543871978461738e+01
-3.837890625000000000e-01 -3.851762252520776286e+01
-3.835449218750000000e-01 -3.869403218129458111e+01
-3.833007812500000000e-01 -3.887483668626262556e+01
-3.830566406250000000e-01 -3.906021633161242335e+01
-3.828125000000000000e-01 -3.925036372875334933e+01
-3.825683593750000000e-01 -3.944548495530486321e+01
-3.823242187500000000e-01 -3.964580083821952883e+01
-3.820800781250000000e-01 -3.985154839379953273e+01
-3.818359375000000000e-01 -4.006298244821253007e+01
-3.815917968750000000e-01 -4.028037746635347105e+01
-3.813476562500000000e-01 -4.050402962204931612e+01
-3.811035156250000000e-01 -4.073425914886487931e+01
-3.808593750000000000e-01 -4.097141301842781047e+01
-3.806152343750000000e-01 -4.121586800260264027e+01
-3.803710937500000000e-01 -4.146803418748937986e+01
-3.801269531250000000e-01 -4.172835902168465338e+01
-3.798828125000000000e-01 -4.199733199935120354e+01
-3.796386718750000000e-01 -4.227549010143530239e+01
-3.793945312500000000e-01 -4.256342414725917678e+01
-3.791503906250000000e-01 -4.286178624562931816e+01
-3.789062500000000000e-01 -4.317129858208113546e+01
-3.786621093750000000e-01 -4.349276384052007671e+01
-3.784179687500000000e-01 -4.382707763819923485e+01
-3.781738281250000000e-01 -4.417524345961298593e+01
-3.779296875000000000e-01 -4.453839071726391552e+01
-3.776855468750000000e-01 -4.491779675943433858e+01
-3.774414062500000000e-01 -4.531491390758034044e+01
-3.771972656250000000e-01 -4.573140296906029079e+01
-3.769531250000000000e-01 -4.616917518024499145e+01
-3.767089843750000000e-01 -4.663044526034781256e+01
-3.764648437500000000e-01 -4.711779930644549097e+01
-3.762207031250000000e-01 -4.763428280849599616e+01
-3.759765625000000000e-01 -4.818351639250110452e+01
-3.757324218750000000e-01 -4.876985048349430940e+01
-3.754882812500000000e-01 -4.939857573261367918e+01
-3.752441406250000000e-01 -5.007621522339790943e+01
-3.750000000000000000e-01 -5.081093983457552810e+01
-3.747558593750000000e-01 -5.161317482916851418e+01
-3.745117187500000000e-01 -5.249651412758024094e+01
-3.742675781250000000e-01 -5.347915090956369255e+01
-3.740234375000000000e-01 -5.458621953499299906e+01
-3.737792968750000000e-01 -5.585384851584561261e+01
-3.735351562500000000e-01 -5.733668558887015365e+01
-3.732910156250000000e-01 -5.912321711551801684e+01
-3.730468750000000000e-01 -6.137116742452327856e+01
-3.728027343750000000e-01 -6.440620647989453573e+01
-3.725585937500000000e-01 -6.910047833216067659e+01
-3.723144531250000000e-01 -8.001621183392559544e+01
-3.720703125000000000e-01 -7.644393611568278857e+01
-3.718261718750000000e-01 -6.794903854422862821e+01
-3.715820312500000000e-01 -6.374543777760253249e+01
-3.713378906250000000e-01 -6.093084031941722145e+01
-3.710937500000000000e-01 -5.881348503667926764e+01
-3.708496093750000000e-01 -5.711675639567056351e+01
-3.706054687500000000e-01 -5.570178018409089304e+01
-3.703613281250000000e-01 -5.448886479255590842e+01
-3.701171875000000000e-01 -5.342801942442402918e+01
-3.698730468750000000e-01 -5.248581322266981886e+01
-3.696289062500000000e-01 -5.163878344068419324e+01
-3.693847656250000000e-01 -5.086982867782106155e+01
-3.691406250000000000e-01 -5.016609894202046860e+01
-3.688964843750000000e-01 -4.951769391028526002e+01
-3.686523437500000000e-01 -4.891682418863084791e+01
-3.684082031250000000e-01 -4.835725101457697406e+01
-3.681640625000000000e-01 -4.783390035163287735e+01
-3.679199218750000000e-01 -4.734259004047644481e+01
-3.676757812500000000e-01 -4.687983245150387290e+01
-3.674316406250000000e-01 -4.644268887742026664e+01
-3.671875000000000000e-01 -4.602866019579757761e+01
-3.669433593750000000e-01 -4.563560347274513163e+01
-3.666992187500000000e-01 -4.526166745556003690e+01
-3.664550781250000000e-01 -4.490524204227504157e+01
-3.662109375000000000e-01 -4.456491824460590578e+01
-3.659667968750000000e-01 -4.423945613344226757e+01
-3.657226562500000000e-01 -4.392775893015663513e+01
-3.654785156250000000e-01 -4.362885188191802399e+01
-3.652343750000000000e-01 -4.334186489873624026e+01
-3.649902343750000000e-01 -4.306601817609251981e+01
-3.647460937500000000e-01 -4.280061020764298974e+01
-3.645019531250000000e-01 -4.254500772662371588e+01
-3.642578125000000000e-01 -4.229863721526764664e+01
-3.640136718750000000e-01 -4.206097769786281759e+01
-3.637695312500000000e-01 -4.183155459150457034e+01
-3.635253906250000000e-01 -4.160993443367096489e+01
-3.632812500000000000e-01 -4.139572034084626750e+01
-3.630371093750000000e-01 -4.118854807993783851e+01
-3.627929687500000000e-01 -4.098808265596618128e+01
-3.625488281250000000e-01 -4.079401533679826741e+01
-3.623046875000000000e-01 -4.060606104953278361e+01
-3.620605468750000000e-01 -4.042395609428587733e+01
-3.618164062500000000e-01 -4.024745613015251422e+01
-3.615722656250000000e-01 -4.007633439546992093e+01
-3.613281250000000000e-01 -3.991038013051841205e+01
-3.610839843750000000e-01 -3.974939717575041698e+01
-3.608398437500000000e-01 -3.959320272272234575e+01
-3.605957031250000000e-01 -3.944162619830008509e+01
-3.603515625000000000e-01 -3.929450826554010945e+01
-3.601074218750000000e-01 -3.915169992701444102e+01
-3.598632812500000000e-01 -3.901306171833932979e+01
-3.596191406250000000e-01 -3.887846298134630274e+01
-3.593750000000000000e-01 -3.874778120775530255e+01
-3.591308593750000000e-01 -3.862090144541773640e+01
-3.588867187500000000e-01 -3.849771576022062902e+01
-3.586425781250000000e-01 -3.837812274763211917e+01
-3.583984375000000000e-01 -3.826202708861229951e+01
-3.581542968750000000e-01 -3.814933914526942260e+01
-3.579101562500000000e-01 -3.803997459219495880e+01
-3.576660156250000000e-01 -3.793385407990208336e+01
-3.574218750000000000e-01 -3.783090292720211067e+01
-3.571777343750000000e-01 -3.773105083972778573e+01
-3.569335937500000000e-01 -3.763423165212233812e+01
-3.566894531250000000e-01 -3.754038309169706622e+01
-3.564453125000000000e-01 -3.744944656159914587e+01
-3.562011718750000000e-01 -3.736136694174707173e+01
-3.559570312500000000e-01 -3.727609240597941209e+01
-3.557128906250000000e-01 -3.719357425402625950e+01
-3.554687500000000000e-01 -3.711376675706195272e+01
-3.552246093750000000e-01 -3.703662701572618232e+01
-3.549804687500000000e-01 -3.696211482961505368e+01
-3.547363281250000000e-01 -3.689019257734798174e+01
-3.544921875000000000e-01 -3.682082510640687190e+01
-3.542480468750000000e-01 -3.675397963202743057e+01
-3.540039062500000000e-01 -3.668962564449132913e+01
-3.537597656250000000e-01 -3.662773482424234572e+01
-3.535156250000000000e-01 -3.656828096429944708e+01
-3.532714843750000000e-01 -3.651123989950053073e+01
-3.530273437500000000e-01 -3.645658944215676200e+01
-3.527832031250000000e-01 -3.640430932374124495e+01
-3.525390625000000000e-01 -3.635438114227792994e+01
-3.522949218750000000e-01 -3.630678831513204585e+01
-3.520507812500000000e-01 -3.626151603693891445e+01
-3.518066406250000000e-01 -3.621855124243865021e+01
-3.515625000000000000e-01 -3.617788257401420537e+01
-3.513183593750000000e-01 -3.613950035375764003e+01
-3.510742187500000000e-01 -3.610339655991415952e+01
-3.508300781250000000e-01 -3.606956480758039163e+01
-3.505859375000000000e-01 -3.603800033355351218e+01
-3.503417968750000000e-01 -3.600869998525252669e+01
-3.500976562500000000e-01 -3.598166221365408290e+01
-3.498535156250000000e-01 -3.595688707020557473e+01
-3.496093750000000000e-01 -3.593437620769901741e+01
-3.493652343750000000e-01 -3.591413288511252944e+01
-3.491210937500000000e-01 -3.589616197644154028e+01
-3.488769531250000000e-01 -3.588046998356895045e+01
-3.486328125000000000e-01 -3.586706505324028171e+01
-3.483886718750000000e-01 -3.585595699823279858e+01
-3.481445312500000000e-01 -3.584715732283255818e+01
-3.479003906250000000e-01 -3.584067925275411426e+01
-3.476562500000000000e-01 -3.583653776966345106e+01
-3.474121093750000000e-01 -3.583474965049349947e+01
-3.471679687500000000e-01 -3.583533351176566129e+01
-3.469238281250000000e-01 -3.583830985916562639e+01
-3.466796875000000000e-01 -3.584370114265036023e+01
-3.464355468750000000e-01 -3.585153181740270156e+01
-3.461914062500000000e-01 -3.586182841098374752e+01
-3.459472656250000000e-01 -3.587461959708116410e+01
-3.457031250000000000e-01 -3.588993627629182726e+01
-3.454589843750000000e-01 -3.590781166443327521e+01
-3.452148437500000000e-01 -3.592828138893153778e+01
-3.449707031250000000e-01 -3.595138359389570581e+01
-3.447265625000000000e-01 -3.597715905456162488e+01
-3.444824218750000000e-01 -3.600565130185874096e+01
-3.442382812500000000e-01 -3.603690675794642573e+01
-3.439941406250000000e-01 -3.607097488365769777e+01
-3.437500000000000000e-01 -3.610790833889927853e+01
-3.435058593750000000e-01 -3.614776315717723776e+01
-3.432617187500000000e-01 -3.619059893555499485e+01
-3.430175781250000000e-01 -3.623647904150530508e+01
-3.427734375000000000e-01 -3.628547083829332820e+01
-3.425292968750000000e-01 -3.633764593072734073e+01
-3.422851562500000000e-01 -3.639308043333891618e+01
-3.420410156250000000e-01 -3.645185526331464843e+01
-3.417968750000000000e-01 -3.651405646079404477e+01
-3.415527343750000000e-01 -3.657977553949017846e+01
-3.413085937500000000e-01 -3.664910987097273676e+01
-3.410644531250000000e-01 -3.672216310640586556e+01
-3.408203125000000000e-01 -3.679904564004725387e+01
-3.405761718750000000e-01 -3.687987511941035024e+01
-3.403320312500000000e-01 -3.696477700769066388e+01
-3.400878906250000000e-01 -3.705388520486068415e+01
-3.398437500000000000e-01 -3.714734273478413940e+01
-3.395996093750000000e-01 -3.724530250680438570e+01
-3.393554687500000000e-01 -3.734792816156130613e+01
-3.391113281250000000e-01 -3.745539501232261870e+01
-3.388671875000000000e-01 -3.756789109492676459e+01
-3.386230468750000000e-01 -3.768561834159079638e+01
-3.383789062500000000e-01 -3.780879389639500232e+01
-3.381347656250000000e-01 -3.793765159333699444e+01
-3.378906250000000000e-01 -3.807244362152790984e+01
-3.376464843750000000e-01 -3.821344240656832625e+01
-3.374023437500000000e-01 -3.836094274253441228e+01
-3.371582031250000000e-01 -3.851526421559388069e+01
-3.369140625000000000e-01 -3.867675396832384394e+01
-3.366699218750000000e-01 -3.884578986373007581e+01
-3.364257812500000000e-01 -3.902278412024052301e+01
-3.361816406250000000e-01 -3.920818750424504628e+01
-3.359375000000000000e-01 -3.940249418590679653e+01
-3.356933593750000000e-01 -3.960624738813903889e+01
-3.354492187500000000e-01 -3.982004598932531536e+01
-3.352050781250000000e-01 -4.004455227963199349e+01
-3.349609375000000000e-01 -4.028050112139042938e+01
-3.347167968750000000e-01 -4.052871082988174578e+01
-3.344726562500000000e-01 -4.079009617726412529e+01
-3.342285156250000000e-01 -4.106568403686418378e+01
-3.339843750000000000e-01 -4.135663233831125751e+01
-3.337402343750000000e-01 -4.166425321144431848e+01
-3.334960937500000000e-01 -4.199004148114007506e+01
-3.332519531250000000e-01 -4.233571006970394990e+01
-3.330078125000000000e-01 -4.270323441883550686e+01
-3.327636718750000000e-01 -4.309490883720705767e+01
-3.325195312500000000e-01 -4.351341883437054747e+01
-3.322753906250000000e-01 -4.396193521239744229e+01
-3.320312500000000000e-01 -4.444423827407649696e+01
-3.317871093750000000e-01 -4.496488451079754611e+01
-3.315429687500000000e-01 -4.552943449203142734e+01
-3.312988281250000000e-01 -4.614477107329190630e+01
-3.310546875000000000e-01 -4.681955460326111762e+01
-3.308105468750000000e-01 -4.756489263428058223e+01
-3.305664062500000000e-01 -4.839535816992714246e+01
-3.303222656250000000e-01 -4.933059967309841909e+01
-3.300781250000000000e-01 -5.039801045628601628e+01
-3.298339843750000000e-01 -5.163742250485754681e+01
-3.295898437500000000e-01 -5.311000213522513036e+01
-3.293457031250000000e-01 -5.491686656003990663e+01
-3.291015625000000000e-01 -5.724383508451174407e+01
-3.288574218750000000e-01 -6.049425435821830632e+01
-3.286132812500000000e-01 -6.586381825801279888e+01
-3.283691406250000000e-01 -8.352068549985078505e+01
-3.281250000000000000e-01 -6.834434300027682241e+01
-3.278808593750000000e-01 -6.152638386722656350e+01
-3.276367187500000000e-01 -5.770792839013373055e+01
-3.273925781250000000e-01 -5.503042919966992486e+01
-3.271484375000000000e-01 -5.295976902850284063e+01
-3.269042968750000000e-01 -5.126669090901344106e+01
-3.266601562500000000e-01 -4.983148666465468324e+01
-3.264160156250000000e-01 -4.858369893606295875e+01
-3.261718750000000000e-01 -4.747833373239337362e+01
-3.259277343750000000e-01 -4.648489894573457804e+01
-3.256835937500000000e-01 -4.558177222745975854e+01
-3.254394531250000000e-01 -4.475306268494392015e+01
-3.251953125000000000e-01 -4.398674847114853748e+01
-3.249511718750000000e-01 -4.327351434395232133e+01
-3.247070312500000000e-01 -4.260599545599134075e+01
-3.244628906250000000e-01 -4.197826809262699044e+01
-3.242187500000000000e-01 -4.138549649064663782e+01
-3.239746093750000000e-01 -4.082368163465876165e+01
-3.237304687500000000e-01 -4.028947861788953588e+01
-3.234863281250000000e-01 -3.978006126800953268e+01
-3.232421875000000000e-01 -3.929302007945678810e+01
-3.229980468750000000e-01 -3.882628407829634654e+01
-3.227539062500000000e-01 -3.837806018620106130e+01
-3.225097656250000000e-01 -3.794678558154195258e+01
-3.222656250000000000e-01 -3.753108985147689225e+01
-3.220214843750000000e-01 -3.712976461529811445e+01
-3.217773437500000000e-01 -3.674173891622102417e+01
-3.215332031250000000e-01 -3.636605911505930777e+01
-3.212890625000000000e-01 -3.600187233225152994e+01
-3.210449218750000000e-01 -3.564841271232124598e+01
-3.208007812500000000e-01 -3.530498995241104865e+01
-3.205566406250000000e-01 -3.497097966130218083e+01
-3.203125000000000000e-01 -3.464581520921466762e+01
-3.200683593750000000e-01 -3.432898080003388941e+01
-3.198242187500000000e-01 -3.402000555232908141e+01
-3.195800781250000000e-01 -3.371845841785615505e+01
-3.193359375000000000e-01 -3.342394379924711956e+01
-3.190917968750000000e-01 -3.313609775451715223e+01
-3.188476562500000000e-01 -3.285458469654437863e+01
-3.186035156250000000e-01 -3.257909451202031192e+01
-3.183593750000000000e-01 -3.230934003747559302e+01
-3.181152343750000000e-01 -3.204505484054963915e+01
-3.178710937500000000e-01 -3.178599126324655089e+01
-3.176269531250000000e-01 -3.153191869090406030e+01
-3.173828125000000000e-01 -3.128262201633220485e+01
-3.171386718750000000e-01 -3.103790027329297629e+01
-3.168945312500000000e-01 -3.079756541739455855e+01
-3.166503906250000000e-01 -3.056144123571607807e+01
-3.164062500000000000e-01 -3.032936236918520478e+01
-3.161621093750000000e-01 -3.010117343399742396e+01
-3.159179687500000000e-01 -2.987672823027207514e+01
-3.156738281250000000e-01 -2.965588902775098035e+01
-3.154296875000000000e-01 -2.943852591970799182e+01
-3.151855468750000000e-01 -2.922451623739712545e+01
-3.149414062500000000e-01 -2.901374401835600025e+01
-3.146972656250000000e-01 -2.880609952272470764e+01
-3.144531250000000000e-01 -2.860147879246878233e+01
-3.142089843750000000e-01 -2.839978324901622031e+01
-3.139648437500000000e-01 -2.820091932535846269e+01
-3.137207031250000000e-01 -2.800479812913187061e+01
-3.134765625000000000e-01 -2.781133513359833032e+01
-3.132324218750000000e-01 -2.762044989379752025e+01
-3.129882812500000000e-01 -2.743206578544837626e+01
-3.127441406250000000e-01 -2.724610976444461130e+01
-3.125000000000000000e-01 -2.706251214502497504e+01
-3.122558593750000000e-01 -2.688120639490334085e+01
-3.120117187500000000e-01 -2.670212894582527241e+01
-3.117675781250000000e-01 -2.652521901817694072e+01
-3.115234375000000000e-01 -2.635041845841261932e+01
-3.112792968750000000e-01 -2.617767158819266271e+01
-3.110351562500000000e-01 -2.600692506423253292e+01
-3.107910156250000000e-01 -2.583812774796286149e+01
-3.105468750000000000e-01 -2.567123058418697568e+01
-3.103027343750000000e-01 -2.550618648799994759e+01
-3.100585937500000000e-01 -2.534295023930276258e+01
-3.098144531250000000e-01 -2.518147838430705221e+01
-3.095703125000000000e-01 -2.502172914348097876e+01
-3.093261718750000000e-01 -2.486366232543705479e+01
-3.090820312500000000e-01 -2.470723924630684820e+01
-3.088378906250000000e-01 -2.455242265418800329e+01
-3.085937500000000000e-01 -2.439917665828475890e+01
-3.083496093750000000e-01 -2.424746666239617809e+01
-3.081054687500000000e-01 -2.409725930243535075e+01
-3.078613281250000000e-01 -2.394852238768949704e+01
-3.076171875000000000e-01 -2.380122484555510098e+01
-3.073730468750000000e-01 -2.365533666950391378e+01
-3.071289062500000000e-01 -2.351082887005547661e+01
-3.068847656250000000e-01 -2.336767342854959395e+01
-3.066406250000000000e-01 -2.322584325352906731e+01
-3.063964843750000000e-01 -2.308531213955724937e+01
-3.061523437500000000e-01 -2.294605472830898663e+01
-3.059082031250000000e-01 -2.280804647178566569e+01
-3.056640625000000000e-01 -2.267126359751651776e+01
-3.054199218750000000e-01 -2.253568307561863904e+01
-3.051757812500000000e-01 -2.240128258759760271e+01
-3.049316406250000000e-01 -2.226804049677923913e+01
-3.046875000000000000e-01 -2.213593582027110074e+01
-3.044433593750000000e-01 -2.200494820235934768e+01
-3.041992187500000000e-01 -2.187505788925390959e+01
-3.039550781250000000e-01 -2.174624570510001220e+01
-3.037109375000000000e-01 -2.161849302918106019e+01
-3.034667968750000000e-01 -2.149178177424190750e+01
-3.032226562500000000e-01 -2.136609436586731903e+01
-3.029785156250000000e-01 -2.124141372285410867e+01
-3.027343750000000000e-01 -2.111772323852019895e+01
-3.024902343750000000e-01 -2.099500676289711620e+01
-3.022460937500000000e-01 -2.087324858575613007e+01
-3.020019531250000000e-01 -2.075243342042174177e+01
-3.017578125000000000e-01 -2.063254638832867016e+01
-3.015136718750000000e-01 -2.051357300428190200e+01
-3.012695312500000000e-01 -2.039549916238143368e+01
-3.010253906250000000e-01 -2.027831112257601731e+01
-3.007812500000000000e-01 -2.016199549781246958e+01
-3.005371093750000000e-01 -2.004653924174883883e+01
-3.002929687500000000e-01 -1.993192963700224851e+01
-3.000488281250000000e-01 -1.981815428390325451e+01
-2.998046875000000000e-01 -1.970520108973104101e+01
-2.995605468750000000e-01 -1.959305825840454318e+01
-2.993164062500000000e-01 -1.948171428060685528e+01
-2.990722656250000000e-01 -1.937115792432069128e+01
-2.988281250000000000e-01 -1.926137822575493885e+01
-2.985839843750000000e-01 -1.915236448064269226e+01
-2.983398437500000000e-01 -1.904410623589260609e+01
-2.980957031250000000e-01 -1.893659328157677280e+01
-2.978515625000000000e-01 -1.882981564323828039e+01
-2.976074218750000000e-01 -1.872376357450393769e+01
-2.973632812500000000e-01 -1.861842754998707861e+01
-2.971191406250000000e-01 -1.851379825846722582e+01
-2.968750000000000000e-01 -1.840986659633354350e+01
-2.966308593750000000e-01 -1.830662366127981855e+01
-2.963867187500000000e-01 -1.820406074623956272e+01
-2.961425781250000000e-01 -1.810216933355030733e+01
-2.958984375000000000e-01 -1.800094108933654269e+01
-2.956542968750000000e-01 -1.790036785810165654e+01
-2.954101562500000000e-01 -1.780044165751962026e+01
-2.951660156250000000e-01 -1.770115467341732796e+01
-2.949218750000000000e-01 -1.760249925493965506e+01
-2.946777343750000000e-01 -1.750446790988876344e+01
-2.944335937500000000e-01 -1.740705330023055097e+01
-2.941894531250000000e-01 -1.731024823776099097e+01
-2.939453125000000000e-01 -1.721404567992521706e+01
-2.937011718750000000e-01 -1.711843872578340964e+01
-2.934570312500000000e-01 -1.702342061211691870e+01
-2.932128906250000000e-01 -1.692898470966900604e+01
-2.929687500000000000e-01 -1.683512451951449407e+01
-2.927246093750000000e-01 -1.674183366955307406e+01
-2.924804687500000000e-01 -1.664910591112126070e+01
-2.922363281250000000e-01 -1.655693511571816501e+01
-2.919921875000000000e-01 -1.646531527184043853e+01
-2.917480468750000000e-01 -1.637424048192206527e+01
-2.915039062500000000e-01 -1.628370495937495122e+01
-2.912597656250000000e-01 -1.619370302572606946e+01
-2.910156250000000000e-01 -1.610422910784762962e+01
-2.907714843750000000e-01 -1.601527773527654119e+01
-2.905273437500000000e-01 -1.592684353761971749e+01
-2.902832031250000000e-01 -1.583892124204191454e+01
-2.900390625000000000e-01 -1.575150567083300501e+01
-2.897949218750000000e-01 -1.566459173905159474e+01
-2.895507812500000000e-01 -1.557817445224216790e+01
-2.893066406250000000e-01 -1.549224890422302536e+01
-2.890625000000000000e-01 -1.540681027494230548e+01
-2.888183593750000000e-01 -1.532185382839955423e+01
-2.885742187500000000e-01 -1.523737491063063842e+01
-2.883300781250000000e-01 -1.515336894775338195e+01
-2.880859375000000000e-01 -1.506983144407196917e+01
-2.878417968750000000e-01 -1.498675798023791117e+01
-2.875976562500000000e-01 -1.490414421146545543e+01
-2.873535156250000000e-01 -1.482198586579970545e+01
-2.871093750000000000e-01 -1.474027874243535940e+01
-2.868652343750000000e-01 -1.465901871008443891e+01
-2.866210937500000000e-01 -1.457820170539126181e+01
-2.863769531250000000e-01 -1.449782373139294833e+01
-2.861328125000000000e-01 -1.441788085602393821e+01
-2.858886718750000000e-01 -1.433836921066307823e+01
-2.856445312500000000e-01 -1.425928498872166372e+01
-2.854003906250000000e-01 -1.418062444427113888e+01
-2.851562500000000000e-01 -1.410238389070917542e+01
-2.849121093750000000e-01 -1.402455969946266912e+01
-2.846679687500000000e-01 -1.394714829872661355e+01
-2.844238281250000000e-01 -1.387014617223750790e+01
-2.841796875000000000e-01 -1.379354985808027223e+01
-2.839355468750000000e-01 -1.371735594752740894e+01
-2.836914062500000000e-01 -1.364156108390966793e+01
-2.834472656250000000e-01 -1.356616196151674991e+01
-2.832031250000000000e-01 -1.349115532452748667e+01
-2.829589843750000000e-01 -1.341653796596831860e+01
-2.827148437500000000e-01 -1.334230672669925788e+01
-2.824707031250000000e-01 -1.326845849442639746e+01
-2.822265625000000000e-01 -1.319499020274021817e+01
-2.819824218750000000e-01 -1.312189883017876468e+01
-2.817382812500000000e-01 -1.304918139931506005e+01
-2.814941406250000000e-01 -1.297683497586786316e+01
-2.812500000000000000e-01 -1.290485666783514063e+01
-2.810058593750000000e-01 -1.283324362464949253e+01
-2.807617187500000000e-01 -1.276199303635496207e+01
-2.805175781250000000e-01 -1.269110213280439226e+01
-2.802734375000000000e-01 -1.262056818287696203e+01
-2.800292968750000000e-01 -1.255038849371501719e+01
-2.797851562500000000e-01 -1.248056040997986393e+01
-2.795410156250000000e-01 -1.241108131312578422e+01
-2.792968750000000000e-01 -1.234194862069184317e+01
-2.790527343750000000e-01 -1.227315978561087562e+01
-2.788085937500000000e-01 -1.220471229553522896e+01
-2.785644531250000000e-01 -1.213660367217874914e+01
-2.783203125000000000e-01 -1.206883147067443751e+01
-2.780761718750000000e-01 -1.200139327894753016e+01
-2.778320312500000000e-01 -1.193428671710332800e+01
-2.775878906250000000e-01 -1.186750943682957882e+01
-2.773437500000000000e-01 -1.180105912081275399e+01
-2.770996093750000000e-01 -1.173493348216807064e+01
-2.768554687500000000e-01 -1.166913026388266417e+01
-2.766113281250000000e-01 -1.160364723827170153e+01
-2.763671875000000000e-01 -1.153848220644697520e+01
-2.761230468750000000e-01 -1.147363299779764390e+01
-2.758789062500000000e-01 -1.140909746948284287e+01
-2.756347656250000000e-01 -1.134487350593574462e+01
-2.753906250000000000e-01 -1.128095901837883730e+01
-2.751464843750000000e-01 -1.121735194435010463e+01
-2.749023437500000000e-01 -1.115405024723971117e+01
-2.746582031250000000e-01 -1.109105191583708638e+01
-2.744140625000000000e-01 -1.102835496388795455e+01
-2.741699218750000000e-01 -1.096595742966114173e+01
-2.739257812500000000e-01 -1.090385737552488976e+01
-2.736816406250000000e-01 -1.084205288753240026e+01
-2.734375000000000000e-01 -1.078054207501637229e+01
-2.731933593750000000e-01 -1.071932307019227970e+01
-2.729492187500000000e-01 -1.065839402777025668e+01
-2.727050781250000000e-01 -1.059775312457517593e+01
-2.724609375000000000e-01 -1.053739855917492463e+01
-2.722167968750000000e-01 -1.047732855151650355e+01
-2.719726562500000000e-01 -1.041754134256983200e+01
-2.717285156250000000e-01 -1.035803519397902406e+01
-2.714843750000000000e-01 -1.029880838772097817e+01
-2.712402343750000000e-01 -1.023985922577104546e+01
-2.709960937500000000e-01 -1.018118602977566844e+01
-2.707519531250000000e-01 -1.012278714073172736e+01
-2.705078125000000000e-01 -1.006466091867250867e+01
-2.702636718750000000e-01 -1.000680574236008802e+01
-2.700195312500000000e-01 -9.949220008983957086e+00
-2.697753906250000000e-01 -9.891902133865782432e+00
-2.695312500000000000e-01 -9.834850550170097350e+00
-2.692871093750000000e-01 -9.778063708620834404e+00
-2.690429687500000000e-01 -9.721540077223489007e+00
-2.687988281250000000e-01 -9.665278140992855427e+00
-2.685546875000000000e-01 -9.609276401686123847e+00
-2.683105468750000000e-01 -9.553533377541265637e+00
-2.680664062500000000e-01 -9.498047603020559393e+00
-2.678222656250000000e-01 -9.442817628559126319e+00
-2.675781250000000000e-01 -9.387842020318364789e+00
-2.673339843750000000e-01 -9.333119359944181070e+00
-2.670898437500000000e-01 -9.278648244329852801e+00
-2.668457031250000000e-01 -9.224427285383523412e+00
-2.666015625000000000e-01 -9.170455109800059290e+00
-2.663574218750000000e-01 -9.116730358837317638e+00
-2.661132812500000000e-01 -9.063251688096665148e+00
-2.658691406250000000e-01 -9.010017767307587633e+00
-2.656250000000000000e-01 -8.957027280116427903e+00
-2.653808593750000000e-01 -8.904278923879031638e+00
-2.651367187500000000e-01 -8.851771409457283468e+00
-2.648925781250000000e-01 -8.799503461019430262e+00
-2.646484375000000000e-01 -8.747473815844086786e+00
-2.644042968750000000e-01 -8.695681224127865150e+00
-2.641601562500000000e-01 -8.644124448796537408e+00
-2.639160156250000000e-01 -8.592802265319626542e+00
-2.636718750000000000e-01 -8.541713461528422258e+00
-2.634277343750000000e-01 -8.490856837437236848e+00
-2.631835937500000000e-01 -8.440231205067934894e+00
-2.629394531250000000e-01 -8.389835388277600003e+00
-2.626953125000000000e-01 -8.339668222589285307e+00
-2.624511718750000000e-01 -8.289728555025790868e+00
-2.622070312500000000e-01 -8.240015243946395174e+00
-2.619628906250000000e-01 -8.190527158886446557e+00
-2.617187500000000000e-01 -8.141263180399841204e+00
-2.614746093750000000e-01 -8.092222199904208324e+00
-2.612304687500000000e-01 -8.043403119528816703e+00
-2.609863281250000000e-01 -7.994804851965150227e+00
-2.607421875000000000e-01 -7.946426320320053804e+00
-2.604980468750000000e-01 -7.898266457971411469e+00
-2.602539062500000000e-01 -7.850324208426334494e+00
-2.600097656250000000e-01 -7.802598525181744016e+00
-2.597656250000000000e-01 -7.755088371587351759e+00
-2.595214843750000000e-01 -7.707792720710973100e+00
-2.592773437500000000e-01 -7.660710555206112993e+00
-2.590332031250000000e-01 -7.613840867181787431e+00
-2.587890625000000000e-01 -7.567182658074513846e+00
-2.585449218750000000e-01 -7.520734938522492641e+00
-2.583007812500000000e-01 -7.474496728241817323e+00
-2.580566406250000000e-01 -7.428467055904794059e+00
-2.578125000000000000e-01 -7.382644959020248976e+00
-2.575683593750000000e-01 -7.337029483815806330e+00
-2.573242187500000000e-01 -7.291619685122114447e+00
-2.570800781250000000e-01 -7.246414626258935954e+00
-2.568359375000000000e-01 -7.201413378923117392e+00
-2.565917968750000000e-01 -7.156615023078366278e+00
-2.563476562500000000e-01 -7.112018646846812508e+00
-2.561035156250000000e-01 -7.067623346402289286e+00
-2.558593750000000000e-01 -7.023428225865377073e+00
-2.556152343750000000e-01 -6.979432397200056926e+00
-2.553710937500000000e-01 -6.935634980112076242e+00
-2.551269531250000000e-01 -6.892035101948868814e+00
-2.548828125000000000e-01 -6.848631897601075380e+00
-2.546386718750000000e-01 -6.805424509405629152e+00
-2.543945312500000000e-01 -6.762412087050323706e+00
-2.541503906250000000e-01 -6.719593787479908542e+00
-2.539062500000000000e-01 -6.676968774803606621e+00
-2.536621093750000000e-01 -6.634536220204092061e+00
-2.534179687500000000e-01 -6.592295301847866718e+00
-2.531738281250000000e-01 -6.550245204796992127e+00
-2.529296875000000000e-01 -6.508385120922205225e+00
-2.526855468750000000e-01 -6.466714248817328148e+00
-2.524414062500000000e-01 -6.425231793715012074e+00
-2.521972656250000000e-01 -6.383936967403708529e+00
-2.519531250000000000e-01 -6.342828988145954305e+00
-2.517089843750000000e-01 -6.301907080597820787e+00
-2.514648437500000000e-01 -6.261170475729604057e+00
-2.512207031250000000e-01 -6.220618410747712268e+00
-2.509765625000000000e-01 -6.180250129017657912e+00
-2.507324218750000000e-01 -6.140064879988241131e+00
-2.504882812500000000e-01 -6.100061919116820164e+00
-2.502441406250000000e-01 -6.060240507795713327e+00
-2.500000000000000000e-01 -6.020599913279624182e+00
-2.497558593750000000e-01 -5.981139408614165376e+00
-2.495117187500000000e-01 -5.941858272565415433e+00
-2.492675781250000000e-01 -5.902755789550477417e+00
-2.490234375000000000e-01 -5.863831249569054549e+00
-2.487792968750000000e-01 -5.825083948135990397e+00
-2.485351562500000000e-01 -5.786513186214791382e+00
-2.482910156250000000e-01 -5.748118270152092535e+00
-2.480468750000000000e-01 -5.709898511613036298e+00
-2.478027343750000000e-01 -5.671853227517580365e+00
-2.475585937500000000e-01 -5.633981739977715897e+00
-2.473144531250000000e-01 -5.596283376235526852e+00
-2.470703125000000000e-01 -5.558757468602153473e+00
-2.468261718750000000e-01 -5.521403354397579122e+00
-2.465820312500000000e-01 -5.484220375891278643e+00
-2.463378906250000000e-01 -5.447207880243654543e+00
-2.460937500000000000e-01 -5.410365219448306284e+00
-2.458496093750000000e-01 -5.373691750275084722e+00
-2.456054687500000000e-01 -5.337186834213910380e+00
-2.453613281250000000e-01 -5.300849837419368882e+00
-2.451171875000000000e-01 -5.264680130656071988e+00
-2.448730468750000000e-01 -5.228677089244718523e+00
-2.446289062500000000e-01 -5.192840093008919133e+00
-2.443847656250000000e-01 -5.157168526222707605e+00
-2.441406250000000000e-01 -5.121661777558768058e+00
-2.438964843750000000e-01 -5.086319240037347811e+00
-2.436523437500000000e-01 -5.051140310975846148e+00
-2.434082031250000000e-01 -5.016124391939063010e+00
-2.431640625000000000e-01 -4.981270888690104925e+00
-2.429199218750000000e-01 -4.946579211141953536e+00
-2.426757812500000000e-01 -4.912048773309628302e+00
-2.424316406250000000e-01 -4.877678993263002916e+00
-2.421875000000000000e-01 -4.843469293080223004e+00
-2.419433593750000000e-01 -4.809419098801718029e+00
-2.416992187500000000e-01 -4.775527840384810041e+00
-2.414550781250000000e-01 -4.741794951658918400e+00
-2.412109375000000000e-01 -4.708219870281294739e+00
-2.409667968750000000e-01 -4.674802037693365442e+00
-2.407226562500000000e-01 -4.641540899077614135e+00
-2.404785156250000000e-01 -4.608435903314977544e+00
-2.402343750000000000e-01 -4.575486502942815115e+00
-2.399902343750000000e-01 -4.542692154113398217e+00
-2.397460937500000000e-01 -4.510052316552886964e+00
-2.395019531250000000e-01 -4.477566453520856804e+00
-2.392578125000000000e-01 -4.445234031770287864e+00
-2.390136718750000000e-01 -4.413054521508089856e+00
-2.387695312500000000e-01 -4.381027396356059533e+00
-2.385253906250000000e-01 -4.349152133312359503e+00
-2.382812500000000000e-01 -4.317428212713446456e+00
-2.380371093750000000e-01 -4.285855118196457703e+00
-2.377929687500000000e-01 -4.254432336662068437e+00
-2.375488281250000000e-01 -4.223159358237768224e+00
-2.373046875000000000e-01 -4.192035676241613551e+00
-2.370605468750000000e-01 -4.161060787146380946e+00
-2.368164062500000000e-01 -4.130234190544158857e+00
-2.365722656250000000e-01 -4.099555389111370296e+00
-2.363281250000000000e-01 -4.069023888574180070e+00
-2.360839843750000000e-01 -4.038639197674346093e+00
-2.358398437500000000e-01 -4.008400828135419758e+00
-2.355957031250000000e-01 -3.978308294629401054e+00
-2.353515625000000000e-01 -3.948361114743728084e+00
-2.351074218750000000e-01 -3.918558808948674255e+00
-2.348632812500000000e-01 -3.888900900565113616e+00
-2.346191406250000000e-01 -3.859386915732665013e+00
-2.343750000000000000e-01 -3.830016383378187061e+00
-2.341308593750000000e-01 -3.800788835184630621e+00
-2.338867187500000000e-01 -3.771703805560262523e+00
-2.336425781250000000e-01 -3.742760831608216598e+00
-2.333984375000000000e-01 -3.713959453096402630e+00
-2.331542968750000000e-01 -3.685299212427719961e+00
-2.329101562500000000e-01 -3.656779654610668562e+00
-2.326660156250000000e-01 -3.628400327230199451e+00
-2.324218750000000000e-01 -3.600160780418958595e+00
-2.321777343750000000e-01 -3.572060566828818118e+00
-2.319335937500000000e-01 -3.544099241602714390e+00
-2.316894531250000000e-01 -3.516276362346805850e+00
-2.314453125000000000e-01 -3.488591489102927934e+00
-2.312011718750000000e-01 -3.461044184321345085e+00
-2.309570312500000000e-01 -3.433634012833798987e+00
-2.307128906250000000e-01 -3.406360541826847665e+00
-2.304687500000000000e-01 -3.379223340815484367e+00
-2.302246093750000000e-01 -3.352221981617034441e+00
-2.299804687500000000e-01 -3.325356038325344432e+00
-2.297363281250000000e-01 -3.298625087285226520e+00
-2.294921875000000000e-01 -3.272028707067180520e+00
-2.292480468750000000e-01 -3.245566478442368119e+00
-2.290039062500000000e-01 -3.219237984357874449e+00
-2.287597656250000000e-01 -3.193042809912199687e+00
-2.285156250000000000e-01 -3.166980542331004678e+00
-2.282714843750000000e-01 -3.141050770943129677e+00
-2.280273437500000000e-01 -3.115253087156835132e+00
-2.277832031250000000e-01 -3.089587084436295150e+00
-2.275390625000000000e-01 -3.064052358278321453e+00
-2.272949218750000000e-01 -3.038648506189340903e+00
-2.270507812500000000e-01 -3.013375127662575537e+00
-2.268066406250000000e-01 -2.988231824155478389e+00
-2.265625000000000000e-01 -2.963218199067381597e+00
-2.263183593750000000e-01 -2.938333857717368325e+00
-2.260742187500000000e-01 -2.913578407322358732e+00
-2.258300781250000000e-01 -2.888951456975425547e+00
-2.255859375000000000e-01 -2.864452617624300146e+00
-2.253417968750000000e-01 -2.840081502050114004e+00
-2.250976562500000000e-01 -2.815837724846323997e+00
-2.248535156250000000e-01 -2.791720902397853976e+00
-2.246093750000000000e-01 -2.767730652860438401e+00
-2.243652343750000000e-01 -2.743866596140144942e+00
-2.241210937500000000e-01 -2.720128353873128901e+00
-2.238769531250000000e-01 -2.696515549405539502e+00
-2.236328125000000000e-01 -2.673027807773640685e+00
-2.233886718750000000e-01 -2.649664755684113082e+00
-2.231445312500000000e-01 -2.626426021494543850e+00
-2.229003906250000000e-01 -2.603311235194084361e+00
-2.226562500000000000e-01 -2.580320028384310405e+00
-2.224121093750000000e-01 -2.557452034260234708e+00
-2.221679687500000000e-01 -2.534706887591514857e+00
-2.219238281250000000e-01 -2.512084224703818425e+00
-2.216796875000000000e-01 -2.489583683460369734e+00
-2.214355468750000000e-01 -2.467204903243649383e+00
-2.211914062500000000e-01 -2.444947524937280736e+00
-2.209472656250000000e-01 -2.422811190908053192e+00
-2.207031250000000000e-01 -2.400795544988125307e+00
-2.204589843750000000e-01 -2.378900232457384245e+00
-2.202148437500000000e-01 -2.357124900025949987e+00
-2.199707031250000000e-01 -2.335469195816847421e+00
-2.197265625000000000e-01 -2.313932769348827190e+00
-2.194824218750000000e-01 -2.292515271519328657e+00
-2.192382812500000000e-01 -2.271216354587598296e+00
-2.189941406250000000e-01 -2.250035672157956856e+00
-2.187500000000000000e-01 -2.228972879163205079e+00
-2.185058593750000000e-01 -2.208027631848175520e+00
-2.182617187500000000e-01 -2.187199587753424268e+00
-2.180175781250000000e-01 -2.166488405699052766e+00
-2.177734375000000000e-01 -2.145893745768685079e+00
-2.175292968750000000e-01 -2.125415269293564169e+00
-2.172851562500000000e-01 -2.105052638836788059e+00
-2.170410156250000000e-01 -2.084805518177672123e+00
-2.167968750000000000e-01 -2.064673572296255699e+00
-2.165527343750000000e-01 -2.044656467357915286e+00
-2.163085937500000000e-01 -2.024753870698122959e+00
-2.160644531250000000e-01 -2.004965450807328686e+00
-2.158203125000000000e-01 -1.985290877315943892e+00
-2.155761718750000000e-01 -1.965729820979473574e+00
-2.153320312500000000e-01 -1.946281953663762998e+00
-2.150878906250000000e-01 -1.926946948330349407e+00
-2.148437500000000000e-01 -1.907724479021946085e+00
-2.145996093750000000e-01 -1.888614220848027214e+00
-2.143554687500000000e-01 -1.869615849970551746e+00
-2.141113281250000000e-01 -1.850729043589769862e+00
-2.138671875000000000e-01 -1.831953479930171547e+00
-2.136230468750000000e-01 -1.813288838226506883e+00
-2.133789062500000000e-01 -1.794734798709965107e+00
-2.131347656250000000e-01 -1.776291042594411174e+00
-2.128906250000000000e-01 -1.757957252062771536e+00
-2.126464843750000000e-01 -1.739733110253486981e+00
-2.124023437500000000e-01 -1.721618301247095362e+00
-2.121582031250000000e-01 -1.703612510052916029e+00
-2.119140625000000000e-01 -1.685715422595809310e+00
-2.116699218750000000e-01 -1.667926725703080537e+00
-2.114257812500000000e-01 -1.650246107091429604e+00
-2.111816406250000000e-01 -1.632673255354041952e+00
-2.109375000000000000e-01 -1.615207859947761726e+00
-2.106933593750000000e-01 -1.597849611180346185e+00
-2.104492187500000000e-01 -1.580598200197842473e+00
-2.102050781250000000e-01 -1.563453318972028772e+00
-2.099609375000000000e-01 -1.546414660287963594e+00
-2.097167968750000000e-01 -1.529481917731630780e+00
-2.094726562500000000e-01 -1.512654785677660652e+00
-2.092285156250000000e-01 -1.495932959277146201e+00
-2.089843750000000000e-01 -1.479316134445556097e+00
-2.087402343750000000e-01 -1.462804007850715182e+00
-2.084960937500000000e-01 -1.446396276900889566e+00
-2.082519531250000000e-01 -1.430092639732956084e+00
-2.080078125000000000e-01 -1.413892795200636154e+00
-2.077636718750000000e-01 -1.397796442862840216e+00
-2.075195312500000000e-01 -1.381803282972071445e+00
-2.072753906250000000e-01 -1.365913016462929175e+00
-2.070312500000000000e-01 -1.350125344940681371e+00
-2.067871093750000000e-01 -1.334439970669921705e+00
-2.065429687500000000e-01 -1.318856596563301675e+00
-2.062988281250000000e-01 -1.303374926170352888e+00
-2.060546875000000000e-01 -1.287994663666369943e+00
-2.058105468750000000e-01 -1.272715513841378376e+00
-2.055664062500000000e-01 -1.257537182089186967e+00
-2.053222656250000000e-01 -1.242459374396493343e+00
-2.050781250000000000e-01 -1.227481797332094837e+00
-2.048339843750000000e-01 -1.212604158036137747e+00
-2.045898437500000000e-01 -1.197826164209471855e+00
-2.043457031250000000e-01 -1.183147524103058235e+00
-2.041015625000000000e-01 -1.168567946507449218e+00
-2.038574218750000000e-01 -1.154087140742346973e+00
-2.036132812500000000e-01 -1.139704816646236685e+00
-2.033691406250000000e-01 -1.125420684566067919e+00
-2.031250000000000000e-01 -1.111234455347031247e+00
-2.028808593750000000e-01 -1.097145840322385268e+00
-2.026367187500000000e-01 -1.083154551303355584e+00
-2.023925781250000000e-01 -1.069260300569113475e+00
-2.021484375000000000e-01 -1.055462800856799221e+00
-2.019042968750000000e-01 -1.041761765351626678e+00
-2.016601562500000000e-01 -1.028156907677051812e+00
-2.014160156250000000e-01 -1.014647941885003180e+00
-2.011718750000000000e-01 -1.001234582446181909e+00
-2.009277343750000000e-01 -9.879165442404136410e-01
-2.006835937500000000e-01 -9.746935425470761860e-01
-2.004394531250000000e-01 -9.615652930355969019e-01
-2.001953125000000000e-01 -9.485315117559804943e-01
-1.999511718750000000e-01 -9.355919151294399549e-01
-1.997070312500000000e-01 -9.227462199390646935e-01
-1.994628906250000000e-01 -9.099941433205418484e-01
-1.992187500000000000e-01 -8.973354027529765187e-01
-1.989746093750000000e-01 -8.847697160497201008e-01
-1.987304687500000000e-01 -8.722968013493070938e-01
-1.984863281250000000e-01 -8.599163771064199935e-01
-1.982421875000000000e-01 -8.476281620829206886e-01
-1.979980468750000000e-01 -8.354318753389573526e-01
-1.977539062500000000e-01 -8.233272362240946496e-01
-1.975097656250000000e-01 -8.113139643685454150e-01
-1.972656250000000000e-01 -7.993917796744219872e-01
-1.970214843750000000e-01 -7.875604023070669202e-01
-1.967773437500000000e-01 -7.758195526864348768e-01
-1.965332031250000000e-01 -7.641689514785320325e-01
-1.962890625000000000e-01 -7.526083195869049947e-01
-1.960449218750000000e-01 -7.411373781442045505e-01
-1.958007812500000000e-01 -7.297558485037760612e-01
-1.955566406250000000e-01 -7.184634522313322336e-01
-1.953125000000000000e-01 -7.072599110966790725e-01
-1.950683593750000000e-01 -6.961449470654672567e-01
-1.948242187500000000e-01 -6.851182822910419912e-01
-1.945800781250000000e-01 -6.741796391063108462e-01
-1.943359375000000000e-01 -6.633287400156900881e-01
-1.940917968750000000e-01 -6.525653076870953084e-01
-1.938476562500000000e-01 -6.418890649439787932e-01
-1.936035156250000000e-01 -6.312997347574385021e-01
-1.933593750000000000e-01 -6.207970402383697905e-01
-1.931152343750000000e-01 -6.103807046296620964e-01
-1.928710937500000000e-01 -6.000504512984745631e-01
-1.926269531250000000e-01 -5.898060037285353108e-01
-1.923828125000000000e-01 -5.796470855125156474e-01
-1.921386718750000000e-01 -5.695734203444481336e-01
-1.918945312500000000e-01 -5.595847320121917212e-01
-1.916503906250000000e-01 -5.496807443899675016e-01
-1.914062500000000000e-01 -5.398611814309235424e-01
-1.911621093750000000e-01 -5.301257671597759957e-01
-1.909179687500000000e-01 -5.204742256654798505e-01
-1.906738281250000000e-01 -5.109062810939719590e-01
-1.904296875000000000e-01 -5.014216576409573634e-01
-1.901855468750000000e-01 -4.920200795447343678e-01
-1.899414062500000000e-01 -4.827012710791085404e-01
-1.896972656250000000e-01 -4.734649565463066589e-01
-1.894531250000000000e-01 -4.643108602700027898e-01
-1.892089843750000000e-01 -4.552387065883370387e-01
-1.889648437500000000e-01 -4.462482198470340000e-01
-1.887207031250000000e-01 -4.373391243925430771e-01
-1.884765625000000000e-01 -4.285111445652438622e-01
-1.882324218750000000e-01 -4.197640046927022528e-01
-1.879882812500000000e-01 -4.110974290829711442e-01
-1.877441406250000000e-01 -4.025111420179599553e-01
-1.875000000000000000e-01 -3.940048677468399596e-01
-1.872558593750000000e-01 -3.855783304794946909e-01
-1.870117187500000000e-01 -3.772312543800582785e-01
-1.867675781250000000e-01 -3.689633635604669393e-01
-1.865234375000000000e-01 -3.607743820740806351e-01
-1.862792968750000000e-01 -3.526640339093555787e-01
-1.860351562500000000e-01 -3.446320429835734167e-01
-1.857910156250000000e-01 -3.366781331366056063e-01
-1.855468750000000000e-01 -3.288020281247602816e-01
-1.853027343750000000e-01 -3.210034516146462735e-01
-1.850585937500000000e-01 -3.132821271771152327e-01
-1.848144531250000000e-01 -3.056377782812561006e-01
-1.845703125000000000e-01 -2.980701282884241077e-01
-1.843261718750000000e-01 -2.905789004463433800e-01
-1.840820312500000000e-01 -2.831638178832484587e-01
-1.838378906250000000e-01 -2.758246036020871594e-01
-1.835937500000000000e-01 -2.685609804747768892e-01
-1.833496093750000000e-01 -2.613726712365070926e-01
-1.831054687500000000e-01 -2.542593984801077567e-01
-1.828613281250000000e-01 -2.472208846504651558e-01
-1.826171875000000000e-01 -2.402568520389861406e-01
-1.823730468750000000e-01 -2.333670227781300399e-01
-1.821289062500000000e-01 -2.265511188359861927e-01
-1.818847656250000000e-01 -2.198088620109043823e-01
-1.816406250000000000e-01 -2.131399739261958803e-01
-1.813964843750000000e-01 -2.065441760248664937e-01
-1.811523437500000000e-01 -2.000211895644242177e-01
-1.809082031250000000e-01 -1.935707356117381539e-01
-1.806640625000000000e-01 -1.871925350379459729e-01
-1.804199218750000000e-01 -1.808863085134261584e-01
-1.801757812500000000e-01 -1.746517765028205438e-01
-1.799316406250000000e-01 -1.684886592601253230e-01
-1.796875000000000000e-01 -1.623966768238239711e-01
-1.794433593750000000e-01 -1.563755490120810054e-01
-1.791992187500000000e-01 -1.504249954180147120e-01
-1.789550781250000000e-01 -1.445447354049859134e-01
-1.787109375000000000e-01 -1.387344881019869358e-01
-1.784667968750000000e-01 -1.329939723990675449e-01
-1.782226562500000000e-01 -1.273229069428229721e-01
-1.779785156250000000e-01 -1.217210101319385479e-01
-1.777343750000000000e-01 -1.161880001128031553e-01
-1.774902343750000000e-01 -1.107235947751754879e-01
-1.772460937500000000e-01 -1.053275117479092193e-01
-1.770019531250000000e-01 -9.999946839474685434e-02
-1.767578125000000000e-01 -9.473918181015891782e-02
-1.765136718750000000e-01 -8.954636881527137937e-02
-1.762695312500000000e-01 -8.442074595382000057e-02
-1.760253906250000000e-01 -7.936202948819316705e-02
-1.757812500000000000e-01 -7.436993539553597710e-02
-1.755371093750000000e-01 -6.944417936389131463e-02
-1.752929687500000000e-01 -6.458447678844238260e-02
-1.750488281250000000e-01 -5.979054276778374144e-02
-1.748046875000000000e-01 -5.506209210027853546e-02
-1.745605468750000000e-01 -5.039883928046985651e-02
-1.743164062500000000e-01 -4.580049849556879632e-02
-1.740722656250000000e-01 -4.126678362198447220e-02
-1.738281250000000000e-01 -3.679740822194085131e-02
-1.735839843750000000e-01 -3.239208554016018149e-02
-1.733398437500000000e-01 -2.805052850058512015e-02
-1.730957031250000000e-01 -2.377244970321644446e-02
-1.728515625000000000e-01 -1.955756142095798483e-02
-1.726074218750000000e-01 -1.540557559658626598e-02
-1.723632812500000000e-01 -1.131620383975022112e-02
-1.721191406250000000e-01 -7.289157424053570138e-03
-1.718750000000000000e-01 -3.324147284206511142e-03
-1.716308593750000000e-01 5.791159867567519928e-04
-1.713867187500000000e-01 4.420922140179930904e-03
-1.711425781250000000e-01 8.201561274446177163e-03
-1.708984375000000000e-01 1.192132383751693878e-02
-1.706542968750000000e-01 1.558050062945770878e-02
-1.704101562500000000e-01 1.917938280483949195e-02
-1.701660156250000000e-01 2.271826187511293005e-02
-1.699218750000000000e-01 2.619742971088059175e-02
-1.696777343750000000e-01 2.961717854409108217e-02
-1.694335937500000000e-01 3.297780097020370366e-02
-1.691894531250000000e-01 3.627958995020880845e-02
-1.689453125000000000e-01 3.952283881264093135e-02
-1.687011718750000000e-01 4.270784125546796262e-02
-1.684570312500000000e-01 4.583489134794735409e-02
-1.682128906250000000e-01 4.890428353235166253e-02
-1.679687500000000000e-01 5.191631262567185379e-02
-1.677246093750000000e-01 5.487127382120641356e-02
-1.674804687500000000e-01 5.776946269009650137e-02
-1.672363281250000000e-01 6.061117518275571658e-02
-1.669921875000000000e-01 6.339670763024868316e-02
-1.667480468750000000e-01 6.612635674557122700e-02
-1.665039062500000000e-01 6.880041962485708429e-02
-1.662597656250000000e-01 7.141919374851032898e-02
-1.660156250000000000e-01 7.398297698224795549e-02
-1.657714843750000000e-01 7.649206757804996593e-02
-1.655273437500000000e-01 7.894676417505705479e-02
-1.652832031250000000e-01 8.134736580036297515e-02
-1.650390625000000000e-01 8.369417186972706590e-02
-1.647949218750000000e-01 8.598748218819562972e-02
-1.645507812500000000e-01 8.822759695067272645e-02
-1.643066406250000000e-01 9.041481674236093169e-02
-1.640625000000000000e-01 9.254944253913703622e-02
-1.638183593750000000e-01 9.463177570785741288e-02
-1.635742187500000000e-01 9.666211800654225805e-02
-1.633300781250000000e-01 9.864077158450160199e-02
-1.630859375000000000e-01 1.005680389823619542e-01
-1.628417968750000000e-01 1.024442231320089741e-01
-1.625976562500000000e-01 1.042696273564314019e-01
-1.623535156250000000e-01 1.060445553694818605e-01
-1.621093750000000000e-01 1.077693112755550436e-01
-1.618652343750000000e-01 1.094441995691700642e-01
-1.616210937500000000e-01 1.110695251344461787e-01
-1.613769531250000000e-01 1.126455932445179497e-01
-1.611328125000000000e-01 1.141727095608309345e-01
-1.608886718750000000e-01 1.156511801323605038e-01
-1.606445312500000000e-01 1.170813113947197087e-01
-1.604003906250000000e-01 1.184634101692098318e-01
-1.601562500000000000e-01 1.197977836617208913e-01
-1.599121093750000000e-01 1.210847394615983674e-01
-1.596679687500000000e-01 1.223245855403662652e-01
-1.594238281250000000e-01 1.235176302503773749e-01
-1.591796875000000000e-01 1.246641823233603091e-01
-1.589355468750000000e-01 1.257645508688830516e-01
-1.586914062500000000e-01 1.268190453726858735e-01
-1.584472656250000000e-01 1.278279756949576018e-01
-1.582031250000000000e-01 1.287916520684860289e-01
-1.579589843750000000e-01 1.297103850967126770e-01
-1.577148437500000000e-01 1.305844857516961777e-01
-1.574707031250000000e-01 1.314142653719715947e-01
-1.572265625000000000e-01 1.322000356603040272e-01
-1.569824218750000000e-01 1.329421086813497854e-01
-1.567382812500000000e-01 1.336407968592091822e-01
-1.564941406250000000e-01 1.342964129748782376e-01
-1.562500000000000000e-01 1.349092701636017966e-01
-1.560058593750000000e-01 1.354796819121229512e-01
-1.557617187500000000e-01 1.360079620558136138e-01
-1.555175781250000000e-01 1.364944247757343965e-01
-1.552734375000000000e-01 1.369393845955422795e-01
-1.550292968750000000e-01 1.373431563783549247e-01
-1.547851562500000000e-01 1.377060553234332740e-01
-1.545410156250000000e-01 1.380283969628386675e-01
-1.542968750000000000e-01 1.383104971579185161e-01
-1.540527343750000000e-01 1.385526720957198088e-01
-1.538085937500000000e-01 1.387552382852909605e-01
-1.535644531250000000e-01 1.389185125538610899e-01
-1.533203125000000000e-01 1.390428120429254844e-01
-1.530761718750000000e-01 1.391284542042265093e-01
-1.528320312500000000e-01 1.391757567956055930e-01
-1.525878906250000000e-01 1.391850378767645890e-01
-1.523437500000000000e-01 1.391566158049090673e-01
-1.520996093750000000e-01 1.390908092302805821e-01
-1.518554687500000000e-01 1.389879370915871326e-01
-1.516113281250000000e-01 1.388483186113142753e-01
-1.513671875000000000e-01 1.386722732909142497e-01
-1.511230468750000000e-01 1.384601209059243554e-01
-1.508789062500000000e-01 1.382121815009091925e-01
-1.506347656250000000e-01 1.379287753843637665e-01
-1.503906250000000000e-01 1.376102231234470619e-01
-1.501464843750000000e-01 1.372568455386184993e-01
-1.499023437500000000e-01 1.368689636981803848e-01
-1.496582031250000000e-01 1.364468989126937926e-01
-1.494140625000000000e-01 1.359909727292596682e-01
-1.491699218750000000e-01 1.355015069257260452e-01
-1.489257812500000000e-01 1.349788235047500173e-01
-1.486816406250000000e-01 1.344232446877663967e-01
-1.484375000000000000e-01 1.338350929088197583e-01
-1.481933593750000000e-01 1.332146908083025050e-01
-1.479492187500000000e-01 1.325623612265615370e-01
-1.477050781250000000e-01 1.318784271974159927e-01
-1.474609375000000000e-01 1.311632119415106490e-01
-1.472167968750000000e-01 1.304170388596085084e-01
-1.469726562500000000e-01 1.296402315257393356e-01
-1.467285156250000000e-01 1.288331136802278176e-01
-1.464843750000000000e-01 1.279960092226231083e-01
-1.462402343750000000e-01 1.271292422045038617e-01
-1.459960937500000000e-01 1.262331368221590588e-01
-1.457519531250000000e-01 1.253080174091690258e-01
-1.455078125000000000e-01 1.243542084288658256e-01
-1.452636718750000000e-01 1.233720344666589253e-01
-1.450195312500000000e-01 1.223618202222764573e-01
-1.447753906250000000e-01 1.213238905018675373e-01
-1.445312500000000000e-01 1.202585702099876752e-01
-1.442871093750000000e-01 1.191661843414869998e-01
-1.440429687500000000e-01 1.180470579732603997e-01
-1.437988281250000000e-01 1.169015162558967591e-01
-1.435546875000000000e-01 1.157298844052050690e-01
-1.433105468750000000e-01 1.145324876936282543e-01
-1.430664062500000000e-01 1.133096514415379563e-01
-1.428222656250000000e-01 1.120617010084166976e-01
-1.425781250000000000e-01 1.107889617839233204e-01
-1.423339843750000000e-01 1.094917591788381467e-01
-1.420898437500000000e-01 1.081704186159144904e-01
-1.418457031250000000e-01 1.068252655205740309e-01
-1.416015625000000000e-01 1.054566253115352820e-01
-1.413574218750000000e-01 1.040648233912883636e-01
-1.411132812500000000e-01 1.026501851364857720e-01
-1.408691406250000000e-01 1.012130358881992709e-01
-1.406250000000000000e-01 9.975370094206620353e-02
-1.403808593750000000e-01 9.827250553834070146e-02
-1.401367187500000000e-01 9.676977485179101557e-02
-1.398925781250000000e-01 9.524583398154598535e-02
-1.396484375000000000e-01 9.370100794076952067e-02
-1.394042968750000000e-01 9.213562164625203887e-02
-1.391601562500000000e-01 9.054999990790153774e-02
-1.389160156250000000e-01 8.894446741808934020e-02
-1.386718750000000000e-01 8.731934874092669996e-02
-1.384277343750000000e-01 8.567496830139331720e-02
-1.381835937500000000e-01 8.401165037438979022e-02
-1.379394531250000000e-01 8.232971907365263520e-02
-1.376953125000000000e-01 8.062949834058653897e-02
-1.374511718750000000e-01 7.891131193297173940e-02
-1.372070312500000000e-01 7.717548341356297859e-02
-1.369628906250000000e-01 7.542233613861243358e-02
-1.367187500000000000e-01 7.365219324623407948e-02
-1.364746093750000000e-01 7.186537764472175627e-02
-1.362304687500000000e-01 7.006221200070805732e-02
-1.359863281250000000e-01 6.824301872727281393e-02
-1.357421875000000000e-01 6.640811997190693150e-02
-1.354980468750000000e-01 6.455783760439104402e-02
-1.352539062500000000e-01 6.269249320457147279e-02
-1.350097656250000000e-01 6.081240805004647920e-02
-1.347656250000000000e-01 5.891790310374216133e-02
-1.345214843750000000e-01 5.700929900137544082e-02
-1.342773437500000000e-01 5.508691603885617488e-02
-1.340332031250000000e-01 5.315107415955348802e-02
-1.337890625000000000e-01 5.120209294150677992e-02
-1.335449218750000000e-01 4.924029158449147459e-02
-1.333007812500000000e-01 4.726598889705060924e-02
-1.330566406250000000e-01 4.527950328338693070e-02
-1.328125000000000000e-01 4.328115273017328624e-02
-1.325683593750000000e-01 4.127125479329457614e-02
-1.323242187500000000e-01 3.925012658447763619e-02
-1.320800781250000000e-01 3.721808475783969922e-02
-1.318359375000000000e-01 3.517544549635009260e-02
-1.315917968750000000e-01 3.312252449820909939e-02
-1.313476562500000000e-01 3.105963696313287711e-02
-1.311035156250000000e-01 2.898709757857353964e-02
-1.308593750000000000e-01 2.690522050583621719e-02
-1.306152343750000000e-01 2.481431936612442379e-02
-1.303710937500000000e-01 2.271470722651194180e-02
-1.301269531250000000e-01 2.060669658582083702e-02
-1.298828125000000000e-01 1.849059936043839086e-02
-1.296386718750000000e-01 1.636672687006035867e-02
-1.293945312500000000e-01 1.423538982333385008e-02
-1.291503906250000000e-01 1.209689830346017889e-02
-1.289062500000000000e-01 9.951561753713998593e-03
-1.286621093750000000e-01 7.799688962885067620e-03
-1.284179687500000000e-01 5.641588050656799400e-03
-1.281738281250000000e-01 3.477566452933822903e-03
-1.279296875000000000e-01 1.307930907071092400e-03
-1.276855468750000000e-01 -8.670125629176271293e-04
-1.274414062500000000e-01 -3.046958661257884605e-03
-1.271972656250000000e-01 -5.231602835329783770e-03
-1.269531250000000000e-01 -7.420641290674730335e-03
-1.267089843750000000e-01 -9.613771006045568682e-03
-1.264648437500000000e-01 -1.181068974850116131e-02
-1.262207031250000000e-01 -1.401109608858501845e-02
-1.259765625000000000e-01 -1.621468941551077944e-02
-1.257324218750000000e-01 -1.842116995244143240e-02
-1.254882812500000000e-01 -2.063023877178693163e-02
-1.252441406250000000e-01 -2.284159781055682126e-02
-1.250000000000000000e-01 -2.505494988576777854e-02
-1.247558593750000000e-01 -2.726999870986349106e-02
-1.245117187500000000e-01 -2.948644890621811981e-02
-1.242675781250000000e-01 -3.170400602463147727e-02
-1.240234375000000000e-01 -3.392237655690168857e-02
-1.237792968750000000e-01 -3.614126795239767931e-02
-1.235351562500000000e-01 -3.836038863369330143e-02
-1.232910156250000000e-01 -4.057944801220841197e-02
-1.230468750000000000e-01 -4.279815650389460352e-02
-1.228027343750000000e-01 -4.501622554493294598e-02
-1.225585937500000000e-01 -4.723336760747472163e-02
-1.223144531250000000e-01 -4.944929621538188269e-02
-1.220703125000000000e-01 -5.166372596000179396e-02
-1.218261718750000000e-01 -5.387637251596129329e-02
-1.215820312500000000e-01 -5.608695265696107823e-02
-1.213378906250000000e-01 -5.829518427160207406e-02
-1.210937500000000000e-01 -6.050078637920620200e-02
-1.208496093750000000e-01 -6.270347914566429259e-02
-1.206054687500000000e-01 -6.490298389926647815e-02
-1.203613281250000000e-01 -6.709902314656342182e-02
-1.201171875000000000e-01 -6.929132058820801354e-02
-1.198730468750000000e-01 -7.147960113480991695e-02
-1.196289062500000000e-01 -7.366359092277909026e-02
-1.193847656250000000e-01 -7.584301733017309588e-02
-1.191406250000000000e-01 -7.801760899252993542e-02
-1.188964843750000000e-01 -8.018709581868967151e-02
-1.186523437500000000e-01 -8.235120900661566101e-02
-1.184082031250000000e-01 -8.450968105918946205e-02
-1.181640625000000000e-01 -8.666224579998908772e-02
-1.179199218750000000e-01 -8.880863838906281893e-02
-1.176757812500000000e-01 -9.094859533865935763e-02
-1.174316406250000000e-01 -9.308185452894696121e-02
-1.171875000000000000e-01 -9.520815522371155193e-02
-1.169433593750000000e-01 -9.732723808600607374e-02
-1.166992187500000000e-01 -9.943884519379157794e-02
-1.164550781250000000e-01 -1.015427200555248377e-01
-1.162109375000000000e-01 -1.036386076257202887e-01
-1.159667968750000000e-01 -1.057262543204690181e-01
-1.157226562500000000e-01 -1.078054080329208519e-01
-1.154785156250000000e-01 -1.098758181487075880e-01
-1.152343750000000000e-01 -1.119372355613438286e-01
-1.149902343750000000e-01 -1.139894126875555386e-01
-1.147460937500000000e-01 -1.160321034825674003e-01
-1.145019531250000000e-01 -1.180650634553421507e-01
-1.142578125000000000e-01 -1.200880496837415518e-01
-1.140136718750000000e-01 -1.221008208296518599e-01
-1.137695312500000000e-01 -1.241031371540385897e-01
-1.135253906250000000e-01 -1.260947605319234499e-01
-1.132812500000000000e-01 -1.280754544673197715e-01
-1.130371093750000000e-01 -1.300449841080654756e-01
-1.127929687500000000e-01 -1.320031162606228603e-01
-1.125488281250000000e-01 -1.339496194047689603e-01
-1.123046875000000000e-01 -1.358842637082220972e-01
-1.120605468750000000e-01 -1.378068210411911021e-01
-1.118164062500000000e-01 -1.397170649908405504e-01
-1.115722656250000000e-01 -1.416147708756587964e-01
-1.113281250000000000e-01 -1.434997157597607265e-01
-1.110839843750000000e-01 -1.453716784670748274e-01
-1.108398437500000000e-01 -1.472304395954558420e-01
-1.105957031250000000e-01 -1.490757815306945067e-01
-1.103515625000000000e-01 -1.509074884604256761e-01
-1.101074218750000000e-01 -1.527253463879440776e-01
-1.098632812500000000e-01 -1.545291431459091813e-01
-1.096191406250000000e-01 -1.563186684099446278e-01
-1.093750000000000000e-01 -1.580937137121393166e-01
-1.091308593750000000e-01 -1.598540724544197655e-01
-1.088867187500000000e-01 -1.615995399218259354e-01
-1.086425781250000000e-01 -1.633299132956550770e-01
-1.083984375000000000e-01 -1.650449916665135131e-01
-1.081542968750000000e-01 -1.667445760472033578e-01
-1.079101562500000000e-01 -1.684284693855372939e-01
-1.076660156250000000e-01 -1.700964765769851783e-01
-1.074218750000000000e-01 -1.717484044772151219e-01
-1.071777343750000000e-01 -1.733840619144952355e-01
-1.069335937500000000e-01 -1.750032597019670899e-01
-1.066894531250000000e-01 -1.766058106497768454e-01
-1.064453125000000000e-01 -1.781915295770772345e-01
-1.062011718750000000e-01 -1.797602333238778050e-01
-1.059570312500000000e-01 -1.813117407627568567e-01
-1.057128906250000000e-01 -1.828458728104422337e-01
-1.054687500000000000e-01 -1.843624524392162567e-01
-1.052246093750000000e-01 -1.858613046881902320e-01
-1.049804687500000000e-01 -1.873422566744315509e-01
-1.047363281250000000e-01 -1.888051376039209528e-01
-1.044921875000000000e-01 -1.902497787823542730e-01
-1.042480468750000000e-01 -1.916760136258019442e-01
-1.040039062500000000e-01 -1.930836776711913616e-01
-1.037597656250000000e-01 -1.944726085866320398e-01
-1.035156250000000000e-01 -1.958426461815727104e-01
-1.032714843750000000e-01 -1.971936324167915255e-01
-1.030273437500000000e-01 -1.985254114142226411e-01
-1.027832031250000000e-01 -1.998378294666002253e-01
-1.025390625000000000e-01 -2.011307350469452304e-01
-1.022949218750000000e-01 -2.024039788178541854e-01
-1.020507812500000000e-01 -2.036574136406251734e-01
-1.018066406250000000e-01 -2.048908945842067564e-01
-1.015625000000000000e-01 -2.061042789339521675e-01
-1.013183593750000000e-01 -2.072974262002023060e-01
-1.010742187500000000e-01 -2.084701981266796067e-01
-1.008300781250000000e-01 -2.096224586986865090e-01
-1.005859375000000000e-01 -2.107540741511290949e-01
-1.003417968750000000e-01 -2.118649129763400807e-01
-1.000976562500000000e-01 -2.129548459317107401e-01
-9.985351562500000000e-02 -2.140237460471297037e-01
-9.960937500000000000e-02 -2.150714886322333541e-01
-9.936523437500000000e-02 -2.160979512834366179e-01
-9.912109375000000000e-02 -2.171030138907944773e-01
-9.887695312500000000e-02 -2.180865586446377735e-01
-9.863281250000000000e-02 -2.190484700420196607e-01
-9.838867187500000000e-02 -2.199886348929573909e-01
-9.814453125000000000e-02 -2.209069423264642673e-01
-9.790039062500000000e-02 -2.218032837963720971e-01
-9.765625000000000000e-02 -2.226775530869630204e-01
-9.741210937500000000e-02 -2.235296463183670257e-01
-9.716796875000000000e-02 -2.243594619517723654e-01
-9.692382812500000000e-02 -2.251669007944068490e-01
-9.667968750000000000e-02 -2.259518660043134675e-01
-9.643554687500000000e-02 -2.267142630949098570e-01
-9.619140625000000000e-02 -2.274539999393402068e-01
-9.594726562500000000e-02 -2.281709867745878861e-01
-9.570312500000000000e-02 -2.288651362054081040e-01
-9.545898437500000000e-02 -2.295363632079942540e-01
-9.521484375000000000e-02 -2.301845851334720638e-01
-9.497070312500000000e-02 -2.308097217111393651e-01
-9.472656250000000000e-02 -2.314116950515005267e-01
-9.448242187500000000e-02 -2.319904296490688245e-01
-9.423828125000000000e-02 -2.325458523849605053e-01
-9.399414062500000000e-02 -2.330778925292477377e-01
-9.375000000000000000e-02 -2.335864817430939877e-01
-9.350585937500000000e-02 -2.340715540806712625e-01
-9.326171875000000000e-02 -2.345330459908444021e-01
-9.301757812500000000e-02 -2.349708963186174504e-01
-9.277343750000000000e-02 -2.353850463063830445e-01
-9.252929687500000000e-02 -2.357754395949101800e-01
-9.228515625000000000e-02 -2.361420222241347455e-01
-9.204101562500000000e-02 -2.364847426336905145e-01
-9.179687500000000000e-02 -2.368035516632402693e-01
-9.155273437500000000e-02 -2.370984025525577632e-01
-9.130859375000000000e-02 -2.373692509413934393e-01
-9.106445312500000000e-02 -2.376160548691003127e-01
-9.082031250000000000e-02 -2.378387747740327018e-01
-9.057617187500000000e-02 -2.380373734927283824e-01
-9.033203125000000000e-02 -2.382118162588297838e-01
-9.008789062500000000e-02 -2.383620707018149765e-01
-8.984375000000000000e-02 -2.384881068454604014e-01
-8.959960937500000000e-02 -2.385898971061034546e-01
-8.935546875000000000e-02 -2.386674162906599339e-01
-8.911132812500000000e-02 -2.387206415944078675e-01
-8.886718750000000000e-02 -2.387495525985573741e-01
-8.862304687500000000e-02 -2.387541312675796057e-01
-8.837890625000000000e-02 -2.387343619463044297e-01
-8.813476562500000000e-02 -2.386902313568003975e-01
-8.789062500000000000e-02 -2.386217285950174571e-01
-8.764648437500000000e-02 -2.385288451272008226e-01
-8.740234375000000000e-02 -2.384115747860862666e-01
-8.715820312500000000e-02 -2.382699137668624068e-01
-8.691406250000000000e-02 -2.381038606228967902e-01
-8.666992187500000000e-02 -2.379134162612619730e-01
-8.642578125000000000e-02 -2.376985839380040821e-01
-8.618164062500000000e-02 -2.374593692532110945e-01
-8.593750000000000000e-02 -2.371957801458540738e-01
-8.569335937500000000e-02 -2.369078268883877958e-01
-8.544921875000000000e-02 -2.365955220811491455e-01
-8.520507812500000000e-02 -2.362588806465208968e-01
-8.496093750000000000e-02 -2.358979198228890461e-01
-8.471679687500000000e-02 -2.355126591583644458e-01
-8.447265625000000000e-02 -2.351031205042910521e-01
-8.422851562500000000e-02 -2.346693280085389577e-01
-8.398437500000000000e-02 -2.342113081085888671e-01
-8.374023437500000000e-02 -2.337290895243804567e-01
-8.349609375000000000e-02 -2.332227032509641140e-01
-8.325195312500000000e-02 -2.326921825509282171e-01
-8.300781250000000000e-02 -2.321375629466240487e-01
-8.276367187500000000e-02 -2.315588822121780188e-01
-8.251953125000000000e-02 -2.309561803652833145e-01
-8.227539062500000000e-02 -2.303294996587942622e-01
-8.203125000000000000e-02 -2.296788845721155214e-01
-8.178710937500000000e-02 -2.290043818023755895e-01
-8.154296875000000000e-02 -2.283060402554119850e-01
-8.129882812500000000e-02 -2.275839110365283080e-01
-8.105468750000000000e-02 -2.268380474410850167e-01
-8.081054687500000000e-02 -2.260685049448581951e-01
-8.056640625000000000e-02 -2.252753411942279849e-01
-8.032226562500000000e-02 -2.244586159961363125e-01
-8.007812500000000000e-02 -2.236183913078979568e-01
-7.983398437500000000e-02 -2.227547312267657842e-01
-7.958984375000000000e-02 -2.218677019793522942e-01
-7.934570312500000000e-02 -2.209573719108331724e-01
-7.910156250000000000e-02 -2.200238114739666295e-01
-7.885742187500000000e-02 -2.190670932179322461e-01
-7.861328125000000000e-02 -2.180872917769922648e-01
-7.836914062500000000e-02 -2.170844838589532366e-01
-7.812500000000000000e-02 -2.160587482334662413e-01
-7.788085937500000000e-02 -2.150101657201333727e-01
-7.763671875000000000e-02 -2.139388191764513558e-01
-7.739257812500000000e-02 -2.128447934855661194e-01
-7.714843750000000000e-02 -2.117281755438722435e-01
-7.690429687500000000e-02 -2.105890542484308847e-01
-7.666015625000000000e-02 -2.094275204842169225e-01
-7.641601562500000000e-02 -2.082436671112161408e-01
-7.617187500000000000e-02 -2.070375889513311751e-01
-7.592773437500000000e-02 -2.058093827751609761e-01
-7.568359375000000000e-02 -2.045591472885877338e-01
-7.543945312500000000e-02 -2.032869831192262999e-01
-7.519531250000000000e-02 -2.019929928027111021e-01
-7.495117187500000000e-02 -2.006772807688353977e-01
-7.470703125000000000e-02 -1.993399533275297397e-01
-7.446289062500000000e-02 -1.979811186547001112e-01
-7.421875000000000000e-02 -1.966008867779217018e-01
-7.397460937500000000e-02 -1.951993695619776426e-01
-7.373046875000000000e-02 -1.937766806942694819e-01
-7.348632812500000000e-02 -1.923329356700786696e-01
-7.324218750000000000e-02 -1.908682517776969512e-01
-7.299804687500000000e-02 -1.893827480834234800e-01
-7.275390625000000000e-02 -1.878765454164136040e-01
-7.250976562500000000e-02 -1.863497663534266768e-01
-7.226562500000000000e-02 -1.848025352034140811e-01
-7.202148437500000000e-02 -1.832349779920164068e-01
-7.177734375000000000e-02 -1.816472224459002305e-01
-7.153320312500000000e-02 -1.800393979770210651e-01
-7.128906250000000000e-02 -1.784116356667098668e-01
-7.104492187500000000e-02 -1.767640682497047255e-01
-7.080078125000000000e-02 -1.750968300980318137e-01
-7.055664062500000000e-02 -1.734100572047780620e-01
-7.031250000000000000e-02 -1.717038871677778467e-01
-7.006835937500000000e-02 -1.699784591731814398e-01
-6.982421875000000000e-02 -1.682339139789034710e-01
-6.958007812500000000e-02 -1.664703938980081621e-01
-6.933593750000000000e-02 -1.646880427819649440e-01
-6.909179687500000000e-02 -1.628870060038195566e-01
-6.884765625000000000e-02 -1.610674304412881286e-01
-6.860351562500000000e-02 -1.592294644597219977e-01
-6.835937500000000000e-02 -1.573732578950372551e-01
-6.811523437500000000e-02 -1.554989620365057057e-01
-6.787109375000000000e-02 -1.536067296095046941e-01
-6.762695312500000000e-02 -1.516967147581684827e-01
-6.738281250000000000e-02 -1.497690730279605253e-01
-6.713867187500000000e-02 -1.478239613481758252e-01
-6.689453125000000000e-02 -1.458615380143700180e-01
-6.665039062500000000e-02 -1.438819626707193433e-01
-6.640625000000000000e-02 -1.418853962923080636e-01
-6.616210937500000000e-02 -1.398720011673578734e-01
-6.591796875000000000e-02 -1.378419408793916112e-01
-6.567382812500000000e-02 -1.357953802893309969e-01
-6.542968750000000000e-02 -1.337324855175560101e-01
-6.518554687500000000e-02 -1.316534239258749794e-01
-6.494140625000000000e-02 -1.295583640994854013e-01
-6.469726562500000000e-02 -1.274474758288462739e-01
-6.445312500000000000e-02 -1.253209300915268942e-01
-6.420898437500000000e-02 -1.231788990339986178e-01
-6.396484375000000000e-02 -1.210215559533836388e-01
-6.372070312500000000e-02 -1.188490752791879906e-01
-6.347656250000000000e-02 -1.166616325549487132e-01
-6.323242187500000000e-02 -1.144594044198916777e-01
-6.298828125000000000e-02 -1.122425685905268922e-01
-6.274414062500000000e-02 -1.100113038422382977e-01
-6.250000000000000000e-02 -1.077657899908126549e-01
-6.225585937500000000e-02 -1.055062078739805453e-01
-6.201171875000000000e-02 -1.032327393328964921e-01
-6.176757812500000000e-02 -1.009455671936309862e-01
-6.152343750000000000e-02 -9.864487524861523249e-02
-6.127929687500000000e-02 -9.633084823809671959e-02
-6.103515625000000000e-02 -9.400367183155587669e-02
-6.079101562500000000e-02 -9.166353260911883072e-02
-6.054687500000000000e-02 -8.931061804297599216e-02
-6.030273437500000000e-02 -8.694511647876977667e-02
-6.005859375000000000e-02 -8.456721711699188848e-02
-5.981445312500000000e-02 -8.217710999436697583e-02
-5.957031250000000000e-02 -7.977498596525202379e-02
-5.932617187500000000e-02 -7.736103668301982927e-02
-5.908203125000000000e-02 -7.493545458145003946e-02
-5.883789062500000000e-02 -7.249843285614236688e-02
-5.859375000000000000e-02 -7.005016544590200733e-02
-5.834960937500000000e-02 -6.759084701418148489e-02
-5.810546875000000000e-02 -6.512067293048919014e-02
-5.786132812500000000e-02 -6.263983925184690715e-02
-5.761718750000000000e-02 -6.014854270424418309e-02
-5.737304687500000000e-02 -5.764698066411196031e-02
-5.712890625000000000e-02 -5.513535113982701713e-02
-5.688476562500000000e-02 -5.261385275322601196e-02
-5.664062500000000000e-02 -5.008268472115245257e-02
-5.639648437500000000e-02 -4.754204683703062984e-02
-5.615234375000000000e-02 -4.499213945244615043e-02
-5.590820312500000000e-02 -4.243316345880002172e-02
-5.566406250000000000e-02 -3.986532026894581970e-02
-5.541992187500000000e-02 -3.728881179888562936e-02
-5.517578125000000000e-02 -3.470384044951187186e-02
-5.493164062500000000e-02 -3.211060908835529359e-02
-5.468750000000000000e-02 -2.950932103139681031e-02
-5.444335937500000000e-02 -2.690018002491129795e-02
-5.419921875000000000e-02 -2.428339022735837016e-02
-5.395507812500000000e-02 -2.165915619130064085e-02
-5.371093750000000000e-02 -1.902768284539945939e-02
-5.346679687500000000e-02 -1.638917547641913219e-02
-5.322265625000000000e-02 -1.374383971131855342e-02
-5.297851562500000000e-02 -1.109188149935842402e-02
-5.273437500000000000e-02 -8.433507094288332159e-03
-5.249023437500000000e-02 -5.768923036573703721e-03
-5.224609375000000000e-02 -3.098336135680568055e-03
-5.200195312500000000e-02 -4.219534524176099706e-04
-5.175781250000000000e-02 2.260017718666861714e-03
-5.151367187500000000e-02 4.947369866813312173e-03
-5.126953125000000000e-02 7.639895282549638046e-03
-5.102539062500000000e-02 1.033738607508544703e-02
-5.078125000000000000e-02 1.303963418967775054e-02
-5.053710937500000000e-02 1.574643142491758199e-02
-5.029296875000000000e-02 1.845756944994206977e-02
-5.004882812500000000e-02 2.117283982159284816e-02
-4.980468750000000000e-02 2.389203400149548032e-02
-4.956054687500000000e-02 2.661494337308470057e-02
-4.931640625000000000e-02 2.934135925851560911e-02
-4.907226562500000000e-02 3.207107293556638039e-02
-4.882812500000000000e-02 3.480387565440738740e-02
-4.858398437500000000e-02 3.753955865433072914e-02
-4.833984375000000000e-02 4.027791318038820290e-02
-4.809570312500000000e-02 4.301873049995681708e-02
-4.785156250000000000e-02 4.576180191922216839e-02
-4.760742187500000000e-02 4.850691879958928671e-02
-4.736328125000000000e-02 5.125387257400737528e-02
-4.711914062500000000e-02 5.400245476320861965e-02
-4.687500000000000000e-02 5.675245699187819737e-02
-4.663085937500000000e-02 5.950367100472113424e-02
-4.638671875000000000e-02 6.225588868246627328e-02
-4.614257812500000000e-02 6.500890205776921338e-02
-4.589843750000000000e-02 6.776250333102952494e-02
-4.565429687500000000e-02 7.051648488613405930e-02
-4.541015625000000000e-02 7.327063930609764575e-02
-4.516601562500000000e-02 7.602475938862063298e-02
-4.492187500000000000e-02 7.877863816156531473e-02
-4.467773437500000000e-02 8.153206889831711435e-02
-4.443359375000000000e-02 8.428484513308616422e-02
-4.418945312500000000e-02 8.703676067610195688e-02
-4.394531250000000000e-02 8.978760962870488416e-02
-4.370117187500000000e-02 9.253718639836019944e-02
-4.345703125000000000e-02 9.528528571359054511e-02
-4.321289062500000000e-02 9.803170263876681556e-02
-4.296875000000000000e-02 1.007762325888620081e-01
-4.272460937500000000e-02 1.035186713440644779e-01
-4.248046875000000000e-02 1.062588150643206386e-01
-4.223632812500000000e-02 1.089964603037815449e-01
-4.199218750000000000e-02 1.117314040251249224e-01
-4.174804687500000000e-02 1.144634436138124850e-01
-4.150390625000000000e-02 1.171923768922330245e-01
-4.125976562500000000e-02 1.199180021337495905e-01
-4.101562500000000000e-02 1.226401180766488602e-01
-4.077148437500000000e-02 1.253585239379897964e-01
-4.052734375000000000e-02 1.280730194273482780e-01
-4.028320312500000000e-02 1.307834047604772842e-01
-4.003906250000000000e-02 1.334894806728414707e-01
-3.979492187500000000e-02 1.361910484330820237e-01
-3.955078125000000000e-02 1.388879098563494674e-01
-3.930664062500000000e-02 1.415798673175699407e-01
-3.906250000000000000e-02 1.442667237645639255e-01
-3.881835937500000000e-02 1.469482827311073825e-01
-3.857421875000000000e-02 1.496243483498694293e-01
-3.833007812500000000e-02 1.522947253652521260e-01
-3.808593750000000000e-02 1.549592191461238444e-01
-3.784179687500000000e-02 1.576176356984596572e-01
-3.759765625000000000e-02 1.602697816778676509e-01
-3.735351562500000000e-02 1.629154644020180676e-01
-3.710937500000000000e-02 1.655544918629752726e-01
-3.686523437500000000e-02 1.681866727394207284e-01
-3.662109375000000000e-02 1.708118164087674140e-01
-3.637695312500000000e-02 1.734297329591784620e-01
-3.613281250000000000e-02 1.760402332014879556e-01
-3.588867187500000000e-02 1.786431286810054586e-01
-3.564453125000000000e-02 1.812382316892300338e-01
-3.540039062500000000e-02 1.838253552754498532e-01
-3.515625000000000000e-02 1.864043132582454132e-01
-3.491210937500000000e-02 1.889749202368934955e-01
-3.466796875000000000e-02 1.915369916026542496e-01
-3.442382812500000000e-02 1.940903435499774510e-01
-3.417968750000000000e-02 1.966347930875751993e-01
-3.393554687500000000e-02 1.991701580494253387e-01
-3.369140625000000000e-02 2.016962571056465370e-01
-3.344726562500000000e-02 2.042129097732860166e-01
-3.320312500000000000e-02 2.067199364269975137e-01
-3.295898437500000000e-02 2.092171583096167076e-01
-3.271484375000000000e-02 2.117043975426448066e-01
-3.247070312500000000e-02 2.141814771366138404e-01
-3.222656250000000000e-02 2.166482210013589982e-01
-3.198242187500000000e-02 2.191044539561991522e-01
-3.173828125000000000e-02 2.215500017399923693e-01
-3.149414062500000000e-02 2.239846910211190367e-01
-3.125000000000000000e-02 2.264083494073380609e-01
-3.100585937500000000e-02 2.288208054555599391e-01
-3.076171875000000000e-02 2.312218886815063656e-01
-3.051757812500000000e-02 2.336114295692921505e-01
-3.027343750000000000e-02 2.359892595808663340e-01
-3.002929687500000000e-02 2.383552111654135830e-01
-2.978515625000000000e-02 2.407091177685882211e-01
-2.954101562500000000e-02 2.430508138417094566e-01
-2.929687500000000000e-02 2.453801348508175550e-01
-2.905273437500000000e-02 2.476969172856502699e-01
-2.880859375000000000e-02 2.500009986685237107e-01
-2.856445312500000000e-02 2.522922175630963881e-01
-2.832031250000000000e-02 2.545704135830588188e-01
-2.807617187500000000e-02 2.568354274007121907e-01
-2.783203125000000000e-02 2.590871007554617633e-01
-2.758789062500000000e-02 2.613252764621940560e-01
-2.734375000000000000e-02 2.635497984195823706e-01
-2.709960937500000000e-02 2.657605116182824023e-01
-2.685546875000000000e-02 2.679572621490352025e-01
-2.661132812500000000e-02 2.701398972106785479e-01
-2.636718750000000000e-02 2.723082651180598335e-01
-2.612304687500000000e-02 2.744622153098538186e-01
-2.587890625000000000e-02 2.766015983563019920e-01
-2.563476562500000000e-02 2.787262659668355291e-01
-2.539062500000000000e-02 2.808360709976301939e-01
-2.514648437500000000e-02 2.829308674590437778e-01
-2.490234375000000000e-02 2.850105105229813751e-01
-2.465820312500000000e-02 2.870748565301569633e-01
-2.441406250000000000e-02 2.891237629972838175e-01
-2.416992187500000000e-02 2.911570886241456879e-01
-2.392578125000000000e-02 2.931746933005962563e-01
-2.368164062500000000e-02 2.951764381134749371e-01
-2.343750000000000000e-02 2.971621853534135438e-01
-2.319335937500000000e-02 2.991317985215700137e-01
-2.294921875000000000e-02 3.010851423362655988e-01
-2.270507812500000000e-02 3.030220827395497807e-01
-2.246093750000000000e-02 3.049424869036486130e-01
-2.221679687500000000e-02 3.068462232373599385e-01
-2.197265625000000000e-02 3.087331613923339768e-01
-2.172851562500000000e-02 3.106031722692954578e-01
-2.148437500000000000e-02 3.124561280241443528e-01
-2.124023437500000000e-02 3.142919020740134739e-01
-2.099609375000000000e-02 3.161103691032119967e-01
-2.075195312500000000e-02 3.179114050690893256e-01
-2.050781250000000000e-02 3.196948872078296811e-01
-2.026367187500000000e-02 3.214606940401521507e-01
-2.001953125000000000e-02 3.232087053769207019e-01
-1.977539062500000000e-02 3.249388023247010704e-01
-1.953125000000000000e-02 3.266508672911913047e-01
-1.928710937500000000e-02 3.283447839906202814e-01
-1.904296875000000000e-02 3.300204374490310899e-01
-1.879882812500000000e-02 3.316777140094970266e-01
-1.855468750000000000e-02 3.333165013372506591e-01
-1.831054687500000000e-02 3.349366884247495513e-01
-1.806640625000000000e-02 3.365381655966420693e-01
-1.782226562500000000e-02 3.381208245146757885e-01
-1.757812500000000000e-02 3.396845581825097549e-01
-1.733398437500000000e-02 3.412292609504580798e-01
-1.708984375000000000e-02 3.427548285201656997e-01
-1.684570312500000000e-02 3.442611579491785534e-01
-1.660156250000000000e-02 3.457481476554788991e-01
-1.635742187500000000e-02 3.472156974219045011e-01
-1.611328125000000000e-02 3.486637084005270726e-01
-1.586914062500000000e-02 3.500920831169295755e-01
-1.562500000000000000e-02 3.515007254744224596e-01
-1.538085937500000000e-02 3.528895407581924548e-01
-1.513671875000000000e-02 3.542584356393521094e-01
-1.489257812500000000e-02 3.556073181789470294e-01
-1.464843750000000000e-02 3.569360978318747990e-01
-1.440429687500000000e-02 3.582446854507310707e-01
-1.416015625000000000e-02 3.595329932895884872e-01
-1.391601562500000000e-02 3.608009350077056587e-01
-1.367187500000000000e-02 3.620484256731548167e-01
-1.342773437500000000e-02 3.632753817663970652e-01
-1.318359375000000000e-02 3.644817211837725335e-01
-1.293945312500000000e-02 3.656673632409200847e-01
-1.269531250000000000e-02 3.668322286761421247e-01
-1.245117187500000000e-02 3.679762396536905289e-01
-1.220703125000000000e-02 3.690993197669777959e-01
-1.196289062500000000e-02 3.702013940417374638e-01
-1.171875000000000000e-02 3.712823889391002607e-01
-1.147460937500000000e-02 3.723422323586145777e-01
-1.123046875000000000e-02 3.733808536411928891e-01
-1.098632812500000000e-02 3.743981835719876194e-01
-1.074218750000000000e-02 3.753941543832215455e-01
-1.049804687500000000e-02 3.763686997569170578e-01
-1.025390625000000000e-02 3.773217548276029953e-01
-1.000976562500000000e-02 3.782532561849173414e-01
-9.765625000000000000e-03 3.791631418761638450e-01
-9.521484375000000000e-03 3.800513514088084133e-01
-9.277343750000000000e-03 3.809178257528993417e-01
-9.033203125000000000e-03 3.817625073434193772e-01
-8.789062500000000000e-03 3.825853400826000894e-01
-8.544921875000000000e-03 3.833862693421447032e-01
-8.300781250000000000e-03 3.841652419653995287e-01
-8.056640625000000000e-03 3.849222062694704904e-01
-7.812500000000000000e-03 3.856571120472525038e-01
-7.568359375000000000e-03 3.863699105694267111e-01
-7.324218750000000000e-03 3.870605545863733399e-01
-7.080078125000000000e-03 3.877289983300394871e-01
-6.835937500000000000e-03 3.883751975157266889e-01
-6.591796875000000000e-03 3.889991093438355252e-01
-6.347656250000000000e-03 3.896006925015285671e-01
-6.103515625000000000e-03 3.901799071643688999e-01
-5.859375000000000000e-03 3.907367149978407395e-01
-5.615234375000000000e-03 3.912710791588768777e-01
-5.371093750000000000e-03 3.917829642972661675e-01
-5.126953125000000000e-03 3.922723365570378595e-01
-4.882812500000000000e-03 3.927391635777744416e-01
-4.638671875000000000e-03 3.931834144958674115e-01
-4.394531250000000000e-03 3.936050599457016075e-01
-4.150390625000000000e-03 3.940040720608033453e-01
-3.906250000000000000e-03 3.943804244749093968e-01
-3.662109375000000000e-03 3.947340923229871734e-01
-3.417968750000000000e-03 3.950650522421753630e-01
-3.173828125000000000e-03 3.953732823727159618e-01
-2.929687500000000000e-03 3.956587623587665692e-01
-2.685546875000000000e-03 3.959214733491952520e-01
-2.441406250000000000e-03 3.961613979982984146e-01
-2.197265625000000000e-03 3.963785204664813100e-01
-1.953125000000000000e-03 3.965728264208362996e-01
-1.708984375000000000e-03 3.967443030357171718e-01
-1.464843750000000000e-03 3.968929389932341345e-01
-1.220703125000000000e-03 3.970187244836517748e-01
-9.765625000000000000e-04 3.971216512058068360e-01
-7.324218750000000000e-04 3.972017123673919903e-01
-4.882812500000000000e-04 3.972589026852517691e-01
-2.441406250000000000e-04 3.972932183855398258e-01
0.000000000000000000e+00 3.973046572039007907e-01
2.441406250000000000e-04 3.972932183855398258e-01
4.882812500000000000e-04 3.972589026852480498e-01
7.324218750000000000e-04 3.972017123673919903e-01
9.765625000000000000e-04 3.971216512058031722e-01
1.220703125000000000e-03 3.970187244836498874e-01
1.464843750000000000e-03 3.968929389932341345e-01
1.708984375000000000e-03 3.967443030357190037e-01
1.953125000000000000e-03 3.965728264208362996e-01
2.197265625000000000e-03 3.963785204664813100e-01
2.441406250000000000e-03 3.961613979982984146e-01
2.685546875000000000e-03 3.959214733491952520e-01
2.929687500000000000e-03 3.956587623587647928e-01
3.173828125000000000e-03 3.953732823727159618e-01
3.417968750000000000e-03 3.950650522421753630e-01
3.662109375000000000e-03 3.947340923229853415e-01
3.906250000000000000e-03 3.943804244749112842e-01
4.150390625000000000e-03 3.940040720608033453e-01
4.394531250000000000e-03 3.936050599457016075e-01
4.638671875000000000e-03 3.931834144958674115e-01
4.882812500000000000e-03 3.927391635777744416e-01
5.126953125000000000e-03 3.922723365570396359e-01
5.371093750000000000e-03 3.917829642972661675e-01
5.615234375000000000e-03 3.912710791588768777e-01
5.859375000000000000e-03 3.907367149978407395e-01
6.103515625000000000e-03 3.901799071643670125e-01
6.347656250000000000e-03 3.896006925015285671e-01
6.591796875000000000e-03 3.889991093438337488e-01
6.835937500000000000e-03 3.883751975157266889e-01
7.080078125000000000e-03 3.877289983300377108e-01
7.324218750000000000e-03 3.870605545863715080e-01
7.568359375000000000e-03 3.863699105694248792e-01
7.812500000000000000e-03 3.856571120472525038e-01
8.056640625000000000e-03 3.849222062694704904e-01
8.300781250000000000e-03 3.841652419653995287e-01
8.544921875000000000e-03 3.833862693421447032e-01
8.789062500000000000e-03 3.825853400825982575e-01
9.033203125000000000e-03 3.817625073434193772e-01
9.277343750000000000e-03 3.809178257528993417e-01
9.521484375000000000e-03 3.800513514088103006e-01
9.765625000000000000e-03 3.791631418761638450e-01
1.000976562500000000e-02 3.782532561849155095e-01
1.025390625000000000e-02 3.773217548276029953e-01
1.049804687500000000e-02 3.763686997569151704e-01
1.074218750000000000e-02 3.753941543832178818e-01
1.098632812500000000e-02 3.743981835719876194e-01
1.123046875000000000e-02 3.733808536411928891e-01
1.147460937500000000e-02 3.723422323586145777e-01
1.171875000000000000e-02 3.712823889391002607e-01
1.196289062500000000e-02 3.702013940417374638e-01
1.220703125000000000e-02 3.690993197669777959e-01
1.245117187500000000e-02 3.679762396536905289e-01
1.269531250000000000e-02 3.668322286761421247e-01
1.293945312500000000e-02 3.656673632409200847e-01
1.318359375000000000e-02 3.644817211837725335e-01
1.342773437500000000e-02 3.632753817663970652e-01
1.367187500000000000e-02 3.620484256731548167e-01
1.391601562500000000e-02 3.608009350077038269e-01
1.416015625000000000e-02 3.595329932895865999e-01
1.440429687500000000e-02 3.582446854507310707e-01
1.464843750000000000e-02 3.569360978318729671e-01
1.489257812500000000e-02 3.556073181789470294e-01
1.513671875000000000e-02 3.542584356393521094e-01
1.538085937500000000e-02 3.528895407581924548e-01
1.562500000000000000e-02 3.515007254744224596e-01
1.586914062500000000e-02 3.500920831169295755e-01
1.611328125000000000e-02 3.486637084005251852e-01
1.635742187500000000e-02 3.472156974219045011e-01
1.660156250000000000e-02 3.457481476554770117e-01
1.684570312500000000e-02 3.442611579491804408e-01
1.708984375000000000e-02 3.427548285201675315e-01
1.733398437500000000e-02 3.412292609504599672e-01
1.757812500000000000e-02 3.396845581825097549e-01
1.782226562500000000e-02 3.381208245146739566e-01
1.806640625000000000e-02 3.365381655966420693e-01
1.831054687500000000e-02 3.349366884247476639e-01
1.855468750000000000e-02 3.333165013372487717e-01
1.879882812500000000e-02 3.316777140094951393e-01
1.904296875000000000e-02 3.300204374490310899e-01
1.928710937500000000e-02 3.283447839906202814e-01
1.953125000000000000e-02 3.266508672911913047e-01
1.977539062500000000e-02 3.249388023247010704e-01
2.001953125000000000e-02 3.232087053769225893e-01
2.026367187500000000e-02 3.214606940401521507e-01
2.050781250000000000e-02 3.196948872078333448e-01
2.075195312500000000e-02 3.179114050690912130e-01
2.099609375000000000e-02 3.161103691032119967e-01
2.124023437500000000e-02 3.142919020740153613e-01
2.148437500000000000e-02 3.124561280241425210e-01
2.172851562500000000e-02 3.106031722692935704e-01
2.197265625000000000e-02 3.087331613923339768e-01
2.221679687500000000e-02 3.068462232373580512e-01
2.246093750000000000e-02 3.049424869036486130e-01
2.270507812500000000e-02 3.030220827395497807e-01
2.294921875000000000e-02 3.010851423362655988e-01
2.319335937500000000e-02 2.991317985215700137e-01
2.343750000000000000e-02 2.971621853534135438e-01
2.368164062500000000e-02 2.951764381134749371e-01
2.392578125000000000e-02 2.931746933005980882e-01
2.416992187500000000e-02 2.911570886241456879e-01
2.441406250000000000e-02 2.891237629972838175e-01
2.465820312500000000e-02 2.870748565301569633e-01
2.490234375000000000e-02 2.850105105229794877e-01
2.514648437500000000e-02 2.829308674590437778e-01
2.539062500000000000e-02 2.808360709976301939e-01
2.563476562500000000e-02 2.787262659668355291e-01
2.587890625000000000e-02 2.766015983563001601e-01
2.612304687500000000e-02 2.744622153098519868e-01
2.636718750000000000e-02 2.723082651180579461e-01
2.661132812500000000e-02 2.701398972106804353e-01
2.685546875000000000e-02 2.679572621490370898e-01
2.709960937500000000e-02 2.657605116182824023e-01
2.734375000000000000e-02 2.635497984195823706e-01
2.758789062500000000e-02 2.613252764621940560e-01
2.783203125000000000e-02 2.590871007554617633e-01
2.807617187500000000e-02 2.568354274007121907e-01
2.832031250000000000e-02 2.545704135830588188e-01
2.856445312500000000e-02 2.522922175630982200e-01
2.880859375000000000e-02 2.500009986685237107e-01
2.905273437500000000e-02 2.476969172856521573e-01
2.929687500000000000e-02 2.453801348508175550e-01
2.954101562500000000e-02 2.430508138417075692e-01
2.978515625000000000e-02 2.407091177685863337e-01
3.002929687500000000e-02 2.383552111654116956e-01
3.027343750000000000e-02 2.359892595808663340e-01
3.051757812500000000e-02 2.336114295692902632e-01
3.076171875000000000e-02 2.312218886815063656e-01
3.100585937500000000e-02 2.288208054555599391e-01
3.125000000000000000e-02 2.264083494073380609e-01
3.149414062500000000e-02 2.239846910211190367e-01
3.173828125000000000e-02 2.215500017399923693e-01
3.198242187500000000e-02 2.191044539561972926e-01
3.222656250000000000e-02 2.166482210013589982e-01
3.247070312500000000e-02 2.141814771366138404e-01
3.271484375000000000e-02 2.117043975426448066e-01
3.295898437500000000e-02 2.092171583096186227e-01
3.320312500000000000e-02 2.067199364269975137e-01
3.344726562500000000e-02 2.042129097732841569e-01
3.369140625000000000e-02 2.016962571056446496e-01
3.393554687500000000e-02 1.991701580494253387e-01
3.417968750000000000e-02 1.966347930875751993e-01
3.442382812500000000e-02 1.940903435499755636e-01
3.466796875000000000e-02 1.915369916026561370e-01
3.491210937500000000e-02 1.889749202368934955e-01
3.515625000000000000e-02 1.864043132582454132e-01
3.540039062500000000e-02 1.838253552754498532e-01
3.564453125000000000e-02 1.812382316892300338e-01
3.588867187500000000e-02 1.786431286810054586e-01
3.613281250000000000e-02 1.760402332014879556e-01
3.637695312500000000e-02 1.734297329591803771e-01
3.662109375000000000e-02 1.708118164087674140e-01
3.686523437500000000e-02 1.681866727394226435e-01
3.710937500000000000e-02 1.655544918629771323e-01
3.735351562500000000e-02 1.629154644020180676e-01
3.759765625000000000e-02 1.602697816778657358e-01
3.784179687500000000e-02 1.576176356984577698e-01
3.808593750000000000e-02 1.549592191461238444e-01
3.833007812500000000e-02 1.522947253652502386e-01
3.857421875000000000e-02 1.496243483498675420e-01
3.881835937500000000e-02 1.469482827311054951e-01
3.906250000000000000e-02 1.442667237645639255e-01
3.930664062500000000e-02 1.415798673175699407e-01
3.955078125000000000e-02 1.388879098563494674e-01
3.979492187500000000e-02 1.361910484330820237e-01
4.003906250000000000e-02 1.334894806728395833e-01
4.028320312500000000e-02 1.307834047604772842e-01
4.052734375000000000e-02 1.280730194273482780e-01
4.077148437500000000e-02 1.253585239379897964e-01
4.101562500000000000e-02 1.226401180766488602e-01
4.125976562500000000e-02 1.199180021337495905e-01
4.150390625000000000e-02 1.171923768922311371e-01
4.174804687500000000e-02 1.144634436138105837e-01
4.199218750000000000e-02 1.117314040251249224e-01
4.223632812500000000e-02 1.089964603037815449e-01
4.248046875000000000e-02 1.062588150643206386e-01
4.272460937500000000e-02 1.035186713440625766e-01
4.296875000000000000e-02 1.007762325888601068e-01
4.321289062500000000e-02 9.803170263876490043e-02
4.345703125000000000e-02 9.528528571358864385e-02
4.370117187500000000e-02 9.253718639836211457e-02
4.394531250000000000e-02 8.978760962870488416e-02
4.418945312500000000e-02 8.703676067610195688e-02
4.443359375000000000e-02 8.428484513308424908e-02
4.467773437500000000e-02 8.153206889831711435e-02
4.492187500000000000e-02 7.877863816156531473e-02
4.516601562500000000e-02 7.602475938862063298e-02
4.541015625000000000e-02 7.327063930609573061e-02
4.565429687500000000e-02 7.051648488613214416e-02
4.589843750000000000e-02 6.776250333102762369e-02
4.614257812500000000e-02 6.500890205776729824e-02
4.638671875000000000e-02 6.225588868246436508e-02
4.663085937500000000e-02 5.950367100472113424e-02
4.687500000000000000e-02 5.675245699187627529e-02
4.711914062500000000e-02 5.400245476320861965e-02
4.736328125000000000e-02 5.125387257400546015e-02
4.760742187500000000e-02 4.850691879958928671e-02
4.785156250000000000e-02 4.576180191922216839e-02
4.809570312500000000e-02 4.301873049995681708e-02
4.833984375000000000e-02 4.027791318039011803e-02
4.858398437500000000e-02 3.753955865433264427e-02
4.882812500000000000e-02 3.480387565440738740e-02
4.907226562500000000e-02 3.207107293556445832e-02
4.931640625000000000e-02 2.934135925851560911e-02
4.956054687500000000e-02 2.661494337308278196e-02
4.980468750000000000e-02 2.389203400149740586e-02
5.004882812500000000e-02 2.117283982159284816e-02
5.029296875000000000e-02 1.845756944994206977e-02
5.053710937500000000e-02 1.574643142491758199e-02
5.078125000000000000e-02 1.303963418967775054e-02
5.102539062500000000e-02 1.033738607508544703e-02
5.126953125000000000e-02 7.639895282549638046e-03
5.151367187500000000e-02 4.947369866813312173e-03
5.175781250000000000e-02 2.260017718666861714e-03
5.200195312500000000e-02 -4.219534524166455728e-04
5.224609375000000000e-02 -3.098336135678638609e-03
5.249023437500000000e-02 -5.768923036573703721e-03
5.273437500000000000e-02 -8.433507094288332159e-03
5.297851562500000000e-02 -1.109188149935842402e-02
5.322265625000000000e-02 -1.374383971131758891e-02
5.346679687500000000e-02 -1.638917547642009670e-02
5.371093750000000000e-02 -1.902768284539945939e-02
5.395507812500000000e-02 -2.165915619130064085e-02
5.419921875000000000e-02 -2.428339022735837016e-02
5.444335937500000000e-02 -2.690018002491129795e-02
5.468750000000000000e-02 -2.950932103139584234e-02
5.493164062500000000e-02 -3.211060908835529359e-02
5.517578125000000000e-02 -3.470384044951187186e-02
5.541992187500000000e-02 -3.728881179888562936e-02
5.566406250000000000e-02 -3.986532026894581970e-02
5.590820312500000000e-02 -4.243316345880002172e-02
5.615234375000000000e-02 -4.499213945244711493e-02
5.639648437500000000e-02 -4.754204683702965839e-02
5.664062500000000000e-02 -5.008268472115439546e-02
5.688476562500000000e-02 -5.261385275322601196e-02
5.712890625000000000e-02 -5.513535113982896002e-02
5.737304687500000000e-02 -5.764698066411293176e-02
5.761718750000000000e-02 -6.014854270424515453e-02
5.786132812500000000e-02 -6.263983925184982149e-02
5.810546875000000000e-02 -6.512067293048919014e-02
5.834960937500000000e-02 -6.759084701418148489e-02
5.859375000000000000e-02 -7.005016544590200733e-02
5.883789062500000000e-02 -7.249843285614236688e-02
5.908203125000000000e-02 -7.493545458145198235e-02
5.932617187500000000e-02 -7.736103668301982927e-02
5.957031250000000000e-02 -7.977498596525202379e-02
5.981445312500000000e-02 -8.217710999436600439e-02
6.005859375000000000e-02 -8.456721711699188848e-02
6.030273437500000000e-02 -8.694511647876977667e-02
6.054687500000000000e-02 -8.931061804297696360e-02
6.079101562500000000e-02 -9.166353260912077361e-02
6.103515625000000000e-02 -9.400367183155489137e-02
6.127929687500000000e-02 -9.633084823809769104e-02
6.152343750000000000e-02 -9.864487524861620393e-02
6.176757812500000000e-02 -1.009455671936309862e-01
6.201171875000000000e-02 -1.032327393328964921e-01
6.225585937500000000e-02 -1.055062078739805453e-01
6.250000000000000000e-02 -1.077657899908126549e-01
6.274414062500000000e-02 -1.100113038422373263e-01
6.298828125000000000e-02 -1.122425685905278775e-01
6.323242187500000000e-02 -1.144594044198916777e-01
6.347656250000000000e-02 -1.166616325549496846e-01
6.372070312500000000e-02 -1.188490752791879906e-01
6.396484375000000000e-02 -1.210215559533836388e-01
6.420898437500000000e-02 -1.231788990339956896e-01
6.445312500000000000e-02 -1.253209300915268942e-01
6.469726562500000000e-02 -1.274474758288472453e-01
6.494140625000000000e-02 -1.295583640994873442e-01
6.518554687500000000e-02 -1.316534239258759509e-01
6.542968750000000000e-02 -1.337324855175569815e-01
6.567382812500000000e-02 -1.357953802893309969e-01
6.591796875000000000e-02 -1.378419408793896406e-01
6.616210937500000000e-02 -1.398720011673578734e-01
6.640625000000000000e-02 -1.418853962923080636e-01
6.665039062500000000e-02 -1.438819626707183441e-01
6.689453125000000000e-02 -1.458615380143709894e-01
6.713867187500000000e-02 -1.478239613481748538e-01
6.738281250000000000e-02 -1.497690730279595261e-01
6.762695312500000000e-02 -1.516967147581684827e-01
6.787109375000000000e-02 -1.536067296095037227e-01
6.811523437500000000e-02 -1.554989620365037628e-01
6.835937500000000000e-02 -1.573732578950362837e-01
6.860351562500000000e-02 -1.592294644597239406e-01
6.884765625000000000e-02 -1.610674304412871294e-01
6.909179687500000000e-02 -1.628870060038205281e-01
6.933593750000000000e-02 -1.646880427819639725e-01
6.958007812500000000e-02 -1.664703938980081621e-01
6.982421875000000000e-02 -1.682339139789044147e-01
7.006835937500000000e-02 -1.699784591731804406e-01
7.031250000000000000e-02 -1.717038871677788459e-01
7.055664062500000000e-02 -1.734100572047770905e-01
7.080078125000000000e-02 -1.750968300980307868e-01
7.104492187500000000e-02 -1.767640682497057247e-01
7.128906250000000000e-02 -1.784116356667108938e-01
7.153320312500000000e-02 -1.800393979770200936e-01
7.177734375000000000e-02 -1.816472224459031726e-01
7.202148437500000000e-02 -1.832349779920164068e-01
7.226562500000000000e-02 -1.848025352034150803e-01
7.250976562500000000e-02 -1.863497663534266768e-01
7.275390625000000000e-02 -1.878765454164146309e-01
7.299804687500000000e-02 -1.893827480834254784e-01
7.324218750000000000e-02 -1.908682517776989496e-01
7.348632812500000000e-02 -1.923329356700786696e-01
7.373046875000000000e-02 -1.937766806942694819e-01
7.397460937500000000e-02 -1.951993695619776426e-01
7.421875000000000000e-02 -1.966008867779217018e-01
7.446289062500000000e-02 -1.979811186547001112e-01
7.470703125000000000e-02 -1.993399533275307112e-01
7.495117187500000000e-02 -2.006772807688353977e-01
7.519531250000000000e-02 -2.019929928027111021e-01
7.543945312500000000e-02 -2.032869831192243293e-01
7.568359375000000000e-02 -2.045591472885877338e-01
7.592773437500000000e-02 -2.058093827751609761e-01
7.617187500000000000e-02 -2.070375889513311751e-01
7.641601562500000000e-02 -2.082436671112171123e-01
7.666015625000000000e-02 -2.094275204842188931e-01
7.690429687500000000e-02 -2.105890542484318284e-01
7.714843750000000000e-02 -2.117281755438722435e-01
7.739257812500000000e-02 -2.128447934855661194e-01
7.763671875000000000e-02 -2.139388191764513558e-01
7.788085937500000000e-02 -2.150101657201353433e-01
7.812500000000000000e-02 -2.160587482334672405e-01
7.836914062500000000e-02 -2.170844838589532366e-01
7.861328125000000000e-02 -2.180872917769922648e-01
7.885742187500000000e-02 -2.190670932179312747e-01
7.910156250000000000e-02 -2.200238114739666295e-01
7.934570312500000000e-02 -2.209573719108322010e-01
7.958984375000000000e-02 -2.218677019793522942e-01
7.983398437500000000e-02 -2.227547312267638135e-01
8.007812500000000000e-02 -2.236183913078959862e-01
8.032226562500000000e-02 -2.244586159961372840e-01
8.056640625000000000e-02 -2.252753411942279849e-01
8.081054687500000000e-02 -2.260685049448591943e-01
8.105468750000000000e-02 -2.268380474410850167e-01
8.129882812500000000e-02 -2.275839110365273088e-01
8.154296875000000000e-02 -2.283060402554100143e-01
8.178710937500000000e-02 -2.290043818023746180e-01
8.203125000000000000e-02 -2.296788845721155214e-01
8.227539062500000000e-02 -2.303294996587942622e-01
8.251953125000000000e-02 -2.309561803652833145e-01
8.276367187500000000e-02 -2.315588822121789625e-01
8.300781250000000000e-02 -2.321375629466230217e-01
8.325195312500000000e-02 -2.326921825509262465e-01
8.349609375000000000e-02 -2.332227032509620879e-01
8.374023437500000000e-02 -2.337290895243794853e-01
8.398437500000000000e-02 -2.342113081085888671e-01
8.422851562500000000e-02 -2.346693280085399291e-01
8.447265625000000000e-02 -2.351031205042900252e-01
8.471679687500000000e-02 -2.355126591583644458e-01
8.496093750000000000e-02 -2.358979198228870755e-01
8.520507812500000000e-02 -2.362588806465208968e-01
8.544921875000000000e-02 -2.365955220811481463e-01
8.569335937500000000e-02 -2.369078268883867688e-01
8.593750000000000000e-02 -2.371957801458540738e-01
8.618164062500000000e-02 -2.374593692532110945e-01
8.642578125000000000e-02 -2.376985839380030552e-01
8.666992187500000000e-02 -2.379134162612609460e-01
8.691406250000000000e-02 -2.381038606228967902e-01
8.715820312500000000e-02 -2.382699137668624068e-01
8.740234375000000000e-02 -2.384115747860862666e-01
8.764648437500000000e-02 -2.385288451272017940e-01
8.789062500000000000e-02 -2.386217285950184563e-01
8.813476562500000000e-02 -2.386902313567993983e-01
8.837890625000000000e-02 -2.387343619463044297e-01
8.862304687500000000e-02 -2.387541312675806049e-01
8.886718750000000000e-02 -2.387495525985583456e-01
8.911132812500000000e-02 -2.387206415944088111e-01
8.935546875000000000e-02 -2.386674162906589625e-01
8.959960937500000000e-02 -2.385898971061034546e-01
8.984375000000000000e-02 -2.384881068454604014e-01
9.008789062500000000e-02 -2.383620707018139773e-01
9.033203125000000000e-02 -2.382118162588307830e-01
9.057617187500000000e-02 -2.380373734927273832e-01
9.082031250000000000e-02 -2.378387747740327018e-01
9.106445312500000000e-02 -2.376160548690983143e-01
9.130859375000000000e-02 -2.373692509413934393e-01
9.155273437500000000e-02 -2.370984025525577632e-01
9.179687500000000000e-02 -2.368035516632412962e-01
9.204101562500000000e-02 -2.364847426336905145e-01
9.228515625000000000e-02 -2.361420222241357170e-01
9.252929687500000000e-02 -2.357754395949111792e-01
9.277343750000000000e-02 -2.353850463063820175e-01
9.301757812500000000e-02 -2.349708963186164790e-01
9.326171875000000000e-02 -2.345330459908434306e-01
9.350585937500000000e-02 -2.340715540806712625e-01
9.375000000000000000e-02 -2.335864817430939877e-01
9.399414062500000000e-02 -2.330778925292477377e-01
9.423828125000000000e-02 -2.325458523849605053e-01
9.448242187500000000e-02 -2.319904296490688245e-01
9.472656250000000000e-02 -2.314116950514995275e-01
9.497070312500000000e-02 -2.308097217111383659e-01
9.521484375000000000e-02 -2.301845851334720638e-01
9.545898437500000000e-02 -2.295363632079932548e-01
9.570312500000000000e-02 -2.288651362054071048e-01
9.594726562500000000e-02 -2.281709867745898568e-01
9.619140625000000000e-02 -2.274539999393402068e-01
9.643554687500000000e-02 -2.267142630949108284e-01
9.667968750000000000e-02 -2.259518660043124683e-01
9.692382812500000000e-02 -2.251669007944078205e-01
9.716796875000000000e-02 -2.243594619517723654e-01
9.741210937500000000e-02 -2.235296463183660820e-01
9.765625000000000000e-02 -2.226775530869610220e-01
9.790039062500000000e-02 -2.218032837963720971e-01
9.814453125000000000e-02 -2.209069423264642673e-01
9.838867187500000000e-02 -2.199886348929583901e-01
9.863281250000000000e-02 -2.190484700420206599e-01
9.887695312500000000e-02 -2.180865586446367743e-01
9.912109375000000000e-02 -2.171030138907935059e-01
9.936523437500000000e-02 -2.160979512834366179e-01
9.960937500000000000e-02 -2.150714886322333541e-01
9.985351562500000000e-02 -2.140237460471306474e-01
1.000976562500000000e-01 -2.129548459317107401e-01
1.003417968750000000e-01 -2.118649129763410799e-01
1.005859375000000000e-01 -2.107540741511300664e-01
1.008300781250000000e-01 -2.096224586986875082e-01
1.010742187500000000e-01 -2.084701981266796067e-01
1.013183593750000000e-01 -2.072974262002033052e-01
1.015625000000000000e-01 -2.061042789339501691e-01
1.018066406250000000e-01 -2.048908945842067564e-01
1.020507812500000000e-01 -2.036574136406261171e-01
1.022949218750000000e-01 -2.024039788178531862e-01
1.025390625000000000e-01 -2.011307350469452304e-01
1.027832031250000000e-01 -1.998378294666011967e-01
1.030273437500000000e-01 -1.985254114142206983e-01
1.032714843750000000e-01 -1.971936324167915255e-01
1.035156250000000000e-01 -1.958426461815737374e-01
1.037597656250000000e-01 -1.944726085866340104e-01
1.040039062500000000e-01 -1.930836776711933322e-01
1.042480468750000000e-01 -1.916760136258039149e-01
1.044921875000000000e-01 -1.902497787823542730e-01
1.047363281250000000e-01 -1.888051376039199813e-01
1.049804687500000000e-01 -1.873422566744334938e-01
1.052246093750000000e-01 -1.858613046881902320e-01
1.054687500000000000e-01 -1.843624524392142860e-01
1.057128906250000000e-01 -1.828458728104412623e-01
1.059570312500000000e-01 -1.813117407627568567e-01
1.062011718750000000e-01 -1.797602333238768335e-01
1.064453125000000000e-01 -1.781915295770772345e-01
1.066894531250000000e-01 -1.766058106497768454e-01
1.069335937500000000e-01 -1.750032597019670899e-01
1.071777343750000000e-01 -1.733840619144942641e-01
1.074218750000000000e-01 -1.717484044772151219e-01
1.076660156250000000e-01 -1.700964765769861220e-01
1.079101562500000000e-01 -1.684284693855392367e-01
1.081542968750000000e-01 -1.667445760472043847e-01
1.083984375000000000e-01 -1.650449916665135131e-01
1.086425781250000000e-01 -1.633299132956550770e-01
1.088867187500000000e-01 -1.615995399218249640e-01
1.091308593750000000e-01 -1.598540724544197655e-01
1.093750000000000000e-01 -1.580937137121402603e-01
1.096191406250000000e-01 -1.563186684099446278e-01
1.098632812500000000e-01 -1.545291431459101528e-01
1.101074218750000000e-01 -1.527253463879440776e-01
1.103515625000000000e-01 -1.509074884604237332e-01
1.105957031250000000e-01 -1.490757815306945067e-01
1.108398437500000000e-01 -1.472304395954558420e-01
1.110839843750000000e-01 -1.453716784670738282e-01
1.113281250000000000e-01 -1.434997157597597550e-01
1.115722656250000000e-01 -1.416147708756597678e-01
1.118164062500000000e-01 -1.397170649908405504e-01
1.120605468750000000e-01 -1.378068210411911021e-01
1.123046875000000000e-01 -1.358842637082211258e-01
1.125488281250000000e-01 -1.339496194047679611e-01
1.127929687500000000e-01 -1.320031162606228603e-01
1.130371093750000000e-01 -1.300449841080664748e-01
1.132812500000000000e-01 -1.280754544673188000e-01
1.135253906250000000e-01 -1.260947605319234499e-01
1.137695312500000000e-01 -1.241031371540385897e-01
1.140136718750000000e-01 -1.221008208296528452e-01
1.142578125000000000e-01 -1.200880496837395950e-01
1.145019531250000000e-01 -1.180650634553401940e-01
1.147460937500000000e-01 -1.160321034825664288e-01
1.149902343750000000e-01 -1.139894126875555386e-01
1.152343750000000000e-01 -1.119372355613448000e-01
1.154785156250000000e-01 -1.098758181487085595e-01
1.157226562500000000e-01 -1.078054080329198805e-01
1.159667968750000000e-01 -1.057262543204709609e-01
1.162109375000000000e-01 -1.036386076257193173e-01
1.164550781250000000e-01 -1.015427200555238663e-01
1.166992187500000000e-01 -9.943884519379157794e-02
1.169433593750000000e-01 -9.732723808600607374e-02
1.171875000000000000e-01 -9.520815522371155193e-02
1.174316406250000000e-01 -9.308185452894793266e-02
1.176757812500000000e-01 -9.094859533865935763e-02
1.179199218750000000e-01 -8.880863838906379037e-02
1.181640625000000000e-01 -8.666224579999007305e-02
1.184082031250000000e-01 -8.450968105918750528e-02
1.186523437500000000e-01 -8.235120900661566101e-02
1.188964843750000000e-01 -8.018709581868967151e-02
1.191406250000000000e-01 -7.801760899252993542e-02
1.193847656250000000e-01 -7.584301733017503877e-02
1.196289062500000000e-01 -7.366359092277811882e-02
1.198730468750000000e-01 -7.147960113480991695e-02
1.201171875000000000e-01 -6.929132058820898499e-02
1.203613281250000000e-01 -6.709902314656439326e-02
1.206054687500000000e-01 -6.490298389926647815e-02
1.208496093750000000e-01 -6.270347914566429259e-02
1.210937500000000000e-01 -6.050078637920717345e-02
1.213378906250000000e-01 -5.829518427160110261e-02
1.215820312500000000e-01 -5.608695265696107823e-02
1.218261718750000000e-01 -5.387637251596129329e-02
1.220703125000000000e-01 -5.166372596000276540e-02
1.223144531250000000e-01 -4.944929621538188269e-02
1.225585937500000000e-01 -4.723336760747375018e-02
1.228027343750000000e-01 -4.501622554493294598e-02
1.230468750000000000e-01 -4.279815650389460352e-02
1.232910156250000000e-01 -4.057944801221035486e-02
1.235351562500000000e-01 -3.836038863369232998e-02
1.237792968750000000e-01 -3.614126795239767931e-02
1.240234375000000000e-01 -3.392237655690168857e-02
1.242675781250000000e-01 -3.170400602463147727e-02
1.245117187500000000e-01 -2.948644890621811981e-02
1.247558593750000000e-01 -2.726999870986542354e-02
1.250000000000000000e-01 -2.505494988576777854e-02
1.252441406250000000e-01 -2.284159781055682126e-02
1.254882812500000000e-01 -2.063023877178693163e-02
1.257324218750000000e-01 -1.842116995244143240e-02
1.259765625000000000e-01 -1.621468941551271192e-02
1.262207031250000000e-01 -1.401109608858501845e-02
1.264648437500000000e-01 -1.181068974850116131e-02
1.267089843750000000e-01 -9.613771006044602441e-03
1.269531250000000000e-01 -7.420641290673764094e-03
1.271972656250000000e-01 -5.231602835329783770e-03
1.274414062500000000e-01 -3.046958661257884605e-03
1.276855468750000000e-01 -8.670125629185915271e-04
1.279296875000000000e-01 1.307930907071092400e-03
1.281738281250000000e-01 3.477566452933822903e-03
1.284179687500000000e-01 5.641588050658727545e-03
1.286621093750000000e-01 7.799688962885067620e-03
1.289062500000000000e-01 9.951561753715925870e-03
1.291503906250000000e-01 1.209689830346017889e-02
1.293945312500000000e-01 1.423538982333192454e-02
1.296386718750000000e-01 1.636672687006035867e-02
1.298828125000000000e-01 1.849059936044031294e-02
1.301269531250000000e-01 2.060669658582083702e-02
1.303710937500000000e-01 2.271470722651387081e-02
1.306152343750000000e-01 2.481431936612634240e-02
1.308593750000000000e-01 2.690522050583621719e-02
1.311035156250000000e-01 2.898709757857353964e-02
1.313476562500000000e-01 3.105963696313095504e-02
1.315917968750000000e-01 3.312252449820717731e-02
1.318359375000000000e-01 3.517544549635009260e-02
1.320800781250000000e-01 3.721808475784161435e-02
1.323242187500000000e-01 3.925012658447955133e-02
1.325683593750000000e-01 4.127125479329649127e-02
1.328125000000000000e-01 4.328115273017328624e-02
1.330566406250000000e-01 4.527950328338693070e-02
1.333007812500000000e-01 4.726598889705060924e-02
1.335449218750000000e-01 4.924029158449147459e-02
1.337890625000000000e-01 5.120209294150486479e-02
1.340332031250000000e-01 5.315107415955348802e-02
1.342773437500000000e-01 5.508691603885425281e-02
1.345214843750000000e-01 5.700929900137544082e-02
1.347656250000000000e-01 5.891790310374216133e-02
1.350097656250000000e-01 6.081240805004839434e-02
1.352539062500000000e-01 6.269249320456955765e-02
1.354980468750000000e-01 6.455783760438914276e-02
1.357421875000000000e-01 6.640811997190693150e-02
1.359863281250000000e-01 6.824301872727281393e-02
1.362304687500000000e-01 7.006221200070805732e-02
1.364746093750000000e-01 7.186537764472175627e-02
1.367187500000000000e-01 7.365219324623407948e-02
1.369628906250000000e-01 7.542233613861243358e-02
1.372070312500000000e-01 7.717548341356297859e-02
1.374511718750000000e-01 7.891131193297173940e-02
1.376953125000000000e-01 8.062949834058653897e-02
1.379394531250000000e-01 8.232971907365453645e-02
1.381835937500000000e-01 8.401165037438979022e-02
1.384277343750000000e-01 8.567496830139331720e-02
1.386718750000000000e-01 8.731934874092478482e-02
1.389160156250000000e-01 8.894446741808934020e-02
1.391601562500000000e-01 9.054999990790153774e-02
1.394042968750000000e-01 9.213562164625203887e-02
1.396484375000000000e-01 9.370100794076952067e-02
1.398925781250000000e-01 9.524583398154598535e-02
1.401367187500000000e-01 9.676977485179101557e-02
1.403808593750000000e-01 9.827250553833878632e-02
1.406250000000000000e-01 9.975370094206811866e-02
1.408691406250000000e-01 1.012130358881992709e-01
1.411132812500000000e-01 1.026501851364857720e-01
1.413574218750000000e-01 1.040648233912883636e-01
1.416015625000000000e-01 1.054566253115352820e-01
1.418457031250000000e-01 1.068252655205759322e-01
1.420898437500000000e-01 1.081704186159163916e-01
1.423339843750000000e-01 1.094917591788419631e-01
1.425781250000000000e-01 1.107889617839252216e-01
1.428222656250000000e-01 1.120617010084186127e-01
1.430664062500000000e-01 1.133096514415379563e-01
1.433105468750000000e-01 1.145324876936282543e-01
1.435546875000000000e-01 1.157298844052050690e-01
1.437988281250000000e-01 1.169015162558967591e-01
1.440429687500000000e-01 1.180470579732623149e-01
1.442871093750000000e-01 1.191661843414869998e-01
1.445312500000000000e-01 1.202585702099876752e-01
1.447753906250000000e-01 1.213238905018675373e-01
1.450195312500000000e-01 1.223618202222783585e-01
1.452636718750000000e-01 1.233720344666589253e-01
1.455078125000000000e-01 1.243542084288677130e-01
1.457519531250000000e-01 1.253080174091709131e-01
1.459960937500000000e-01 1.262331368221590588e-01
1.462402343750000000e-01 1.271292422045038617e-01
1.464843750000000000e-01 1.279960092226250234e-01
1.467285156250000000e-01 1.288331136802278176e-01
1.469726562500000000e-01 1.296402315257393356e-01
1.472167968750000000e-01 1.304170388596085084e-01
1.474609375000000000e-01 1.311632119415106490e-01
1.477050781250000000e-01 1.318784271974178801e-01
1.479492187500000000e-01 1.325623612265634244e-01
1.481933593750000000e-01 1.332146908083025050e-01
1.484375000000000000e-01 1.338350929088197583e-01
1.486816406250000000e-01 1.344232446877683118e-01
1.489257812500000000e-01 1.349788235047519047e-01
1.491699218750000000e-01 1.355015069257279325e-01
1.494140625000000000e-01 1.359909727292596682e-01
1.496582031250000000e-01 1.364468989126956799e-01
1.499023437500000000e-01 1.368689636981822999e-01
1.501464843750000000e-01 1.372568455386166120e-01
1.503906250000000000e-01 1.376102231234451467e-01
1.506347656250000000e-01 1.379287753843637665e-01
1.508789062500000000e-01 1.382121815009091925e-01
1.511230468750000000e-01 1.384601209059224403e-01
1.513671875000000000e-01 1.386722732909161371e-01
1.516113281250000000e-01 1.388483186113142753e-01
1.518554687500000000e-01 1.389879370915890200e-01
1.520996093750000000e-01 1.390908092302805821e-01
1.523437500000000000e-01 1.391566158049071800e-01
1.525878906250000000e-01 1.391850378767645890e-01
1.528320312500000000e-01 1.391757567956055930e-01
1.530761718750000000e-01 1.391284542042265093e-01
1.533203125000000000e-01 1.390428120429254844e-01
1.535644531250000000e-01 1.389185125538610899e-01
1.538085937500000000e-01 1.387552382852909605e-01
1.540527343750000000e-01 1.385526720957217239e-01
1.542968750000000000e-01 1.383104971579185161e-01
1.545410156250000000e-01 1.380283969628386675e-01
1.547851562500000000e-01 1.377060553234332740e-01
1.550292968750000000e-01 1.373431563783549247e-01
1.552734375000000000e-01 1.369393845955441669e-01
1.555175781250000000e-01 1.364944247757343965e-01
1.557617187500000000e-01 1.360079620558155289e-01
1.560058593750000000e-01 1.354796819121229512e-01
1.562500000000000000e-01 1.349092701636017966e-01
1.564941406250000000e-01 1.342964129748782376e-01
1.567382812500000000e-01 1.336407968592091822e-01
1.569824218750000000e-01 1.329421086813497854e-01
1.572265625000000000e-01 1.322000356603040272e-01
1.574707031250000000e-01 1.314142653719715947e-01
1.577148437500000000e-01 1.305844857516942625e-01
1.579589843750000000e-01 1.297103850967126770e-01
1.582031250000000000e-01 1.287916520684860289e-01
1.584472656250000000e-01 1.278279756949576018e-01
1.586914062500000000e-01 1.268190453726839584e-01
1.589355468750000000e-01 1.257645508688830516e-01
1.591796875000000000e-01 1.246641823233621965e-01
1.594238281250000000e-01 1.235176302503773749e-01
1.596679687500000000e-01 1.223245855403662652e-01
1.599121093750000000e-01 1.210847394615983674e-01
1.601562500000000000e-01 1.197977836617208913e-01
1.604003906250000000e-01 1.184634101692079305e-01
1.606445312500000000e-01 1.170813113947197087e-01
1.608886718750000000e-01 1.156511801323605038e-01
1.611328125000000000e-01 1.141727095608328357e-01
1.613769531250000000e-01 1.126455932445198510e-01
1.616210937500000000e-01 1.110695251344480938e-01
1.618652343750000000e-01 1.094441995691700642e-01
1.621093750000000000e-01 1.077693112755569449e-01
1.623535156250000000e-01 1.060445553694818605e-01
1.625976562500000000e-01 1.042696273564333032e-01
1.628417968750000000e-01 1.024442231320089741e-01
1.630859375000000000e-01 1.005680389823619542e-01
1.633300781250000000e-01 9.864077158450160199e-02
1.635742187500000000e-01 9.666211800654035680e-02
1.638183593750000000e-01 9.463177570785741288e-02
1.640625000000000000e-01 9.254944253913893748e-02
1.643066406250000000e-01 9.041481674236093169e-02
1.645507812500000000e-01 8.822759695067462771e-02
1.647949218750000000e-01 8.598748218819562972e-02
1.650390625000000000e-01 8.369417186972516465e-02
1.652832031250000000e-01 8.134736580036487641e-02
1.655273437500000000e-01 7.894676417505705479e-02
1.657714843750000000e-01 7.649206757804996593e-02
1.660156250000000000e-01 7.398297698224795549e-02
1.662597656250000000e-01 7.141919374851224411e-02
1.665039062500000000e-01 6.880041962485518303e-02
1.667480468750000000e-01 6.612635674556931187e-02
1.669921875000000000e-01 6.339670763024868316e-02
1.672363281250000000e-01 6.061117518275763172e-02
1.674804687500000000e-01 5.776946269009650137e-02
1.677246093750000000e-01 5.487127382120641356e-02
1.679687500000000000e-01 5.191631262566993865e-02
1.682128906250000000e-01 4.890428353235166253e-02
1.684570312500000000e-01 4.583489134794735409e-02
1.687011718750000000e-01 4.270784125546796262e-02
1.689453125000000000e-01 3.952283881263900234e-02
1.691894531250000000e-01 3.627958995020880845e-02
1.694335937500000000e-01 3.297780097020370366e-02
1.696777343750000000e-01 2.961717854409300771e-02
1.699218750000000000e-01 2.619742971087867314e-02
1.701660156250000000e-01 2.271826187511293005e-02
1.704101562500000000e-01 1.917938280483949195e-02
1.706542968750000000e-01 1.558050062945578323e-02
1.708984375000000000e-01 1.192132383751886605e-02
1.711425781250000000e-01 8.201561274446177163e-03
1.713867187500000000e-01 4.420922140181859049e-03
1.716308593750000000e-01 5.791159867567519928e-04
1.718750000000000000e-01 -3.324147284206511142e-03
1.721191406250000000e-01 -7.289157424053570138e-03
1.723632812500000000e-01 -1.131620383975118736e-02
1.726074218750000000e-01 -1.540557559658626598e-02
1.728515625000000000e-01 -1.955756142095702033e-02
1.730957031250000000e-01 -2.377244970321547649e-02
1.733398437500000000e-01 -2.805052850058608813e-02
1.735839843750000000e-01 -3.239208554015921004e-02
1.738281250000000000e-01 -3.679740822194182276e-02
1.740722656250000000e-01 -4.126678362198447220e-02
1.743164062500000000e-01 -4.580049849556879632e-02
1.745605468750000000e-01 -5.039883928047179940e-02
1.748046875000000000e-01 -5.506209210027756401e-02
1.750488281250000000e-01 -5.979054276778374144e-02
1.752929687500000000e-01 -6.458447678844238260e-02
1.755371093750000000e-01 -6.944417936389228607e-02
1.757812500000000000e-01 -7.436993539553597710e-02
1.760253906250000000e-01 -7.936202948819316705e-02
1.762695312500000000e-01 -8.442074595381805768e-02
1.765136718750000000e-01 -8.954636881527137937e-02
1.767578125000000000e-01 -9.473918181015891782e-02
1.770019531250000000e-01 -9.999946839474391225e-02
1.772460937500000000e-01 -1.053275117479092193e-01
1.774902343750000000e-01 -1.107235947751735450e-01
1.777343750000000000e-01 -1.161880001128021839e-01
1.779785156250000000e-01 -1.217210101319385479e-01
1.782226562500000000e-01 -1.273229069428220006e-01
1.784667968750000000e-01 -1.329939723990675449e-01
1.787109375000000000e-01 -1.387344881019869358e-01
1.789550781250000000e-01 -1.445447354049849420e-01
1.791992187500000000e-01 -1.504249954180156834e-01
1.794433593750000000e-01 -1.563755490120820046e-01
1.796875000000000000e-01 -1.623966768238229996e-01
1.799316406250000000e-01 -1.684886592601253230e-01
1.801757812500000000e-01 -1.746517765028205438e-01
1.804199218750000000e-01 -1.808863085134261584e-01
1.806640625000000000e-01 -1.871925350379459729e-01
1.809082031250000000e-01 -1.935707356117381539e-01
1.811523437500000000e-01 -2.000211895644252169e-01
1.813964843750000000e-01 -2.065441760248664937e-01
1.816406250000000000e-01 -2.131399739261968795e-01
1.818847656250000000e-01 -2.198088620109063529e-01
1.821289062500000000e-01 -2.265511188359861927e-01
1.823730468750000000e-01 -2.333670227781300399e-01
1.826171875000000000e-01 -2.402568520389861406e-01
1.828613281250000000e-01 -2.472208846504661273e-01
1.831054687500000000e-01 -2.542593984801088114e-01
1.833496093750000000e-01 -2.613726712365060378e-01
1.835937500000000000e-01 -2.685609804747748908e-01
1.838378906250000000e-01 -2.758246036020871594e-01
1.840820312500000000e-01 -2.831638178832484587e-01
1.843261718750000000e-01 -2.905789004463433800e-01
1.845703125000000000e-01 -2.980701282884241077e-01
1.848144531250000000e-01 -3.056377782812561006e-01
1.850585937500000000e-01 -3.132821271771152327e-01
1.853027343750000000e-01 -3.210034516146443306e-01
1.855468750000000000e-01 -3.288020281247613363e-01
1.857910156250000000e-01 -3.366781331366066610e-01
1.860351562500000000e-01 -3.446320429835724175e-01
1.862792968750000000e-01 -3.526640339093565224e-01
1.865234375000000000e-01 -3.607743820740786367e-01
1.867675781250000000e-01 -3.689633635604678830e-01
1.870117187500000000e-01 -3.772312543800582785e-01
1.872558593750000000e-01 -3.855783304794946909e-01
1.875000000000000000e-01 -3.940048677468399596e-01
1.877441406250000000e-01 -4.025111420179619537e-01
1.879882812500000000e-01 -4.110974290829721989e-01
1.882324218750000000e-01 -4.197640046927022528e-01
1.884765625000000000e-01 -4.285111445652438622e-01
1.887207031250000000e-01 -4.373391243925420779e-01
1.889648437500000000e-01 -4.462482198470340000e-01
1.892089843750000000e-01 -4.552387065883370387e-01
1.894531250000000000e-01 -4.643108602700017906e-01
1.896972656250000000e-01 -4.734649565463066589e-01
1.899414062500000000e-01 -4.827012710791075412e-01
1.901855468750000000e-01 -4.920200795447363662e-01
1.904296875000000000e-01 -5.014216576409573634e-01
1.906738281250000000e-01 -5.109062810939719590e-01
1.909179687500000000e-01 -5.204742256654798505e-01
1.911621093750000000e-01 -5.301257671597759957e-01
1.914062500000000000e-01 -5.398611814309235424e-01
1.916503906250000000e-01 -5.496807443899675016e-01
1.918945312500000000e-01 -5.595847320121917212e-01
1.921386718750000000e-01 -5.695734203444471344e-01
1.923828125000000000e-01 -5.796470855125156474e-01
1.926269531250000000e-01 -5.898060037285333124e-01
1.928710937500000000e-01 -6.000504512984735639e-01
1.931152343750000000e-01 -6.103807046296609862e-01
1.933593750000000000e-01 -6.207970402383676811e-01
1.936035156250000000e-01 -6.312997347574385021e-01
1.938476562500000000e-01 -6.418890649439787932e-01
1.940917968750000000e-01 -6.525653076870931990e-01
1.943359375000000000e-01 -6.633287400156900881e-01
1.945800781250000000e-01 -6.741796391063097360e-01
1.948242187500000000e-01 -6.851182822910408809e-01
1.950683593750000000e-01 -6.961449470654672567e-01
1.953125000000000000e-01 -7.072599110966801828e-01
1.955566406250000000e-01 -7.184634522313322336e-01
1.958007812500000000e-01 -7.297558485037749509e-01
1.960449218750000000e-01 -7.411373781442045505e-01
1.962890625000000000e-01 -7.526083195869059939e-01
1.965332031250000000e-01 -7.641689514785299231e-01
1.967773437500000000e-01 -7.758195526864348768e-01
1.970214843750000000e-01 -7.875604023070659210e-01
1.972656250000000000e-01 -7.993917796744219872e-01
1.975097656250000000e-01 -8.113139643685465252e-01
1.977539062500000000e-01 -8.233272362240956488e-01
1.979980468750000000e-01 -8.354318753389583518e-01
1.982421875000000000e-01 -8.476281620829206886e-01
1.984863281250000000e-01 -8.599163771064199935e-01
1.987304687500000000e-01 -8.722968013493092032e-01
1.989746093750000000e-01 -8.847697160497189905e-01
1.992187500000000000e-01 -8.973354027529742982e-01
1.994628906250000000e-01 -9.099941433205429586e-01
1.997070312500000000e-01 -9.227462199390635833e-01
1.999511718750000000e-01 -9.355919151294410652e-01
2.001953125000000000e-01 -9.485315117559813824e-01
2.004394531250000000e-01 -9.615652930355969019e-01
2.006835937500000000e-01 -9.746935425470772962e-01
2.009277343750000000e-01 -9.879165442404114206e-01
2.011718750000000000e-01 -1.001234582446181909e+00
2.014160156250000000e-01 -1.014647941885004290e+00
2.016601562500000000e-01 -1.028156907677051812e+00
2.019042968750000000e-01 -1.041761765351626678e+00
2.021484375000000000e-01 -1.055462800856800332e+00
2.023925781250000000e-01 -1.069260300569114586e+00
2.026367187500000000e-01 -1.083154551303355584e+00
2.028808593750000000e-01 -1.097145840322385268e+00
2.031250000000000000e-01 -1.111234455347031247e+00
2.033691406250000000e-01 -1.125420684566066809e+00
2.036132812500000000e-01 -1.139704816646236685e+00
2.038574218750000000e-01 -1.154087140742346973e+00
2.041015625000000000e-01 -1.168567946507446997e+00
2.043457031250000000e-01 -1.183147524103056014e+00
2.045898437500000000e-01 -1.197826164209471855e+00
2.048339843750000000e-01 -1.212604158036136637e+00
2.050781250000000000e-01 -1.227481797332093727e+00
2.053222656250000000e-01 -1.242459374396492233e+00
2.055664062500000000e-01 -1.257537182089186967e+00
2.058105468750000000e-01 -1.272715513841378376e+00
2.060546875000000000e-01 -1.287994663666369943e+00
2.062988281250000000e-01 -1.303374926170352888e+00
2.065429687500000000e-01 -1.318856596563300565e+00
2.067871093750000000e-01 -1.334439970669920594e+00
2.070312500000000000e-01 -1.350125344940680261e+00
2.072753906250000000e-01 -1.365913016462929175e+00
2.075195312500000000e-01 -1.381803282972071445e+00
2.077636718750000000e-01 -1.397796442862840216e+00
2.080078125000000000e-01 -1.413892795200636154e+00
2.082519531250000000e-01 -1.430092639732954973e+00
2.084960937500000000e-01 -1.446396276900889566e+00
2.087402343750000000e-01 -1.462804007850712740e+00
2.089843750000000000e-01 -1.479316134445554987e+00
2.092285156250000000e-01 -1.495932959277146201e+00
2.094726562500000000e-01 -1.512654785677659541e+00
2.097167968750000000e-01 -1.529481917731630780e+00
2.099609375000000000e-01 -1.546414660287962484e+00
2.102050781250000000e-01 -1.563453318972027661e+00
2.104492187500000000e-01 -1.580598200197842473e+00
2.106933593750000000e-01 -1.597849611180346185e+00
2.109375000000000000e-01 -1.615207859947759506e+00
2.111816406250000000e-01 -1.632673255354041952e+00
2.114257812500000000e-01 -1.650246107091428494e+00
2.116699218750000000e-01 -1.667926725703079427e+00
2.119140625000000000e-01 -1.685715422595809310e+00
2.121582031250000000e-01 -1.703612510052914697e+00
2.124023437500000000e-01 -1.721618301247095362e+00
2.126464843750000000e-01 -1.739733110253486981e+00
2.128906250000000000e-01 -1.757957252062772646e+00
2.131347656250000000e-01 -1.776291042594411174e+00
2.133789062500000000e-01 -1.794734798709965107e+00
2.136230468750000000e-01 -1.813288838226506883e+00
2.138671875000000000e-01 -1.831953479930170436e+00
2.141113281250000000e-01 -1.850729043589771194e+00
2.143554687500000000e-01 -1.869615849970550636e+00
2.145996093750000000e-01 -1.888614220848025882e+00
2.148437500000000000e-01 -1.907724479021946085e+00
2.150878906250000000e-01 -1.926946948330350740e+00
2.153320312500000000e-01 -1.946281953663762998e+00
2.155761718750000000e-01 -1.965729820979473574e+00
2.158203125000000000e-01 -1.985290877315942781e+00
2.160644531250000000e-01 -2.004965450807327354e+00
2.163085937500000000e-01 -2.024753870698125624e+00
2.165527343750000000e-01 -2.044656467357913066e+00
2.167968750000000000e-01 -2.064673572296255699e+00
2.170410156250000000e-01 -2.084805518177672123e+00
2.172851562500000000e-01 -2.105052638836787171e+00
2.175292968750000000e-01 -2.125415269293566833e+00
2.177734375000000000e-01 -2.145893745768685079e+00
2.180175781250000000e-01 -2.166488405699054098e+00
2.182617187500000000e-01 -2.187199587753422936e+00
2.185058593750000000e-01 -2.208027631848176853e+00
2.187500000000000000e-01 -2.228972879163203746e+00
2.189941406250000000e-01 -2.250035672157956856e+00
2.192382812500000000e-01 -2.271216354587596964e+00
2.194824218750000000e-01 -2.292515271519327325e+00
2.197265625000000000e-01 -2.313932769348827190e+00
2.199707031250000000e-01 -2.335469195816847421e+00
2.202148437500000000e-01 -2.357124900025949987e+00
2.204589843750000000e-01 -2.378900232457383357e+00
2.207031250000000000e-01 -2.400795544988125307e+00
2.209472656250000000e-01 -2.422811190908053192e+00
2.211914062500000000e-01 -2.444947524937280736e+00
2.214355468750000000e-01 -2.467204903243649383e+00
2.216796875000000000e-01 -2.489583683460368402e+00
2.219238281250000000e-01 -2.512084224703818425e+00
2.221679687500000000e-01 -2.534706887591514857e+00
2.224121093750000000e-01 -2.557452034260234708e+00
2.226562500000000000e-01 -2.580320028384310405e+00
2.229003906250000000e-01 -2.603311235194084361e+00
2.231445312500000000e-01 -2.626426021494543850e+00
2.233886718750000000e-01 -2.649664755684113082e+00
2.236328125000000000e-01 -2.673027807773639353e+00
2.238769531250000000e-01 -2.696515549405537726e+00
2.241210937500000000e-01 -2.720128353873128013e+00
2.243652343750000000e-01 -2.743866596140144942e+00
2.246093750000000000e-01 -2.767730652860436624e+00
2.248535156250000000e-01 -2.791720902397853976e+00
2.250976562500000000e-01 -2.815837724846323997e+00
2.253417968750000000e-01 -2.840081502050114004e+00
2.255859375000000000e-01 -2.864452617624300146e+00
2.258300781250000000e-01 -2.888951456975423326e+00
2.260742187500000000e-01 -2.913578407322358732e+00
2.263183593750000000e-01 -2.938333857717365660e+00
2.265625000000000000e-01 -2.963218199067381597e+00
2.268066406250000000e-01 -2.988231824155478389e+00
2.270507812500000000e-01 -3.013375127662575537e+00
2.272949218750000000e-01 -3.038648506189340903e+00
2.275390625000000000e-01 -3.064052358278322341e+00
2.277832031250000000e-01 -3.089587084436295150e+00
2.280273437500000000e-01 -3.115253087156835132e+00
2.282714843750000000e-01 -3.141050770943128345e+00
2.285156250000000000e-01 -3.166980542331004678e+00
2.287597656250000000e-01 -3.193042809912199687e+00
2.290039062500000000e-01 -3.219237984357875781e+00
2.292480468750000000e-01 -3.245566478442368119e+00
2.294921875000000000e-01 -3.272028707067179631e+00
2.297363281250000000e-01 -3.298625087285227853e+00
2.299804687500000000e-01 -3.325356038325345764e+00
2.302246093750000000e-01 -3.352221981617033109e+00
2.304687500000000000e-01 -3.379223340815484367e+00
2.307128906250000000e-01 -3.406360541826847665e+00
2.309570312500000000e-01 -3.433634012833798987e+00
2.312011718750000000e-01 -3.461044184321344197e+00
2.314453125000000000e-01 -3.488591489102927934e+00
2.316894531250000000e-01 -3.516276362346804518e+00
2.319335937500000000e-01 -3.544099241602714390e+00
2.321777343750000000e-01 -3.572060566828816341e+00
2.324218750000000000e-01 -3.600160780418956818e+00
2.326660156250000000e-01 -3.628400327230199451e+00
2.329101562500000000e-01 -3.656779654610667230e+00
2.331542968750000000e-01 -3.685299212427723070e+00
2.333984375000000000e-01 -3.713959453096399965e+00
2.336425781250000000e-01 -3.742760831608218375e+00
2.338867187500000000e-01 -3.771703805560262523e+00
2.341308593750000000e-01 -3.800788835184629733e+00
2.343750000000000000e-01 -3.830016383378187061e+00
2.346191406250000000e-01 -3.859386915732666345e+00
2.348632812500000000e-01 -3.888900900565113616e+00
2.351074218750000000e-01 -3.918558808948674255e+00
2.353515625000000000e-01 -3.948361114743728084e+00
2.355957031250000000e-01 -3.978308294629401054e+00
2.358398437500000000e-01 -4.008400828135419758e+00
2.360839843750000000e-01 -4.038639197674343428e+00
2.363281250000000000e-01 -4.069023888574180070e+00
2.365722656250000000e-01 -4.099555389111369408e+00
2.368164062500000000e-01 -4.130234190544157968e+00
2.370605468750000000e-01 -4.161060787146380946e+00
2.373046875000000000e-01 -4.192035676241613551e+00
2.375488281250000000e-01 -4.223159358237770000e+00
2.377929687500000000e-01 -4.254432336662066660e+00
2.380371093750000000e-01 -4.285855118196461255e+00
2.382812500000000000e-01 -4.317428212713447344e+00
2.385253906250000000e-01 -4.349152133312359503e+00
2.387695312500000000e-01 -4.381027396356059533e+00
2.390136718750000000e-01 -4.413054521508089856e+00
2.392578125000000000e-01 -4.445234031770287864e+00
2.395019531250000000e-01 -4.477566453520852363e+00
2.397460937500000000e-01 -4.510052316552886964e+00
2.399902343750000000e-01 -4.542692154113398217e+00
2.402343750000000000e-01 -4.575486502942816891e+00
2.404785156250000000e-01 -4.608435903314977544e+00
2.407226562500000000e-01 -4.641540899077612359e+00
2.409667968750000000e-01 -4.674802037693365442e+00
2.412109375000000000e-01 -4.708219870281292074e+00
2.414550781250000000e-01 -4.741794951658918400e+00
2.416992187500000000e-01 -4.775527840384811817e+00
2.419433593750000000e-01 -4.809419098801716252e+00
2.421875000000000000e-01 -4.843469293080223004e+00
2.424316406250000000e-01 -4.877678993263002916e+00
2.426757812500000000e-01 -4.912048773309628302e+00
2.429199218750000000e-01 -4.946579211141955312e+00
2.431640625000000000e-01 -4.981270888690108478e+00
2.434082031250000000e-01 -5.016124391939059457e+00
2.436523437500000000e-01 -5.051140310975847925e+00
2.438964843750000000e-01 -5.086319240037351364e+00
2.441406250000000000e-01 -5.121661777558768058e+00
2.443847656250000000e-01 -5.157168526222707605e+00
2.446289062500000000e-01 -5.192840093008919133e+00
2.448730468750000000e-01 -5.228677089244719411e+00
2.451171875000000000e-01 -5.264680130656072876e+00
2.453613281250000000e-01 -5.300849837419368882e+00
2.456054687500000000e-01 -5.337186834213910380e+00
2.458496093750000000e-01 -5.373691750275087387e+00
2.460937500000000000e-01 -5.410365219448308949e+00
2.463378906250000000e-01 -5.447207880243652767e+00
2.465820312500000000e-01 -5.484220375891276866e+00
2.468261718750000000e-01 -5.521403354397579122e+00
2.470703125000000000e-01 -5.558757468602153473e+00
2.473144531250000000e-01 -5.596283376235527740e+00
2.475585937500000000e-01 -5.633981739977715897e+00
2.478027343750000000e-01 -5.671853227517580365e+00
2.480468750000000000e-01 -5.709898511613036298e+00
2.482910156250000000e-01 -5.748118270152095199e+00
2.485351562500000000e-01 -5.786513186214791382e+00
2.487792968750000000e-01 -5.825083948135990397e+00
2.490234375000000000e-01 -5.863831249569054549e+00
2.492675781250000000e-01 -5.902755789550477417e+00
2.495117187500000000e-01 -5.941858272565415433e+00
2.497558593750000000e-01 -5.981139408614168040e+00
2.500000000000000000e-01 -6.020599913279624182e+00
2.502441406250000000e-01 -6.060240507795714215e+00
2.504882812500000000e-01 -6.100061919116823717e+00
2.507324218750000000e-01 -6.140064879988241131e+00
2.509765625000000000e-01 -6.180250129017657912e+00
2.512207031250000000e-01 -6.220618410747713156e+00
2.514648437500000000e-01 -6.261170475729606721e+00
2.517089843750000000e-01 -6.301907080597819899e+00
2.519531250000000000e-01 -6.342828988145954305e+00
2.521972656250000000e-01 -6.383936967403710305e+00
2.524414062500000000e-01 -6.425231793715010298e+00
2.526855468750000000e-01 -6.466714248817328148e+00
2.529296875000000000e-01 -6.508385120922204337e+00
2.531738281250000000e-01 -6.550245204796993903e+00
2.534179687500000000e-01 -6.592295301847867606e+00
2.536621093750000000e-01 -6.634536220204093837e+00
2.539062500000000000e-01 -6.676968774803605733e+00
2.541503906250000000e-01 -6.719593787479908542e+00
2.543945312500000000e-01 -6.762412087050324594e+00
2.546386718750000000e-01 -6.805424509405629152e+00
2.548828125000000000e-01 -6.848631897601076268e+00
2.551269531250000000e-01 -6.892035101948865261e+00
2.553710937500000000e-01 -6.935634980112076242e+00
2.556152343750000000e-01 -6.979432397200056926e+00
2.558593750000000000e-01 -7.023428225865375296e+00
2.561035156250000000e-01 -7.067623346402289286e+00
2.563476562500000000e-01 -7.112018646846811620e+00
2.565917968750000000e-01 -7.156615023078368942e+00
2.568359375000000000e-01 -7.201413378923117392e+00
2.570800781250000000e-01 -7.246414626258935954e+00
2.573242187500000000e-01 -7.291619685122114447e+00
2.575683593750000000e-01 -7.337029483815806330e+00
2.578125000000000000e-01 -7.382644959020248976e+00
2.580566406250000000e-01 -7.428467055904794947e+00
2.583007812500000000e-01 -7.474496728241819099e+00
2.585449218750000000e-01 -7.520734938522494417e+00
2.587890625000000000e-01 -7.567182658074517398e+00
2.590332031250000000e-01 -7.613840867181784766e+00
2.592773437500000000e-01 -7.660710555206115657e+00
2.595214843750000000e-01 -7.707792720710973988e+00
2.597656250000000000e-01 -7.755088371587354423e+00
2.600097656250000000e-01 -7.802598525181747569e+00
2.602539062500000000e-01 -7.850324208426337158e+00
2.604980468750000000e-01 -7.898266457971415910e+00
2.607421875000000000e-01 -7.946426320320054693e+00
2.609863281250000000e-01 -7.994804851965152892e+00
2.612304687500000000e-01 -8.043403119528818479e+00
2.614746093750000000e-01 -8.092222199904208324e+00
2.617187500000000000e-01 -8.141263180399842980e+00
2.619628906250000000e-01 -8.190527158886446557e+00
2.622070312500000000e-01 -8.240015243946395174e+00
2.624511718750000000e-01 -8.289728555025794421e+00
2.626953125000000000e-01 -8.339668222589288860e+00
2.629394531250000000e-01 -8.389835388277600003e+00
2.631835937500000000e-01 -8.440231205067934894e+00
2.634277343750000000e-01 -8.490856837437236848e+00
2.636718750000000000e-01 -8.541713461528425810e+00
2.639160156250000000e-01 -8.592802265319630095e+00
2.641601562500000000e-01 -8.644124448796537408e+00
2.644042968750000000e-01 -8.695681224127868703e+00
2.646484375000000000e-01 -8.747473815844088563e+00
2.648925781250000000e-01 -8.799503461019432038e+00
2.651367187500000000e-01 -8.851771409457283468e+00
2.653808593750000000e-01 -8.904278923879031638e+00
2.656250000000000000e-01 -8.957027280116427903e+00
2.658691406250000000e-01 -9.010017767307587633e+00
2.661132812500000000e-01 -9.063251688096666925e+00
2.663574218750000000e-01 -9.116730358837321191e+00
2.666015625000000000e-01 -9.170455109800059290e+00
2.668457031250000000e-01 -9.224427285383523412e+00
2.670898437500000000e-01 -9.278648244329856354e+00
2.673339843750000000e-01 -9.333119359944177518e+00
2.675781250000000000e-01 -9.387842020318368341e+00
2.678222656250000000e-01 -9.442817628559129872e+00
2.680664062500000000e-01 -9.498047603020561169e+00
2.683105468750000000e-01 -9.553533377541267413e+00
2.685546875000000000e-01 -9.609276401686123847e+00
2.687988281250000000e-01 -9.665278140992857203e+00
2.690429687500000000e-01 -9.721540077223490783e+00
2.692871093750000000e-01 -9.778063708620834404e+00
2.695312500000000000e-01 -9.834850550170097350e+00
2.697753906250000000e-01 -9.891902133865782432e+00
2.700195312500000000e-01 -9.949220008983960639e+00
2.702636718750000000e-01 -1.000680574236008979e+01
2.705078125000000000e-01 -1.006466091867250867e+01
2.707519531250000000e-01 -1.012278714073172381e+01
2.709960937500000000e-01 -1.018118602977566844e+01
2.712402343750000000e-01 -1.023985922577104546e+01
2.714843750000000000e-01 -1.029880838772097462e+01
2.717285156250000000e-01 -1.035803519397902406e+01
2.719726562500000000e-01 -1.041754134256983022e+01
2.722167968750000000e-01 -1.047732855151650355e+01
2.724609375000000000e-01 -1.053739855917492108e+01
2.727050781250000000e-01 -1.059775312457517593e+01
2.729492187500000000e-01 -1.065839402777025668e+01
2.731933593750000000e-01 -1.071932307019228148e+01
2.734375000000000000e-01 -1.078054207501636874e+01
2.736816406250000000e-01 -1.084205288753239849e+01
2.739257812500000000e-01 -1.090385737552489331e+01
2.741699218750000000e-01 -1.096595742966113818e+01
2.744140625000000000e-01 -1.102835496388795455e+01
2.746582031250000000e-01 -1.109105191583709171e+01
2.749023437500000000e-01 -1.115405024723971650e+01
2.751464843750000000e-01 -1.121735194435010641e+01
2.753906250000000000e-01 -1.128095901837884618e+01
2.756347656250000000e-01 -1.134487350593574817e+01
2.758789062500000000e-01 -1.140909746948284820e+01
2.761230468750000000e-01 -1.147363299779765100e+01
2.763671875000000000e-01 -1.153848220644697520e+01
2.766113281250000000e-01 -1.160364723827170330e+01
2.768554687500000000e-01 -1.166913026388266417e+01
2.770996093750000000e-01 -1.173493348216807064e+01
2.773437500000000000e-01 -1.180105912081275932e+01
2.775878906250000000e-01 -1.186750943682958415e+01
2.778320312500000000e-01 -1.193428671710333511e+01
2.780761718750000000e-01 -1.200139327894753016e+01
2.783203125000000000e-01 -1.206883147067443929e+01
2.785644531250000000e-01 -1.213660367217874736e+01
2.788085937500000000e-01 -1.220471229553523429e+01
2.790527343750000000e-01 -1.227315978561087029e+01
2.792968750000000000e-01 -1.234194862069184317e+01
2.795410156250000000e-01 -1.241108131312578777e+01
2.797851562500000000e-01 -1.248056040997986393e+01
2.800292968750000000e-01 -1.255038849371502074e+01
2.802734375000000000e-01 -1.262056818287696380e+01
2.805175781250000000e-01 -1.269110213280439936e+01
2.807617187500000000e-01 -1.276199303635496207e+01
2.810058593750000000e-01 -1.283324362464949253e+01
2.812500000000000000e-01 -1.290485666783513885e+01
2.814941406250000000e-01 -1.297683497586786672e+01
2.817382812500000000e-01 -1.304918139931506182e+01
2.819824218750000000e-01 -1.312189883017876646e+01
2.822265625000000000e-01 -1.319499020274021817e+01
2.824707031250000000e-01 -1.326845849442640102e+01
2.827148437500000000e-01 -1.334230672669926321e+01
2.829589843750000000e-01 -1.341653796596831683e+01
2.832031250000000000e-01 -1.349115532452748845e+01
2.834472656250000000e-01 -1.356616196151675169e+01
2.836914062500000000e-01 -1.364156108390966970e+01
2.839355468750000000e-01 -1.371735594752741605e+01
2.841796875000000000e-01 -1.379354985808026335e+01
2.844238281250000000e-01 -1.387014617223751145e+01
2.846679687500000000e-01 -1.394714829872661532e+01
2.849121093750000000e-01 -1.402455969946266912e+01
2.851562500000000000e-01 -1.410238389070917187e+01
2.854003906250000000e-01 -1.418062444427114244e+01
2.856445312500000000e-01 -1.425928498872166550e+01
2.858886718750000000e-01 -1.433836921066308001e+01
2.861328125000000000e-01 -1.441788085602393465e+01
2.863769531250000000e-01 -1.449782373139293767e+01
2.866210937500000000e-01 -1.457820170539126003e+01
2.868652343750000000e-01 -1.465901871008443891e+01
2.871093750000000000e-01 -1.474027874243535585e+01
2.873535156250000000e-01 -1.482198586579970545e+01
2.875976562500000000e-01 -1.490414421146545543e+01
2.878417968750000000e-01 -1.498675798023790762e+01
2.880859375000000000e-01 -1.506983144407197095e+01
2.883300781250000000e-01 -1.515336894775337839e+01
2.885742187500000000e-01 -1.523737491063063665e+01
2.888183593750000000e-01 -1.532185382839955423e+01
2.890625000000000000e-01 -1.540681027494230548e+01
2.893066406250000000e-01 -1.549224890422303424e+01
2.895507812500000000e-01 -1.557817445224216968e+01
2.897949218750000000e-01 -1.566459173905159119e+01
2.900390625000000000e-01 -1.575150567083301567e+01
2.902832031250000000e-01 -1.583892124204191632e+01
2.905273437500000000e-01 -1.592684353761971749e+01
2.907714843750000000e-01 -1.601527773527654119e+01
2.910156250000000000e-01 -1.610422910784762962e+01
2.912597656250000000e-01 -1.619370302572606946e+01
2.915039062500000000e-01 -1.628370495937495832e+01
2.917480468750000000e-01 -1.637424048192207593e+01
2.919921875000000000e-01 -1.646531527184043497e+01
2.922363281250000000e-01 -1.655693511571817211e+01
2.924804687500000000e-01 -1.664910591112126781e+01
2.927246093750000000e-01 -1.674183366955307406e+01
2.929687500000000000e-01 -1.683512451951449407e+01
2.932128906250000000e-01 -1.692898470966901314e+01
2.934570312500000000e-01 -1.702342061211691515e+01
2.937011718750000000e-01 -1.711843872578340608e+01
2.939453125000000000e-01 -1.721404567992521706e+01
2.941894531250000000e-01 -1.731024823776099453e+01
2.944335937500000000e-01 -1.740705330023055808e+01
2.946777343750000000e-01 -1.750446790988874923e+01
2.949218750000000000e-01 -1.760249925493965861e+01
2.951660156250000000e-01 -1.770115467341734217e+01
2.954101562500000000e-01 -1.780044165751961316e+01
2.956542968750000000e-01 -1.790036785810166364e+01
2.958984375000000000e-01 -1.800094108933654269e+01
2.961425781250000000e-01 -1.810216933355031088e+01
2.963867187500000000e-01 -1.820406074623956272e+01
2.966308593750000000e-01 -1.830662366127980789e+01
2.968750000000000000e-01 -1.840986659633354705e+01
2.971191406250000000e-01 -1.851379825846723293e+01
2.973632812500000000e-01 -1.861842754998708216e+01
2.976074218750000000e-01 -1.872376357450394124e+01
2.978515625000000000e-01 -1.882981564323828394e+01
2.980957031250000000e-01 -1.893659328157676569e+01
2.983398437500000000e-01 -1.904410623589262030e+01
2.985839843750000000e-01 -1.915236448064268870e+01
2.988281250000000000e-01 -1.926137822575494951e+01
2.990722656250000000e-01 -1.937115792432069483e+01
2.993164062500000000e-01 -1.948171428060686239e+01
2.995605468750000000e-01 -1.959305825840456450e+01
2.998046875000000000e-01 -1.970520108973105167e+01
3.000488281250000000e-01 -1.981815428390326517e+01
3.002929687500000000e-01 -1.993192963700225562e+01
3.005371093750000000e-01 -2.004653924174884949e+01
3.007812500000000000e-01 -2.016199549781246247e+01
3.010253906250000000e-01 -2.027831112257603152e+01
3.012695312500000000e-01 -2.039549916238144078e+01
3.015136718750000000e-01 -2.051357300428190200e+01
3.017578125000000000e-01 -2.063254638832867727e+01
3.020019531250000000e-01 -2.075243342042173111e+01
3.022460937500000000e-01 -2.087324858575613007e+01
3.024902343750000000e-01 -2.099500676289711620e+01
3.027343750000000000e-01 -2.111772323852020961e+01
3.029785156250000000e-01 -2.124141372285410512e+01
3.032226562500000000e-01 -2.136609436586731192e+01
3.034667968750000000e-01 -2.149178177424191816e+01
3.037109375000000000e-01 -2.161849302918107085e+01
3.039550781250000000e-01 -2.174624570510001575e+01
3.041992187500000000e-01 -2.187505788925391670e+01
3.044433593750000000e-01 -2.200494820235935123e+01
3.046875000000000000e-01 -2.213593582027110074e+01
3.049316406250000000e-01 -2.226804049677925335e+01
3.051757812500000000e-01 -2.240128258759761337e+01
3.054199218750000000e-01 -2.253568307561863904e+01
3.056640625000000000e-01 -2.267126359751653553e+01
3.059082031250000000e-01 -2.280804647178566924e+01
3.061523437500000000e-01 -2.294605472830901505e+01
3.063964843750000000e-01 -2.308531213955726713e+01
3.066406250000000000e-01 -2.322584325352908152e+01
3.068847656250000000e-01 -2.336767342854961527e+01
3.071289062500000000e-01 -2.351082887005549438e+01
3.073730468750000000e-01 -2.365533666950394576e+01
3.076171875000000000e-01 -2.380122484555511164e+01
3.078613281250000000e-01 -2.394852238768950770e+01
3.081054687500000000e-01 -2.409725930243538272e+01
3.083496093750000000e-01 -2.424746666239620296e+01
3.085937500000000000e-01 -2.439917665828477311e+01
3.088378906250000000e-01 -2.455242265418801395e+01
3.090820312500000000e-01 -2.470723924630685886e+01
3.093261718750000000e-01 -2.486366232543706190e+01
3.095703125000000000e-01 -2.502172914348098232e+01
3.098144531250000000e-01 -2.518147838430706642e+01
3.100585937500000000e-01 -2.534295023930276614e+01
3.103027343750000000e-01 -2.550618648799994048e+01
3.105468750000000000e-01 -2.567123058418700055e+01
3.107910156250000000e-01 -2.583812774796288636e+01
3.110351562500000000e-01 -2.600692506423252581e+01
3.112792968750000000e-01 -2.617767158819267692e+01
3.115234375000000000e-01 -2.635041845841262997e+01
3.117675781250000000e-01 -2.652521901817695849e+01
3.120117187500000000e-01 -2.670212894582531504e+01
3.122558593750000000e-01 -2.688120639490336217e+01
3.125000000000000000e-01 -2.706251214502497504e+01
3.127441406250000000e-01 -2.724610976444461485e+01
3.129882812500000000e-01 -2.743206578544837626e+01
3.132324218750000000e-01 -2.762044989379752025e+01
3.134765625000000000e-01 -2.781133513359829479e+01
3.137207031250000000e-01 -2.800479812913186706e+01
3.139648437500000000e-01 -2.820091932535848400e+01
3.142089843750000000e-01 -2.839978324901618834e+01
3.144531250000000000e-01 -2.860147879246875746e+01
3.146972656250000000e-01 -2.880609952272468277e+01
3.149414062500000000e-01 -2.901374401835595762e+01
3.151855468750000000e-01 -2.922451623739712545e+01
3.154296875000000000e-01 -2.943852591970795274e+01
3.156738281250000000e-01 -2.965588902775095903e+01
3.159179687500000000e-01 -2.987672823027206803e+01
3.161621093750000000e-01 -3.010117343399740264e+01
3.164062500000000000e-01 -3.032936236918516570e+01
3.166503906250000000e-01 -3.056144123571602478e+01
3.168945312500000000e-01 -3.079756541739451592e+01
3.171386718750000000e-01 -3.103790027329294787e+01
3.173828125000000000e-01 -3.128262201633216222e+01
3.176269531250000000e-01 -3.153191869090398569e+01
3.178710937500000000e-01 -3.178599126324651536e+01
3.181152343750000000e-01 -3.204505484054960363e+01
3.183593750000000000e-01 -3.230934003747551486e+01
3.186035156250000000e-01 -3.257909451202029061e+01
3.188476562500000000e-01 -3.285458469654429337e+01
3.190917968750000000e-01 -3.313609775451711670e+01
3.193359375000000000e-01 -3.342394379924708403e+01
3.195800781250000000e-01 -3.371845841785609821e+01
3.198242187500000000e-01 -3.402000555232899615e+01
3.200683593750000000e-01 -3.432898080003383967e+01
3.203125000000000000e-01 -3.464581520921463920e+01
3.205566406250000000e-01 -3.497097966130215241e+01
3.208007812500000000e-01 -3.530498995241109128e+01
3.210449218750000000e-01 -3.564841271232118203e+01
3.212890625000000000e-01 -3.600187233225152283e+01
3.215332031250000000e-01 -3.636605911505917987e+01
3.217773437500000000e-01 -3.674173891622103127e+01
3.220214843750000000e-01 -3.712976461529810734e+01
3.222656250000000000e-01 -3.753108985147684251e+01
3.225097656250000000e-01 -3.794678558154196679e+01
3.227539062500000000e-01 -3.837806018620107551e+01
3.229980468750000000e-01 -3.882628407829631811e+01
3.232421875000000000e-01 -3.929302007945664599e+01
3.234863281250000000e-01 -3.978006126800949005e+01
3.237304687500000000e-01 -4.028947861788950036e+01
3.239746093750000000e-01 -4.082368163465851296e+01
3.242187500000000000e-01 -4.138549649064654545e+01
3.244628906250000000e-01 -4.197826809262681991e+01
3.247070312500000000e-01 -4.260599545599106364e+01
3.249511718750000000e-01 -4.327351434395226448e+01
3.251953125000000000e-01 -4.398674847114853748e+01
3.254394531250000000e-01 -4.475306268494375672e+01
3.256835937500000000e-01 -4.558177222745960222e+01
3.259277343750000000e-01 -4.648489894573421566e+01
3.261718750000000000e-01 -4.747833373239324573e+01
3.264160156250000000e-01 -4.858369893606308665e+01
3.266601562500000000e-01 -4.983148666465435639e+01
3.269042968750000000e-01 -5.126669090901329184e+01
3.271484375000000000e-01 -5.295976902850252088e+01
3.273925781250000000e-01 -5.503042919966986091e+01
3.276367187500000000e-01 -5.770792839013323317e+01
3.278808593750000000e-01 -6.152638386722540531e+01
3.281250000000000000e-01 -6.834434300027510290e+01
3.283691406250000000e-01 -8.352068549984302592e+01
3.286132812500000000e-01 -6.586381825801804268e+01
3.288574218750000000e-01 -6.049425435821998320e+01
3.291015625000000000e-01 -5.724383508451280989e+01
3.293457031250000000e-01 -5.491686656004037559e+01
3.295898437500000000e-01 -5.311000213522519431e+01
3.298339843750000000e-01 -5.163742250485835683e+01
3.300781250000000000e-01 -5.039801045628637155e+01
3.303222656250000000e-01 -4.933059967309885963e+01
3.305664062500000000e-01 -4.839535816992728456e+01
3.308105468750000000e-01 -4.756489263428080960e+01
3.310546875000000000e-01 -4.681955460326125262e+01
3.312988281250000000e-01 -4.614477107329210526e+01
3.315429687500000000e-01 -4.552943449203154103e+01
3.317871093750000000e-01 -4.496488451079788717e+01
3.320312500000000000e-01 -4.444423827407658223e+01
3.322753906250000000e-01 -4.396193521239759860e+01
3.325195312500000000e-01 -4.351341883437062563e+01
3.327636718750000000e-01 -4.309490883720727084e+01
3.330078125000000000e-01 -4.270323441883543580e+01
3.332519531250000000e-01 -4.233571006970414174e+01
3.334960937500000000e-01 -4.199004148114020296e+01
3.337402343750000000e-01 -4.166425321144466665e+01
3.339843750000000000e-01 -4.135663233831132146e+01
3.342285156250000000e-01 -4.106568403686418378e+01
3.344726562500000000e-01 -4.079009617726428161e+01
3.347167968750000000e-01 -4.052871082988198737e+01
3.349609375000000000e-01 -4.028050112139047911e+01
3.352050781250000000e-01 -4.004455227963212849e+01
3.354492187500000000e-01 -3.982004598932545747e+01
3.356933593750000000e-01 -3.960624738813912415e+01
3.359375000000000000e-01 -3.940249418590701680e+01
3.361816406250000000e-01 -3.920818750424513865e+01
3.364257812500000000e-01 -3.902278412024055854e+01
3.366699218750000000e-01 -3.884578986373007581e+01
3.369140625000000000e-01 -3.867675396832385104e+01
3.371582031250000000e-01 -3.851526421559385938e+01
3.374023437500000000e-01 -3.836094274253447622e+01
3.376464843750000000e-01 -3.821344240656823388e+01
3.378906250000000000e-01 -3.807244362152783879e+01
3.381347656250000000e-01 -3.793765159333690917e+01
3.383789062500000000e-01 -3.780879389639507338e+01
3.386230468750000000e-01 -3.768561834159071822e+01
3.388671875000000000e-01 -3.756789109492683565e+01
3.391113281250000000e-01 -3.745539501232247659e+01
3.393554687500000000e-01 -3.734792816156141271e+01
3.395996093750000000e-01 -3.724530250680439991e+01
3.398437500000000000e-01 -3.714734273478415361e+01
3.400878906250000000e-01 -3.705388520486068415e+01
3.403320312500000000e-01 -3.696477700769073493e+01
3.405761718750000000e-01 -3.687987511941035024e+01
3.408203125000000000e-01 -3.679904564004728940e+01
3.410644531250000000e-01 -3.672216310640600057e+01
3.413085937500000000e-01 -3.664910987097270834e+01
3.415527343750000000e-01 -3.657977553949033478e+01
3.417968750000000000e-01 -3.651405646079409451e+01
3.420410156250000000e-01 -3.645185526331463421e+01
3.422851562500000000e-01 -3.639308043333900144e+01
3.425292968750000000e-01 -3.633764593072733362e+01
3.427734375000000000e-01 -3.628547083829335662e+01
3.430175781250000000e-01 -3.623647904150528376e+01
3.432617187500000000e-01 -3.619059893555504459e+01
3.435058593750000000e-01 -3.614776315717723776e+01
3.437500000000000000e-01 -3.610790833889928564e+01
3.439941406250000000e-01 -3.607097488365773330e+01
3.442382812500000000e-01 -3.603690675794653941e+01
3.444824218750000000e-01 -3.600565130185884044e+01
3.447265625000000000e-01 -3.597715905456171015e+01
3.449707031250000000e-01 -3.595138359389577687e+01
3.452148437500000000e-01 -3.592828138893152357e+01
3.454589843750000000e-01 -3.590781166443343153e+01
3.457031250000000000e-01 -3.588993627629184857e+01
3.459472656250000000e-01 -3.587461959708114989e+01
3.461914062500000000e-01 -3.586182841098382568e+01
3.464355468750000000e-01 -3.585153181740269446e+01
3.466796875000000000e-01 -3.584370114265045970e+01
3.469238281250000000e-01 -3.583830985916564060e+01
3.471679687500000000e-01 -3.583533351176575366e+01
3.474121093750000000e-01 -3.583474965049359184e+01
3.476562500000000000e-01 -3.583653776966357185e+01
3.479003906250000000e-01 -3.584067925275414268e+01
3.481445312500000000e-01 -3.584715732283263634e+01
3.483886718750000000e-01 -3.585595699823279148e+01
3.486328125000000000e-01 -3.586706505324033856e+01
3.488769531250000000e-01 -3.588046998356909967e+01
3.491210937500000000e-01 -3.589616197644162554e+01
3.493652343750000000e-01 -3.591413288511264312e+01
3.496093750000000000e-01 -3.593437620769910268e+01
3.498535156250000000e-01 -3.595688707020560315e+01
3.500976562500000000e-01 -3.598166221365423922e+01
3.503417968750000000e-01 -3.600869998525259064e+01
3.505859375000000000e-01 -3.603800033355359034e+01
3.508300781250000000e-01 -3.606956480758053374e+01
3.510742187500000000e-01 -3.610339655991426611e+01
3.513183593750000000e-01 -3.613950035375775371e+01
3.515625000000000000e-01 -3.617788257401424801e+01
3.518066406250000000e-01 -3.621855124243865731e+01
3.520507812500000000e-01 -3.626151603693897840e+01
3.522949218750000000e-01 -3.630678831513209559e+01
3.525390625000000000e-01 -3.635438114227792994e+01
3.527832031250000000e-01 -3.640430932374129469e+01
3.530273437500000000e-01 -3.645658944215680464e+01
3.532714843750000000e-01 -3.651123989950058046e+01
3.535156250000000000e-01 -3.656828096429949682e+01
3.537597656250000000e-01 -3.662773482424238836e+01
3.540039062500000000e-01 -3.668962564449140018e+01
3.542480468750000000e-01 -3.675397963202743057e+01
3.544921875000000000e-01 -3.682082510640696427e+01
3.547363281250000000e-01 -3.689019257734798174e+01
3.549804687500000000e-01 -3.696211482961508210e+01
3.552246093750000000e-01 -3.703662701572626048e+01
3.554687500000000000e-01 -3.711376675706197403e+01
3.557128906250000000e-01 -3.719357425402628081e+01
3.559570312500000000e-01 -3.727609240597958262e+01
3.562011718750000000e-01 -3.736136694174719253e+01
3.564453125000000000e-01 -3.744944656159918850e+01
3.566894531250000000e-01 -3.754038309169713727e+01
3.569335937500000000e-01 -3.763423165212240917e+01
3.571777343750000000e-01 -3.773105083972790652e+01
3.574218750000000000e-01 -3.783090292720233094e+01
3.576660156250000000e-01 -3.793385407990221836e+01
3.579101562500000000e-01 -3.803997459219512933e+01
3.581542968750000000e-01 -3.814933914526947234e+01
3.583984375000000000e-01 -3.826202708861242741e+01
3.586425781250000000e-01 -3.837812274763224707e+01
3.588867187500000000e-01 -3.849771576022069297e+01
3.591308593750000000e-01 -3.862090144541785008e+01
3.593750000000000000e-01 -3.874778120775544465e+01
3.596191406250000000e-01 -3.887846298134623879e+01
3.598632812500000000e-01 -3.901306171833930136e+01
3.601074218750000000e-01 -3.915169992701447654e+01
3.603515625000000000e-01 -3.929450826554013076e+01
3.605957031250000000e-01 -3.944162619830015615e+01
3.608398437500000000e-01 -3.959320272272231023e+01
3.610839843750000000e-01 -3.974939717575050224e+01
3.613281250000000000e-01 -3.991038013051837652e+01
3.615722656250000000e-01 -4.007633439546993515e+01
3.618164062500000000e-01 -4.024745613015262080e+01
3.620605468750000000e-01 -4.042395609428591996e+01
3.623046875000000000e-01 -4.060606104953282625e+01
3.625488281250000000e-01 -4.079401533679829583e+01
3.627929687500000000e-01 -4.098808265596615996e+01
3.630371093750000000e-01 -4.118854807993785982e+01
3.632812500000000000e-01 -4.139572034084633856e+01
3.635253906250000000e-01 -4.160993443367097910e+01
3.637695312500000000e-01 -4.183155459150462718e+01
3.640136718750000000e-01 -4.206097769786285312e+01
3.642578125000000000e-01 -4.229863721526765374e+01
3.645019531250000000e-01 -4.254500772662399299e+01
3.647460937500000000e-01 -4.280061020764293289e+01
3.649902343750000000e-01 -4.306601817609271166e+01
3.652343750000000000e-01 -4.334186489873624026e+01
3.654785156250000000e-01 -4.362885188191800268e+01
3.657226562500000000e-01 -4.392775893015673461e+01
3.659667968750000000e-01 -4.423945613344226047e+01
3.662109375000000000e-01 -4.456491824460604789e+01
3.664550781250000000e-01 -4.490524204227507710e+01
3.666992187500000000e-01 -4.526166745555997295e+01
3.669433593750000000e-01 -4.563560347274525952e+01
3.671875000000000000e-01 -4.602866019579757761e+01
3.674316406250000000e-01 -4.644268887742047269e+01
3.676757812500000000e-01 -4.687983245150405764e+01
3.679199218750000000e-01 -4.734259004047653718e+01
3.681640625000000000e-01 -4.783390035163299814e+01
3.684082031250000000e-01 -4.835725101457700958e+01
3.686523437500000000e-01 -4.891682418863066317e+01
3.688964843750000000e-01 -4.951769391028494738e+01
3.691406250000000000e-01 -5.016609894202051123e+01
3.693847656250000000e-01 -5.086982867782119655e+01
3.696289062500000000e-01 -5.163878344068454140e+01
3.698730468750000000e-01 -5.248581322266942806e+01
3.701171875000000000e-01 -5.342801942442447682e+01
3.703613281250000000e-01 -5.448886479255566684e+01
3.706054687500000000e-01 -5.570178018409028198e+01
3.708496093750000000e-01 -5.711675639567032192e+01
3.710937500000000000e-01 -5.881348503667888394e+01
3.713378906250000000e-01 -6.093084031941724277e+01
3.715820312500000000e-01 -6.374543777760490570e+01
3.718261718750000000e-01 -6.794903854423134248e+01
3.720703125000000000e-01 -7.644393611568261804e+01
3.723144531250000000e-01 -8.001621183392535386e+01
3.725585937500000000e-01 -6.910047833216172819e+01
3.728027343750000000e-01 -6.440620647989284464e+01
3.730468750000000000e-01 -6.137116742452267459e+01
3.732910156250000000e-01 -5.912321711551800263e+01
3.735351562500000000e-01 -5.733668558886942890e+01
3.737792968750000000e-01 -5.585384851584557708e+01
3.740234375000000000e-01 -5.458621953499299195e+01
3.742675781250000000e-01 -5.347915090956369255e+01
3.745117187500000000e-01 -5.249651412758004199e+01
3.747558593750000000e-01 -5.161317482916832944e+01
3.750000000000000000e-01 -5.081093983457552810e+01
3.752441406250000000e-01 -5.007621522339853470e+01
3.754882812500000000e-01 -4.939857573261396340e+01
3.757324218750000000e-01 -4.876985048349430940e+01
3.759765625000000000e-01 -4.818351639250123242e+01
3.762207031250000000e-01 -4.763428280849613117e+01
3.764648437500000000e-01 -4.711779930644583203e+01
3.767089843750000000e-01 -4.663044526034792625e+01
3.769531250000000000e-01 -4.616917518024501277e+01
3.771972656250000000e-01 -4.573140296906048263e+01
3.774414062500000000e-01 -4.531491390758026938e+01
3.776855468750000000e-01 -4.491779675943448780e+01
3.779296875000000000e-01 -4.453839071726382315e+01
3.781738281250000000e-01 -4.417524345961317067e+01
3.784179687500000000e-01 -4.382707763819949776e+01
3.786621093750000000e-01 -4.349276384052016908e+01
3.789062500000000000e-01 -4.317129858208114968e+01
3.791503906250000000e-01 -4.286178624562933237e+01
3.793945312500000000e-01 -4.256342414725918388e+01
3.796386718750000000e-01 -4.227549010143536634e+01
3.798828125000000000e-01 -4.199733199935134564e+01
3.801269531250000000e-01 -4.172835902168443312e+01
3.803710937500000000e-01 -4.146803418748936565e+01
3.806152343750000000e-01 -4.121586800260259054e+01
3.808593750000000000e-01 -4.097141301842778205e+01
3.811035156250000000e-01 -4.073425914886489352e+01
3.813476562500000000e-01 -4.050402962204920243e+01
3.815917968750000000e-01 -4.028037746635345684e+01
3.818359375000000000e-01 -4.006298244821249455e+01
3.820800781250000000e-01 -3.985154839379953273e+01
3.823242187500000000e-01 -3.964580083821950041e+01
3.825683593750000000e-01 -3.944548495530492005e+01
3.828125000000000000e-01 -3.925036372875337776e+01
3.830566406250000000e-01 -3.906021633161251572e+01
3.833007812500000000e-01 -3.887483668626265398e+01
3.835449218750000000e-01 -3.869403218129456690e+01
3.837890625000000000e-01 -3.851762252520788365e+01
3.840332031250000000e-01 -3.834543871978470975e+01
3.842773437500000000e-01 -3.817732213845485489e+01
3.845214843750000000e-01 -3.801312369702271354e+01
3.847656250000000000e-01 -3.785270310586874842e+01
3.850097656250000000e-01 -3.769592819420424235e+01
3.852539062500000000e-01 -3.754267429820642832e+01
3.854980468750000000e-01 -3.739282370592169968e+01
3.857421875000000000e-01 -3.724626515273272531e+01
3.859863281250000000e-01 -3.710289336196252208e+01
3.862304687500000000e-01 -3.696260862585427276e+01
3.864746093750000000e-01 -3.682531642274472716e+01
3.867187500000000000e-01 -3.669092706674344129e+01
3.869628906250000000e-01 -3.655935538666211215e+01
3.872070312500000000e-01 -3.643052043131277884e+01
3.874511718750000000e-01 -3.630434519861974252e+01
3.876953125000000000e-01 -3.618075638627341561e+01
3.879394531250000000e-01 -3.605968416190415127e+01
3.881835937500000000e-01 -3.594106195097267431e+01
3.884277343750000000e-01 -3.582482624076324385e+01
3.886718750000000000e-01 -3.571091639903742276e+01
3.889160156250000000e-01 -3.559927450605285060e+01
3.891601562500000000e-01 -3.548984519878360544e+01
3.894042968750000000e-01 -3.538257552629657710e+01
3.896484375000000000e-01 -3.527741481533886514e+01
3.898925781250000000e-01 -3.517431454528643542e+01
3.901367187500000000e-01 -3.507322823168286163e+01
3.903808593750000000e-01 -3.497411131767270831e+01
3.906250000000000000e-01 -3.487692107269694475e+01
3.908691406250000000e-01 -3.478161649787705301e+01
3.911132812500000000e-01 -3.468815823756796135e+01
3.913574218750000000e-01 -3.459650849660388872e+01
3.916015625000000000e-01 -3.450663096280548814e+01
3.918457031250000000e-01 -3.441849073435457029e+01
3.920898437500000000e-01 -3.433205425167562197e+01
3.923339843750000000e-01 -3.424728923349437082e+01
3.925781250000000000e-01 -3.416416461677332705e+01
3.928222656250000000e-01 -3.408265050024583331e+01
3.930664062500000000e-01 -3.400271809129721134e+01
3.933105468750000000e-01 -3.392433965595836298e+01
3.935546875000000000e-01 -3.384748847179881182e+01
3.937988281250000000e-01 -3.377213878352195309e+01
3.940429687500000000e-01 -3.369826576108063421e+01
3.942871093750000000e-01 -3.362584546014600306e+01
3.945312500000000000e-01 -3.355485478477535821e+01
3.947753906250000000e-01 -3.348527145213624578e+01
3.950195312500000000e-01 -3.341707395915419454e+01
3.952636718750000000e-01 -3.335024155096364495e+01
3.955078125000000000e-01 -3.328475419104791655e+01
3.957519531250000000e-01 -3.322059253296293946e+01
3.959960937500000000e-01 -3.315773789354993539e+01
3.962402343750000000e-01 -3.309617222754395982e+01
3.964843750000000000e-01 -3.303587810349671372e+01
3.967285156250000000e-01 -3.297683868093529469e+01
3.969726562500000000e-01 -3.291903768868331781e+01
3.972167968750000000e-01 -3.286245940427901502e+01
3.974609375000000000e-01 -3.280708863442539780e+01
3.977050781250000000e-01 -3.275291069641569663e+01
3.979492187500000000e-01 -3.269991140047837774e+01
3.981933593750000000e-01 -3.264807703299133124e+01
3.984375000000000000e-01 -3.259739434051737561e+01
3.986816406250000000e-01 -3.254785051461675494e+01
3.989257812500000000e-01 -3.249943317739499093e+01
3.991699218750000000e-01 -3.245213036774751458e+01
3.994140625000000000e-01 -3.240593052826437770e+01
3.996582031250000000e-01 -3.236082249276053346e+01
3.999023437500000000e-01 -3.231679547440155886e+01
4.001464843750000000e-01 -3.227383905439219802e+01
4.003906250000000000e-01 -3.223194317120233165e+01
4.006347656250000000e-01 -3.219109811030244828e+01
4.008789062500000000e-01 -3.215129449438444453e+01
4.011230468750000000e-01 -3.211252327404489648e+01
4.013671875000000000e-01 -3.207477571890812129e+01
4.016113281250000000e-01 -3.203804340917027105e+01
4.018554687500000000e-01 -3.200231822754340527e+01
4.020996093750000000e-01 -3.196759235158290835e+01
4.023437500000000000e-01 -3.193385824638066595e+01
4.025878906250000000e-01 -3.190110865760839687e+01
4.028320312500000000e-01 -3.186933660489595255e+01
4.030761718750000000e-01 -3.183853537553061130e+01
4.033203125000000000e-01 -3.180869851846460250e+01
4.035644531250000000e-01 -3.177981983861756987e+01
4.038085937500000000e-01 -3.175189339146306367e+01
4.040527343750000000e-01 -3.172491347788781013e+01
4.042968750000000000e-01 -3.169887463931360472e+01
4.045410156250000000e-01 -3.167377165307198794e+01
4.047851562500000000e-01 -3.164959952802272625e+01
4.050292968750000000e-01 -3.162635350040796567e+01
4.052734375000000000e-01 -3.160402902993300955e+01
4.055175781250000000e-01 -3.158262179606813547e+01
4.057617187500000000e-01 -3.156212769456221423e+01
4.060058593750000000e-01 -3.154254283416369375e+01
4.062500000000000000e-01 -3.152386353354159354e+01
4.064941406250000000e-01 -3.150608631840098539e+01
4.067382812500000000e-01 -3.148920791878849457e+01
4.069824218750000000e-01 -3.147322526658215125e+01
4.072265625000000000e-01 -3.145813549316111590e+01
4.074707031250000000e-01 -3.144393592725191411e+01
4.077148437500000000e-01 -3.143062409294630655e+01
4.079589843750000000e-01 -3.141819770788810828e+01
4.082031250000000000e-01 -3.140665468162563911e+01
4.084472656250000000e-01 -3.139599311412628069e+01
4.086914062500000000e-01 -3.138621129445187918e+01
4.089355468750000000e-01 -3.137730769959157229e+01
4.091796875000000000e-01 -3.136928099345013976e+01
4.094238281250000000e-01 -3.136213002599140509e+01
4.096679687500000000e-01 -3.135585383253349789e+01
4.099121093750000000e-01 -3.135045163319606942e+01
4.101562500000000000e-01 -3.134592283249824618e+01
4.104003906250000000e-01 -3.134226701910637303e+01
4.106445312500000000e-01 -3.133948396573151385e+01
4.108886718750000000e-01 -3.133757362917663869e+01
4.111328125000000000e-01 -3.133653615053340147e+01
4.113769531250000000e-01 -3.133637185552876758e+01
4.116210937500000000e-01 -3.133708125502314346e+01
4.118652343750000000e-01 -3.133866504565925837e+01
4.121093750000000000e-01 -3.134112411066476866e+01
4.123535156250000000e-01 -3.134445952080880815e+01
4.125976562500000000e-01 -3.134867253551476907e+01
4.128417968750000000e-01 -3.135376460413115041e+01
4.130859375000000000e-01 -3.135973736736319495e+01
4.133300781250000000e-01 -3.136659265886689241e+01
4.135742187500000000e-01 -3.137433250700990328e+01
4.138183593750000000e-01 -3.138295913680057936e+01
4.140625000000000000e-01 -3.139247497199069059e+01
4.143066406250000000e-01 -3.140288263735378038e+01
4.145507812500000000e-01 -3.141418496114524572e+01
4.147949218750000000e-01 -3.142638497774688489e+01
4.150390625000000000e-01 -3.143948593050218321e+01
4.152832031250000000e-01 -3.145349127474705497e+01
4.155273437500000000e-01 -3.146840468104203126e+01
4.157714843750000000e-01 -3.148423003861164560e+01
4.160156250000000000e-01 -3.150097145899792395e+01
4.162597656250000000e-01 -3.151863327993508435e+01
4.165039062500000000e-01 -3.153722006945283951e+01
4.167480468750000000e-01 -3.155673663021633857e+01
4.169921875000000000e-01 -3.157718800411114657e+01
4.172363281250000000e-01 -3.159857947708329817e+01
4.174804687500000000e-01 -3.162091658424278862e+01
4.177246093750000000e-01 -3.164420511524239643e+01
4.179687500000000000e-01 -3.166845111994176420e+01
4.182128906250000000e-01 -3.169366091436908306e+01
4.184570312500000000e-01 -3.171984108699291482e+01
4.187011718750000000e-01 -3.174699850531768064e+01
4.189453125000000000e-01 -3.177514032281623102e+01
4.191894531250000000e-01 -3.180427398621577950e+01
4.194335937500000000e-01 -3.183440724315254400e+01
4.196777343750000000e-01 -3.186554815021242248e+01
4.199218750000000000e-01 -3.189770508137600658e+01
4.201660156250000000e-01 -3.193088673688735213e+01
4.204101562500000000e-01 -3.196510215256703091e+01
4.206542968750000000e-01 -3.200036070959188805e+01
4.208984375000000000e-01 -3.203667214476437408e+01
4.211425781250000000e-01 -3.207404656129706666e+01
4.213867187500000000e-01 -3.211249444013857612e+01
4.216308593750000000e-01 -3.215202665186948394e+01
4.218750000000000000e-01 -3.219265446919897045e+01
4.221191406250000000e-01 -3.223438958009322164e+01
4.223632812500000000e-01 -3.227724410157208723e+01
4.226074218750000000e-01 -3.232123059420935363e+01
4.228515625000000000e-01 -3.236636207737680593e+01
4.230957031250000000e-01 -3.241265204527388022e+01
4.233398437500000000e-01 -3.246011448378879294e+01
4.235839843750000000e-01 -3.250876388823793661e+01
4.238281250000000000e-01 -3.255861528203783450e+01
4.240722656250000000e-01 -3.260968423636174407e+01
4.243164062500000000e-01 -3.266198689084393436e+01
4.245605468750000000e-01 -3.271553997539255931e+01
4.248046875000000000e-01 -3.277036083318117221e+01
4.250488281250000000e-01 -3.282646744489266410e+01
4.252929687500000000e-01 -3.288387845429370060e+01
4.255371093750000000e-01 -3.294261319522551190e+01
4.257812500000000000e-01 -3.300269172010334273e+01
4.260253906250000000e-01 -3.306413483002202014e+01
4.262695312500000000e-01 -3.312696410657524382e+01
4.265136718750000000e-01 -3.319120194550364289e+01
4.267578125000000000e-01 -3.325687159229515544e+01
4.270019531250000000e-01 -3.332399717987251364e+01
4.272460937500000000e-01 -3.339260376851380840e+01
4.274902343750000000e-01 -3.346271738816140839e+01
4.277343750000000000e-01 -3.353436508329262722e+01
4.279785156250000000e-01 -3.360757496053476245e+01
4.282226562500000000e-01 -3.368237623922692592e+01
4.284667968750000000e-01 -3.375879930514614813e+01
4.287109375000000000e-01 -3.383687576763590243e+01
4.289550781250000000e-01 -3.391663852039565086e+01
4.291992187500000000e-01 -3.399812180621349000e+01
4.294433593750000000e-01 -3.408136128594983205e+01
4.296875000000000000e-01 -3.416639411210872623e+01
4.299316406250000000e-01 -3.425325900736396534e+01
4.301757812500000000e-01 -3.434199634844490134e+01
4.304199218750000000e-01 -3.443264825582107846e+01
4.306640625000000000e-01 -3.452525868967358491e+01
4.309082031250000000e-01 -3.461987355268371402e+01
4.311523437500000000e-01 -3.471654080022742050e+01
4.313964843750000000e-01 -3.481531055862129875e+01
4.316406250000000000e-01 -3.491623525213357482e+01
4.318847656250000000e-01 -3.501936973954891386e+01
4.321289062500000000e-01 -3.512477146115937643e+01
4.323730468750000000e-01 -3.523250059714812465e+01
4.326171875000000000e-01 -3.534262023843970724e+01
4.328613281250000000e-01 -3.545519657121096913e+01
4.331054687500000000e-01 -3.557029907638936805e+01
4.333496093750000000e-01 -3.568800074562298619e+01
4.335937500000000000e-01 -3.580837831537781568e+01
4.338378906250000000e-01 -3.593151252101566229e+01
4.340820312500000000e-01 -3.605748837293214848e+01
4.343261718750000000e-01 -3.618639545709151406e+01
4.345703125000000000e-01 -3.631832826258604996e+01
4.348144531250000000e-01 -3.645338653918977911e+01
4.350585937500000000e-01 -3.659167568825766637e+01
4.353027343750000000e-01 -3.673330719077145545e+01
4.355468750000000000e-01 -3.687839907684708862e+01
4.357910156250000000e-01 -3.702707644161424128e+01
4.360351562500000000e-01 -3.717947201307291039e+01
4.362792968750000000e-01 -3.733572677833580400e+01
4.365234375000000000e-01 -3.749599067560998833e+01
4.367675781250000000e-01 -3.766042336037226335e+01
4.370117187500000000e-01 -3.782919505549077144e+01
4.372558593750000000e-01 -3.800248749657350089e+01
4.375000000000000000e-01 -3.818049498563586042e+01
4.377441406250000000e-01 -3.836342556832376971e+01
4.379882812500000000e-01 -3.855150235249811175e+01
4.382324218750000000e-01 -3.874496498904289865e+01
4.384765625000000000e-01 -3.894407133945315280e+01
4.387207031250000000e-01 -3.914909935919961725e+01
4.389648437500000000e-01 -3.936034923126499763e+01
4.392089843750000000e-01 -3.957814579081237838e+01
4.394531250000000000e-01 -3.980284128999758764e+01
4.396972656250000000e-01 -4.003481856183513798e+01
4.399414062500000000e-01 -4.027449465429054953e+01
4.401855468750000000e-01 -4.052232502103369427e+01
4.404296875000000000e-01 -4.077880837441195183e+01
4.406738281250000000e-01 -4.104449233032127609e+01
4.409179687500000000e-01 -4.131998000527809722e+01
4.411621093750000000e-01 -4.160593776518286546e+01
4.414062500000000000e-01 -4.190310437579670122e+01
4.416503906250000000e-01 -4.221230187065543760e+01
4.418945312500000000e-01 -4.253444853836600714e+01
4.421386718750000000e-01 -4.287057454544577695e+01
4.423828125000000000e-01 -4.322184086374985412e+01
4.426269531250000000e-01 -4.358956237847061033e+01
4.428710937500000000e-01 -4.397523633617184657e+01
4.431152343750000000e-01 -4.438057768574039841e+01
4.433593750000000000e-01 -4.480756341894875305e+01
4.436035156250000000e-01 -4.525848880899538074e+01
4.438476562500000000e-01 -4.573603959648317385e+01
4.440917968750000000e-01 -4.624338587742782636e+01
4.443359375000000000e-01 -4.678430602640478497e+01
4.445800781250000000e-01 -4.736335297773947417e+01
4.448242187500000000e-01 -4.798608152193317267e+01
4.450683593750000000e-01 -4.865936562691497613e+01
4.453125000000000000e-01 -4.939185228052485854e+01
4.455566406250000000e-01 -5.019462902896940193e+01
4.458007812500000000e-01 -5.108223862757461120e+01
4.460449218750000000e-01 -5.207428280403703980e+01
4.462890625000000000e-01 -5.319808016471228740e+01
4.465332031250000000e-01 -5.449333733482796305e+01
4.467773437500000000e-01 -5.602099552259679882e+01
4.470214843750000000e-01 -5.788172706736072826e+01
4.472656250000000000e-01 -6.026033825973053126e+01
4.475097656250000000e-01 -6.355727554001505553e+01
4.477539062500000000e-01 -6.895526461742308300e+01
4.479980468750000000e-01 -8.627120622262567906e+01
4.482421875000000000e-01 -7.169291922485291479e+01
4.484863281250000000e-01 -6.488632474574183107e+01
4.487304687500000000e-01 -6.111071779386455205e+01
4.489746093750000000e-01 -5.848290220621235846e+01
4.492187500000000000e-01 -5.646445734677280370e+01
4.494628906250000000e-01 -5.482476881045322159e+01
4.497070312500000000e-01 -5.344356549611586615e+01
4.499511718750000000e-01 -5.225011532951417337e+01
4.501953125000000000e-01 -5.119927490132268133e+01
4.504394531250000000e-01 -5.026046433980556571e+01
4.506835937500000000e-01 -4.941200675056759906e+01
4.509277343750000000e-01 -4.863797587951993506e+01
4.511718750000000000e-01 -4.792632622353865202e+01
4.514160156250000000e-01 -4.726772635196554972e+01
4.516601562500000000e-01 -4.665480017156102832e+01
4.519042968750000000e-01 -4.608161609585039997e+01
4.521484375000000000e-01 -4.554333285412224086e+01
4.523925781250000000e-01 -4.503594761780245648e+01
4.526367187500000000e-01 -4.455611290474717379e+01
4.528808593750000000e-01 -4.410100088676110630e+01
4.531250000000000000e-01 -4.366820109540473283e+01
4.533691406250000000e-01 -4.325564212271214615e+01
4.536132812500000000e-01 -4.286153086428487313e+01
4.538574218750000000e-01 -4.248430479005502747e+01
4.541015625000000000e-01 -4.212259402798964203e+01
4.543457031250000000e-01 -4.177519093505114967e+01
4.545898437500000000e-01 -4.144102544842081670e+01
4.548339843750000000e-01 -4.111914494745934689e+01
4.550781250000000000e-01 -4.080869767071418863e+01
4.553222656250000000e-01 -4.050891896048619145e+01
4.555664062500000000e-01 -4.021911977542960415e+01
4.558105468750000000e-01 -3.993867703672287917e+01
4.560546875000000000e-01 -3.966702546744879498e+01
4.562988281250000000e-01 -3.940365065632219199e+01
4.565429687500000000e-01 -3.914808313174448529e+01
4.567871093750000000e-01 -3.889989327457700341e+01
4.570312500000000000e-01 -3.865868693109587184e+01
4.572753906250000000e-01 -3.842410161357831555e+01
4.575195312500000000e-01 -3.819580319652412470e+01
4.577636718750000000e-01 -3.797348303289253835e+01
4.580078125000000000e-01 -3.775685542786698079e+01
4.582519531250000000e-01 -3.754565541823701125e+01
4.584960937500000000e-01 -3.733963681407777813e+01
4.587402343750000000e-01 -3.713857046640515591e+01
4.589843750000000000e-01 -3.694224273021838911e+01
4.592285156250000000e-01 -3.675045409706898880e+01
4.594726562500000000e-01 -3.656301797520053753e+01
4.597167968750000000e-01 -3.637975959855150876e+01
4.599609375000000000e-01 -3.620051504862356495e+01
4.602050781250000000e-01 -3.602513037548745700e+01
4.604492187500000000e-01 -3.585346080610821673e+01
4.606933593750000000e-01 -3.568537002978247585e+01
4.609375000000000000e-01 -3.552072955184802083e+01
4.611816406250000000e-01 -3.535941810798335894e+01
4.614257812500000000e-01 -3.520132113240697436e+01
4.616699218750000000e-01 -3.504633027413068191e+01
4.619140625000000000e-01 -3.489434295615058801e+01
4.621582031250000000e-01 -3.474526197308012598e+01
4.624023437500000000e-01 -3.459899512327283588e+01
4.626464843750000000e-01 -3.445545487194566903e+01
4.628906250000000000e-01 -3.431455804222134987e+01
4.631347656250000000e-01 -3.417622553135764463e+01
4.633789062500000000e-01 -3.404038204973921466e+01
4.636230468750000000e-01 -3.390695588047680076e+01
4.638671875000000000e-01 -3.377587865769044129e+01
4.641113281250000000e-01 -3.364708516176121122e+01
4.643554687500000000e-01 -3.352051313001793176e+01
4.645996093750000000e-01 -3.339610308148206030e+01
4.648437500000000000e-01 -3.327379815443706690e+01
4.650878906250000000e-01 -3.315354395571274893e+01
4.653320312500000000e-01 -3.303528842068516269e+01
4.655761718750000000e-01 -3.291898168309003125e+01
4.658203125000000000e-01 -3.280457595383759895e+01
4.660644531250000000e-01 -3.269202540809053659e+01
4.663085937500000000e-01 -3.258128607993869252e+01
4.665527343750000000e-01 -3.247231576406704789e+01
4.667968750000000000e-01 -3.236507392386484838e+01
4.670410156250000000e-01 -3.225952160547823411e+01
4.672851562500000000e-01 -3.215562135735022053e+01
4.675292968750000000e-01 -3.205333715483342871e+01
4.677734375000000000e-01 -3.195263432949696281e+01
4.680175781250000000e-01 -3.185347950278030993e+01
4.682617187500000000e-01 -3.175584052367930710e+01
4.685058593750000000e-01 -3.165968641017143881e+01
4.687500000000000000e-01 -3.156498729411734416e+01
4.689941406250000000e-01 -3.147171436939200362e+01
4.692382812500000000e-01 -3.137983984302195495e+01
4.694824218750000000e-01 -3.128933688912259470e+01
4.697265625000000000e-01 -3.120017960544466007e+01
4.699707031250000000e-01 -3.111234297235521140e+01
4.702148437500000000e-01 -3.102580281409133889e+01
4.704589843750000000e-01 -3.094053576213740797e+01
4.707031250000000000e-01 -3.085651922058761798e+01
4.709472656250000000e-01 -3.077373133336735123e+01
4.711914062500000000e-01 -3.069215095319349729e+01
4.714355468750000000e-01 -3.061175761216581037e+01
4.716796875000000000e-01 -3.053253149388767795e+01
4.719238281250000000e-01 -3.045445340702073977e+01
4.721679687500000000e-01 -3.037750476018787538e+01
4.724121093750000000e-01 -3.030166753814165759e+01
4.726562500000000000e-01 -3.022692427912344471e+01
4.729003906250000000e-01 -3.015325805334271436e+01
4.731445312500000000e-01 -3.008065244251053727e+01
4.733886718750000000e-01 -3.000909152036651051e+01
4.736328125000000000e-01 -2.993855983414183797e+01
4.738769531250000000e-01 -2.986904238690575752e+01
4.741210937500000000e-01 -2.980052462074461417e+01
4.743652343750000000e-01 -2.973299240072849514e+01
4.746093750000000000e-01 -2.966643199962051725e+01
4.748535156250000000e-01 -2.960083008328883025e+01
4.750976562500000000e-01 -2.953617369678341120e+01
4.753417968750000000e-01 -2.947245025104119520e+01
4.755859375000000000e-01 -2.940964751018643142e+01
4.758300781250000000e-01 -2.934775357939527041e+01
4.760742187500000000e-01 -2.928675689329423903e+01
4.763183593750000000e-01 -2.922664620486532883e+01
4.765625000000000000e-01 -2.916741057483193345e+01
4.768066406250000000e-01 -2.910903936150082671e+01
4.770507812500000000e-01 -2.905152221103657340e+01
4.772949218750000000e-01 -2.899484904814829633e+01
4.775390625000000000e-01 -2.893901006716652091e+01
4.777832031250000000e-01 -2.888399572349228350e+01
4.780273437500000000e-01 -2.882979672539932281e+01
4.782714843750000000e-01 -2.877640402617325677e+01
4.785156250000000000e-01 -2.872380881657065999e+01
4.787597656250000000e-01 -2.867200251758351826e+01
4.790039062500000000e-01 -2.862097677349398595e+01
4.792480468750000000e-01 -2.857072344520681284e+01
4.794921875000000000e-01 -2.852123460384549247e+01
4.797363281250000000e-01 -2.847250252460065667e+01
4.799804687500000000e-01 -2.842451968081939384e+01
4.802246093750000000e-01 -2.837727873832363557e+01
4.804687500000000000e-01 -2.833077254994847749e+01
4.807128906250000000e-01 -2.828499415028984743e+01
4.809570312500000000e-01 -2.823993675065278453e+01
4.812011718750000000e-01 -2.819559373419090775e+01
4.814453125000000000e-01 -2.815195865122974084e+01
4.816894531250000000e-01 -2.810902521476493376e+01
4.819335937500000000e-01 -2.806678729612858803e+01
4.821777343750000000e-01 -2.802523892081643453e+01
4.824218750000000000e-01 -2.798437426446902165e+01
4.826660156250000000e-01 -2.794418764900037644e+01
4.829101562500000000e-01 -2.790467353886838708e+01
4.831542968750000000e-01 -2.786582653748070015e+01
4.833984375000000000e-01 -2.782764138373116225e+01
4.836425781250000000e-01 -2.779011294866086246e+01
4.838867187500000000e-01 -2.775323623223922809e+01
4.841308593750000000e-01 -2.771700636026062625e+01
4.843750000000000000e-01 -2.768141858135132338e+01
4.846191406250000000e-01 -2.764646826408294089e+01
4.848632812500000000e-01 -2.761215089418834978e+01
4.851074218750000000e-01 -2.757846207187579068e+01
4.853515625000000000e-01 -2.754539750923746766e+01
4.855957031250000000e-01 -2.751295302774980200e+01
4.858398437500000000e-01 -2.748112455586068847e+01
4.860839843750000000e-01 -2.744990812666191005e+01
4.863281250000000000e-01 -2.741929987564216376e+01
4.865722656250000000e-01 -2.738929603851943284e+01
4.868164062500000000e-01 -2.735989294914821102e+01
4.870605468750000000e-01 -2.733108703750011159e+01
4.873046875000000000e-01 -2.730287482771483099e+01
4.875488281250000000e-01 -2.727525293621891223e+01
4.877929687500000000e-01 -2.724821806991013418e+01
4.880371093750000000e-01 -2.722176702440569329e+01
4.882812500000000000e-01 -2.719589668235092006e+01
4.885253906250000000e-01 -2.717060401178781603e+01
4.887695312500000000e-01 -2.714588606458073627e+01
4.890136718750000000e-01 -2.712173997489721700e+01
4.892578125000000000e-01 -2.709816295774283290e+01
4.895019531250000000e-01 -2.707515230754775359e+01
4.897460937500000000e-01 -2.705270539680359221e+01
4.899902343750000000e-01 -2.703081967474923175e+01
4.902343750000000000e-01 -2.700949266610389543e+01
4.904785156250000000e-01 -2.698872196984580540e+01
4.907226562500000000e-01 -2.696850525803572296e+01
4.909667968750000000e-01 -2.694884027468358312e+01
4.912109375000000000e-01 -2.692972483465715783e+01
4.914550781250000000e-01 -2.691115682263135511e+01
4.916992187500000000e-01 -2.689313419207741163e+01
4.919433593750000000e-01 -2.687565496429065703e+01
4.921875000000000000e-01 -2.685871722745578438e+01
4.924316406250000000e-01 -2.684231913574892303e+01
4.926757812500000000e-01 -2.682645890847482661e+01
4.929199218750000000e-01 -2.681113482923976221e+01
4.931640625000000000e-01 -2.679634524515733673e+01
4.934082031250000000e-01 -2.678208856608815935e+01
4.936523437500000000e-01 -2.676836326391149612e+01
4.938964843750000000e-01 -2.675516787182857925e+01
4.941406250000000000e-01 -2.674250098369697426e+01
4.943847656250000000e-01 -2.673036125339498881e+01
4.946289062500000000e-01 -2.671874739421575740e+01
4.948730468750000000e-01 -2.670765817829049382e+01
4.951171875000000000e-01 -2.669709243604006588e+01
4.953613281250000000e-01 -2.668704905565432384e+01
4.956054687500000000e-01 -2.667752698259928934e+01
4.958496093750000000e-01 -2.666852521915086527e+01
4.960937500000000000e-01 -2.666004282395516611e+01
4.963378906250000000e-01 -2.665207891161499276e+01
4.965820312500000000e-01 -2.664463265230183708e+01
4.968261718750000000e-01 -2.663770327139341276e+01
4.970703125000000000e-01 -2.663129004913584907e+01
4.973144531250000000e-01 -2.662539232033076786e+01
4.975585937500000000e-01 -2.662000947404657225e+01
4.978027343750000000e-01 -2.661514095335375529e+01
4.980468750000000000e-01 -2.661078625508433859e+01
4.982910156250000000e-01 -2.660694492961457414e+01
4.985351562500000000e-01 -2.660361658067110824e+01
4.987792968750000000e-01 -2.660080086516051523e+01
4.990234375000000000e-01 -2.659849749302185984e+01
4.992675781250000000e-01 -2.659670622710196497e+01
4.995117187500000000e-01 -2.659542688305371172e+01
4.997558593750000000e-01 -2.659465932925701637e+01
