-5.000000000000000000e-01 -3.309162785748731750e+01
-4.997558593750000000e-01 -3.309204884859137508e+01
-4.995117187500000000e-01 -3.309331190794452482e+01
-4.992675781250000000e-01 -3.309541729373799512e+01
-4.990234375000000000e-01 -3.309836543651892526e+01
-4.987792968750000000e-01 -3.310215693953335858e+01
-4.985351562500000000e-01 -3.310679257920698149e+01
-4.982910156250000000e-01 -3.311227330576517147e+01
-4.980468750000000000e-01 -3.311860024399237545e+01
-4.978027343750000000e-01 -3.312577469413322717e+01
-4.975585937500000000e-01 -3.313379813293568787e+01
-4.973144531250000000e-01 -3.314267221483909509e+01
-4.970703125000000000e-01 -3.315239877330888163e+01
-4.968261718750000000e-01 -3.316297982231959907e+01
-4.965820312500000000e-01 -3.317441755798981262e+01
-4.963378906250000000e-01 -3.318671436037092093e+01
-4.960937500000000000e-01 -3.319987279539350311e+01
-4.958496093750000000e-01 -3.321389561697412773e+01
-4.956054687500000000e-01 -3.322878576928735583e+01
-4.953613281250000000e-01 -3.324454638920521177e+01
-4.951171875000000000e-01 -3.326118080891051676e+01
-4.948730468750000000e-01 -3.327869255868721865e+01
-4.946289062500000000e-01 -3.329708536989328138e+01
-4.943847656250000000e-01 -3.331636317812254333e+01
-4.941406250000000000e-01 -3.333653012655880588e+01
-4.938964843750000000e-01 -3.335759056953168766e+01
-4.936523437500000000e-01 -3.337954907627806733e+01
-4.934082031250000000e-01 -3.340241043491791118e+01
-4.931640625000000000e-01 -3.342617965665127855e+01
-4.929199218750000000e-01 -3.345086198018486812e+01
-4.926757812500000000e-01 -3.347646287639654616e+01
-4.924316406250000000e-01 -3.350298805324690221e+01
-4.921875000000000000e-01 -3.353044346094826267e+01
-4.919433593750000000e-01 -3.355883529740052040e+01
-4.916992187500000000e-01 -3.358817001390504942e+01
-4.914550781250000000e-01 -3.361845432116930965e+01
-4.912109375000000000e-01 -3.364969519561329747e+01
-4.909667968750000000e-01 -3.368189988599181106e+01
-4.907226562500000000e-01 -3.371507592034648582e+01
-4.904785156250000000e-01 -3.374923111330269876e+01
-4.902343750000000000e-01 -3.378437357372656180e+01
-4.899902343750000000e-01 -3.382051171275994506e+01
-4.897460937500000000e-01 -3.385765425225086744e+01
-4.895019531250000000e-01 -3.389581023359799161e+01
-4.892578125000000000e-01 -3.393498902703109366e+01
-4.890136718750000000e-01 -3.397520034134724654e+01
-4.887695312500000000e-01 -3.401645423412742275e+01
-4.885253906250000000e-01 -3.405876112245705656e+01
-4.882812500000000000e-01 -3.410213179417739582e+01
-4.880371093750000000e-01 -3.414657741969504912e+01
-4.877929687500000000e-01 -3.419210956438026017e+01
-4.875488281250000000e-01 -3.423874020158434917e+01
-4.873046875000000000e-01 -3.428648172631214663e+01
-4.870605468750000000e-01 -3.433534696958383137e+01
-4.868164062500000000e-01 -3.438534921352563600e+01
-4.865722656250000000e-01 -3.443650220723095146e+01
-4.863281250000000000e-01 -3.448882018343594780e+01
-4.860839843750000000e-01 -3.454231787605655057e+01
-4.858398437500000000e-01 -3.459701053863809506e+01
-4.855957031250000000e-01 -3.465291396377141808e+01
-4.853515625000000000e-01 -3.471004450353449045e+01
-4.851074218750000000e-01 -3.476841909102060413e+01
-4.848632812500000000e-01 -3.482805526302169596e+01
-4.846191406250000000e-01 -3.488897118393718699e+01
-4.843750000000000000e-01 -3.495118567098755591e+01
-4.841308593750000000e-01 -3.501471822081442298e+01
-4.838867187500000000e-01 -3.507958903755729096e+01
-4.836425781250000000e-01 -3.514581906250340637e+01
-4.833984375000000000e-01 -3.521343000541499180e+01
-4.831542968750000000e-01 -3.528244437764602992e+01
-4.829101562500000000e-01 -3.535288552716962585e+01
-4.826660156250000000e-01 -3.542477767564730584e+01
-4.824218750000000000e-01 -3.549814595768152259e+01
-4.821777343750000000e-01 -3.557301646240578208e+01
-4.819335937500000000e-01 -3.564941627757661280e+01
-4.816894531250000000e-01 -3.572737353635039881e+01
-4.814453125000000000e-01 -3.580691746693828748e+01
-4.812011718750000000e-01 -3.588807844535329394e+01
-4.809570312500000000e-01 -3.597088805148002422e+01
-4.807128906250000000e-01 -3.605537912871952244e+01
-4.804687500000000000e-01 -3.614158584748284397e+01
-4.802246093750000000e-01 -3.622954377283357985e+01
-4.799804687500000000e-01 -3.631928993660587679e+01
-4.797363281250000000e-01 -3.641086291435463096e+01
-4.794921875000000000e-01 -3.650430290753115514e+01
-4.792480468750000000e-01 -3.659965183131212285e+01
-4.790039062500000000e-01 -3.669695340855123078e+01
-4.787597656250000000e-01 -3.679625327037380345e+01
-4.785156250000000000e-01 -3.689759906398017364e+01
-4.782714843750000000e-01 -3.700104056828603660e+01
-4.780273437500000000e-01 -3.710662981809080208e+01
-4.777832031250000000e-01 -3.721442123753691078e+01
-4.775390625000000000e-01 -3.732447178370512120e+01
-4.772949218750000000e-01 -3.743684110128072717e+01
-4.770507812500000000e-01 -3.755159168932895852e+01
-4.768066406250000000e-01 -3.766878908133251969e+01
-4.765625000000000000e-01 -3.778850203977463451e+01
-4.763183593750000000e-01 -3.791080276669987370e+01
-4.760742187500000000e-01 -3.803576713184752123e+01
-4.758300781250000000e-01 -3.816347492014951115e+01
-4.755859375000000000e-01 -3.829401010059160626e+01
-4.753417968750000000e-01 -3.842746111869269043e+01
-4.750976562500000000e-01 -3.856392121512828908e+01
-4.748535156250000000e-01 -3.870348877335540294e+01
-4.746093750000000000e-01 -3.884626769946024183e+01
-4.743652343750000000e-01 -3.899236783788001759e+01
-4.741210937500000000e-01 -3.914190542713819099e+01
-4.738769531250000000e-01 -3.929500360030425554e+01
-4.736328125000000000e-01 -3.945179293554934929e+01
-4.733886718750000000e-01 -3.961241206293121309e+01
-4.731445312500000000e-01 -3.977700833444679063e+01
-4.729003906250000000e-01 -3.994573856543002677e+01
-4.726562500000000000e-01 -4.011876985660950368e+01
-4.724121093750000000e-01 -4.029628050758691415e+01
-4.721679687500000000e-01 -4.047846103421224484e+01
-4.719238281250000000e-01 -4.066551530436343143e+01
-4.716796875000000000e-01 -4.085766180906041001e+01
-4.714355468750000000e-01 -4.105513508873156070e+01
-4.711914062500000000e-01 -4.125818733792886661e+01
-4.709472656250000000e-01 -4.146709021596724654e+01
-4.707031250000000000e-01 -4.168213689603312844e+01
-4.704589843750000000e-01 -4.190364439147064957e+01
-4.702148437500000000e-01 -4.213195620548650311e+01
-4.699707031250000000e-01 -4.236744535977499737e+01
-4.697265625000000000e-01 -4.261051786900632976e+01
-4.694824218750000000e-01 -4.286161674233065355e+01
-4.692382812500000000e-01 -4.312122661083719777e+01
-4.689941406250000000e-01 -4.338987910226477851e+01
-4.687500000000000000e-01 -4.366815911261398497e+01
-4.685058593750000000e-01 -4.395671216047678342e+01
-4.682617187500000000e-01 -4.425625305642849838e+01
-4.680175781250000000e-01 -4.456757618016035849e+01
-4.677734375000000000e-01 -4.489156773696532809e+01
-4.675292968750000000e-01 -4.522922046942100138e+01
-4.672851562500000000e-01 -4.558165143917699424e+01
-4.670410156250000000e-01 -4.595012368127118663e+01
-4.667968750000000000e-01 -4.633607278927388506e+01
-4.665527343750000000e-01 -4.674113984315297898e+01
-4.663085937500000000e-01 -4.716721258713616294e+01
-4.660644531250000000e-01 -4.761647746945165238e+01
-4.658203125000000000e-01 -4.809148617452278529e+01
-4.655761718750000000e-01 -4.859524177792502542e+01
-4.653320312500000000e-01 -4.913131190681258431e+01
-4.650878906250000000e-01 -4.970397974712340528e+01
-4.648437500000000000e-01 -5.031844918288679480e+01
-4.645996093750000000e-01 -5.098112916432726394e+01
-4.643554687500000000e-01 -5.170003712123003936e+01
-4.641113281250000000e-01 -5.248538673435025714e+01
-4.638671875000000000e-01 -5.335047142855339075e+01
-4.636230468750000000e-01 -5.431304230912563469e+01
-4.633789062500000000e-01 -5.539755493451019674e+01
-4.631347656250000000e-01 -5.663903846744416626e+01
-4.628906250000000000e-01 -5.809023411082353050e+01
-4.626464843750000000e-01 -5.983600514975302076e+01
-4.624023437500000000e-01 -6.202623985951439778e+01
-4.621582031250000000e-01 -6.496591815838350215e+01
-4.619140625000000000e-01 -6.944892927597089738e+01
-4.616699218750000000e-01 -7.924200867702549544e+01
-4.614257812500000000e-01 -7.849689334067038260e+01
-4.611816406250000000e-01 -6.919158622794635960e+01
-4.609375000000000000e-01 -6.480059316182146745e+01
-4.606933593750000000e-01 -6.189644605619453444e+01
-4.604492187500000000e-01 -5.972291575935059882e+01
-4.602050781250000000e-01 -5.798529200348816204e+01
-4.599609375000000000e-01 -5.653763623549566830e+01
-4.597167968750000000e-01 -5.529692836709922688e+01
-4.594726562500000000e-01 -5.421140302372907627e+01
-4.592285156250000000e-01 -5.324659601894418870e+01
-4.589843750000000000e-01 -5.237840156468930530e+01
-4.587402343750000000e-01 -5.158929668888158915e+01
-4.584960937500000000e-01 -5.086614311798588517e+01
-4.582519531250000000e-01 -5.019883637128175025e+01
-4.580078125000000000e-01 -4.957943811316258120e+01
-4.577636718750000000e-01 -4.900159809342167705e+01
-4.575195312500000000e-01 -4.846015691404224413e+01
-4.572753906250000000e-01 -4.795086572234054501e+01
-4.570312500000000000e-01 -4.747018381573973045e+01
-4.567871093750000000e-01 -4.701512953431966224e+01
-4.565429687500000000e-01 -4.658316844412028246e+01
-4.562988281250000000e-01 -4.617212815092635481e+01
-4.560546875000000000e-01 -4.578013247848437572e+01
-4.558105468750000000e-01 -4.540554995780220082e+01
-4.555664062500000000e-01 -4.504695304876196360e+01
-4.553222656250000000e-01 -4.470308551774833461e+01
-4.550781250000000000e-01 -4.437283608882693642e+01
-4.548339843750000000e-01 -4.405521697419803928e+01
-4.545898437500000000e-01 -4.374934623828271185e+01
-4.543457031250000000e-01 -4.345443320224730854e+01
-4.541015625000000000e-01 -4.316976628086940337e+01
-4.538574218750000000e-01 -4.289470278097929423e+01
-4.536132812500000000e-01 -4.262866029369408949e+01
-4.533691406250000000e-01 -4.237110939067892446e+01
-4.531250000000000000e-01 -4.212156739433413577e+01
-4.528808593750000000e-01 -4.187959303781808984e+01
-4.526367187500000000e-01 -4.164478186662022097e+01
-4.523925781250000000e-01 -4.141676226144407735e+01
-4.521484375000000000e-01 -4.119519198431132168e+01
-4.519042968750000000e-01 -4.097975516740302027e+01
-4.516601562500000000e-01 -4.077015967823794540e+01
-4.514160156250000000e-01 -4.056613480611989786e+01
-4.511718750000000000e-01 -4.036742922397070288e+01
-4.509277343750000000e-01 -4.017380918712326832e+01
-4.506835937500000000e-01 -3.998505693677443418e+01
-4.504394531250000000e-01 -3.980096928080901364e+01
-4.501953125000000000e-01 -3.962135632886717929e+01
-4.499511718750000000e-01 -3.944604036196807328e+01
-4.497070312500000000e-01 -3.927485481987248761e+01
-4.494628906250000000e-01 -3.910764339177128335e+01
-4.492187500000000000e-01 -3.894425919790379709e+01
-4.489746093750000000e-01 -3.878456405141032093e+01
-4.487304687500000000e-01 -3.862842779116203928e+01
-4.484863281250000000e-01 -3.847572767753842271e+01
-4.482421875000000000e-01 -3.832634784415574103e+01
-4.479980468750000000e-01 -3.818017879944743243e+01
-4.477539062500000000e-01 -3.803711697275638670e+01
-4.475097656250000000e-01 -3.789706430025241701e+01
-4.472656250000000000e-01 -3.775992784656006762e+01
-4.470214843750000000e-01 -3.762561945846397293e+01
-4.467773437500000000e-01 -3.749405544748604058e+01
-4.465332031250000000e-01 -3.736515629849502318e+01
-4.462890625000000000e-01 -3.723884640183116090e+01
-4.460449218750000000e-01 -3.711505380670688226e+01
-4.458007812500000000e-01 -3.699370999388964520e+01
-4.455566406250000000e-01 -3.687474966588805358e+01
-4.453125000000000000e-01 -3.675811055305149466e+01
-4.450683593750000000e-01 -3.664373323415779993e+01
-4.448242187500000000e-01 -3.653156097021305015e+01
-4.445800781250000000e-01 -3.642153955031363211e+01
-4.443359375000000000e-01 -3.631361714853920830e+01
-4.440917968750000000e-01 -3.620774419094372831e+01
-4.438476562500000000e-01 -3.610387323180474795e+01
-4.436035156250000000e-01 -3.600195883837019295e+01
-4.433593750000000000e-01 -3.590195748341482584e+01
-4.431152343750000000e-01 -3.580382744498236036e+01
-4.428710937500000000e-01 -3.570752871274606122e+01
-4.426269531250000000e-01 -3.561302290047406416e+01
-4.423828125000000000e-01 -3.552027316412891622e+01
-4.421386718750000000e-01 -3.542924412517649557e+01
-4.418945312500000000e-01 -3.533990179871143056e+01
-4.416503906250000000e-01 -3.525221352604600611e+01
-4.414062500000000000e-01 -3.516614791143452123e+01
-4.411621093750000000e-01 -3.508167476263611206e+01
-4.409179687500000000e-01 -3.499876503504219016e+01
-4.406738281250000000e-01 -3.491739077911797295e+01
-4.404296875000000000e-01 -3.483752509092720828e+01
-4.401855468750000000e-01 -3.475914206552894825e+01
-4.399414062500000000e-01 -3.468221675305126439e+01
-4.396972656250000000e-01 -3.460672511726152578e+01
-4.394531250000000000e-01 -3.453264399646863581e+01
-4.392089843750000000e-01 -3.445995106660391372e+01
-4.389648437500000000e-01 -3.438862480633954988e+01
-4.387207031250000000e-01 -3.431864446411394454e+01
-4.384765625000000000e-01 -3.424999002694308103e+01
-4.382324218750000000e-01 -3.418264219090670508e+01
-4.379882812500000000e-01 -3.411658233320460454e+01
-4.377441406250000000e-01 -3.405179248568780537e+01
-4.375000000000000000e-01 -3.398825530977482146e+01
-4.372558593750000000e-01 -3.392595407266993845e+01
-4.370117187500000000e-01 -3.386487262480728333e+01
-4.367675781250000000e-01 -3.380499537844804792e+01
-4.365234375000000000e-01 -3.374630728736415364e+01
-4.362792968750000000e-01 -3.368879382754730045e+01
-4.360351562500000000e-01 -3.363244097888382811e+01
-4.357910156250000000e-01 -3.357723520774244719e+01
-4.355468750000000000e-01 -3.352316345042424217e+01
-4.353027343750000000e-01 -3.347021309742735440e+01
-4.350585937500000000e-01 -3.341837197848269625e+01
-4.348144531250000000e-01 -3.336762834831979063e+01
-4.345703125000000000e-01 -3.331797087312344985e+01
-4.343261718750000000e-01 -3.326938861764635647e+01
-4.340820312500000000e-01 -3.322187103294271537e+01
-4.338378906250000000e-01 -3.317540794469247345e+01
-4.335937500000000000e-01 -3.312998954208560320e+01
-4.333496093750000000e-01 -3.308560636723930060e+01
-4.331054687500000000e-01 -3.304224930512187086e+01
-4.328613281250000000e-01 -3.299990957395906577e+01
-4.326171875000000000e-01 -3.295857871609963752e+01
-4.323730468750000000e-01 -3.291824858931877884e+01
-4.321289062500000000e-01 -3.287891135854002300e+01
-4.318847656250000000e-01 -3.284055948795494828e+01
-4.316406250000000000e-01 -3.280318573352467126e+01
-4.313964843750000000e-01 -3.276678313584556435e+01
-4.311523437500000000e-01 -3.273134501336349445e+01
-4.309082031250000000e-01 -3.269686495592197417e+01
-4.306640625000000000e-01 -3.266333681863039828e+01
-4.304199218750000000e-01 -3.263075471603927014e+01
-4.301757812500000000e-01 -3.259911301661070837e+01
-4.299316406250000000e-01 -3.256840633747141567e+01
-4.296875000000000000e-01 -3.253862953943929170e+01
-4.294433593750000000e-01 -3.250977772231139795e+01
-4.291992187500000000e-01 -3.248184622040643177e+01
-4.289550781250000000e-01 -3.245483059834977979e+01
-4.287109375000000000e-01 -3.242872664709544495e+01
-4.284667968750000000e-01 -3.240353038017574505e+01
-4.282226562500000000e-01 -3.237923803017196889e+01
-4.279785156250000000e-01 -3.235584604539846509e+01
-4.277343750000000000e-01 -3.233335108679534642e+01
-4.274902343750000000e-01 -3.231175002502227755e+01
-4.272460937500000000e-01 -3.229103993774882753e+01
-4.270019531250000000e-01 -3.227121810713649808e+01
-4.267578125000000000e-01 -3.225228201750661583e+01
-4.265136718750000000e-01 -3.223422935319146632e+01
-4.262695312500000000e-01 -3.221705799656300684e+01
-4.260253906250000000e-01 -3.220076602623674233e+01
-4.257812500000000000e-01 -3.218535171544763784e+01
-4.255371093750000000e-01 -3.217081353059336379e+01
-4.252929687500000000e-01 -3.215715012994478883e+01
-4.250488281250000000e-01 -3.214436036251962037e+01
-4.248046875000000000e-01 -3.213244326711728860e+01
-4.245605468750000000e-01 -3.212139807151456239e+01
-4.243164062500000000e-01 -3.211122419181917564e+01
-4.240722656250000000e-01 -3.210192123198066838e+01
-4.238281250000000000e-01 -3.209348898345794510e+01
-4.235839843750000000e-01 -3.208592742504280437e+01
-4.233398437500000000e-01 -3.207923672283843075e+01
-4.230957031250000000e-01 -3.207341723039444048e+01
-4.228515625000000000e-01 -3.206846948899624294e+01
-4.226074218750000000e-01 -3.206439422811202178e+01
-4.223632812500000000e-01 -3.206119236599575117e+01
-4.221191406250000000e-01 -3.205886501044895454e+01
-4.218750000000000000e-01 -3.205741345974145418e+01
-4.216308593750000000e-01 -3.205683920369316553e+01
-4.213867187500000000e-01 -3.205714392491920961e+01
-4.211425781250000000e-01 -3.205832950024018402e+01
-4.208984375000000000e-01 -3.206039800225956071e+01
-4.206542968750000000e-01 -3.206335170111235300e+01
-4.204101562500000000e-01 -3.206719306638722600e+01
-4.201660156250000000e-01 -3.207192476922542568e+01
-4.199218750000000000e-01 -3.207754968460160683e+01
-4.196777343750000000e-01 -3.208407089378872712e+01
-4.194335937500000000e-01 -3.209149168701365085e+01
-4.191894531250000000e-01 -3.209981556630689425e+01
-4.189453125000000000e-01 -3.210904624855255207e+01
-4.187011718750000000e-01 -3.211918766874389064e+01
-4.184570312500000000e-01 -3.213024398345083910e+01
-4.182128906250000000e-01 -3.214221957450614298e+01
-4.179687500000000000e-01 -3.215511905291720751e+01
-4.177246093750000000e-01 -3.216894726301076446e+01
-4.174804687500000000e-01 -3.218370928681939347e+01
-4.172363281250000000e-01 -3.219941044871806213e+01
-4.169921875000000000e-01 -3.221605632031985067e+01
-4.167480468750000000e-01 -3.223365272564062423e+01
-4.165039062500000000e-01 -3.225220574654452577e+01
-4.162597656250000000e-01 -3.227172172847895837e+01
-4.160156250000000000e-01 -3.229220728651388583e+01
-4.157714843750000000e-01 -3.231366931169607426e+01
-4.155273437500000000e-01 -3.233611497773286203e+01
-4.152832031250000000e-01 -3.235955174801966905e+01
-4.150390625000000000e-01 -3.238398738302651481e+01
-4.147949218750000000e-01 -3.240942994806003696e+01
-4.145507812500000000e-01 -3.243588782141838323e+01
-4.143066406250000000e-01 -3.246336970295754298e+01
-4.140625000000000000e-01 -3.249188462308911340e+01
-4.138183593750000000e-01 -3.252144195222955148e+01
-4.135742187500000000e-01 -3.255205141072509178e+01
-4.133300781250000000e-01 -3.258372307927444211e+01
-4.130859375000000000e-01 -3.261646740987577431e+01
-4.128417968750000000e-01 -3.265029523732481920e+01
-4.125976562500000000e-01 -3.268521779129309834e+01
-4.123535156250000000e-01 -3.272124670901693833e+01
-4.121093750000000000e-01 -3.275839404863089754e+01
-4.118652343750000000e-01 -3.279667230317993187e+01
-4.116210937500000000e-01 -3.283609441534889584e+01
-4.113769531250000000e-01 -3.287667379294867942e+01
-4.111328125000000000e-01 -3.291842432520272155e+01
-4.108886718750000000e-01 -3.296136039987987942e+01
-4.106445312500000000e-01 -3.300549692132259594e+01
-4.104003906250000000e-01 -3.305084932942320108e+01
-4.101562500000000000e-01 -3.309743361960577346e+01
-4.099121093750000000e-01 -3.314526636387300584e+01
-4.096679687500000000e-01 -3.319436473298453905e+01
-4.094238281250000000e-01 -3.324474651983616980e+01
-4.091796875000000000e-01 -3.329643016411471024e+01
-4.089355468750000000e-01 -3.334943477831046010e+01
-4.086914062500000000e-01 -3.340378017517411990e+01
-4.084472656250000000e-01 -3.345948689671084253e+01
-4.082031250000000000e-01 -3.351657624481408249e+01
-4.079589843750000000e-01 -3.357507031364760763e+01
-4.077148437500000000e-01 -3.363499202389326115e+01
-4.074707031250000000e-01 -3.369636515899178875e+01
-4.072265625000000000e-01 -3.375921440351441305e+01
-4.069824218750000000e-01 -3.382356538381425537e+01
-4.067382812500000000e-01 -3.388944471111768308e+01
-4.064941406250000000e-01 -3.395688002723223065e+01
-4.062500000000000000e-01 -3.402590005305892618e+01
-4.060058593750000000e-01 -3.409653464011634583e+01
-4.057617187500000000e-01 -3.416881482530008185e+01
-4.055175781250000000e-01 -3.424277288912082895e+01
-4.052734375000000000e-01 -3.431844241768756376e+01
-4.050292968750000000e-01 -3.439585836872484492e+01
-4.047851562500000000e-01 -3.447505714194134896e+01
-4.045410156250000000e-01 -3.455607665409364415e+01
-4.042968750000000000e-01 -3.463895641912591117e+01
-4.040527343750000000e-01 -3.472373763379686551e+01
-4.038085937500000000e-01 -3.481046326925152101e+01
-4.035644531250000000e-01 -3.489917816903468406e+01
-4.033203125000000000e-01 -3.498992915409522908e+01
-4.030761718750000000e-01 -3.508276513538656616e+01
-4.028320312500000000e-01 -3.517773723472755876e+01
-4.025878906250000000e-01 -3.527489891466110095e+01
-4.023437500000000000e-01 -3.537430611812148129e+01
-4.020996093750000000e-01 -3.547601741881151582e+01
-4.018554687500000000e-01 -3.558009418328775553e+01
-4.016113281250000000e-01 -3.568660074586090758e+01
-4.013671875000000000e-01 -3.579560459754517865e+01
-4.011230468750000000e-01 -3.590717659042890375e+01
-4.008789062500000000e-01 -3.602139115900085642e+01
-4.006347656250000000e-01 -3.613832656014317735e+01
-4.003906250000000000e-01 -3.625806513371283302e+01
-4.001464843750000000e-01 -3.638069358586300694e+01
-3.999023437500000000e-01 -3.650630329752615211e+01
-3.996582031250000000e-01 -3.663499066078592392e+01
-3.994140625000000000e-01 -3.676685744621610752e+01
-3.991699218750000000e-01 -3.690201120466970508e+01
-3.989257812500000000e-01 -3.704056570746543997e+01
-3.986816406250000000e-01 -3.718264142945930928e+01
-3.984375000000000000e-01 -3.732836608011084678e+01
-3.981933593750000000e-01 -3.747787518837888143e+01
-3.979492187500000000e-01 -3.763131274813042637e+01
-3.977050781250000000e-01 -3.778883193172558208e+01
-3.974609375000000000e-01 -3.795059588061055678e+01
-3.972167968750000000e-01 -3.811677858310417122e+01
-3.969726562500000000e-01 -3.828756585117786670e+01
-3.967285156250000000e-01 -3.846315640993185525e+01
-3.964843750000000000e-01 -3.864376311573617784e+01
-3.962402343750000000e-01 -3.882961432171078542e+01
-3.959960937500000000e-01 -3.902095541245743959e+01
-3.957519531250000000e-01 -3.921805053385541839e+01
-3.955078125000000000e-01 -3.942118454844867159e+01
-3.952636718750000000e-01 -3.963066525267167606e+01
-3.950195312500000000e-01 -3.984682589914617523e+01
-3.947753906250000000e-01 -4.007002807584441939e+01
-3.945312500000000000e-01 -4.030066500447386346e+01
-3.942871093750000000e-01 -4.053916533353068274e+01
-3.940429687500000000e-01 -4.078599751780468807e+01
-3.937988281250000000e-01 -4.104167489662096102e+01
-3.935546875000000000e-01 -4.130676160900961236e+01
-3.933105468750000000e-01 -4.158187951698359797e+01
-3.930664062500000000e-01 -4.186771635038260797e+01
-3.928222656250000000e-01 -4.216503534141870801e+01
-3.925781250000000000e-01 -4.247468668833671757e+01
-3.923339843750000000e-01 -4.279762128139541488e+01
-3.920898437500000000e-01 -4.313490724901512152e+01
-3.918457031250000000e-01 -4.348775004931921728e+01
-3.916015625000000000e-01 -4.385751705965801506e+01
-3.913574218750000000e-01 -4.424576792936679226e+01
-3.911132812500000000e-01 -4.465429239673716211e+01
-3.908691406250000000e-01 -4.508515788733370755e+01
-3.906250000000000000e-01 -4.554077009598557169e+01
-3.903808593750000000e-01 -4.602395104888472588e+01
-3.901367187500000000e-01 -4.653804107082244457e+01
-3.898925781250000000e-01 -4.708703401861052384e+01
-3.896484375000000000e-01 -4.767575971886201103e+01
-3.894042968750000000e-01 -4.831013487645800808e+01
-3.891601562500000000e-01 -4.899751581166847814e+01
-3.889160156250000000e-01 -4.974720703281997203e+01
-3.886718750000000000e-01 -5.057121633774400493e+01
-3.884277343750000000e-01 -5.148541539476689621e+01
-3.881835937500000000e-01 -5.251139887308498544e+01
-3.879394531250000000e-01 -5.367961659467749058e+01
-3.876953125000000000e-01 -5.503499320094215363e+01
-3.874511718750000000e-01 -5.664786177921308763e+01
-3.872070312500000000e-01 -5.863768006417588197e+01
-3.869628906250000000e-01 -6.123310729887441539e+01
-3.867187500000000000e-01 -6.496637844359987923e+01
-3.864746093750000000e-01 -7.168533914812512364e+01
-3.862304687500000000e-01 -8.702814049088937054e+01
-3.859863281250000000e-01 -6.910902527588461908e+01
-3.857421875000000000e-01 -6.364725942639458367e+01
-3.854980468750000000e-01 -6.031252769037328676e+01
-3.852539062500000000e-01 -5.790336336501665926e+01
-3.850097656250000000e-01 -5.601513038911937770e+01
-3.847656250000000000e-01 -5.446155694384012236e+01
-3.845214843750000000e-01 -5.314132473088501740e+01
-3.842773437500000000e-01 -5.199316345381945581e+01
-3.840332031250000000e-01 -5.097718115135191397e+01
-3.837890625000000000e-01 -5.006594683439449511e+01
-3.835449218750000000e-01 -4.923978663949421275e+01
-3.833007812500000000e-01 -4.848410936533702653e+01
-3.830566406250000000e-01 -4.778779370597354159e+01
-3.828125000000000000e-01 -4.714216841387770529e+01
-3.825683593750000000e-01 -4.654034162902520677e+01
-3.823242187500000000e-01 -4.597674506760370861e+01
-3.820800781250000000e-01 -4.544681542070601665e+01
-3.818359375000000000e-01 -4.494676620097895636e+01
-3.815917968750000000e-01 -4.447342087298964231e+01
-3.813476562500000000e-01 -4.402408851685805757e+01
-3.811035156250000000e-01 -4.359646964425621007e+01
-3.808593750000000000e-01 -4.318858379662928826e+01
-3.806152343750000000e-01 -4.279871314679588323e+01
-3.803710937500000000e-01 -4.242535803825877139e+01
-3.801269531250000000e-01 -4.206720155279639073e+01
-3.798828125000000000e-01 -4.172308099197557141e+01
-3.796386718750000000e-01 -4.139196471428182633e+01
-3.793945312500000000e-01 -4.107293316453565524e+01
-3.791503906250000000e-01 -4.076516321679551424e+01
-3.789062500000000000e-01 -4.046791515964067543e+01
-3.786621093750000000e-01 -4.018052180613295832e+01
-3.784179687500000000e-01 -3.990237932536572174e+01
-3.781738281250000000e-01 -3.963293947899678926e+01
-3.779296875000000000e-01 -3.937170301207325451e+01
-3.776855468750000000e-01 -3.911821399814608924e+01
-3.774414062500000000e-01 -3.887205497795959985e+01
-3.771972656250000000e-01 -3.863284276173027365e+01
-3.769531250000000000e-01 -3.840022478920072047e+01
-3.767089843750000000e-01 -3.817387596083752044e+01
-3.764648437500000000e-01 -3.795349586884164950e+01
-3.762207031250000000e-01 -3.773880636893083107e+01
-3.759765625000000000e-01 -3.752954944378294044e+01
-3.757324218750000000e-01 -3.732548531708990680e+01
-3.754882812500000000e-01 -3.712639078376313506e+01
-3.752441406250000000e-01 -3.693205772723156599e+01
-3.750000000000000000e-01 -3.674229179923482036e+01
-3.747558593750000000e-01 -3.655691124120480850e+01
-3.745117187500000000e-01 -3.637574582940052892e+01
-3.742675781250000000e-01 -3.619863592853229761e+01
-3.740234375000000000e-01 -3.602543164075832038e+01
-3.737792968750000000e-01 -3.585599203875661090e+01
-3.735351562500000000e-01 -3.569018447310121189e+01
-3.732910156250000000e-01 -3.552788394547491890e+01
-3.730468750000000000e-01 -3.536897254035470439e+01
-3.728027343750000000e-01 -3.521333890874893058e+01
-3.725585937500000000e-01 -3.506087779837473306e+01
-3.723144531250000000e-01 -3.491148962535694267e+01
-3.720703125000000000e-01 -3.476508008312658404e+01
-3.718261718750000000e-01 -3.462155978471445650e+01
-3.715820312500000000e-01 -3.448084393508167977e+01
-3.713378906250000000e-01 -3.434285203051494761e+01
-3.710937500000000000e-01 -3.420750758245435463e+01
-3.708496093750000000e-01 -3.407473786341510902e+01
-3.706054687500000000e-01 -3.394447367292025319e+01
-3.703613281250000000e-01 -3.381664912158890957e+01
-3.701171875000000000e-01 -3.369120143172280990e+01
-3.698730468750000000e-01 -3.356807075290515741e+01
-3.696289062500000000e-01 -3.344719999128349741e+01
-3.693847656250000000e-01 -3.332853465134094506e+01
-3.691406250000000000e-01 -3.321202268908201916e+01
-3.688964843750000000e-01 -3.309761437566449160e+01
-3.686523437500000000e-01 -3.298526217060424415e+01
-3.684082031250000000e-01 -3.287492060376473546e+01
-3.681640625000000000e-01 -3.276654616541627973e+01
-3.679199218750000000e-01 -3.266009720371841496e+01
-3.676757812500000000e-01 -3.255553382903819681e+01
-3.674316406250000000e-01 -3.245281782457208664e+01
-3.671875000000000000e-01 -3.235191256278437777e+01
-3.669433593750000000e-01 -3.225278292722234141e+01
-3.666992187500000000e-01 -3.215539523930325316e+01
-3.664550781250000000e-01 -3.205971718970660334e+01
-3.662109375000000000e-01 -3.196571777403440251e+01
-3.659667968750000000e-01 -3.187336723243239689e+01
-3.657226562500000000e-01 -3.178263699288984157e+01
-3.654785156250000000e-01 -3.169349961795926873e+01
-3.652343750000000000e-01 -3.160592875465927065e+01
-3.649902343750000000e-01 -3.151989908734222823e+01
-3.647460937500000000e-01 -3.143538629332578438e+01
-3.645019531250000000e-01 -3.135236700110424835e+01
-3.642578125000000000e-01 -3.127081875096958896e+01
-3.640136718750000000e-01 -3.119071995788478091e+01
-3.637695312500000000e-01 -3.111204987646483744e+01
-3.635253906250000000e-01 -3.103478856793237384e+01
-3.632812500000000000e-01 -3.095891686892323236e+01
-3.630371093750000000e-01 -3.088441636202816554e+01
-3.627929687500000000e-01 -3.081126934796462180e+01
-3.625488281250000000e-01 -3.073945881928073476e+01
-3.623046875000000000e-01 -3.066896843550003382e+01
-3.620605468750000000e-01 -3.059978249962313868e+01
-3.618164062500000000e-01 -3.053188593590752120e+01
-3.615722656250000000e-01 -3.046526426885314720e+01
-3.613281250000000000e-01 -3.039990360332591735e+01
-3.610839843750000000e-01 -3.033579060575647901e+01
-3.608398437500000000e-01 -3.027291248635567555e+01
-3.605957031250000000e-01 -3.021125698229258560e+01
-3.603515625000000000e-01 -3.015081234178414604e+01
-3.601074218750000000e-01 -3.009156730904962274e+01
-3.598632812500000000e-01 -3.003351111008589314e+01
-3.596191406250000000e-01 -2.997663343922257440e+01
-3.593750000000000000e-01 -2.992092444641921389e+01
-3.591308593750000000e-01 -2.986637472526893688e+01
-3.588867187500000000e-01 -2.981297530167543641e+01
-3.586425781250000000e-01 -2.976071762317253544e+01
-3.583984375000000000e-01 -2.970959354885801673e+01
-3.581542968750000000e-01 -2.965959533991499342e+01
-3.579101562500000000e-01 -2.961071565069506306e+01
-3.576660156250000000e-01 -2.956294752034210305e+01
-3.574218750000000000e-01 -2.951628436493318830e+01
-3.571777343750000000e-01 -2.947071997011844857e+01
-3.569335937500000000e-01 -2.942624848424022943e+01
-3.566894531250000000e-01 -2.938286441191522513e+01
-3.564453125000000000e-01 -2.934056260806354643e+01
-3.562011718750000000e-01 -2.929933827237013233e+01
-3.559570312500000000e-01 -2.925918694416544596e+01
-3.557128906250000000e-01 -2.922010449771262230e+01
-3.554687500000000000e-01 -2.918208713789036679e+01
-3.552246093750000000e-01 -2.914513139626145488e+01
-3.549804687500000000e-01 -2.910923412751719042e+01
-3.547363281250000000e-01 -2.907439250628964444e+01
-3.544921875000000000e-01 -2.904060402432463661e+01
-3.542480468750000000e-01 -2.900786648800883327e+01
-3.540039062500000000e-01 -2.897617801624454259e+01
-3.537597656250000000e-01 -2.894553703866863970e+01
-3.535156250000000000e-01 -2.891594229421065165e+01
-3.532714843750000000e-01 -2.888739282998667690e+01
-3.530273437500000000e-01 -2.885988800052750847e+01
-3.527832031250000000e-01 -2.883342746733825734e+01
-3.525390625000000000e-01 -2.880801119878890759e+01
-3.522949218750000000e-01 -2.878363947033604830e+01
-3.520507812500000000e-01 -2.876031286507515716e+01
-3.518066406250000000e-01 -2.873803227462611432e+01
-3.515625000000000000e-01 -2.871679890035268912e+01
-3.513183593750000000e-01 -2.869661425491998230e+01
-3.510742187500000000e-01 -2.867748016419231050e+01
-3.508300781250000000e-01 -2.865939876947699361e+01
-3.505859375000000000e-01 -2.864237253011811646e+01
-3.503417968750000000e-01 -2.862640422644739857e+01
-3.500976562500000000e-01 -2.861149696309827206e+01
-3.498535156250000000e-01 -2.859765417269105825e+01
-3.496093750000000000e-01 -2.858487961989826687e+01
-3.493652343750000000e-01 -2.857317740589932953e+01
-3.491210937500000000e-01 -2.856255197323514849e+01
-3.488769531250000000e-01 -2.855300811107488457e+01
-3.486328125000000000e-01 -2.854455096090686084e+01
-3.483886718750000000e-01 -2.853718602266781801e+01
-3.481445312500000000e-01 -2.853091916132544981e+01
-3.479003906250000000e-01 -2.852575661393088780e+01
-3.476562500000000000e-01 -2.852170499715797192e+01
-3.474121093750000000e-01 -2.851877131534937604e+01
-3.471679687500000000e-01 -2.851696296908880868e+01
-3.469238281250000000e-01 -2.851628776432276169e+01
-3.466796875000000000e-01 -2.851675392205451942e+01
-3.464355468750000000e-01 -2.851837008863667222e+01
-3.461914062500000000e-01 -2.852114534668870860e+01
-3.459472656250000000e-01 -2.852508922667065150e+01
-3.457031250000000000e-01 -2.853021171914285858e+01
-3.454589843750000000e-01 -2.853652328774695945e+01
-3.452148437500000000e-01 -2.854403488294418167e+01
-3.449707031250000000e-01 -2.855275795655015969e+01
-3.447265625000000000e-01 -2.856270447710862825e+01
-3.444824218750000000e-01 -2.857388694614875746e+01
-3.442382812500000000e-01 -2.858631841537501828e+01
-3.439941406250000000e-01 -2.860001250484148017e+01
-3.437500000000000000e-01 -2.861498342216684065e+01
-3.435058593750000000e-01 -2.863124598285012112e+01
-3.432617187500000000e-01 -2.864881563175186940e+01
-3.430175781250000000e-01 -2.866770846581075460e+01
-3.427734375000000000e-01 -2.868794125807022866e+01
-3.425292968750000000e-01 -2.870953148309641989e+01
-3.422851562500000000e-01 -2.873249734387391285e+01
-3.420410156250000000e-01 -2.875685780027371763e+01
-3.417968750000000000e-01 -2.878263259919414807e+01
-3.415527343750000000e-01 -2.880984230648493138e+01
-3.413085937500000000e-01 -2.883850834077118463e+01
-3.410644531250000000e-01 -2.886865300930679012e+01
-3.408203125000000000e-01 -2.890029954599426887e+01
-3.405761718750000000e-01 -2.893347215172067877e+01
-3.403320312500000000e-01 -2.896819603717309377e+01
-3.400878906250000000e-01 -2.900449746830812003e+01
-3.398437500000000000e-01 -2.904240381466777521e+01
-3.395996093750000000e-01 -2.908194360074863027e+01
-3.393554687500000000e-01 -2.912314656065062479e+01
-3.391113281250000000e-01 -2.916604369625099480e+01
-3.388671875000000000e-01 -2.921066733917164981e+01
-3.386230468750000000e-01 -2.925705121683276388e+01
-3.383789062500000000e-01 -2.930523052291091446e+01
-3.381347656250000000e-01 -2.935524199255210576e+01
-3.378906250000000000e-01 -2.940712398272095740e+01
-3.376464843750000000e-01 -2.946091655810559118e+01
-3.374023437500000000e-01 -2.951666158303687482e+01
-3.371582031250000000e-01 -2.957440281992750997e+01
-3.369140625000000000e-01 -2.963418603478518776e+01
-3.366699218750000000e-01 -2.969605911041201551e+01
-3.364257812500000000e-01 -2.976007216796389798e+01
-3.361816406250000000e-01 -2.982627769761336367e+01
-3.359375000000000000e-01 -2.989473069914052417e+01
-3.356933593750000000e-01 -2.996548883336260261e+01
-3.354492187500000000e-01 -3.003861258541265755e+01
-3.352050781250000000e-01 -3.011416544099173365e+01
-3.349609375000000000e-01 -3.019221407684212011e+01
-3.347167968750000000e-01 -3.027282856683539691e+01
-3.344726562500000000e-01 -3.035608260522783297e+01
-3.342285156250000000e-01 -3.044205374882287884e+01
-3.339843750000000000e-01 -3.053082367998562319e+01
-3.337402343750000000e-01 -3.062247849269625988e+01
-3.334960937500000000e-01 -3.071710900409795997e+01
-3.332519531250000000e-01 -3.081481109430969312e+01
-3.330078125000000000e-01 -3.091568607762919640e+01
-3.327636718750000000e-01 -3.101984110866422029e+01
-3.325195312500000000e-01 -3.112738962740408155e+01
-3.322753906250000000e-01 -3.123845184779167283e+01
-3.320312500000000000e-01 -3.135315529499226628e+01
-3.317871093750000000e-01 -3.147163539729427839e+01
-3.315429687500000000e-01 -3.159403613943885603e+01
-3.312988281250000000e-01 -3.172051078518332190e+01
-3.310546875000000000e-01 -3.185122267808544905e+01
-3.308105468750000000e-01 -3.198634613088642453e+01
-3.305664062500000000e-01 -3.212606741551488199e+01
-3.303222656250000000e-01 -3.227058586768056614e+01
-3.300781250000000000e-01 -3.242011512234300596e+01
-3.298339843750000000e-01 -3.257488449910661643e+01
-3.295898437500000000e-01 -3.273514055991092420e+01
-3.293457031250000000e-01 -3.290114886537614325e+01
-3.291015625000000000e-01 -3.307319596099566184e+01
-3.288574218750000000e-01 -3.325159163023158726e+01
-3.286132812500000000e-01 -3.343667145873646973e+01
-3.283691406250000000e-01 -3.362879976271377558e+01
-3.281250000000000000e-01 -3.382837294527684691e+01
-3.278808593750000000e-01 -3.403582335812998139e+01
-3.276367187500000000e-01 -3.425162376269582154e+01
-3.273925781250000000e-01 -3.447629250592856920e+01
-3.271484375000000000e-01 -3.471039955275584532e+01
-3.269042968750000000e-01 -3.495457355111111042e+01
-3.266601562500000000e-01 -3.520951014918695421e+01
-3.264160156250000000e-01 -3.547598184105232377e+01
-3.261718750000000000e-01 -3.575484969053751172e+01
-3.259277343750000000e-01 -3.604707738047532217e+01
-3.256835937500000000e-01 -3.635374816368754125e+01
-3.254394531250000000e-01 -3.667608546600229147e+01
-3.251953125000000000e-01 -3.701547812814715144e+01
-3.249511718750000000e-01 -3.737351159920373789e+01
-3.247070312500000000e-01 -3.775200684922047145e+01
-3.244628906250000000e-01 -3.815306941308541155e+01
-3.242187500000000000e-01 -3.857915190567138097e+01
-3.239746093750000000e-01 -3.903313470797223772e+01
-3.237304687500000000e-01 -3.951843155552903397e+01
-3.234863281250000000e-01 -4.003912986213798320e+01
-3.232421875000000000e-01 -4.060018046273066261e+01
-3.229980468750000000e-01 -4.120765925391816609e+01
-3.227539062500000000e-01 -4.186913612480962854e+01
-3.225097656250000000e-01 -4.259420872821490889e+01
-3.222656250000000000e-01 -4.339529822402521120e+01
-3.220214843750000000e-01 -4.428887824415861019e+01
-3.217773437500000000e-01 -4.529745507799794524e+01
-3.215332031250000000e-01 -4.645292785267880475e+01
-3.212890625000000000e-01 -4.780267253881721246e+01
-3.210449218750000000e-01 -4.942152160688856100e+01
-3.208007812500000000e-01 -5.143818254033060811e+01
-3.205566406250000000e-01 -5.410383056420946701e+01
-3.203125000000000000e-01 -5.802356935124283410e+01
-3.200683593750000000e-01 -6.548834488116537500e+01
-3.198242187500000000e-01 -7.397025049607812264e+01
-3.195800781250000000e-01 -6.053814549310417448e+01
-3.193359375000000000e-01 -5.545483801817225356e+01
-3.190917968750000000e-01 -5.224110808080426693e+01
-3.188476562500000000e-01 -4.987903264230872225e+01
-3.186035156250000000e-01 -4.800650607473212261e+01
-3.183593750000000000e-01 -4.645237971769682872e+01
-3.181152343750000000e-01 -4.512206506591319766e+01
-3.178710937500000000e-01 -4.395774140969638921e+01
-3.176269531250000000e-01 -4.292146736005658170e+01
-3.173828125000000000e-01 -4.198699771259614977e+01
-3.171386718750000000e-01 -4.113542077065034164e+01
-3.168945312500000000e-01 -4.035265737420822063e+01
-3.166503906250000000e-01 -3.962794281426003806e+01
-3.164062500000000000e-01 -3.895286169412929667e+01
-3.161621093750000000e-01 -3.832071037719487805e+01
-3.159179687500000000e-01 -3.772606203438096628e+01
-3.156738281250000000e-01 -3.716446162880909299e+01
-3.154296875000000000e-01 -3.663220687154379362e+01
-3.151855468750000000e-01 -3.612618761565431669e+01
-3.149414062500000000e-01 -3.564376592375639774e+01
-3.146972656250000000e-01 -3.518268504196895918e+01
-3.144531250000000000e-01 -3.474099930285305504e+01
-3.142089843750000000e-01 -3.431701943583831138e+01
-3.139648437500000000e-01 -3.390926939177047927e+01
-3.137207031250000000e-01 -3.351645188977306589e+01
-3.134765625000000000e-01 -3.313742065377998358e+01
-3.132324218750000000e-01 -3.277115783813212602e+01
-3.129882812500000000e-01 -3.241675552023011164e+01
-3.127441406250000000e-01 -3.207340041145938869e+01
-3.125000000000000000e-01 -3.174036113733887277e+01
-3.122558593750000000e-01 -3.141697758560366083e+01
-3.120117187500000000e-01 -3.110265193145886542e+01
-3.117675781250000000e-01 -3.079684103276235163e+01
-3.115234375000000000e-01 -3.049904995162000887e+01
-3.112792968750000000e-01 -3.020882640792709495e+01
-3.110351562500000000e-01 -2.992575600846677375e+01
-3.107910156250000000e-01 -2.964945812496102207e+01
-3.105468750000000000e-01 -2.937958231794628006e+01
-3.103027343750000000e-01 -2.911580522197154863e+01
-3.100585937500000000e-01 -2.885782782249773959e+01
-3.098144531250000000e-01 -2.860537306683434977e+01
-3.095703125000000000e-01 -2.835818376111663497e+01
-3.093261718750000000e-01 -2.811602071318521823e+01
-3.090820312500000000e-01 -2.787866108765025785e+01
-3.088378906250000000e-01 -2.764589694469660230e+01
-3.085937500000000000e-01 -2.741753393853781162e+01
-3.083496093750000000e-01 -2.719339015503299350e+01
-3.081054687500000000e-01 -2.697329507098394785e+01
-3.078613281250000000e-01 -2.675708862013964406e+01
-3.076171875000000000e-01 -2.654462035304136691e+01
-3.073730468750000000e-01 -2.633574867961642241e+01
-3.071289062500000000e-01 -2.613034018492875887e+01
-3.068847656250000000e-01 -2.592826900976653093e+01
-3.066406250000000000e-01 -2.572941628883111065e+01
-3.063964843750000000e-01 -2.553366964021616425e+01
-3.061523437500000000e-01 -2.534092270065800534e+01
-3.059082031250000000e-01 -2.515107470171919957e+01
-3.056640625000000000e-01 -2.496403008265339096e+01
-3.054199218750000000e-01 -2.477969813620599737e+01
-3.051757812500000000e-01 -2.459799268404454153e+01
-3.049316406250000000e-01 -2.441883177889228307e+01
-3.046875000000000000e-01 -2.424213743077163841e+01
-3.044433593750000000e-01 -2.406783535505216776e+01
-3.041992187500000000e-01 -2.389585474025197698e+01
-3.039550781250000000e-01 -2.372612803376165758e+01
-3.037109375000000000e-01 -2.355859074385672614e+01
-3.034667968750000000e-01 -2.339318125653365499e+01
-3.032226562500000000e-01 -2.322984066585806673e+01
-3.029785156250000000e-01 -2.306851261664512975e+01
-3.027343750000000000e-01 -2.290914315841251891e+01
-3.024902343750000000e-01 -2.275168060964944772e+01
-3.022460937500000000e-01 -2.259607543153980913e+01
-3.020019531250000000e-01 -2.244228011035963277e+01
-3.017578125000000000e-01 -2.229024904784339611e+01
-3.015136718750000000e-01 -2.213993845887986112e+01
-3.012695312500000000e-01 -2.199130627595673459e+01
-3.010253906250000000e-01 -2.184431205982694379e+01
-3.007812500000000000e-01 -2.169891691591655558e+01
-3.005371093750000000e-01 -2.155508341603661648e+01
-3.002929687500000000e-01 -2.141277552500059755e+01
-3.000488281250000000e-01 -2.127195853178244889e+01
-2.998046875000000000e-01 -2.113259898488248467e+01
-2.995605468750000000e-01 -2.099466463159586027e+01
-2.993164062500000000e-01 -2.085812436090442290e+01
-2.990722656250000000e-01 -2.072294814973502497e+01
-2.988281250000000000e-01 -2.058910701234935914e+01
-2.985839843750000000e-01 -2.045657295264836506e+01
-2.983398437500000000e-01 -2.032531891919217060e+01
-2.980957031250000000e-01 -2.019531876275211246e+01
-2.978515625000000000e-01 -2.006654719622533278e+01
-2.976074218750000000e-01 -1.993897975675619705e+01
-2.973632812500000000e-01 -1.981259276991988116e+01
-2.971191406250000000e-01 -1.968736331583506782e+01
-2.968750000000000000e-01 -1.956326919708216749e+01
-2.966308593750000000e-01 -1.944028890831273770e+01
-2.963867187500000000e-01 -1.931840160744441093e+01
-2.961425781250000000e-01 -1.919758708834275041e+01
-2.958984375000000000e-01 -1.907782575489893517e+01
-2.956542968750000000e-01 -1.895909859641851014e+01
-2.954101562500000000e-01 -1.884138716424236293e+01
-2.951660156250000000e-01 -1.872467354952650354e+01
-2.949218750000000000e-01 -1.860894036211246672e+01
-2.946777343750000000e-01 -1.849417071042454097e+01
-2.944335937500000000e-01 -1.838034818233461820e+01
-2.941894531250000000e-01 -1.826745682693912798e+01
-2.939453125000000000e-01 -1.815548113719640000e+01
-2.937011718750000000e-01 -1.804440603337609872e+01
-2.934570312500000000e-01 -1.793421684727552901e+01
-2.932128906250000000e-01 -1.782489930716063142e+01
-2.929687500000000000e-01 -1.771643952339179862e+01
-2.927246093750000000e-01 -1.760882397469773508e+01
-2.924804687500000000e-01 -1.750203949506242651e+01
-2.922363281250000000e-01 -1.739607326119257991e+01
-2.919921875000000000e-01 -1.729091278053509839e+01
-2.917480468750000000e-01 -1.718654587981562187e+01
-2.915039062500000000e-01 -1.708296069407133544e+01
-2.912597656250000000e-01 -1.698014565615258320e+01
-2.910156250000000000e-01 -1.687808948666932807e+01
-2.907714843750000000e-01 -1.677678118436019972e+01
-2.905273437500000000e-01 -1.667621001686277893e+01
-2.902832031250000000e-01 -1.657636551186524798e+01
-2.900390625000000000e-01 -1.647723744862076956e+01
-2.897949218750000000e-01 -1.637881584980655703e+01
-2.895507812500000000e-01 -1.628109097371131853e+01
-2.893066406250000000e-01 -1.618405330673499165e+01
-2.890625000000000000e-01 -1.608769355618606767e+01
-2.888183593750000000e-01 -1.599200264336224464e+01
-2.885742187500000000e-01 -1.589697169690138523e+01
-2.883300781250000000e-01 -1.580259204638990944e+01
-2.880859375000000000e-01 -1.570885521621686465e+01
-2.878417968750000000e-01 -1.561575291966246581e+01
-2.875976562500000000e-01 -1.552327705321026130e+01
-2.873535156250000000e-01 -1.543141969107304057e+01
-2.871093750000000000e-01 -1.534017307992271917e+01
-2.868652343750000000e-01 -1.524952963381519133e+01
-2.866210937500000000e-01 -1.515948192930166094e+01
-2.863769531250000000e-01 -1.507002270071802030e+01
-2.861328125000000000e-01 -1.498114483564478583e+01
-2.858886718750000000e-01 -1.489284137053007839e+01
-2.856445312500000000e-01 -1.480510548646869751e+01
-2.854003906250000000e-01 -1.471793050513061019e+01
-2.851562500000000000e-01 -1.463130988483261774e+01
-2.849121093750000000e-01 -1.454523721674706493e+01
-2.846679687500000000e-01 -1.445970622124204574e+01
-2.844238281250000000e-01 -1.437471074434744622e+01
-2.841796875000000000e-01 -1.429024475434188801e+01
-2.839355468750000000e-01 -1.420630233845539436e+01
-2.836914062500000000e-01 -1.412287769968334672e+01
-2.834472656250000000e-01 -1.403996515370696940e+01
-2.832031250000000000e-01 -1.395755912591632608e+01
-2.829589843750000000e-01 -1.387565414853157719e+01
-2.827148437500000000e-01 -1.379424485781875376e+01
-2.824707031250000000e-01 -1.371332599139619646e+01
-2.822265625000000000e-01 -1.363289238562827954e+01
-2.819824218750000000e-01 -1.355293897310292905e+01
-2.817382812500000000e-01 -1.347346078018973259e+01
-2.814941406250000000e-01 -1.339445292467564386e+01
-2.812500000000000000e-01 -1.331591061347517879e+01
-2.810058593750000000e-01 -1.323782914041245640e+01
-2.807617187500000000e-01 -1.316020388407227948e+01
-2.805175781250000000e-01 -1.308303030571773284e+01
-2.802734375000000000e-01 -1.300630394727182448e+01
-2.800292968750000000e-01 -1.293002042936077700e+01
-2.797851562500000000e-01 -1.285417544941681456e+01
-2.795410156250000000e-01 -1.277876477983813430e+01
-2.792968750000000000e-01 -1.270378426620416690e+01
-2.790527343750000000e-01 -1.262922982554395723e+01
-2.788085937500000000e-01 -1.255509744465593513e+01
-2.785644531250000000e-01 -1.248138317847717005e+01
-2.783203125000000000e-01 -1.240808314850032801e+01
-2.780761718750000000e-01 -1.233519354123674638e+01
-2.778320312500000000e-01 -1.226271060672396374e+01
-2.775878906250000000e-01 -1.219063065707619486e+01
-2.773437500000000000e-01 -1.211895006507621986e+01
-2.770996093750000000e-01 -1.204766526280731753e+01
-2.768554687500000000e-01 -1.197677274032386663e+01
-2.766113281250000000e-01 -1.190626904435929845e+01
-2.763671875000000000e-01 -1.183615077707015750e+01
-2.761230468750000000e-01 -1.176641459481501073e+01
-2.758789062500000000e-01 -1.169705720696714479e+01
-2.756347656250000000e-01 -1.162807537475980624e+01
-2.753906250000000000e-01 -1.155946591016302349e+01
-2.751464843750000000e-01 -1.149122567479091117e+01
-2.749023437500000000e-01 -1.142335157883849561e+01
-2.746582031250000000e-01 -1.135584058004707408e+01
-2.744140625000000000e-01 -1.128868968269722473e+01
-2.741699218750000000e-01 -1.122189593662855600e+01
-2.739257812500000000e-01 -1.115545643628535366e+01
-2.736816406250000000e-01 -1.108936831978729387e+01
-2.734375000000000000e-01 -1.102362876802445868e+01
-2.731933593750000000e-01 -1.095823500377584381e+01
-2.729492187500000000e-01 -1.089318429085069795e+01
-2.727050781250000000e-01 -1.082847393325187824e+01
-2.724609375000000000e-01 -1.076410127436068365e+01
-2.722167968750000000e-01 -1.070006369614234742e+01
-2.719726562500000000e-01 -1.063635861837171070e+01
-2.717285156250000000e-01 -1.057298349787833658e+01
-2.714843750000000000e-01 -1.050993582781056901e+01
-2.712402343750000000e-01 -1.044721313691788822e+01
-2.709960937500000000e-01 -1.038481298885112025e+01
-2.707519531250000000e-01 -1.032273298147982565e+01
-2.705078125000000000e-01 -1.026097074622648542e+01
-2.702636718750000000e-01 -1.019952394741693702e+01
-2.700195312500000000e-01 -1.013839028164657208e+01
-2.697753906250000000e-01 -1.007756747716183909e+01
-2.695312500000000000e-01 -1.001705329325666227e+01
-2.692871093750000000e-01 -9.956845519683231061e+00
-2.690429687500000000e-01 -9.896941976076881531e+00
-2.687988281250000000e-01 -9.837340511394565112e+00
-2.685546875000000000e-01 -9.778039003366551185e+00
-2.683105468750000000e-01 -9.719035357960986943e+00
-2.680664062500000000e-01 -9.660327508861003665e+00
-2.678222656250000000e-01 -9.601913416953856029e+00
-2.675781250000000000e-01 -9.543791069832002094e+00
-2.673339843750000000e-01 -9.485958481305566181e+00
-2.670898437500000000e-01 -9.428413690925982138e+00
-2.668457031250000000e-01 -9.371154763520513242e+00
-2.666015625000000000e-01 -9.314179788737298793e+00
-2.663574218750000000e-01 -9.257486880600655610e+00
-2.661132812500000000e-01 -9.201074177076426608e+00
-2.658691406250000000e-01 -9.144939839646950119e+00
-2.656250000000000000e-01 -9.089082052895578911e+00
-2.653808593750000000e-01 -9.033499024100322572e+00
-2.651367187500000000e-01 -8.978188982836499576e+00
-2.648925781250000000e-01 -8.923150180588063307e+00
-2.646484375000000000e-01 -8.868380890367461689e+00
-2.644042968750000000e-01 -8.813879406343691159e+00
-2.641601562500000000e-01 -8.759644043478481024e+00
-2.639160156250000000e-01 -8.705673137170226283e+00
-2.636718750000000000e-01 -8.651965042905622738e+00
-2.634277343750000000e-01 -8.598518135918695293e+00
-2.631835937500000000e-01 -8.545330810857084458e+00
-2.629394531250000000e-01 -8.492401481455384982e+00
-2.626953125000000000e-01 -8.439728580215366094e+00
-2.624511718750000000e-01 -8.387310558092877955e+00
-2.622070312500000000e-01 -8.335145884191323518e+00
-2.619628906250000000e-01 -8.283233045461440014e+00
-2.617187500000000000e-01 -8.231570546407359856e+00
-2.614746093750000000e-01 -8.180156908798661419e+00
-2.612304687500000000e-01 -8.128990671388351075e+00
-2.609863281250000000e-01 -8.078070389636609505e+00
-2.607421875000000000e-01 -8.027394635440106896e+00
-2.604980468750000000e-01 -7.976961996866844373e+00
-2.602539062500000000e-01 -7.926771077896307638e+00
-2.600097656250000000e-01 -7.876820498164830653e+00
-2.597656250000000000e-01 -7.827108892716055699e+00
-2.595214843750000000e-01 -7.777634911756337921e+00
-2.592773437500000000e-01 -7.728397220415011759e+00
-2.590332031250000000e-01 -7.679394498509369171e+00
-2.587890625000000000e-01 -7.630625440314235952e+00
-2.585449218750000000e-01 -7.582088754336092862e+00
-2.583007812500000000e-01 -7.533783163091540835e+00
-2.580566406250000000e-01 -7.485707402890090734e+00
-2.578125000000000000e-01 -7.437860223621154176e+00
-2.575683593750000000e-01 -7.390240388545072925e+00
-2.573242187500000000e-01 -7.342846674088220560e+00
-2.570800781250000000e-01 -7.295677869641933100e+00
-2.568359375000000000e-01 -7.248732777365321844e+00
-2.565917968750000000e-01 -7.202010211991759725e+00
-2.563476562500000000e-01 -7.155509000639036721e+00
-2.561035156250000000e-01 -7.109227982623057329e+00
-2.558593750000000000e-01 -7.063166009275036572e+00
-2.556152343750000000e-01 -7.017321943762048875e+00
-2.553710937500000000e-01 -6.971694660910959129e+00
-2.551269531250000000e-01 -6.926283047035541429e+00
-2.548828125000000000e-01 -6.881085999766806793e+00
-2.546386718750000000e-01 -6.836102427886413757e+00
-2.543945312500000000e-01 -6.791331251163116534e+00
-2.541503906250000000e-01 -6.746771400192193013e+00
-2.539062500000000000e-01 -6.702421816237738916e+00
-2.536621093750000000e-01 -6.658281451077831647e+00
-2.534179687500000000e-01 -6.614349266852458165e+00
-2.531738281250000000e-01 -6.570624235914132250e+00
-2.529296875000000000e-01 -6.527105340681201184e+00
-2.526855468750000000e-01 -6.483791573493715710e+00
-2.524414062500000000e-01 -6.440681936471888136e+00
-2.521972656250000000e-01 -6.397775441376958305e+00
-2.519531250000000000e-01 -6.355071109474572211e+00
-2.517089843750000000e-01 -6.312567971400487643e+00
-2.514648437500000000e-01 -6.270265067028628181e+00
-2.512207031250000000e-01 -6.228161445341424240e+00
-2.509765625000000000e-01 -6.186256164302356808e+00
-2.507324218750000000e-01 -6.144548290730719842e+00
-2.504882812500000000e-01 -6.103036900178498314e+00
-2.502441406250000000e-01 -6.061721076809345021e+00
-2.500000000000000000e-01 -6.020599913279624182e+00
-2.497558593750000000e-01 -5.979672510621413473e+00
-2.495117187500000000e-01 -5.938937978127540873e+00
-2.492675781250000000e-01 -5.898395433238493801e+00
-2.490234375000000000e-01 -5.858044001431222725e+00
-2.487792968750000000e-01 -5.817882816109818833e+00
-2.485351562500000000e-01 -5.777911018497966289e+00
-2.482910156250000000e-01 -5.738127757533174389e+00
-2.480468750000000000e-01 -5.698532189762779865e+00
-2.478027343750000000e-01 -5.659123479241586097e+00
-2.475585937500000000e-01 -5.619900797431235162e+00
-2.473144531250000000e-01 -5.580863323101170614e+00
-2.470703125000000000e-01 -5.542010242231210526e+00
-2.468261718750000000e-01 -5.503340747915697051e+00
-2.465820312500000000e-01 -5.464854040269180757e+00
-2.463378906250000000e-01 -5.426549326333590884e+00
-2.460937500000000000e-01 -5.388425819986927046e+00
-2.458496093750000000e-01 -5.350482741853348045e+00
-2.456054687500000000e-01 -5.312719319214719960e+00
-2.453613281250000000e-01 -5.275134785923524916e+00
-2.451171875000000000e-01 -5.237728382317168752e+00
-2.448730468750000000e-01 -5.200499355133585411e+00
-2.446289062500000000e-01 -5.163446957428192263e+00
-2.443847656250000000e-01 -5.126570448492104859e+00
-2.441406250000000000e-01 -5.089869093771618225e+00
-2.438964843750000000e-01 -5.053342164788947599e+00
-2.436523437500000000e-01 -5.016988939064153996e+00
-2.434082031250000000e-01 -4.980808700038265258e+00
-2.431640625000000000e-01 -4.944800736997593482e+00
-2.429199218750000000e-01 -4.908964344999159124e+00
-2.426757812500000000e-01 -4.873298824797263507e+00
-2.424316406250000000e-01 -4.837803482771157348e+00
-2.421875000000000000e-01 -4.802477630853791091e+00
-2.419433593750000000e-01 -4.767320586461638143e+00
-2.416992187500000000e-01 -4.732331672425533320e+00
-2.414550781250000000e-01 -4.697510216922568205e+00
-2.412109375000000000e-01 -4.662855553408960851e+00
-2.409667968750000000e-01 -4.628367020553933564e+00
-2.407226562500000000e-01 -4.594043962174542806e+00
-2.404785156250000000e-01 -4.559885727171460346e+00
-2.402343750000000000e-01 -4.525891669465693212e+00
-2.399902343750000000e-01 -4.492061147936220245e+00
-2.397460937500000000e-01 -4.458393526358500836e+00
-2.395019531250000000e-01 -4.424888173343909159e+00
-2.392578125000000000e-01 -4.391544462279998839e+00
-2.390136718750000000e-01 -4.358361771271628271e+00
-2.387695312500000000e-01 -4.325339483082927927e+00
-2.385253906250000000e-01 -4.292476985080073248e+00
-2.382812500000000000e-01 -4.259773669174885313e+00
-2.380371093750000000e-01 -4.227228931769188236e+00
-2.377929687500000000e-01 -4.194842173699987242e+00
-2.375488281250000000e-01 -4.162612800185360840e+00
-2.373046875000000000e-01 -4.130540220771147908e+00
-2.370605468750000000e-01 -4.098623849278339115e+00
-2.368164062500000000e-01 -4.066863103751210851e+00
-2.365722656250000000e-01 -4.035257406406146607e+00
-2.363281250000000000e-01 -4.003806183581184897e+00
-2.360839843750000000e-01 -3.972508865686243951e+00
-2.358398437500000000e-01 -3.941364887154000129e+00
-2.355957031250000000e-01 -3.910373686391458214e+00
-2.353515625000000000e-01 -3.879534705732150979e+00
-2.351074218750000000e-01 -3.848847391388987571e+00
-2.348632812500000000e-01 -3.818311193407734727e+00
-2.346191406250000000e-01 -3.787925565621106827e+00
-2.343750000000000000e-01 -3.757689965603463911e+00
-2.341308593750000000e-01 -3.727603854626111435e+00
-2.338867187500000000e-01 -3.697666697613181341e+00
-2.336425781250000000e-01 -3.667877963098101102e+00
-2.333984375000000000e-01 -3.638237123180619204e+00
-2.331542968750000000e-01 -3.608743653484376868e+00
-2.329101562500000000e-01 -3.579397033115064186e+00
-2.326660156250000000e-01 -3.550196744619071865e+00
-2.324218750000000000e-01 -3.521142273942702960e+00
-2.321777343750000000e-01 -3.492233110391893103e+00
-2.319335937500000000e-01 -3.463468746592448078e+00
-2.316894531250000000e-01 -3.434848678450778792e+00
-2.314453125000000000e-01 -3.406372405115134061e+00
-2.312011718750000000e-01 -3.378039428937331223e+00
-2.309570312500000000e-01 -3.349849255434937945e+00
-2.307128906250000000e-01 -3.321801393253964285e+00
-2.304687500000000000e-01 -3.293895354131985087e+00
-2.302246093750000000e-01 -3.266130652861734429e+00
-2.299804687500000000e-01 -3.238506807255147280e+00
-2.297363281250000000e-01 -3.211023338107826142e+00
-2.294921875000000000e-01 -3.183679769163984652e+00
-2.292480468750000000e-01 -3.156475627081758439e+00
-2.290039062500000000e-01 -3.129410441398988496e+00
-2.287597656250000000e-01 -3.102483744499382912e+00
-2.285156250000000000e-01 -3.075695071579104045e+00
-2.282714843750000000e-01 -3.049043960613753157e+00
-2.280273437500000000e-01 -3.022529952325745839e+00
-2.277832031250000000e-01 -2.996152590152065365e+00
-2.275390625000000000e-01 -2.969911420212423270e+00
-2.272949218750000000e-01 -2.943805991277768541e+00
-2.270507812500000000e-01 -2.917835854739179613e+00
-2.268066406250000000e-01 -2.892000564577115629e+00
-2.265625000000000000e-01 -2.866299677331038520e+00
-2.263183593750000000e-01 -2.840732752069352607e+00
-2.260742187500000000e-01 -2.815299350359741215e+00
-2.258300781250000000e-01 -2.789999036239796393e+00
-2.255859375000000000e-01 -2.764831376188020329e+00
-2.253417968750000000e-01 -2.739795939095134969e+00
-2.250976562500000000e-01 -2.714892296235726921e+00
-2.248535156250000000e-01 -2.690120021240210324e+00
-2.246093750000000000e-01 -2.665478690067113465e+00
-2.243652343750000000e-01 -2.640967880975655824e+00
-2.241210937500000000e-01 -2.616587174498656854e+00
-2.238769531250000000e-01 -2.592336153415727651e+00
-2.236328125000000000e-01 -2.568214402726765044e+00
-2.233886718750000000e-01 -2.544221509625738342e+00
-2.231445312500000000e-01 -2.520357063474771842e+00
-2.229003906250000000e-01 -2.496620655778484910e+00
-2.226562500000000000e-01 -2.473011880158643372e+00
-2.224121093750000000e-01 -2.449530332329068916e+00
-2.221679687500000000e-01 -2.426175610070812727e+00
-2.219238281250000000e-01 -2.402947313207618674e+00
-2.216796875000000000e-01 -2.379845043581623631e+00
-2.214355468750000000e-01 -2.356868405029332703e+00
-2.211914062500000000e-01 -2.334017003357850673e+00
-2.209472656250000000e-01 -2.311290446321342174e+00
-2.207031250000000000e-01 -2.288688343597774733e+00
-2.204589843750000000e-01 -2.266210306765874982e+00
-2.202148437500000000e-01 -2.243855949282342888e+00
-2.199707031250000000e-01 -2.221624886459293791e+00
-2.197265625000000000e-01 -2.199516735441937154e+00
-2.194824218750000000e-01 -2.177531115186485788e+00
-2.192382812500000000e-01 -2.155667646438292895e+00
-2.189941406250000000e-01 -2.133925951710196056e+00
-2.187500000000000000e-01 -2.112305655261120574e+00
-2.185058593750000000e-01 -2.090806383074844010e+00
-2.182617187500000000e-01 -2.069427762839028073e+00
-2.180175781250000000e-01 -2.048169423924423693e+00
-2.177734375000000000e-01 -2.027030997364303033e+00
-2.175292968750000000e-01 -2.006012115834088672e+00
-2.172851562500000000e-01 -1.985112413631187067e+00
-2.170410156250000000e-01 -1.964331526655016313e+00
-2.167968750000000000e-01 -1.943669092387237951e+00
-2.165527343750000000e-01 -1.923124749872174855e+00
-2.163085937500000000e-01 -1.902698139697420965e+00
-2.160644531250000000e-01 -1.882388903974645977e+00
-2.158203125000000000e-01 -1.862196686320567007e+00
-2.155761718750000000e-01 -1.842121131838137416e+00
-2.153320312500000000e-01 -1.822161887097861532e+00
-2.150878906250000000e-01 -1.802318600119354741e+00
-2.148437500000000000e-01 -1.782590920353006370e+00
-2.145996093750000000e-01 -1.762978498661887938e+00
-2.143554687500000000e-01 -1.743480987303764662e+00
-2.141113281250000000e-01 -1.724098039913326330e+00
-2.138671875000000000e-01 -1.704829311484554522e+00
-2.136230468750000000e-01 -1.685674458353257910e+00
-2.133789062500000000e-01 -1.666633138179789864e+00
-2.131347656250000000e-01 -1.647705009931887954e+00
-2.128906250000000000e-01 -1.628889733867703304e+00
-2.126464843750000000e-01 -1.610186971518970278e+00
-2.124023437500000000e-01 -1.591596385674322933e+00
-2.121582031250000000e-01 -1.573117640362785785e+00
-2.119140625000000000e-01 -1.554750400837380919e+00
-2.116699218750000000e-01 -1.536494333558908298e+00
-2.114257812500000000e-01 -1.518349106179857522e+00
-2.111816406250000000e-01 -1.500314387528467241e+00
-2.109375000000000000e-01 -1.482389847592922250e+00
-2.106933593750000000e-01 -1.464575157505692449e+00
-2.104492187500000000e-01 -1.446869989528012823e+00
-2.102050781250000000e-01 -1.429274017034487754e+00
-2.099609375000000000e-01 -1.411786914497841661e+00
-2.097167968750000000e-01 -1.394408357473790883e+00
-2.094726562500000000e-01 -1.377138022586059218e+00
-2.092285156250000000e-01 -1.359975587511508488e+00
-2.089843750000000000e-01 -1.342920730965401876e+00
-2.087402343750000000e-01 -1.325973132686799838e+00
-2.084960937500000000e-01 -1.309132473424060361e+00
-2.082519531250000000e-01 -1.292398434920495331e+00
-2.080078125000000000e-01 -1.275770699900101057e+00
-2.077636718750000000e-01 -1.259248952053465542e+00
-2.075195312500000000e-01 -1.242832876023728828e+00
-2.072753906250000000e-01 -1.226522157392721857e+00
-2.070312500000000000e-01 -1.210316482667175064e+00
-2.067871093750000000e-01 -1.194215539265066406e+00
-2.065429687500000000e-01 -1.178219015502069533e+00
-2.062988281250000000e-01 -1.162326600578117430e+00
-2.060546875000000000e-01 -1.146537984564075963e+00
-2.058105468750000000e-01 -1.130852858388520676e+00
-2.055664062500000000e-01 -1.115270913824636168e+00
-2.053222656250000000e-01 -1.099791843477191611e+00
-2.050781250000000000e-01 -1.084415340769657954e+00
-2.048339843750000000e-01 -1.069141099931397054e+00
-2.045898437500000000e-01 -1.053968815984968277e+00
-2.043457031250000000e-01 -1.038898184733544561e+00
-2.041015625000000000e-01 -1.023928902748399761e+00
-2.038574218750000000e-01 -1.009060667356525220e+00
-2.036132812500000000e-01 -9.942931766283291672e-01
-2.033691406250000000e-01 -9.796261293654328073e-01
-2.031250000000000000e-01 -9.650592250885653423e-01
-2.028808593750000000e-01 -9.505921640255485805e-01
-2.026367187500000000e-01 -9.362246470993917935e-01
-2.023925781250000000e-01 -9.219563759164445260e-01
-2.021484375000000000e-01 -9.077870527546818558e-01
-2.019042968750000000e-01 -8.937163805520548232e-01
-2.016601562500000000e-01 -8.797440628949297903e-01
-2.014160156250000000e-01 -8.658698040066293844e-01
-2.011718750000000000e-01 -8.520933087360592628e-01
-2.009277343750000000e-01 -8.384142825464013793e-01
-2.006835937500000000e-01 -8.248324315039270438e-01
-2.004394531250000000e-01 -8.113474622668683800e-01
-2.001953125000000000e-01 -7.979590820743791557e-01
-1.999511718750000000e-01 -7.846669987355947562e-01
-1.997070312500000000e-01 -7.714709206187485568e-01
-1.994628906250000000e-01 -7.583705566403919907e-01
-1.992187500000000000e-01 -7.453656162546912212e-01
-1.989746093750000000e-01 -7.324558094427899846e-01
-1.987304687500000000e-01 -7.196408467022723521e-01
-1.984863281250000000e-01 -7.069204390366936597e-01
-1.982421875000000000e-01 -6.942942979451827146e-01
-1.979980468750000000e-01 -6.817621354121411459e-01
-1.977539062500000000e-01 -6.693236638969941588e-01
-1.975097656250000000e-01 -6.569785963240443172e-01
-1.972656250000000000e-01 -6.447266460723799497e-01
-1.970214843750000000e-01 -6.325675269658590505e-01
-1.967773437500000000e-01 -6.205009532631851066e-01
-1.965332031250000000e-01 -6.085266396480466522e-01
-1.962890625000000000e-01 -5.966443012193115569e-01
-1.960449218750000000e-01 -5.848536534813291166e-01
-1.958007812500000000e-01 -5.731544123342698915e-01
-1.955566406250000000e-01 -5.615462940645633561e-01
-1.953125000000000000e-01 -5.500290153353841749e-01
-1.950683593750000000e-01 -5.386022931772285194e-01
-1.948242187500000000e-01 -5.272658449785437851e-01
-1.945800781250000000e-01 -5.160193884764392447e-01
-1.943359375000000000e-01 -5.048626417474526562e-01
-1.940917968750000000e-01 -4.937953231983994717e-01
-1.938476562500000000e-01 -4.828171515572835526e-01
-1.936035156250000000e-01 -4.719278458642642837e-01
-1.933593750000000000e-01 -4.611271254627116734e-01
-1.931152343750000000e-01 -4.504147099903107465e-01
-1.928710937500000000e-01 -4.397903193702371594e-01
-1.926269531250000000e-01 -4.292536738024023135e-01
-1.923828125000000000e-01 -4.188044937547586999e-01
-1.921386718750000000e-01 -4.084424999546659718e-01
-1.918945312500000000e-01 -3.981674133803352333e-01
-1.916503906250000000e-01 -3.879789552523258411e-01
-1.914062500000000000e-01 -3.778768470251034350e-01
-1.911621093750000000e-01 -3.678608103786767392e-01
-1.909179687500000000e-01 -3.579305672102772728e-01
-1.906738281250000000e-01 -3.480858396261187759e-01
-1.904296875000000000e-01 -3.383263499332107571e-01
-1.901855468750000000e-01 -3.286518206312289414e-01
-1.899414062500000000e-01 -3.190619744044700945e-01
-1.896972656250000000e-01 -3.095565341138302173e-01
-1.894531250000000000e-01 -3.001352227888857138e-01
-1.892089843750000000e-01 -2.907977636200069216e-01
-1.889648437500000000e-01 -2.815438799505411982e-01
-1.887207031250000000e-01 -2.723732952690630649e-01
-1.884765625000000000e-01 -2.632857332016710350e-01
-1.882324218750000000e-01 -2.542809175043576619e-01
-1.879882812500000000e-01 -2.453585720554314620e-01
-1.877441406250000000e-01 -2.365184208480052286e-01
-1.875000000000000000e-01 -2.277601879825359998e-01
-1.872558593750000000e-01 -2.190835976594295020e-01
-1.870117187500000000e-01 -2.104883741717045731e-01
-1.867675781250000000e-01 -2.019742418977129028e-01
-1.865234375000000000e-01 -1.935409252939244706e-01
-1.862792968750000000e-01 -1.851881488877596960e-01
-1.860351562500000000e-01 -1.769156372704985547e-01
-1.857910156250000000e-01 -1.687231150902263332e-01
-1.855468750000000000e-01 -1.606103070448600123e-01
-1.853027343750000000e-01 -1.525769378752143690e-01
-1.850585937500000000e-01 -1.446227323581431579e-01
-1.848144531250000000e-01 -1.367474152997204540e-01
-1.845703125000000000e-01 -1.289507115284962424e-01
-1.843261718750000000e-01 -1.212323458888049932e-01
-1.840820312500000000e-01 -1.135920432341306352e-01
-1.838378906250000000e-01 -1.060295284205241828e-01
-1.835937500000000000e-01 -9.854452630009551128e-02
-1.833496093750000000e-01 -9.113676171454207497e-02
-1.831054687500000000e-01 -8.380595948876315426e-02
-1.828613281250000000e-01 -7.655184442450048421e-02
-1.826171875000000000e-01 -6.937414129405959640e-02
-1.823730468750000000e-01 -6.227257483408293881e-02
-1.821289062500000000e-01 -5.524686973938117140e-02
-1.818847656250000000e-01 -4.829675065681558743e-02
-1.816406250000000000e-01 -4.142194217925248417e-02
-1.813964843750000000e-01 -3.462216883956475283e-02
-1.811523437500000000e-01 -2.789715510469699747e-02
-1.809082031250000000e-01 -2.124662536978786861e-02
-1.806640625000000000e-01 -1.467030395234828789e-02
-1.804199218750000000e-01 -8.167915086503082026e-03
-1.801757812500000000e-01 -1.739182917286893285e-03
-1.799316406250000000e-01 4.616168504999094112e-03
-1.796875000000000000e-01 1.089841523036898761e-02
-1.794433593750000000e-01 1.710783341468823104e-02
-1.791992187500000000e-01 2.324469932512080242e-02
-1.789550781250000000e-01 2.930928934555806706e-02
-1.787109375000000000e-01 3.530187998195159771e-02
-1.784667968750000000e-01 4.122274786761069565e-02
-1.782226562500000000e-01 4.707216976842555634e-02
-1.779785156250000000e-01 5.285042258804194260e-02
-1.777343750000000000e-01 5.855778337296579233e-02
-1.774902343750000000e-01 6.419452931761200631e-02
-1.772460937500000000e-01 6.976093776930251955e-02
-1.770019531250000000e-01 7.525728623317640142e-02
-1.767578125000000000e-01 8.068385237707810520e-02
-1.765136718750000000e-01 8.604091403634848978e-02
-1.762695312500000000e-01 9.132874921858072370e-02
-1.760253906250000000e-01 9.654763610829439346e-02
-1.757812500000000000e-01 1.016978530715690332e-01
-1.755371093750000000e-01 1.067796786605977877e-01
-1.752929687500000000e-01 1.117933916181853560e-01
-1.750488281250000000e-01 1.167392708821947261e-01
-1.748046875000000000e-01 1.216175955899076316e-01
-1.745605468750000000e-01 1.264286450823493280e-01
-1.743164062500000000e-01 1.311726989085230666e-01
-1.740722656250000000e-01 1.358500368296088334e-01
-1.738281250000000000e-01 1.404609388230736722e-01
-1.735839843750000000e-01 1.450056850867368075e-01
-1.733398437500000000e-01 1.494845560427651154e-01
-1.730957031250000000e-01 1.538978323415909899e-01
-1.728515625000000000e-01 1.582457948657908231e-01
-1.726074218750000000e-01 1.625287247338741692e-01
-1.723632812500000000e-01 1.667469033040242243e-01
-1.721191406250000000e-01 1.709006121777616460e-01
-1.718750000000000000e-01 1.749901332035557755e-01
-1.716308593750000000e-01 1.790157484803456822e-01
-1.713867187500000000e-01 1.829777403610350350e-01
-1.711425781250000000e-01 1.868763914558659311e-01
-1.708984375000000000e-01 1.907119846357736848e-01
-1.706542968750000000e-01 1.944848030356547963e-01
-1.704101562500000000e-01 1.981951300575545694e-01
-1.701660156250000000e-01 2.018432493738110678e-01
-1.699218750000000000e-01 2.054294449301165282e-01
-1.696777343750000000e-01 2.089540009485062189e-01
-1.694335937500000000e-01 2.124172019302908998e-01
-1.691894531250000000e-01 2.158193326589030181e-01
-1.689453125000000000e-01 2.191606782026837563e-01
-1.687011718750000000e-01 2.224415239176067149e-01
-1.684570312500000000e-01 2.256621554499149140e-01
-1.682128906250000000e-01 2.288228587386863244e-01
-1.679687500000000000e-01 2.319239200183465521e-01
-1.677246093750000000e-01 2.349656258210883475e-01
-1.674804687500000000e-01 2.379482629792359638e-01
-1.672363281250000000e-01 2.408721186275138149e-01
-1.669921875000000000e-01 2.437374802052781342e-01
-1.667480468750000000e-01 2.465446354586278421e-01
-1.665039062500000000e-01 2.492938724424854646e-01
-1.662597656250000000e-01 2.519854795225771049e-01
-1.660156250000000000e-01 2.546197453773477726e-01
-1.657714843750000000e-01 2.571969589997942229e-01
-1.655273437500000000e-01 2.597174096992302950e-01
-1.652832031250000000e-01 2.621813871029615162e-01
-1.650390625000000000e-01 2.645891811579126895e-01
-1.647949218750000000e-01 2.669410821321366312e-01
-1.645507812500000000e-01 2.692373806162869920e-01
-1.643066406250000000e-01 2.714783675249833328e-01
-1.640625000000000000e-01 2.736643340981024797e-01
-1.638183593750000000e-01 2.757955719020186436e-01
-1.635742187500000000e-01 2.778723728307087582e-01
-1.633300781250000000e-01 2.798950291068446616e-01
-1.630859375000000000e-01 2.818638332827542170e-01
-1.628417968750000000e-01 2.837790782413095458e-01
-1.625976562500000000e-01 2.856410571967755718e-01
-1.623535156250000000e-01 2.874500636955119037e-01
-1.621093750000000000e-01 2.892063916166446313e-01
-1.618652343750000000e-01 2.909103351726233244e-01
-1.616210937500000000e-01 2.925621889097299033e-01
-1.613769531250000000e-01 2.941622477084561149e-01
-1.611328125000000000e-01 2.957108067838500332e-01
-1.608886718750000000e-01 2.972081616857236708e-01
-1.606445312500000000e-01 2.986546082988289497e-01
-1.604003906250000000e-01 3.000504428429073278e-01
-1.601562500000000000e-01 3.013959618726764211e-01
-1.599121093750000000e-01 3.026914622777192587e-01
-1.596679687500000000e-01 3.039372412822948788e-01
-1.594238281250000000e-01 3.051335964450527793e-01
-1.591796875000000000e-01 3.062808256586743716e-01
-1.589355468750000000e-01 3.073792271494082406e-01
-1.586914062500000000e-01 3.084290994765135907e-01
-1.584472656250000000e-01 3.094307415316626675e-01
-1.582031250000000000e-01 3.103844525381780350e-01
-1.579589843750000000e-01 3.112905320502410422e-01
-1.577148437500000000e-01 3.121492799519841599e-01
-1.574707031250000000e-01 3.129609964564963875e-01
-1.572265625000000000e-01 3.137259821047291286e-01
-1.569824218750000000e-01 3.144445377643337314e-01
-1.567382812500000000e-01 3.151169646283797365e-01
-1.564941406250000000e-01 3.157435642139957421e-01
-1.562500000000000000e-01 3.163246383609183421e-01
-1.560058593750000000e-01 3.168604892299352604e-01
-1.557617187500000000e-01 3.173514193012459961e-01
-1.555175781250000000e-01 3.177977313727267106e-01
-1.552734375000000000e-01 3.181997285580940860e-01
-1.550292968750000000e-01 3.185577142849846943e-01
-1.547851562500000000e-01 3.188719922929114103e-01
-1.545410156250000000e-01 3.191428666311767470e-01
-1.542968750000000000e-01 3.193706416566276518e-01
-1.540527343750000000e-01 3.195556220313588436e-01
-1.538085937500000000e-01 3.196981127202985773e-01
-1.535644531250000000e-01 3.197984189886942108e-01
-1.533203125000000000e-01 3.198568463995171696e-01
-1.530761718750000000e-01 3.198737008107500612e-01
-1.528320312500000000e-01 3.198492883725886360e-01
-1.525878906250000000e-01 3.197839155245316145e-01
-1.523437500000000000e-01 3.196778889923854727e-01
-1.520996093750000000e-01 3.195315157851578158e-01
-1.518554687500000000e-01 3.193451031918567162e-01
-1.516113281250000000e-01 3.191189587781821935e-01
-1.513671875000000000e-01 3.188533903831243244e-01
-1.511230468750000000e-01 3.185487061154589350e-01
-1.508789062500000000e-01 3.182052143501324926e-01
-1.506347656250000000e-01 3.178232237245587344e-01
-1.503906250000000000e-01 3.174030431348027204e-01
-1.501464843750000000e-01 3.169449817316585816e-01
-1.499023437500000000e-01 3.164493489166448903e-01
-1.496582031250000000e-01 3.159164543378644163e-01
-1.494140625000000000e-01 3.153466078857932731e-01
-1.491699218750000000e-01 3.147401196889436648e-01
-1.489257812500000000e-01 3.140973001094258255e-01
-1.486816406250000000e-01 3.134184597384190862e-01
-1.484375000000000000e-01 3.127039093915162660e-01
-1.481933593750000000e-01 3.119539601039849064e-01
-1.479492187500000000e-01 3.111689231259041066e-01
-1.477050781250000000e-01 3.103491099172134837e-01
-1.474609375000000000e-01 3.094948321426437832e-01
-1.472167968750000000e-01 3.086064016665376331e-01
-1.469726562500000000e-01 3.076841305475848110e-01
-1.467285156250000000e-01 3.067283310334315005e-01
-1.464843750000000000e-01 3.057393155551854091e-01
-1.462402343750000000e-01 3.047173967218337332e-01
-1.459960937500000000e-01 3.036628873145187923e-01
-1.457519531250000000e-01 3.025761002807372257e-01
-1.455078125000000000e-01 3.014573487284264997e-01
-1.452636718750000000e-01 3.003069459199276814e-01
-1.450195312500000000e-01 2.991252052658617822e-01
-1.447753906250000000e-01 2.979124403188867509e-01
-1.445312500000000000e-01 2.966689647673404484e-01
-1.442871093750000000e-01 2.953950924288046842e-01
-1.440429687500000000e-01 2.940911372435194293e-01
-1.437988281250000000e-01 2.927574132677278618e-01
-1.435546875000000000e-01 2.913942346668884631e-01
-1.433105468750000000e-01 2.900019157087916355e-01
-1.430664062500000000e-01 2.885807707565682945e-01
-1.428222656250000000e-01 2.871311142615801115e-01
-1.425781250000000000e-01 2.856532607562176640e-01
-1.423339843750000000e-01 2.841475248465755721e-01
-1.420898437500000000e-01 2.826142212050302693e-01
-1.418457031250000000e-01 2.810536645627075836e-01
-1.416015625000000000e-01 2.794661697018381297e-01
-1.413574218750000000e-01 2.778520514480217196e-01
-1.411132812500000000e-01 2.762116246623488314e-01
-1.408691406250000000e-01 2.745452042334657894e-01
-1.406250000000000000e-01 2.728531050694816829e-01
-1.403808593750000000e-01 2.711356420898137221e-01
-1.401367187500000000e-01 2.693931302168784403e-01
-1.398925781250000000e-01 2.676258843677249977e-01
-1.396484375000000000e-01 2.658342194455359242e-01
-1.394042968750000000e-01 2.640184503310132325e-01
-1.391601562500000000e-01 2.621788918736761564e-01
-1.389160156250000000e-01 2.603158588830595810e-01
-1.386718750000000000e-01 2.584296661197809652e-01
-1.384277343750000000e-01 2.565206282865258869e-01
-1.381835937500000000e-01 2.545890600189175679e-01
-1.379394531250000000e-01 2.526352758762827611e-01
-1.376953125000000000e-01 2.506595903323212693e-01
-1.374511718750000000e-01 2.486623177656633321e-01
-1.372070312500000000e-01 2.466437724503272033e-01
-1.369628906250000000e-01 2.446042685460766419e-01
-1.367187500000000000e-01 2.425441200886684912e-01
-1.364746093750000000e-01 2.404636409800140207e-01
-1.362304687500000000e-01 2.383631449782104283e-01
-1.359863281250000000e-01 2.362429456875116129e-01
-1.357421875000000000e-01 2.341033565481568934e-01
-1.354980468750000000e-01 2.319446908261363072e-01
-1.352539062500000000e-01 2.297672616028225701e-01
-1.350097656250000000e-01 2.275713817645385606e-01
-1.347656250000000000e-01 2.253573639920042337e-01
-1.345214843750000000e-01 2.231255207496900539e-01
-1.342773437500000000e-01 2.208761642750698417e-01
-1.340332031250000000e-01 2.186096065677950173e-01
-1.337890625000000000e-01 2.163261593787633719e-01
-1.335449218750000000e-01 2.140261341990677690e-01
-1.333007812500000000e-01 2.117098422489051557e-01
-1.330566406250000000e-01 2.093775944663455180e-01
-1.328125000000000000e-01 2.070297014960199578e-01
-1.325683593750000000e-01 2.046664736777342730e-01
-1.323242187500000000e-01 2.022882210349712384e-01
-1.320800781250000000e-01 1.998952532633108681e-01
-1.318359375000000000e-01 1.974878797187672175e-01
-1.315917968750000000e-01 1.950664094060168829e-01
-1.313476562500000000e-01 1.926311509665706856e-01
-1.311035156250000000e-01 1.901824126668348325e-01
-1.308593750000000000e-01 1.877205023860852029e-01
-1.306152343750000000e-01 1.852457276043863454e-01
-1.303710937500000000e-01 1.827583953903857972e-01
-1.301269531250000000e-01 1.802588123890550009e-01
-1.298828125000000000e-01 1.777472848093440971e-01
-1.296386718750000000e-01 1.752241184117459272e-01
-1.293945312500000000e-01 1.726896184957888158e-01
-1.291503906250000000e-01 1.701440898874453378e-01
-1.289062500000000000e-01 1.675878369264794387e-01
-1.286621093750000000e-01 1.650211634536935812e-01
-1.284179687500000000e-01 1.624443727981239871e-01
-1.281738281250000000e-01 1.598577677641305206e-01
-1.279296875000000000e-01 1.572616506184665863e-01
-1.276855468750000000e-01 1.546563230772288466e-01
-1.274414062500000000e-01 1.520420862927459038e-01
-1.271972656250000000e-01 1.494192408404276806e-01
-1.269531250000000000e-01 1.467880867055187111e-01
-1.267089843750000000e-01 1.441489232697862333e-01
-1.264648437500000000e-01 1.415020492981629019e-01
-1.262207031250000000e-01 1.388477629253063728e-01
-1.259765625000000000e-01 1.361863616421127021e-01
-1.257324218750000000e-01 1.335181422821536956e-01
-1.254882812500000000e-01 1.308434010080768428e-01
-1.252441406250000000e-01 1.281624332979134362e-01
-1.250000000000000000e-01 1.254755339313812224e-01
-1.247558593750000000e-01 1.227829969760775297e-01
-1.245117187500000000e-01 1.200851157736550490e-01
-1.242675781250000000e-01 1.173821829259375782e-01
-1.240234375000000000e-01 1.146744902809910538e-01
-1.237792968750000000e-01 1.119623289191230692e-01
-1.235351562500000000e-01 1.092459891388661841e-01
-1.232910156250000000e-01 1.065257604429065003e-01
-1.230468750000000000e-01 1.038019315239561285e-01
-1.228027343750000000e-01 1.010747902505974294e-01
-1.225585937500000000e-01 9.834462365308657694e-02
-1.223144531250000000e-01 9.561171790910971691e-02
-1.220703125000000000e-01 9.287635832951976478e-02
-1.218261718750000000e-01 9.013882934401434843e-02
-1.215820312500000000e-01 8.739941448680998981e-02
-1.213378906250000000e-01 8.465839638225397534e-02
-1.210937500000000000e-01 8.191605673043822478e-02
-1.208496093750000000e-01 7.917267629276691920e-02
-1.206054687500000000e-01 7.642853487748996200e-02
-1.203613281250000000e-01 7.368391132524806930e-02
-1.201171875000000000e-01 7.093908349455378681e-02
-1.198730468750000000e-01 6.819432824728260956e-02
-1.196289062500000000e-01 6.544992143413513874e-02
-1.193847656250000000e-01 6.270613788008329303e-02
-1.191406250000000000e-01 5.996325136980741599e-02
-1.188964843750000000e-01 5.722153463311809019e-02
-1.186523437500000000e-01 5.448125933036210289e-02
-1.184082031250000000e-01 5.174269603783694660e-02
-1.181640625000000000e-01 4.900611423318071425e-02
-1.179199218750000000e-01 4.627178228076966188e-02
-1.176757812500000000e-01 4.353996741712280738e-02
-1.174316406250000000e-01 4.081093573627872506e-02
-1.171875000000000000e-01 3.808495217520543180e-02
-1.169433593750000000e-01 3.536228049918743732e-02
-1.166992187500000000e-01 3.264318328725662050e-02
-1.164550781250000000e-01 2.992792191758606932e-02
-1.162109375000000000e-01 2.721675655293867221e-02
-1.159667968750000000e-01 2.450994612609329326e-02
-1.157226562500000000e-01 2.180774832530977397e-02
-1.154785156250000000e-01 1.911041957980552652e-02
-1.152343750000000000e-01 1.641821504524927644e-02
-1.149902343750000000e-01 1.373138858927550401e-02
-1.147460937500000000e-01 1.105019277703092086e-02
-1.145019531250000000e-01 8.374878856739334521e-03
-1.142578125000000000e-01 5.705696745305834094e-03
-1.140136718750000000e-01 3.042895013935106863e-03
-1.137695312500000000e-01 3.867208738041765957e-04
-1.135253906250000000e-01 -2.262579838244309707e-03
-1.132812500000000000e-01 -4.904762673970079409e-03
-1.130371093750000000e-01 -7.539584587951128104e-03
-1.127929687500000000e-01 -1.016680395176786447e-02
-1.125488281250000000e-01 -1.278618056813536109e-02
-1.123046875000000000e-01 -1.539747568500598150e-02
-1.120605468750000000e-01 -1.800045200958839270e-02
-1.118164062500000000e-01 -2.059487372234868746e-02
-1.115722656250000000e-01 -2.318050649093474774e-02
-1.113281250000000000e-01 -2.575711748406446164e-02
-1.110839843750000000e-01 -2.832447538532758408e-02
-1.108398437500000000e-01 -3.088235040694860614e-02
-1.105957031250000000e-01 -3.343051430348648045e-02
-1.103515625000000000e-01 -3.596874038544897734e-02
-1.101074218750000000e-01 -3.849680353285743484e-02
-1.098632812500000000e-01 -4.101448020873092043e-02
-1.096191406250000000e-01 -4.352154847250436220e-02
-1.093750000000000000e-01 -4.601778799336695563e-02
-1.091308593750000000e-01 -4.850298006351615177e-02
-1.088867187500000000e-01 -5.097690761134730103e-02
-1.086425781250000000e-01 -5.343935521455103060e-02
-1.083984375000000000e-01 -5.589010911312790320e-02
-1.081542968750000000e-01 -5.832895722230668073e-02
-1.079101562500000000e-01 -6.075568914539634935e-02
-1.076660156250000000e-01 -6.317009618652127956e-02
-1.074218750000000000e-01 -6.557197136327354292e-02
-1.071777343750000000e-01 -6.796110941927636928e-02
-1.069335937500000000e-01 -7.033730683663066974e-02
-1.066894531250000000e-01 -7.270036184827849413e-02
-1.064453125000000000e-01 -7.505007445025814461e-02
-1.062011718750000000e-01 -7.738624641383433367e-02
-1.059570312500000000e-01 -7.970868129755774578e-02
-1.057128906250000000e-01 -8.201718445918701472e-02
-1.054687500000000000e-01 -8.431156306749622298e-02
-1.052246093750000000e-01 -8.659162611399331966e-02
-1.049804687500000000e-01 -8.885718442449094812e-02
-1.047363281250000000e-01 -9.110805067058233564e-02
-1.044921875000000000e-01 -9.334403938098201348e-02
-1.042480468750000000e-01 -9.556496695274933895e-02
-1.040039062500000000e-01 -9.777065166238466110e-02
-1.037597656250000000e-01 -9.996091367679432738e-02
-1.035156250000000000e-01 -1.021355750641316229e-01
-1.032714843750000000e-01 -1.042944598045034282e-01
-1.030273437500000000e-01 -1.064373938005430537e-01
-1.027832031250000000e-01 -1.085642048878383142e-01
-1.025390625000000000e-01 -1.106747228452442805e-01
-1.022949218750000000e-01 -1.127687794050288572e-01
-1.020507812500000000e-01 -1.148462082628817771e-01
-1.018066406250000000e-01 -1.169068450878024829e-01
-1.015625000000000000e-01 -1.189505275318065158e-01
-1.013183593750000000e-01 -1.209770952395091553e-01
-1.010742187500000000e-01 -1.229863898575473541e-01
-1.008300781250000000e-01 -1.249782550438536255e-01
-1.005859375000000000e-01 -1.269525364767725706e-01
-1.003417968750000000e-01 -1.289090818640206970e-01
-1.000976562500000000e-01 -1.308477409514942624e-01
-9.985351562500000000e-02 -1.327683655319042144e-01
-9.960937500000000000e-02 -1.346708094532709232e-01
-9.936523437500000000e-02 -1.365549286272282337e-01
-9.912109375000000000e-02 -1.384205810371828271e-01
-9.887695312500000000e-02 -1.402676267463059401e-01
-9.863281250000000000e-02 -1.420959279053375934e-01
-9.838867187500000000e-02 -1.439053487602398040e-01
-9.814453125000000000e-02 -1.456957556596716885e-01
-9.790039062500000000e-02 -1.474670170622883747e-01
-9.765625000000000000e-02 -1.492190035438621387e-01
-9.741210937500000000e-02 -1.509515878042345105e-01
-9.716796875000000000e-02 -1.526646446740857199e-01
-9.692382812500000000e-02 -1.543580511215212059e-01
-9.667968750000000000e-02 -1.560316862584811837e-01
-9.643554687500000000e-02 -1.576854313469626123e-01
-9.619140625000000000e-02 -1.593191698050658855e-01
-9.594726562500000000e-02 -1.609327872128353820e-01
-9.570312500000000000e-02 -1.625261713179485257e-01
-9.545898437500000000e-02 -1.640992120411675081e-01
-9.521484375000000000e-02 -1.656518014816512618e-01
-9.497070312500000000e-02 -1.671838339220392267e-01
-9.472656250000000000e-02 -1.686952058333655857e-01
-9.448242187500000000e-02 -1.701858158797629750e-01
-9.423828125000000000e-02 -1.716555649229824509e-01
-9.399414062500000000e-02 -1.731043560267191417e-01
-9.375000000000000000e-02 -1.745320944607340885e-01
-9.350585937500000000e-02 -1.759386877047743880e-01
-9.326171875000000000e-02 -1.773240454523129783e-01
-9.301757812500000000e-02 -1.786880796140666583e-01
-9.277343750000000000e-02 -1.800307043213303926e-01
-9.252929687500000000e-02 -1.813518359290930415e-01
-9.228515625000000000e-02 -1.826513930189768153e-01
-9.204101562500000000e-02 -1.839292964019316745e-01
-9.179687500000000000e-02 -1.851854691207762693e-01
-9.155273437500000000e-02 -1.864198364524885798e-01
-9.130859375000000000e-02 -1.876323259103189478e-01
-9.106445312500000000e-02 -1.888228672456923607e-01
-9.082031250000000000e-02 -1.899913924498889128e-01
-9.057617187500000000e-02 -1.911378357555349183e-01
-9.033203125000000000e-02 -1.922621336378760315e-01
-9.008789062500000000e-02 -1.933642248158428945e-01
-8.984375000000000000e-02 -1.944440502529145576e-01
-8.959960937500000000e-02 -1.955015531577557197e-01
-8.935546875000000000e-02 -1.965366789846684503e-01
-8.911132812500000000e-02 -1.975493754338044639e-01
-8.886718750000000000e-02 -1.985395924512026178e-01
-8.862304687500000000e-02 -1.995072822285733904e-01
-8.837890625000000000e-02 -2.004523992029125790e-01
-8.813476562500000000e-02 -2.013749000558747171e-01
-8.789062500000000000e-02 -2.022747437129465697e-01
-8.764648437500000000e-02 -2.031518913424132100e-01
-8.740234375000000000e-02 -2.040063063541048827e-01
-8.715820312500000000e-02 -2.048379543979361450e-01
-8.691406250000000000e-02 -2.056468033622227409e-01
-8.666992187500000000e-02 -2.064328233718146499e-01
-8.642578125000000000e-02 -2.071959867859834714e-01
-8.618164062500000000e-02 -2.079362681961185733e-01
-8.593750000000000000e-02 -2.086536444232092447e-01
-8.569335937500000000e-02 -2.093480945151141581e-01
-8.544921875000000000e-02 -2.100195997436215822e-01
-8.520507812500000000e-02 -2.106681436012885766e-01
-8.496093750000000000e-02 -2.112937117980960289e-01
-8.471679687500000000e-02 -2.118962922578615793e-01
-8.447265625000000000e-02 -2.124758751144653346e-01
-8.422851562500000000e-02 -2.130324527078661101e-01
-8.398437500000000000e-02 -2.135660195798893546e-01
-8.374023437500000000e-02 -2.140765724698373562e-01
-8.349609375000000000e-02 -2.145641103098681057e-01
-8.325195312500000000e-02 -2.150286342201715717e-01
-8.300781250000000000e-02 -2.154701475039550174e-01
-8.276367187500000000e-02 -2.158886556422058844e-01
-8.251953125000000000e-02 -2.162841662882561411e-01
-8.227539062500000000e-02 -2.166566892621432650e-01
-8.203125000000000000e-02 -2.170062365447749109e-01
-8.178710937500000000e-02 -2.173328222718718117e-01
-8.154296875000000000e-02 -2.176364627277365960e-01
-8.129882812500000000e-02 -2.179171763387981187e-01
-8.105468750000000000e-02 -2.181749836669708009e-01
-8.081054687500000000e-02 -2.184099074028078014e-01
-8.056640625000000000e-02 -2.186219723584663099e-01
-8.032226562500000000e-02 -2.188112054604603174e-01
-8.007812500000000000e-02 -2.189776357422419661e-01
-7.983398437500000000e-02 -2.191212943365586641e-01
-7.958984375000000000e-02 -2.192422144676461904e-01
-7.934570312500000000e-02 -2.193404314432166879e-01
-7.910156250000000000e-02 -2.194159826462510898e-01
-7.885742187500000000e-02 -2.194689075266086087e-01
-7.861328125000000000e-02 -2.194992475924553710e-01
-7.836914062500000000e-02 -2.195070464014923228e-01
-7.812500000000000000e-02 -2.194923495520080259e-01
-7.788085937500000000e-02 -2.194552046737392736e-01
-7.763671875000000000e-02 -2.193956614185639808e-01
-7.739257812500000000e-02 -2.193137714509951763e-01
-7.714843750000000000e-02 -2.192095884385043547e-01
-7.690429687500000000e-02 -2.190831680416738814e-01
-7.666015625000000000e-02 -2.189345679041571346e-01
-7.641601562500000000e-02 -2.187638476424767775e-01
-7.617187500000000000e-02 -2.185710688356460873e-01
-7.592773437500000000e-02 -2.183562950146134274e-01
-7.568359375000000000e-02 -2.181195916515477062e-01
-7.543945312500000000e-02 -2.178610261489450362e-01
-7.519531250000000000e-02 -2.175806678285773232e-01
-7.495117187500000000e-02 -2.172785879202664139e-01
-7.470703125000000000e-02 -2.169548595505041977e-01
-7.446289062500000000e-02 -2.166095577309146147e-01
-7.421875000000000000e-02 -2.162427593465326703e-01
-7.397460937500000000e-02 -2.158545431439627682e-01
-7.373046875000000000e-02 -2.154449897193522756e-01
-7.348632812500000000e-02 -2.150141815062149853e-01
-7.324218750000000000e-02 -2.145622027631247375e-01
-7.299804687500000000e-02 -2.140891395612267989e-01
-7.275390625000000000e-02 -2.135950797716237304e-01
-7.250976562500000000e-02 -2.130801130526160936e-01
-7.226562500000000000e-02 -2.125443308367719886e-01
-7.202148437500000000e-02 -2.119878263178961719e-01
-7.177734375000000000e-02 -2.114106944378235653e-01
-7.153320312500000000e-02 -2.108130318730965791e-01
-7.128906250000000000e-02 -2.101949370214860335e-01
-7.104492187500000000e-02 -2.095565099884083016e-01
-7.080078125000000000e-02 -2.088978525731750024e-01
-7.055664062500000000e-02 -2.082190682551396388e-01
-7.031250000000000000e-02 -2.075202621797141156e-01
-7.006835937500000000e-02 -2.068015411442392371e-01
-6.982421875000000000e-02 -2.060630135837528965e-01
-6.958007812500000000e-02 -2.053047895566362802e-01
-6.933593750000000000e-02 -2.045269807301255682e-01
-6.909179687500000000e-02 -2.037297003657215499e-01
-6.884765625000000000e-02 -2.029130633044848309e-01
-6.860351562500000000e-02 -2.020771859521950375e-01
-6.835937500000000000e-02 -2.012221862644447135e-01
-6.811523437500000000e-02 -2.003481837315737313e-01
-6.787109375000000000e-02 -1.994552993635448079e-01
-6.762695312500000000e-02 -1.985436556746715542e-01
-6.738281250000000000e-02 -1.976133766682932613e-01
-6.713867187500000000e-02 -1.966645878212991694e-01
-6.689453125000000000e-02 -1.956974160685975850e-01
-6.665039062500000000e-02 -1.947119897874757255e-01
-6.640625000000000000e-02 -1.937084387818595044e-01
-6.616210937500000000e-02 -1.926868942664855533e-01
-6.591796875000000000e-02 -1.916474888510079355e-01
-6.567382812500000000e-02 -1.905903565239853992e-01
-6.542968750000000000e-02 -1.895156326368105659e-01
-6.518554687500000000e-02 -1.884234538875418918e-01
-6.494140625000000000e-02 -1.873139583046826151e-01
-6.469726562500000000e-02 -1.861872852308375792e-01
-6.445312500000000000e-02 -1.850435753063553179e-01
-6.420898437500000000e-02 -1.838829704528441022e-01
-6.396484375000000000e-02 -1.827056138566484078e-01
-6.372070312500000000e-02 -1.815116499522672622e-01
-6.347656250000000000e-02 -1.803012244056645952e-01
-6.323242187500000000e-02 -1.790744840975710961e-01
-6.298828125000000000e-02 -1.778315771066784623e-01
-6.274414062500000000e-02 -1.765726526928158568e-01
-6.250000000000000000e-02 -1.752978612800332181e-01
-6.225585937500000000e-02 -1.740073544396678329e-01
-6.201171875000000000e-02 -1.727012848733233963e-01
-6.176757812500000000e-02 -1.713798063958303919e-01
-6.152343750000000000e-02 -1.700430739181414963e-01
-6.127929687500000000e-02 -1.686912434301937602e-01
-6.103515625000000000e-02 -1.673244719837164995e-01
-6.079101562500000000e-02 -1.659429176750079338e-01
-6.054687500000000000e-02 -1.645467396276733552e-01
-6.030273437500000000e-02 -1.631360979753281870e-01
-6.005859375000000000e-02 -1.617111538442559393e-01
-5.981445312500000000e-02 -1.602720693360595583e-01
-5.957031250000000000e-02 -1.588190075102520193e-01
-5.932617187500000000e-02 -1.573521323668498062e-01
-5.908203125000000000e-02 -1.558716088289242574e-01
-5.883789062500000000e-02 -1.543776027251269056e-01
-5.859375000000000000e-02 -1.528702807722200907e-01
-5.834960937500000000e-02 -1.513498105575433461e-01
-5.810546875000000000e-02 -1.498163605215245275e-01
-5.786132812500000000e-02 -1.482700999401155295e-01
-5.761718750000000000e-02 -1.467111989072582556e-01
-5.737304687500000000e-02 -1.451398283173216119e-01
-5.712890625000000000e-02 -1.435561598475355305e-01
-5.688476562500000000e-02 -1.419603659404209406e-01
-5.664062500000000000e-02 -1.403526197862070279e-01
-5.639648437500000000e-02 -1.387330953052620663e-01
-5.615234375000000000e-02 -1.371019671305061804e-01
-5.590820312500000000e-02 -1.354594105898415113e-01
-5.566406250000000000e-02 -1.338056016885757482e-01
-5.541992187500000000e-02 -1.321407170918626472e-01
-5.517578125000000000e-02 -1.304649341071328350e-01
-5.493164062500000000e-02 -1.287784306665489265e-01
-5.468750000000000000e-02 -1.270813853094787393e-01
-5.444335937500000000e-02 -1.253739771649573231e-01
-5.419921875000000000e-02 -1.236563859341873045e-01
-5.395507812500000000e-02 -1.219287918730446729e-01
-5.371093750000000000e-02 -1.201913757746086719e-01
-5.346679687500000000e-02 -1.184443189517020156e-01
-5.322265625000000000e-02 -1.166878032194821058e-01
-5.297851562500000000e-02 -1.149220108780177885e-01
-5.273437500000000000e-02 -1.131471246949166537e-01
-5.249023437500000000e-02 -1.113633278879755245e-01
-5.224609375000000000e-02 -1.095708041078635869e-01
-5.200195312500000000e-02 -1.077697374208250319e-01
-5.175781250000000000e-02 -1.059603122914304085e-01
-5.151367187500000000e-02 -1.041427135653449770e-01
-5.126953125000000000e-02 -1.023171264521480356e-01
-5.102539062500000000e-02 -1.004837365081841516e-01
-5.078125000000000000e-02 -9.864272961945573515e-02
-5.053710937500000000e-02 -9.679429198454299332e-02
-5.029296875000000000e-02 -9.493861009759839431e-02
-5.004882812500000000e-02 -9.307587073133752331e-02
-4.980468750000000000e-02 -9.120626092012883157e-02
-4.956054687500000000e-02 -8.932996794308167843e-02
-4.931640625000000000e-02 -8.744717930722262222e-02
-4.907226562500000000e-02 -8.555808273068155057e-02
-4.882812500000000000e-02 -8.366286612597280403e-02
-4.858398437500000000e-02 -8.176171758328987238e-02
-4.833984375000000000e-02 -7.985482535387640468e-02
-4.809570312500000000e-02 -7.794237783345131509e-02
-4.785156250000000000e-02 -7.602456354567696528e-02
-4.760742187500000000e-02 -7.410157112569375204e-02
-4.736328125000000000e-02 -7.217358930371575720e-02
-4.711914062500000000e-02 -7.024080688869148437e-02
-4.687500000000000000e-02 -6.830341275200291218e-02
-4.663085937500000000e-02 -6.636159581126009621e-02
-4.638671875000000000e-02 -6.441554501412874445e-02
-4.614257812500000000e-02 -6.246544932224504243e-02
-4.589843750000000000e-02 -6.051149769518787691e-02
-4.565429687500000000e-02 -5.855387907451266999e-02
-4.541015625000000000e-02 -5.659278236787272653e-02
-4.516601562500000000e-02 -5.462839643317622673e-02
-4.492187500000000000e-02 -5.266091006285630871e-02
-4.467773437500000000e-02 -5.069051196817764282e-02
-4.443359375000000000e-02 -4.871739076363402338e-02
-4.418945312500000000e-02 -4.674173495140868106e-02
-4.394531250000000000e-02 -4.476373290592743082e-02
-4.370117187500000000e-02 -4.278357285845624247e-02
-4.345703125000000000e-02 -4.080144288180115320e-02
-4.321289062500000000e-02 -3.881753087509119682e-02
-4.296875000000000000e-02 -3.683202454859779013e-02
-4.272460937500000000e-02 -3.484511140868520179e-02
-4.248046875000000000e-02 -3.285697874280312653e-02
-4.223632812500000000e-02 -3.086781360457522064e-02
-4.199218750000000000e-02 -2.887780279897385338e-02
-4.174804687500000000e-02 -2.688713286756247781e-02
-4.150390625000000000e-02 -2.489599007382670148e-02
-4.125976562500000000e-02 -2.290456038859768617e-02
-4.101562500000000000e-02 -2.091302947554728522e-02
-4.077148437500000000e-02 -1.892158267677311947e-02
-4.052734375000000000e-02 -1.693040499847514244e-02
-4.028320312500000000e-02 -1.493968109670604054e-02
-4.003906250000000000e-02 -1.294959526322024199e-02
-3.979492187500000000e-02 -1.096033141140291198e-02
-3.955078125000000000e-02 -8.972073062289091100e-03
-3.930664062500000000e-02 -6.985003330669797145e-03
-3.906250000000000000e-02 -4.999304911300109580e-03
-3.881835937500000000e-02 -3.015160065168277261e-03
-3.857421875000000000e-02 -1.032750605892038178e-03
-3.833007812500000000e-02 9.477421138277802165e-04
-3.808593750000000000e-02 2.926137215649552564e-03
-3.784179687500000000e-02 4.902254308921816066e-03
-3.759765625000000000e-02 6.875913503964131701e-03
-3.735351562500000000e-02 8.846935425216397031e-03
-3.710937500000000000e-02 1.081514122432171605e-02
-3.686523437500000000e-02 1.278035259310000837e-02
-3.662109375000000000e-02 1.474239177643216735e-02
-3.637695312500000000e-02 1.670108158505917428e-02
-3.613281250000000000e-02 1.865624540826981564e-02
-3.588867187500000000e-02 2.060770722651800863e-02
-3.564453125000000000e-02 2.255529162391833528e-02
-3.540039062500000000e-02 2.449882380066672333e-02
-3.515625000000000000e-02 2.643812958535782937e-02
-3.491210937500000000e-02 2.837303544720964910e-02
-3.466796875000000000e-02 3.030336850818613620e-02
-3.442382812500000000e-02 3.222895655503412587e-02
-3.417968750000000000e-02 3.414962805120815709e-02
-3.393554687500000000e-02 3.606521214872815406e-02
-3.369140625000000000e-02 3.797553869990348552e-02
-3.344726562500000000e-02 3.988043826899123623e-02
-3.320312500000000000e-02 4.177974214373381817e-02
-3.295898437500000000e-02 4.367328234682847643e-02
-3.271484375000000000e-02 4.556089164726608021e-02
-3.247070312500000000e-02 4.744240357160139226e-02
-3.222656250000000000e-02 4.931765241509993014e-02
-3.198242187500000000e-02 5.118647325282552063e-02
-3.173828125000000000e-02 5.304870195058687676e-02
-3.149414062500000000e-02 5.490417517581873408e-02
-3.125000000000000000e-02 5.675273040834659388e-02
-3.100585937500000000e-02 5.859420595107245333e-02
-3.076171875000000000e-02 6.042844094054182491e-02
-3.051757812500000000e-02 6.225527535744300456e-02
-3.027343750000000000e-02 6.407455003696253815e-02
-3.002929687500000000e-02 6.588610667910516083e-02
-2.978515625000000000e-02 6.768978785885459981e-02
-2.954101562500000000e-02 6.948543703628881629e-02
-2.929687500000000000e-02 7.127289856656482403e-02
-2.905273437500000000e-02 7.305201770981381570e-02
-2.880859375000000000e-02 7.482264064095900391e-02
-2.856445312500000000e-02 7.658461445940559220e-02
-2.832031250000000000e-02 7.833778719865720774e-02
-2.807617187500000000e-02 8.008200783583277471e-02
-2.783203125000000000e-02 8.181712630107360051e-02
-2.758789062500000000e-02 8.354299348687364846e-02
-2.734375000000000000e-02 8.525946125729426395e-02
-2.709960937500000000e-02 8.696638245710389126e-02
-2.685546875000000000e-02 8.866361092080396467e-02
-2.661132812500000000e-02 9.035100148156845201e-02
-2.636718750000000000e-02 9.202840998009033380e-02
-2.612304687500000000e-02 9.369569327331880859e-02
-2.587890625000000000e-02 9.535270924312265473e-02
-2.563476562500000000e-02 9.699931680484399910e-02
-2.539062500000000000e-02 9.863537591576873598e-02
-2.514648437500000000e-02 1.002607475834779022e-01
-2.490234375000000000e-02 1.018752938741498970e-01
-2.465820312500000000e-02 1.034788779207130582e-01
-2.441406250000000000e-02 1.050713639309586861e-01
-2.416992187500000000e-02 1.066526171955234914e-01
-2.392578125000000000e-02 1.082225040957941475e-01
-2.368164062500000000e-02 1.097808921117176401e-01
-2.343750000000000000e-02 1.113276498295145828e-01
-2.319335937500000000e-02 1.128626469493173301e-01
-2.294921875000000000e-02 1.143857542926786236e-01
-2.270507812500000000e-02 1.158968438100431569e-01
-2.246093750000000000e-02 1.173957885880706487e-01
-2.221679687500000000e-02 1.188824628569101066e-01
-2.197265625000000000e-02 1.203567419973640418e-01
-2.172851562500000000e-02 1.218185025479674027e-01
-2.148437500000000000e-02 1.232676222119772069e-01
-2.124023437500000000e-02 1.247039798642621267e-01
-2.099609375000000000e-02 1.261274555581193557e-01
-2.075195312500000000e-02 1.275379305319933598e-01
-2.050781250000000000e-02 1.289352872161031727e-01
-2.026367187500000000e-02 1.303194092389786674e-01
-2.001953125000000000e-02 1.316901814339244692e-01
-1.977539062500000000e-02 1.330474898453871957e-01
-1.953125000000000000e-02 1.343912217352195848e-01
-1.928710937500000000e-02 1.357212655888727915e-01
-1.904296875000000000e-02 1.370375111215214325e-01
-1.879882812500000000e-02 1.383398492840539618e-01
-1.855468750000000000e-02 1.396281722690146943e-01
-1.831054687500000000e-02 1.409023735164472158e-01
-1.806640625000000000e-02 1.421623477196568286e-01
-1.782226562500000000e-02 1.434079908308818763e-01
-1.757812500000000000e-02 1.446392000668707267e-01
-1.733398437500000000e-02 1.458558739144110716e-01
-1.708984375000000000e-02 1.470579121357247498e-01
-1.684570312500000000e-02 1.482452157738089749e-01
-1.660156250000000000e-02 1.494176871577038435e-01
-1.635742187500000000e-02 1.505752299076373590e-01
-1.611328125000000000e-02 1.517177489401269341e-01
-1.586914062500000000e-02 1.528451504729755328e-01
-1.562500000000000000e-02 1.539573420301951767e-01
-1.538085937500000000e-02 1.550542324468418276e-01
-1.513671875000000000e-02 1.561357318737663924e-01
-1.489257812500000000e-02 1.572017517823086630e-01
-1.464843750000000000e-02 1.582522049688709909e-01
-1.440429687500000000e-02 1.592870055594345913e-01
-1.416015625000000000e-02 1.603060690140066802e-01
-1.391601562500000000e-02 1.613093121309546740e-01
-1.367187500000000000e-02 1.622966530512910399e-01
-1.342773437500000000e-02 1.632680112628593361e-01
-1.318359375000000000e-02 1.642233076044467832e-01
-1.293945312500000000e-02 1.651624642698354128e-01
-1.269531250000000000e-02 1.660854048117287041e-01
-1.245117187500000000e-02 1.669920541456594854e-01
-1.220703125000000000e-02 1.678823385537709101e-01
-1.196289062500000000e-02 1.687561856885460010e-01
-1.171875000000000000e-02 1.696135245764458510e-01
-1.147460937500000000e-02 1.704542856214916191e-01
-1.123046875000000000e-02 1.712784006087342270e-01
-1.098632812500000000e-02 1.720858027076840602e-01
-1.074218750000000000e-02 1.728764264756521285e-01
-1.049804687500000000e-02 1.736502078609847566e-01
-1.025390625000000000e-02 1.744070842062823978e-01
-1.000976562500000000e-02 1.751469942514926048e-01
-9.765625000000000000e-03 1.758698781369448516e-01
-9.521484375000000000e-03 1.765756774063151902e-01
-9.277343750000000000e-03 1.772643350095096104e-01
-9.033203125000000000e-03 1.779357953054704899e-01
-8.789062500000000000e-03 1.785900040649237575e-01
-8.544921875000000000e-03 1.792269084730257755e-01
-8.300781250000000000e-03 1.798464571319629002e-01
-8.056640625000000000e-03 1.804486000634689669e-01
-7.812500000000000000e-03 1.810332887112513223e-01
-7.568359375000000000e-03 1.816004759433728910e-01
-7.324218750000000000e-03 1.821501160545425102e-01
-7.080078125000000000e-03 1.826821647683392336e-01
-6.835937500000000000e-03 1.831965792393530634e-01
-6.591796875000000000e-03 1.836933180552816625e-01
-6.347656250000000000e-03 1.841723412389064674e-01
-6.103515625000000000e-03 1.846336102500611975e-01
-5.859375000000000000e-03 1.850770879874639174e-01
-5.615234375000000000e-03 1.855027387905194836e-01
-5.371093750000000000e-03 1.859105284410385583e-01
-5.126953125000000000e-03 1.863004241648738846e-01
-4.882812500000000000e-03 1.866723946335127893e-01
-4.638671875000000000e-03 1.870264099655670753e-01
-4.394531250000000000e-03 1.873624417282176990e-01
-4.150390625000000000e-03 1.876804629385575018e-01
-3.906250000000000000e-03 1.879804480649139020e-01
-3.662109375000000000e-03 1.882623730280512386e-01
-3.417968750000000000e-03 1.885262152023176596e-01
-3.173828125000000000e-03 1.887719534167361657e-01
-2.929687500000000000e-03 1.889995679560128039e-01
-2.685546875000000000e-03 1.892090405614815229e-01
-2.441406250000000000e-03 1.894003544319627363e-01
-2.197265625000000000e-03 1.895734942245797527e-01
-1.953125000000000000e-03 1.897284460554689300e-01
-1.708984375000000000e-03 1.898651975004604642e-01
-1.464843750000000000e-03 1.899837375956648367e-01
-1.220703125000000000e-03 1.900840568379814077e-01
-9.765625000000000000e-04 1.901661471855671526e-01
-7.324218750000000000e-04 1.902300020582051443e-01
-4.882812500000000000e-04 1.902756163376356502e-01
-2.441406250000000000e-04 1.903029863677714872e-01
0.000000000000000000e+00 1.903121099549009987e-01
2.441406250000000000e-04 1.903029863677714872e-01
4.882812500000000000e-04 1.902756163376337351e-01
7.324218750000000000e-04 1.902300020582051443e-01
9.765625000000000000e-04 1.901661471855652374e-01
1.220703125000000000e-03 1.900840568379795481e-01
1.464843750000000000e-03 1.899837375956629493e-01
1.708984375000000000e-03 1.898651975004604642e-01
1.953125000000000000e-03 1.897284460554689300e-01
2.197265625000000000e-03 1.895734942245797527e-01
2.441406250000000000e-03 1.894003544319627363e-01
2.685546875000000000e-03 1.892090405614815229e-01
2.929687500000000000e-03 1.889995679560128039e-01
3.173828125000000000e-03 1.887719534167342783e-01
3.417968750000000000e-03 1.885262152023157722e-01
3.662109375000000000e-03 1.882623730280512386e-01
3.906250000000000000e-03 1.879804480649139020e-01
4.150390625000000000e-03 1.876804629385575018e-01
4.394531250000000000e-03 1.873624417282158117e-01
4.638671875000000000e-03 1.870264099655670753e-01
4.882812500000000000e-03 1.866723946335127893e-01
5.126953125000000000e-03 1.863004241648738846e-01
5.371093750000000000e-03 1.859105284410385583e-01
5.615234375000000000e-03 1.855027387905194836e-01
5.859375000000000000e-03 1.850770879874639174e-01
6.103515625000000000e-03 1.846336102500611975e-01
6.347656250000000000e-03 1.841723412389064674e-01
6.591796875000000000e-03 1.836933180552778877e-01
6.835937500000000000e-03 1.831965792393549786e-01
7.080078125000000000e-03 1.826821647683392336e-01
7.324218750000000000e-03 1.821501160545425102e-01
7.568359375000000000e-03 1.816004759433728910e-01
7.812500000000000000e-03 1.810332887112513223e-01
8.056640625000000000e-03 1.804486000634689669e-01
8.300781250000000000e-03 1.798464571319629002e-01
8.544921875000000000e-03 1.792269084730257755e-01
8.789062500000000000e-03 1.785900040649218701e-01
9.033203125000000000e-03 1.779357953054723496e-01
9.277343750000000000e-03 1.772643350095076953e-01
9.521484375000000000e-03 1.765756774063151902e-01
9.765625000000000000e-03 1.758698781369429920e-01
1.000976562500000000e-02 1.751469942514907174e-01
1.025390625000000000e-02 1.744070842062805382e-01
1.049804687500000000e-02 1.736502078609809818e-01
1.074218750000000000e-02 1.728764264756502411e-01
1.098632812500000000e-02 1.720858027076840602e-01
1.123046875000000000e-02 1.712784006087323119e-01
1.147460937500000000e-02 1.704542856214916191e-01
1.171875000000000000e-02 1.696135245764458510e-01
1.196289062500000000e-02 1.687561856885460010e-01
1.220703125000000000e-02 1.678823385537709101e-01
1.245117187500000000e-02 1.669920541456594854e-01
1.269531250000000000e-02 1.660854048117287041e-01
1.293945312500000000e-02 1.651624642698354128e-01
1.318359375000000000e-02 1.642233076044467832e-01
1.342773437500000000e-02 1.632680112628574487e-01
1.367187500000000000e-02 1.622966530512910399e-01
1.391601562500000000e-02 1.613093121309546740e-01
1.416015625000000000e-02 1.603060690140066802e-01
1.440429687500000000e-02 1.592870055594345913e-01
1.464843750000000000e-02 1.582522049688690757e-01
1.489257812500000000e-02 1.572017517823105781e-01
1.513671875000000000e-02 1.561357318737663924e-01
1.538085937500000000e-02 1.550542324468418276e-01
1.562500000000000000e-02 1.539573420301951767e-01
1.586914062500000000e-02 1.528451504729755328e-01
1.611328125000000000e-02 1.517177489401269341e-01
1.635742187500000000e-02 1.505752299076373590e-01
1.660156250000000000e-02 1.494176871577019561e-01
1.684570312500000000e-02 1.482452157738108900e-01
1.708984375000000000e-02 1.470579121357228625e-01
1.733398437500000000e-02 1.458558739144129590e-01
1.757812500000000000e-02 1.446392000668726419e-01
1.782226562500000000e-02 1.434079908308799889e-01
1.806640625000000000e-02 1.421623477196568286e-01
1.831054687500000000e-02 1.409023735164472158e-01
1.855468750000000000e-02 1.396281722690146943e-01
1.879882812500000000e-02 1.383398492840520744e-01
1.904296875000000000e-02 1.370375111215233477e-01
1.928710937500000000e-02 1.357212655888727915e-01
1.953125000000000000e-02 1.343912217352176697e-01
1.977539062500000000e-02 1.330474898453890831e-01
2.001953125000000000e-02 1.316901814339263843e-01
2.026367187500000000e-02 1.303194092389786674e-01
2.050781250000000000e-02 1.289352872161050600e-01
2.075195312500000000e-02 1.275379305319971623e-01
2.099609375000000000e-02 1.261274555581231582e-01
2.124023437500000000e-02 1.247039798642640418e-01
2.148437500000000000e-02 1.232676222119772069e-01
2.172851562500000000e-02 1.218185025479674027e-01
2.197265625000000000e-02 1.203567419973640418e-01
2.221679687500000000e-02 1.188824628569101066e-01
2.246093750000000000e-02 1.173957885880706487e-01
2.270507812500000000e-02 1.158968438100431569e-01
2.294921875000000000e-02 1.143857542926786236e-01
2.319335937500000000e-02 1.128626469493154150e-01
2.343750000000000000e-02 1.113276498295145828e-01
2.368164062500000000e-02 1.097808921117176401e-01
2.392578125000000000e-02 1.082225040957941475e-01
2.416992187500000000e-02 1.066526171955234914e-01
2.441406250000000000e-02 1.050713639309586861e-01
2.465820312500000000e-02 1.034788779207149734e-01
2.490234375000000000e-02 1.018752938741479819e-01
2.514648437500000000e-02 1.002607475834779022e-01
2.539062500000000000e-02 9.863537591576682084e-02
2.563476562500000000e-02 9.699931680484399910e-02
2.587890625000000000e-02 9.535270924311883833e-02
2.612304687500000000e-02 9.369569327331690733e-02
2.636718750000000000e-02 9.202840998008843254e-02
2.661132812500000000e-02 9.035100148157038102e-02
2.685546875000000000e-02 8.866361092080396467e-02
2.709960937500000000e-02 8.696638245710389126e-02
2.734375000000000000e-02 8.525946125729426395e-02
2.758789062500000000e-02 8.354299348687364846e-02
2.783203125000000000e-02 8.181712630107360051e-02
2.807617187500000000e-02 8.008200783583468985e-02
2.832031250000000000e-02 7.833778719865720774e-02
2.856445312500000000e-02 7.658461445940559220e-02
2.880859375000000000e-02 7.482264064095900391e-02
2.905273437500000000e-02 7.305201770981573084e-02
2.929687500000000000e-02 7.127289856656482403e-02
2.954101562500000000e-02 6.948543703628881629e-02
2.978515625000000000e-02 6.768978785885459981e-02
3.002929687500000000e-02 6.588610667910324570e-02
3.027343750000000000e-02 6.407455003696443940e-02
3.051757812500000000e-02 6.225527535744300456e-02
3.076171875000000000e-02 6.042844094054374005e-02
3.100585937500000000e-02 5.859420595107245333e-02
3.125000000000000000e-02 5.675273040834659388e-02
3.149414062500000000e-02 5.490417517581873408e-02
3.173828125000000000e-02 5.304870195058687676e-02
3.198242187500000000e-02 5.118647325282743576e-02
3.222656250000000000e-02 4.931765241510184528e-02
3.247070312500000000e-02 4.744240357160139226e-02
3.271484375000000000e-02 4.556089164726608021e-02
3.295898437500000000e-02 4.367328234683040544e-02
3.320312500000000000e-02 4.177974214373574718e-02
3.344726562500000000e-02 3.988043826898932109e-02
3.369140625000000000e-02 3.797553869990348552e-02
3.393554687500000000e-02 3.606521214872623199e-02
3.417968750000000000e-02 3.414962805120815709e-02
3.442382812500000000e-02 3.222895655503220380e-02
3.466796875000000000e-02 3.030336850818613620e-02
3.491210937500000000e-02 2.837303544720964910e-02
3.515625000000000000e-02 2.643812958535782937e-02
3.540039062500000000e-02 2.449882380066479431e-02
3.564453125000000000e-02 2.255529162391641321e-02
3.588867187500000000e-02 2.060770722651608308e-02
3.613281250000000000e-02 1.865624540826981564e-02
3.637695312500000000e-02 1.670108158505917428e-02
3.662109375000000000e-02 1.474239177643216735e-02
3.686523437500000000e-02 1.278035259310000837e-02
3.710937500000000000e-02 1.081514122432171605e-02
3.735351562500000000e-02 8.846935425216397031e-03
3.759765625000000000e-02 6.875913503964131701e-03
3.784179687500000000e-02 4.902254308921816066e-03
3.808593750000000000e-02 2.926137215649552564e-03
3.833007812500000000e-02 9.477421138297086869e-04
3.857421875000000000e-02 -1.032750605893002684e-03
3.881835937500000000e-02 -3.015160065169241767e-03
3.906250000000000000e-02 -4.999304911299145074e-03
3.930664062500000000e-02 -6.985003330669797145e-03
3.955078125000000000e-02 -8.972073062289091100e-03
3.979492187500000000e-02 -1.096033141140291198e-02
4.003906250000000000e-02 -1.294959526322217447e-02
4.028320312500000000e-02 -1.493968109670604054e-02
4.052734375000000000e-02 -1.693040499847514244e-02
4.077148437500000000e-02 -1.892158267677215497e-02
4.101562500000000000e-02 -2.091302947554825320e-02
4.125976562500000000e-02 -2.290456038859961865e-02
4.150390625000000000e-02 -2.489599007382766946e-02
4.174804687500000000e-02 -2.688713286756441029e-02
4.199218750000000000e-02 -2.887780279897578586e-02
4.223632812500000000e-02 -3.086781360457522064e-02
4.248046875000000000e-02 -3.285697874280409797e-02
4.272460937500000000e-02 -3.484511140868520179e-02
4.296875000000000000e-02 -3.683202454859875463e-02
4.321289062500000000e-02 -3.881753087509216826e-02
4.345703125000000000e-02 -4.080144288180308221e-02
4.370117187500000000e-02 -4.278357285845527103e-02
4.394531250000000000e-02 -4.476373290592743082e-02
4.418945312500000000e-02 -4.674173495140868106e-02
4.443359375000000000e-02 -4.871739076363595933e-02
4.467773437500000000e-02 -5.069051196817667138e-02
4.492187500000000000e-02 -5.266091006285630871e-02
4.516601562500000000e-02 -5.462839643317719818e-02
4.541015625000000000e-02 -5.659278236787369798e-02
4.565429687500000000e-02 -5.855387907451557739e-02
4.589843750000000000e-02 -6.051149769518884836e-02
4.614257812500000000e-02 -6.246544932224601387e-02
4.638671875000000000e-02 -6.441554501412874445e-02
4.663085937500000000e-02 -6.636159581126009621e-02
4.687500000000000000e-02 -6.830341275200388362e-02
4.711914062500000000e-02 -7.024080688869051292e-02
4.736328125000000000e-02 -7.217358930371672865e-02
4.760742187500000000e-02 -7.410157112569375204e-02
4.785156250000000000e-02 -7.602456354567696528e-02
4.809570312500000000e-02 -7.794237783345131509e-02
4.833984375000000000e-02 -7.985482535387541936e-02
4.858398437500000000e-02 -8.176171758328890093e-02
4.882812500000000000e-02 -8.366286612597280403e-02
4.907226562500000000e-02 -8.555808273068252201e-02
4.931640625000000000e-02 -8.744717930722165078e-02
4.956054687500000000e-02 -8.932996794308364907e-02
4.980468750000000000e-02 -9.120626092012883157e-02
5.004882812500000000e-02 -9.307587073133752331e-02
5.029296875000000000e-02 -9.493861009759839431e-02
5.053710937500000000e-02 -9.679429198454396477e-02
5.078125000000000000e-02 -9.864272961945672047e-02
5.102539062500000000e-02 -1.004837365081851230e-01
5.126953125000000000e-02 -1.023171264521480356e-01
5.151367187500000000e-02 -1.041427135653449770e-01
5.175781250000000000e-02 -1.059603122914294371e-01
5.200195312500000000e-02 -1.077697374208260034e-01
5.224609375000000000e-02 -1.095708041078635869e-01
5.249023437500000000e-02 -1.113633278879755245e-01
5.273437500000000000e-02 -1.131471246949166537e-01
5.297851562500000000e-02 -1.149220108780197452e-01
5.322265625000000000e-02 -1.166878032194821058e-01
5.346679687500000000e-02 -1.184443189517039585e-01
5.371093750000000000e-02 -1.201913757746067013e-01
5.395507812500000000e-02 -1.219287918730456444e-01
5.419921875000000000e-02 -1.236563859341902605e-01
5.444335937500000000e-02 -1.253739771649592660e-01
5.468750000000000000e-02 -1.270813853094787393e-01
5.493164062500000000e-02 -1.287784306665489265e-01
5.517578125000000000e-02 -1.304649341071318358e-01
5.541992187500000000e-02 -1.321407170918636464e-01
5.566406250000000000e-02 -1.338056016885786625e-01
5.590820312500000000e-02 -1.354594105898405121e-01
5.615234375000000000e-02 -1.371019671305081511e-01
5.639648437500000000e-02 -1.387330953052620663e-01
5.664062500000000000e-02 -1.403526197862099423e-01
5.688476562500000000e-02 -1.419603659404219398e-01
5.712890625000000000e-02 -1.435561598475365019e-01
5.737304687500000000e-02 -1.451398283173225834e-01
5.761718750000000000e-02 -1.467111989072592271e-01
5.786132812500000000e-02 -1.482700999401165010e-01
5.810546875000000000e-02 -1.498163605215254990e-01
5.834960937500000000e-02 -1.513498105575443453e-01
5.859375000000000000e-02 -1.528702807722190915e-01
5.883789062500000000e-02 -1.543776027251278771e-01
5.908203125000000000e-02 -1.558716088289252288e-01
5.932617187500000000e-02 -1.573521323668508332e-01
5.957031250000000000e-02 -1.588190075102520193e-01
5.981445312500000000e-02 -1.602720693360585869e-01
6.005859375000000000e-02 -1.617111538442559393e-01
6.030273437500000000e-02 -1.631360979753271601e-01
6.054687500000000000e-02 -1.645467396276733552e-01
6.079101562500000000e-02 -1.659429176750089052e-01
6.103515625000000000e-02 -1.673244719837164995e-01
6.127929687500000000e-02 -1.686912434301937602e-01
6.152343750000000000e-02 -1.700430739181414963e-01
6.176757812500000000e-02 -1.713798063958303919e-01
6.201171875000000000e-02 -1.727012848733233963e-01
6.225585937500000000e-02 -1.740073544396678329e-01
6.250000000000000000e-02 -1.752978612800332181e-01
6.274414062500000000e-02 -1.765726526928138584e-01
6.298828125000000000e-02 -1.778315771066794060e-01
6.323242187500000000e-02 -1.790744840975710961e-01
6.347656250000000000e-02 -1.803012244056655944e-01
6.372070312500000000e-02 -1.815116499522662352e-01
6.396484375000000000e-02 -1.827056138566493793e-01
6.420898437500000000e-02 -1.838829704528411324e-01
6.445312500000000000e-02 -1.850435753063543465e-01
6.469726562500000000e-02 -1.861872852308385784e-01
6.494140625000000000e-02 -1.873139583046816437e-01
6.518554687500000000e-02 -1.884234538875438625e-01
6.542968750000000000e-02 -1.895156326368105659e-01
6.567382812500000000e-02 -1.905903565239844277e-01
6.591796875000000000e-02 -1.916474888510079355e-01
6.616210937500000000e-02 -1.926868942664865525e-01
6.640625000000000000e-02 -1.937084387818595044e-01
6.665039062500000000e-02 -1.947119897874766692e-01
6.689453125000000000e-02 -1.956974160685975850e-01
6.713867187500000000e-02 -1.966645878212971987e-01
6.738281250000000000e-02 -1.976133766682912629e-01
6.762695312500000000e-02 -1.985436556746715542e-01
6.787109375000000000e-02 -1.994552993635438365e-01
6.811523437500000000e-02 -2.003481837315737313e-01
6.835937500000000000e-02 -2.012221862644427151e-01
6.860351562500000000e-02 -2.020771859521960645e-01
6.884765625000000000e-02 -2.029130633044838594e-01
6.909179687500000000e-02 -2.037297003657235206e-01
6.933593750000000000e-02 -2.045269807301245413e-01
6.958007812500000000e-02 -2.053047895566362802e-01
6.982421875000000000e-02 -2.060630135837538401e-01
7.006835937500000000e-02 -2.068015411442392371e-01
7.031250000000000000e-02 -2.075202621797150870e-01
7.055664062500000000e-02 -2.082190682551406102e-01
7.080078125000000000e-02 -2.088978525731760016e-01
7.104492187500000000e-02 -2.095565099884083016e-01
7.128906250000000000e-02 -2.101949370214870327e-01
7.153320312500000000e-02 -2.108130318730945807e-01
7.177734375000000000e-02 -2.114106944378245367e-01
7.202148437500000000e-02 -2.119878263178971434e-01
7.226562500000000000e-02 -2.125443308367719886e-01
7.250976562500000000e-02 -2.130801130526160936e-01
7.275390625000000000e-02 -2.135950797716266725e-01
7.299804687500000000e-02 -2.140891395612277703e-01
7.324218750000000000e-02 -2.145622027631257644e-01
7.348632812500000000e-02 -2.150141815062169837e-01
7.373046875000000000e-02 -2.154449897193522756e-01
7.397460937500000000e-02 -2.158545431439637396e-01
7.421875000000000000e-02 -2.162427593465326703e-01
7.446289062500000000e-02 -2.166095577309146147e-01
7.470703125000000000e-02 -2.169548595505071953e-01
7.495117187500000000e-02 -2.172785879202654424e-01
7.519531250000000000e-02 -2.175806678285783224e-01
7.543945312500000000e-02 -2.178610261489450362e-01
7.568359375000000000e-02 -2.181195916515477062e-01
7.592773437500000000e-02 -2.183562950146124282e-01
7.617187500000000000e-02 -2.185710688356460873e-01
7.641601562500000000e-02 -2.187638476424787481e-01
7.666015625000000000e-02 -2.189345679041581616e-01
7.690429687500000000e-02 -2.190831680416758798e-01
7.714843750000000000e-02 -2.192095884385063254e-01
7.739257812500000000e-02 -2.193137714509951763e-01
7.763671875000000000e-02 -2.193956614185649800e-01
7.788085937500000000e-02 -2.194552046737402451e-01
7.812500000000000000e-02 -2.194923495520080259e-01
7.836914062500000000e-02 -2.195070464014923228e-01
7.861328125000000000e-02 -2.194992475924553710e-01
7.885742187500000000e-02 -2.194689075266066380e-01
7.910156250000000000e-02 -2.194159826462481200e-01
7.934570312500000000e-02 -2.193404314432147173e-01
7.958984375000000000e-02 -2.192422144676442197e-01
7.983398437500000000e-02 -2.191212943365566934e-01
8.007812500000000000e-02 -2.189776357422399955e-01
8.032226562500000000e-02 -2.188112054604613166e-01
8.056640625000000000e-02 -2.186219723584643115e-01
8.081054687500000000e-02 -2.184099074028078014e-01
8.105468750000000000e-02 -2.181749836669698295e-01
8.129882812500000000e-02 -2.179171763387991179e-01
8.154296875000000000e-02 -2.176364627277355690e-01
8.178710937500000000e-02 -2.173328222718718117e-01
8.203125000000000000e-02 -2.170062365447739117e-01
8.227539062500000000e-02 -2.166566892621432650e-01
8.251953125000000000e-02 -2.162841662882561411e-01
8.276367187500000000e-02 -2.158886556422058844e-01
8.300781250000000000e-02 -2.154701475039530467e-01
8.325195312500000000e-02 -2.150286342201705725e-01
8.349609375000000000e-02 -2.145641103098661351e-01
8.374023437500000000e-02 -2.140765724698363570e-01
8.398437500000000000e-02 -2.135660195798902983e-01
8.422851562500000000e-02 -2.130324527078671093e-01
8.447265625000000000e-02 -2.124758751144653346e-01
8.471679687500000000e-02 -2.118962922578606078e-01
8.496093750000000000e-02 -2.112937117980950297e-01
8.520507812500000000e-02 -2.106681436012885766e-01
8.544921875000000000e-02 -2.100195997436205553e-01
8.569335937500000000e-02 -2.093480945151141581e-01
8.593750000000000000e-02 -2.086536444232102161e-01
8.618164062500000000e-02 -2.079362681961185733e-01
8.642578125000000000e-02 -2.071959867859824445e-01
8.666992187500000000e-02 -2.064328233718146499e-01
8.691406250000000000e-02 -2.056468033622217695e-01
8.715820312500000000e-02 -2.048379543979351181e-01
8.740234375000000000e-02 -2.040063063541048827e-01
8.764648437500000000e-02 -2.031518913424122386e-01
8.789062500000000000e-02 -2.022747437129475689e-01
8.813476562500000000e-02 -2.013749000558747171e-01
8.837890625000000000e-02 -2.004523992029136059e-01
8.862304687500000000e-02 -1.995072822285743341e-01
8.886718750000000000e-02 -1.985395924512026178e-01
8.911132812500000000e-02 -1.975493754338054075e-01
8.935546875000000000e-02 -1.965366789846674511e-01
8.959960937500000000e-02 -1.955015531577557197e-01
8.984375000000000000e-02 -1.944440502529145576e-01
9.008789062500000000e-02 -1.933642248158428945e-01
9.033203125000000000e-02 -1.922621336378760315e-01
9.057617187500000000e-02 -1.911378357555329754e-01
9.082031250000000000e-02 -1.899913924498879414e-01
9.106445312500000000e-02 -1.888228672456913615e-01
9.130859375000000000e-02 -1.876323259103189478e-01
9.155273437500000000e-02 -1.864198364524876084e-01
9.179687500000000000e-02 -1.851854691207762693e-01
9.204101562500000000e-02 -1.839292964019326460e-01
9.228515625000000000e-02 -1.826513930189768153e-01
9.252929687500000000e-02 -1.813518359290940130e-01
9.277343750000000000e-02 -1.800307043213303926e-01
9.301757812500000000e-02 -1.786880796140666583e-01
9.326171875000000000e-02 -1.773240454523120069e-01
9.350585937500000000e-02 -1.759386877047733888e-01
9.375000000000000000e-02 -1.745320944607330893e-01
9.399414062500000000e-02 -1.731043560267191417e-01
9.423828125000000000e-02 -1.716555649229834224e-01
9.448242187500000000e-02 -1.701858158797629750e-01
9.472656250000000000e-02 -1.686952058333655857e-01
9.497070312500000000e-02 -1.671838339220392267e-01
9.521484375000000000e-02 -1.656518014816502626e-01
9.545898437500000000e-02 -1.640992120411665645e-01
9.570312500000000000e-02 -1.625261713179475542e-01
9.594726562500000000e-02 -1.609327872128383241e-01
9.619140625000000000e-02 -1.593191698050658855e-01
9.643554687500000000e-02 -1.576854313469636115e-01
9.667968750000000000e-02 -1.560316862584811837e-01
9.692382812500000000e-02 -1.543580511215212059e-01
9.716796875000000000e-02 -1.526646446740847485e-01
9.741210937500000000e-02 -1.509515878042335668e-01
9.765625000000000000e-02 -1.492190035438601681e-01
9.790039062500000000e-02 -1.474670170622883747e-01
9.814453125000000000e-02 -1.456957556596726877e-01
9.838867187500000000e-02 -1.439053487602408032e-01
9.863281250000000000e-02 -1.420959279053375934e-01
9.887695312500000000e-02 -1.402676267463049409e-01
9.912109375000000000e-02 -1.384205810371828271e-01
9.936523437500000000e-02 -1.365549286272272345e-01
9.960937500000000000e-02 -1.346708094532709232e-01
9.985351562500000000e-02 -1.327683655319051859e-01
1.000976562500000000e-01 -1.308477409514942624e-01
1.003417968750000000e-01 -1.289090818640226399e-01
1.005859375000000000e-01 -1.269525364767715714e-01
1.008300781250000000e-01 -1.249782550438526540e-01
1.010742187500000000e-01 -1.229863898575463688e-01
1.013183593750000000e-01 -1.209770952395091553e-01
1.015625000000000000e-01 -1.189505275318065158e-01
1.018066406250000000e-01 -1.169068450878034543e-01
1.020507812500000000e-01 -1.148462082628827624e-01
1.022949218750000000e-01 -1.127687794050278858e-01
1.025390625000000000e-01 -1.106747228452452519e-01
1.027832031250000000e-01 -1.085642048878373428e-01
1.030273437500000000e-01 -1.064373938005401254e-01
1.032714843750000000e-01 -1.042944598045014715e-01
1.035156250000000000e-01 -1.021355750641316229e-01
1.037597656250000000e-01 -9.996091367679529882e-02
1.040039062500000000e-01 -9.777065166238563254e-02
1.042480468750000000e-01 -9.556496695275225328e-02
1.044921875000000000e-01 -9.334403938098395637e-02
1.047363281250000000e-01 -9.110805067058330708e-02
1.049804687500000000e-01 -8.885718442449191956e-02
1.052246093750000000e-01 -8.659162611399429110e-02
1.054687500000000000e-01 -8.431156306749622298e-02
1.057128906250000000e-01 -8.201718445918701472e-02
1.059570312500000000e-01 -7.970868129755871723e-02
1.062011718750000000e-01 -7.738624641383239078e-02
1.064453125000000000e-01 -7.505007445025717316e-02
1.066894531250000000e-01 -7.270036184827946557e-02
1.069335937500000000e-01 -7.033730683663066974e-02
1.071777343750000000e-01 -6.796110941927539784e-02
1.074218750000000000e-01 -6.557197136327354292e-02
1.076660156250000000e-01 -6.317009618652225100e-02
1.079101562500000000e-01 -6.075568914539829224e-02
1.081542968750000000e-01 -5.832895722230765218e-02
1.083984375000000000e-01 -5.589010911312790320e-02
1.086425781250000000e-01 -5.343935521455103060e-02
1.088867187500000000e-01 -5.097690761134730103e-02
1.091308593750000000e-01 -4.850298006351518032e-02
1.093750000000000000e-01 -4.601778799336695563e-02
1.096191406250000000e-01 -4.352154847250629122e-02
1.098632812500000000e-01 -4.101448020873286332e-02
1.101074218750000000e-01 -3.849680353285840628e-02
1.103515625000000000e-01 -3.596874038544897734e-02
1.105957031250000000e-01 -3.343051430348745190e-02
1.108398437500000000e-01 -3.088235040694763817e-02
1.110839843750000000e-01 -2.832447538532661610e-02
1.113281250000000000e-01 -2.575711748406446164e-02
1.115722656250000000e-01 -2.318050649093764820e-02
1.118164062500000000e-01 -2.059487372234868746e-02
1.120605468750000000e-01 -1.800045200958839270e-02
1.123046875000000000e-01 -1.539747568500694601e-02
1.125488281250000000e-01 -1.278618056813632560e-02
1.127929687500000000e-01 -1.016680395176689823e-02
1.130371093750000000e-01 -7.539584587951128104e-03
1.132812500000000000e-01 -4.904762673972009289e-03
1.135253906250000000e-01 -2.262579838244309707e-03
1.137695312500000000e-01 3.867208738041765957e-04
1.140136718750000000e-01 3.042895013937035008e-03
1.142578125000000000e-01 5.705696745307761372e-03
1.145019531250000000e-01 8.374878856741261798e-03
1.147460937500000000e-01 1.105019277703092086e-02
1.149902343750000000e-01 1.373138858927550401e-02
1.152343750000000000e-01 1.641821504524927644e-02
1.154785156250000000e-01 1.911041957980552652e-02
1.157226562500000000e-01 2.180774832531169258e-02
1.159667968750000000e-01 2.450994612609329326e-02
1.162109375000000000e-01 2.721675655293867221e-02
1.164550781250000000e-01 2.992792191758799139e-02
1.166992187500000000e-01 3.264318328725469842e-02
1.169433593750000000e-01 3.536228049918743732e-02
1.171875000000000000e-01 3.808495217520543180e-02
1.174316406250000000e-01 4.081093573628064020e-02
1.176757812500000000e-01 4.353996741712280738e-02
1.179199218750000000e-01 4.627178228077158395e-02
1.181640625000000000e-01 4.900611423317688398e-02
1.184082031250000000e-01 5.174269603783886173e-02
1.186523437500000000e-01 5.448125933036210289e-02
1.188964843750000000e-01 5.722153463311809019e-02
1.191406250000000000e-01 5.996325136980741599e-02
1.193847656250000000e-01 6.270613788008137790e-02
1.196289062500000000e-01 6.544992143413322361e-02
1.198730468750000000e-01 6.819432824728069442e-02
1.201171875000000000e-01 7.093908349455378681e-02
1.203613281250000000e-01 7.368391132524806930e-02
1.206054687500000000e-01 7.642853487749187713e-02
1.208496093750000000e-01 7.917267629276691920e-02
1.210937500000000000e-01 8.191605673043822478e-02
1.213378906250000000e-01 8.465839638225397534e-02
1.215820312500000000e-01 8.739941448680998981e-02
1.218261718750000000e-01 9.013882934401626357e-02
1.220703125000000000e-01 9.287635832952167991e-02
1.223144531250000000e-01 9.561171790911163204e-02
1.225585937500000000e-01 9.834462365308657694e-02
1.228027343750000000e-01 1.010747902505993445e-01
1.230468750000000000e-01 1.038019315239542273e-01
1.232910156250000000e-01 1.065257604429045851e-01
1.235351562500000000e-01 1.092459891388661841e-01
1.237792968750000000e-01 1.119623289191211540e-01
1.240234375000000000e-01 1.146744902809910538e-01
1.242675781250000000e-01 1.173821829259394933e-01
1.245117187500000000e-01 1.200851157736550490e-01
1.247558593750000000e-01 1.227829969760775297e-01
1.250000000000000000e-01 1.254755339313812224e-01
1.252441406250000000e-01 1.281624332979134362e-01
1.254882812500000000e-01 1.308434010080749554e-01
1.257324218750000000e-01 1.335181422821536956e-01
1.259765625000000000e-01 1.361863616421108147e-01
1.262207031250000000e-01 1.388477629253063728e-01
1.264648437500000000e-01 1.415020492981629019e-01
1.267089843750000000e-01 1.441489232697881484e-01
1.269531250000000000e-01 1.467880867055187111e-01
1.271972656250000000e-01 1.494192408404257655e-01
1.274414062500000000e-01 1.520420862927459038e-01
1.276855468750000000e-01 1.546563230772288466e-01
1.279296875000000000e-01 1.572616506184665863e-01
1.281738281250000000e-01 1.598577677641305206e-01
1.284179687500000000e-01 1.624443727981221275e-01
1.286621093750000000e-01 1.650211634536935812e-01
1.289062500000000000e-01 1.675878369264794387e-01
1.291503906250000000e-01 1.701440898874453378e-01
1.293945312500000000e-01 1.726896184957869562e-01
1.296386718750000000e-01 1.752241184117478423e-01
1.298828125000000000e-01 1.777472848093440971e-01
1.301269531250000000e-01 1.802588123890550009e-01
1.303710937500000000e-01 1.827583953903857972e-01
1.306152343750000000e-01 1.852457276043863454e-01
1.308593750000000000e-01 1.877205023860852029e-01
1.311035156250000000e-01 1.901824126668329173e-01
1.313476562500000000e-01 1.926311509665706856e-01
1.315917968750000000e-01 1.950664094060168829e-01
1.318359375000000000e-01 1.974878797187672175e-01
1.320800781250000000e-01 1.998952532633108681e-01
1.323242187500000000e-01 2.022882210349712384e-01
1.325683593750000000e-01 2.046664736777342730e-01
1.328125000000000000e-01 2.070297014960199578e-01
1.330566406250000000e-01 2.093775944663436583e-01
1.333007812500000000e-01 2.117098422489051557e-01
1.335449218750000000e-01 2.140261341990677690e-01
1.337890625000000000e-01 2.163261593787614567e-01
1.340332031250000000e-01 2.186096065677969325e-01
1.342773437500000000e-01 2.208761642750698417e-01
1.345214843750000000e-01 2.231255207496900539e-01
1.347656250000000000e-01 2.253573639920042337e-01
1.350097656250000000e-01 2.275713817645385606e-01
1.352539062500000000e-01 2.297672616028206827e-01
1.354980468750000000e-01 2.319446908261344198e-01
1.357421875000000000e-01 2.341033565481568934e-01
1.359863281250000000e-01 2.362429456875116129e-01
1.362304687500000000e-01 2.383631449782104283e-01
1.364746093750000000e-01 2.404636409800140207e-01
1.367187500000000000e-01 2.425441200886703508e-01
1.369628906250000000e-01 2.446042685460766419e-01
1.372070312500000000e-01 2.466437724503272033e-01
1.374511718750000000e-01 2.486623177656633321e-01
1.376953125000000000e-01 2.506595903323193819e-01
1.379394531250000000e-01 2.526352758762827611e-01
1.381835937500000000e-01 2.545890600189175679e-01
1.384277343750000000e-01 2.565206282865277743e-01
1.386718750000000000e-01 2.584296661197790779e-01
1.389160156250000000e-01 2.603158588830576936e-01
1.391601562500000000e-01 2.621788918736761564e-01
1.394042968750000000e-01 2.640184503310113451e-01
1.396484375000000000e-01 2.658342194455359242e-01
1.398925781250000000e-01 2.676258843677268850e-01
1.401367187500000000e-01 2.693931302168784403e-01
1.403808593750000000e-01 2.711356420898137221e-01
1.406250000000000000e-01 2.728531050694816829e-01
1.408691406250000000e-01 2.745452042334657894e-01
1.411132812500000000e-01 2.762116246623488314e-01
1.413574218750000000e-01 2.778520514480217196e-01
1.416015625000000000e-01 2.794661697018400170e-01
1.418457031250000000e-01 2.810536645627075836e-01
1.420898437500000000e-01 2.826142212050302693e-01
1.423339843750000000e-01 2.841475248465774595e-01
1.425781250000000000e-01 2.856532607562194959e-01
1.428222656250000000e-01 2.871311142615801115e-01
1.430664062500000000e-01 2.885807707565682945e-01
1.433105468750000000e-01 2.900019157087916355e-01
1.435546875000000000e-01 2.913942346668866312e-01
1.437988281250000000e-01 2.927574132677278618e-01
1.440429687500000000e-01 2.940911372435213167e-01
1.442871093750000000e-01 2.953950924288065161e-01
1.445312500000000000e-01 2.966689647673422803e-01
1.447753906250000000e-01 2.979124403188886383e-01
1.450195312500000000e-01 2.991252052658636140e-01
1.452636718750000000e-01 3.003069459199276814e-01
1.455078125000000000e-01 3.014573487284283315e-01
1.457519531250000000e-01 3.025761002807391131e-01
1.459960937500000000e-01 3.036628873145187923e-01
1.462402343750000000e-01 3.047173967218356205e-01
1.464843750000000000e-01 3.057393155551872410e-01
1.467285156250000000e-01 3.067283310334315005e-01
1.469726562500000000e-01 3.076841305475848110e-01
1.472167968750000000e-01 3.086064016665376331e-01
1.474609375000000000e-01 3.094948321426456150e-01
1.477050781250000000e-01 3.103491099172153156e-01
1.479492187500000000e-01 3.111689231259041066e-01
1.481933593750000000e-01 3.119539601039849064e-01
1.484375000000000000e-01 3.127039093915162660e-01
1.486816406250000000e-01 3.134184597384190862e-01
1.489257812500000000e-01 3.140973001094258255e-01
1.491699218750000000e-01 3.147401196889436648e-01
1.494140625000000000e-01 3.153466078857932731e-01
1.496582031250000000e-01 3.159164543378662482e-01
1.499023437500000000e-01 3.164493489166448903e-01
1.501464843750000000e-01 3.169449817316604134e-01
1.503906250000000000e-01 3.174030431348027204e-01
1.506347656250000000e-01 3.178232237245587344e-01
1.508789062500000000e-01 3.182052143501324926e-01
1.511230468750000000e-01 3.185487061154589350e-01
1.513671875000000000e-01 3.188533903831243244e-01
1.516113281250000000e-01 3.191189587781821935e-01
1.518554687500000000e-01 3.193451031918567162e-01
1.520996093750000000e-01 3.195315157851578158e-01
1.523437500000000000e-01 3.196778889923854727e-01
1.525878906250000000e-01 3.197839155245297271e-01
1.528320312500000000e-01 3.198492883725867486e-01
1.530761718750000000e-01 3.198737008107500612e-01
1.533203125000000000e-01 3.198568463995190569e-01
1.535644531250000000e-01 3.197984189886960427e-01
1.538085937500000000e-01 3.196981127202966899e-01
1.540527343750000000e-01 3.195556220313606755e-01
1.542968750000000000e-01 3.193706416566276518e-01
1.545410156250000000e-01 3.191428666311767470e-01
1.547851562500000000e-01 3.188719922929114103e-01
1.550292968750000000e-01 3.185577142849828070e-01
1.552734375000000000e-01 3.181997285580959733e-01
1.555175781250000000e-01 3.177977313727285980e-01
1.557617187500000000e-01 3.173514193012459961e-01
1.560058593750000000e-01 3.168604892299352604e-01
1.562500000000000000e-01 3.163246383609183421e-01
1.564941406250000000e-01 3.157435642139957421e-01
1.567382812500000000e-01 3.151169646283797365e-01
1.569824218750000000e-01 3.144445377643337314e-01
1.572265625000000000e-01 3.137259821047310160e-01
1.574707031250000000e-01 3.129609964564963875e-01
1.577148437500000000e-01 3.121492799519841599e-01
1.579589843750000000e-01 3.112905320502410422e-01
1.582031250000000000e-01 3.103844525381780350e-01
1.584472656250000000e-01 3.094307415316608356e-01
1.586914062500000000e-01 3.084290994765154781e-01
1.589355468750000000e-01 3.073792271494064088e-01
1.591796875000000000e-01 3.062808256586762035e-01
1.594238281250000000e-01 3.051335964450527793e-01
1.596679687500000000e-01 3.039372412822948788e-01
1.599121093750000000e-01 3.026914622777192587e-01
1.601562500000000000e-01 3.013959618726764211e-01
1.604003906250000000e-01 3.000504428429073278e-01
1.606445312500000000e-01 2.986546082988289497e-01
1.608886718750000000e-01 2.972081616857236708e-01
1.611328125000000000e-01 2.957108067838500332e-01
1.613769531250000000e-01 2.941622477084598897e-01
1.616210937500000000e-01 2.925621889097299033e-01
1.618652343750000000e-01 2.909103351726233244e-01
1.621093750000000000e-01 2.892063916166446313e-01
1.623535156250000000e-01 2.874500636955119037e-01
1.625976562500000000e-01 2.856410571967774592e-01
1.628417968750000000e-01 2.837790782413095458e-01
1.630859375000000000e-01 2.818638332827542170e-01
1.633300781250000000e-01 2.798950291068465490e-01
1.635742187500000000e-01 2.778723728307106455e-01
1.638183593750000000e-01 2.757955719020186436e-01
1.640625000000000000e-01 2.736643340981043671e-01
1.643066406250000000e-01 2.714783675249814454e-01
1.645507812500000000e-01 2.692373806162869920e-01
1.647949218750000000e-01 2.669410821321366312e-01
1.650390625000000000e-01 2.645891811579126895e-01
1.652832031250000000e-01 2.621813871029634035e-01
1.655273437500000000e-01 2.597174096992302950e-01
1.657714843750000000e-01 2.571969589997961103e-01
1.660156250000000000e-01 2.546197453773496600e-01
1.662597656250000000e-01 2.519854795225771049e-01
1.665039062500000000e-01 2.492938724424835772e-01
1.667480468750000000e-01 2.465446354586259270e-01
1.669921875000000000e-01 2.437374802052781342e-01
1.672363281250000000e-01 2.408721186275138149e-01
1.674804687500000000e-01 2.379482629792341042e-01
1.677246093750000000e-01 2.349656258210902349e-01
1.679687500000000000e-01 2.319239200183465521e-01
1.682128906250000000e-01 2.288228587386863244e-01
1.684570312500000000e-01 2.256621554499149140e-01
1.687011718750000000e-01 2.224415239176067149e-01
1.689453125000000000e-01 2.191606782026837563e-01
1.691894531250000000e-01 2.158193326589030181e-01
1.694335937500000000e-01 2.124172019302908998e-01
1.696777343750000000e-01 2.089540009485081340e-01
1.699218750000000000e-01 2.054294449301165282e-01
1.701660156250000000e-01 2.018432493738110678e-01
1.704101562500000000e-01 1.981951300575526820e-01
1.706542968750000000e-01 1.944848030356547963e-01
1.708984375000000000e-01 1.907119846357736848e-01
1.711425781250000000e-01 1.868763914558659311e-01
1.713867187500000000e-01 1.829777403610369502e-01
1.716308593750000000e-01 1.790157484803475973e-01
1.718750000000000000e-01 1.749901332035557755e-01
1.721191406250000000e-01 1.709006121777616460e-01
1.723632812500000000e-01 1.667469033040242243e-01
1.726074218750000000e-01 1.625287247338760566e-01
1.728515625000000000e-01 1.582457948657927105e-01
1.730957031250000000e-01 1.538978323415929050e-01
1.733398437500000000e-01 1.494845560427651154e-01
1.735839843750000000e-01 1.450056850867368075e-01
1.738281250000000000e-01 1.404609388230736722e-01
1.740722656250000000e-01 1.358500368296069460e-01
1.743164062500000000e-01 1.311726989085230666e-01
1.745605468750000000e-01 1.264286450823493280e-01
1.748046875000000000e-01 1.216175955899095329e-01
1.750488281250000000e-01 1.167392708821947261e-01
1.752929687500000000e-01 1.117933916181853560e-01
1.755371093750000000e-01 1.067796786605958864e-01
1.757812500000000000e-01 1.016978530715690332e-01
1.760253906250000000e-01 9.654763610829439346e-02
1.762695312500000000e-01 9.132874921858072370e-02
1.765136718750000000e-01 8.604091403634848978e-02
1.767578125000000000e-01 8.068385237708002033e-02
1.770019531250000000e-01 7.525728623317831656e-02
1.772460937500000000e-01 6.976093776930251955e-02
1.774902343750000000e-01 6.419452931761200631e-02
1.777343750000000000e-01 5.855778337296579233e-02
1.779785156250000000e-01 5.285042258804194260e-02
1.782226562500000000e-01 4.707216976842747147e-02
1.784667968750000000e-01 4.122274786761069565e-02
1.787109375000000000e-01 3.530187998195159771e-02
1.789550781250000000e-01 2.930928934555806706e-02
1.791992187500000000e-01 2.324469932512080242e-02
1.794433593750000000e-01 1.710783341468823104e-02
1.796875000000000000e-01 1.089841523037091316e-02
1.799316406250000000e-01 4.616168504999094112e-03
1.801757812500000000e-01 -1.739182917285928779e-03
1.804199218750000000e-01 -8.167915086503082026e-03
1.806640625000000000e-01 -1.467030395234925587e-02
1.809082031250000000e-01 -2.124662536978593266e-02
1.811523437500000000e-01 -2.789715510469602949e-02
1.813964843750000000e-01 -3.462216883956378138e-02
1.816406250000000000e-01 -4.142194217925151273e-02
1.818847656250000000e-01 -4.829675065681655888e-02
1.821289062500000000e-01 -5.524686973938214285e-02
1.823730468750000000e-01 -6.227257483408391026e-02
1.826171875000000000e-01 -6.937414129405959640e-02
1.828613281250000000e-01 -7.655184442450048421e-02
1.831054687500000000e-01 -8.380595948876412571e-02
1.833496093750000000e-01 -9.113676171454307418e-02
1.835937500000000000e-01 -9.854452630009453984e-02
1.838378906250000000e-01 -1.060295284205241828e-01
1.840820312500000000e-01 -1.135920432341306352e-01
1.843261718750000000e-01 -1.212323458888059924e-01
1.845703125000000000e-01 -1.289507115284962424e-01
1.848144531250000000e-01 -1.367474152997194825e-01
1.850585937500000000e-01 -1.446227323581421587e-01
1.853027343750000000e-01 -1.525769378752153405e-01
1.855468750000000000e-01 -1.606103070448600123e-01
1.857910156250000000e-01 -1.687231150902273047e-01
1.860351562500000000e-01 -1.769156372704975277e-01
1.862792968750000000e-01 -1.851881488877607229e-01
1.865234375000000000e-01 -1.935409252939234992e-01
1.867675781250000000e-01 -2.019742418977129028e-01
1.870117187500000000e-01 -2.104883741717045731e-01
1.872558593750000000e-01 -2.190835976594305012e-01
1.875000000000000000e-01 -2.277601879825359998e-01
1.877441406250000000e-01 -2.365184208480062278e-01
1.879882812500000000e-01 -2.453585720554314620e-01
1.882324218750000000e-01 -2.542809175043587167e-01
1.884765625000000000e-01 -2.632857332016710350e-01
1.887207031250000000e-01 -2.723732952690630649e-01
1.889648437500000000e-01 -2.815438799505421419e-01
1.892089843750000000e-01 -2.907977636200069216e-01
1.894531250000000000e-01 -3.001352227888857138e-01
1.896972656250000000e-01 -3.095565341138312165e-01
1.899414062500000000e-01 -3.190619744044690398e-01
1.901855468750000000e-01 -3.286518206312299961e-01
1.904296875000000000e-01 -3.383263499332097579e-01
1.906738281250000000e-01 -3.480858396261197196e-01
1.909179687500000000e-01 -3.579305672102772728e-01
1.911621093750000000e-01 -3.678608103786767392e-01
1.914062500000000000e-01 -3.778768470251054334e-01
1.916503906250000000e-01 -3.879789552523258411e-01
1.918945312500000000e-01 -3.981674133803361770e-01
1.921386718750000000e-01 -4.084424999546659718e-01
1.923828125000000000e-01 -4.188044937547577562e-01
1.926269531250000000e-01 -4.292536738024013698e-01
1.928710937500000000e-01 -4.397903193702361602e-01
1.931152343750000000e-01 -4.504147099903097473e-01
1.933593750000000000e-01 -4.611271254627106186e-01
1.936035156250000000e-01 -4.719278458642642837e-01
1.938476562500000000e-01 -4.828171515572835526e-01
1.940917968750000000e-01 -4.937953231984004709e-01
1.943359375000000000e-01 -5.048626417474506578e-01
1.945800781250000000e-01 -5.160193884764382455e-01
1.948242187500000000e-01 -5.272658449785437851e-01
1.950683593750000000e-01 -5.386022931772275202e-01
1.953125000000000000e-01 -5.500290153353841749e-01
1.955566406250000000e-01 -5.615462940645623569e-01
1.958007812500000000e-01 -5.731544123342698915e-01
1.960449218750000000e-01 -5.848536534813291166e-01
1.962890625000000000e-01 -5.966443012193115569e-01
1.965332031250000000e-01 -6.085266396480466522e-01
1.967773437500000000e-01 -6.205009532631862168e-01
1.970214843750000000e-01 -6.325675269658580513e-01
1.972656250000000000e-01 -6.447266460723788395e-01
1.975097656250000000e-01 -6.569785963240464266e-01
1.977539062500000000e-01 -6.693236638969952690e-01
1.979980468750000000e-01 -6.817621354121411459e-01
1.982421875000000000e-01 -6.942942979451827146e-01
1.984863281250000000e-01 -7.069204390366957691e-01
1.987304687500000000e-01 -7.196408467022743505e-01
1.989746093750000000e-01 -7.324558094427899846e-01
1.992187500000000000e-01 -7.453656162546912212e-01
1.994628906250000000e-01 -7.583705566403919907e-01
1.997070312500000000e-01 -7.714709206187485568e-01
1.999511718750000000e-01 -7.846669987355947562e-01
2.001953125000000000e-01 -7.979590820743813762e-01
2.004394531250000000e-01 -8.113474622668683800e-01
2.006835937500000000e-01 -8.248324315039281540e-01
2.009277343750000000e-01 -8.384142825464013793e-01
2.011718750000000000e-01 -8.520933087360592628e-01
2.014160156250000000e-01 -8.658698040066326040e-01
2.016601562500000000e-01 -8.797440628949297903e-01
2.019042968750000000e-01 -8.937163805520559334e-01
2.021484375000000000e-01 -9.077870527546839652e-01
2.023925781250000000e-01 -9.219563759164445260e-01
2.026367187500000000e-01 -9.362246470993917935e-01
2.028808593750000000e-01 -9.505921640255485805e-01
2.031250000000000000e-01 -9.650592250885653423e-01
2.033691406250000000e-01 -9.796261293654328073e-01
2.036132812500000000e-01 -9.942931766283291672e-01
2.038574218750000000e-01 -1.009060667356523000e+00
2.041015625000000000e-01 -1.023928902748397540e+00
2.043457031250000000e-01 -1.038898184733541452e+00
2.045898437500000000e-01 -1.053968815984968277e+00
2.048339843750000000e-01 -1.069141099931394834e+00
2.050781250000000000e-01 -1.084415340769656844e+00
2.053222656250000000e-01 -1.099791843477191611e+00
2.055664062500000000e-01 -1.115270913824636168e+00
2.058105468750000000e-01 -1.130852858388520676e+00
2.060546875000000000e-01 -1.146537984564074852e+00
2.062988281250000000e-01 -1.162326600578116320e+00
2.065429687500000000e-01 -1.178219015502069533e+00
2.067871093750000000e-01 -1.194215539265065296e+00
2.070312500000000000e-01 -1.210316482667175064e+00
2.072753906250000000e-01 -1.226522157392721857e+00
2.075195312500000000e-01 -1.242832876023728828e+00
2.077636718750000000e-01 -1.259248952053464432e+00
2.080078125000000000e-01 -1.275770699900101057e+00
2.082519531250000000e-01 -1.292398434920492001e+00
2.084960937500000000e-01 -1.309132473424059251e+00
2.087402343750000000e-01 -1.325973132686797618e+00
2.089843750000000000e-01 -1.342920730965401876e+00
2.092285156250000000e-01 -1.359975587511509598e+00
2.094726562500000000e-01 -1.377138022586057886e+00
2.097167968750000000e-01 -1.394408357473790883e+00
2.099609375000000000e-01 -1.411786914497839440e+00
2.102050781250000000e-01 -1.429274017034486643e+00
2.104492187500000000e-01 -1.446869989528012823e+00
2.106933593750000000e-01 -1.464575157505691561e+00
2.109375000000000000e-01 -1.482389847592922250e+00
2.111816406250000000e-01 -1.500314387528466131e+00
2.114257812500000000e-01 -1.518349106179857522e+00
2.116699218750000000e-01 -1.536494333558908298e+00
2.119140625000000000e-01 -1.554750400837380919e+00
2.121582031250000000e-01 -1.573117640362784675e+00
2.124023437500000000e-01 -1.591596385674322933e+00
2.126464843750000000e-01 -1.610186971518970278e+00
2.128906250000000000e-01 -1.628889733867704415e+00
2.131347656250000000e-01 -1.647705009931887954e+00
2.133789062500000000e-01 -1.666633138179789864e+00
2.136230468750000000e-01 -1.685674458353260352e+00
2.138671875000000000e-01 -1.704829311484554522e+00
2.141113281250000000e-01 -1.724098039913327440e+00
2.143554687500000000e-01 -1.743480987303764662e+00
2.145996093750000000e-01 -1.762978498661887938e+00
2.148437500000000000e-01 -1.782590920353007480e+00
2.150878906250000000e-01 -1.802318600119354741e+00
2.153320312500000000e-01 -1.822161887097861532e+00
2.155761718750000000e-01 -1.842121131838137416e+00
2.158203125000000000e-01 -1.862196686320567895e+00
2.160644531250000000e-01 -1.882388903974645089e+00
2.163085937500000000e-01 -1.902698139697420965e+00
2.165527343750000000e-01 -1.923124749872173522e+00
2.167968750000000000e-01 -1.943669092387237951e+00
2.170410156250000000e-01 -1.964331526655016313e+00
2.172851562500000000e-01 -1.985112413631185735e+00
2.175292968750000000e-01 -2.006012115834088672e+00
2.177734375000000000e-01 -2.027030997364303033e+00
2.180175781250000000e-01 -2.048169423924424581e+00
2.182617187500000000e-01 -2.069427762839027185e+00
2.185058593750000000e-01 -2.090806383074844010e+00
2.187500000000000000e-01 -2.112305655261120574e+00
2.189941406250000000e-01 -2.133925951710198721e+00
2.192382812500000000e-01 -2.155667646438292895e+00
2.194824218750000000e-01 -2.177531115186486677e+00
2.197265625000000000e-01 -2.199516735441937154e+00
2.199707031250000000e-01 -2.221624886459292458e+00
2.202148437500000000e-01 -2.243855949282342888e+00
2.204589843750000000e-01 -2.266210306765873650e+00
2.207031250000000000e-01 -2.288688343597773844e+00
2.209472656250000000e-01 -2.311290446321342174e+00
2.211914062500000000e-01 -2.334017003357850673e+00
2.214355468750000000e-01 -2.356868405029334923e+00
2.216796875000000000e-01 -2.379845043581622299e+00
2.219238281250000000e-01 -2.402947313207618674e+00
2.221679687500000000e-01 -2.426175610070810507e+00
2.224121093750000000e-01 -2.449530332329067583e+00
2.226562500000000000e-01 -2.473011880158643372e+00
2.229003906250000000e-01 -2.496620655778486686e+00
2.231445312500000000e-01 -2.520357063474771842e+00
2.233886718750000000e-01 -2.544221509625739230e+00
2.236328125000000000e-01 -2.568214402726763268e+00
2.238769531250000000e-01 -2.592336153415724542e+00
2.241210937500000000e-01 -2.616587174498655077e+00
2.243652343750000000e-01 -2.640967880975654047e+00
2.246093750000000000e-01 -2.665478690067112133e+00
2.248535156250000000e-01 -2.690120021240210324e+00
2.250976562500000000e-01 -2.714892296235725144e+00
2.253417968750000000e-01 -2.739795939095134969e+00
2.255859375000000000e-01 -2.764831376188020329e+00
2.258300781250000000e-01 -2.789999036239796393e+00
2.260742187500000000e-01 -2.815299350359741215e+00
2.263183593750000000e-01 -2.840732752069352607e+00
2.265625000000000000e-01 -2.866299677331038520e+00
2.268066406250000000e-01 -2.892000564577116961e+00
2.270507812500000000e-01 -2.917835854739179613e+00
2.272949218750000000e-01 -2.943805991277768541e+00
2.275390625000000000e-01 -2.969911420212423270e+00
2.277832031250000000e-01 -2.996152590152065365e+00
2.280273437500000000e-01 -3.022529952325744951e+00
2.282714843750000000e-01 -3.049043960613753157e+00
2.285156250000000000e-01 -3.075695071579104045e+00
2.287597656250000000e-01 -3.102483744499382912e+00
2.290039062500000000e-01 -3.129410441398988496e+00
2.292480468750000000e-01 -3.156475627081760216e+00
2.294921875000000000e-01 -3.183679769163984652e+00
2.297363281250000000e-01 -3.211023338107827474e+00
2.299804687500000000e-01 -3.238506807255147280e+00
2.302246093750000000e-01 -3.266130652861734429e+00
2.304687500000000000e-01 -3.293895354131985087e+00
2.307128906250000000e-01 -3.321801393253964285e+00
2.309570312500000000e-01 -3.349849255434936168e+00
2.312011718750000000e-01 -3.378039428937329891e+00
2.314453125000000000e-01 -3.406372405115134061e+00
2.316894531250000000e-01 -3.434848678450777459e+00
2.319335937500000000e-01 -3.463468746592448078e+00
2.321777343750000000e-01 -3.492233110391891326e+00
2.324218750000000000e-01 -3.521142273942702960e+00
2.326660156250000000e-01 -3.550196744619071865e+00
2.329101562500000000e-01 -3.579397033115062854e+00
2.331542968750000000e-01 -3.608743653484376868e+00
2.333984375000000000e-01 -3.638237123180618315e+00
2.336425781250000000e-01 -3.667877963098102878e+00
2.338867187500000000e-01 -3.697666697613179565e+00
2.341308593750000000e-01 -3.727603854626109658e+00
2.343750000000000000e-01 -3.757689965603463911e+00
2.346191406250000000e-01 -3.787925565621106827e+00
2.348632812500000000e-01 -3.818311193407737836e+00
2.351074218750000000e-01 -3.848847391388987571e+00
2.353515625000000000e-01 -3.879534705732149646e+00
2.355957031250000000e-01 -3.910373686391456882e+00
2.358398437500000000e-01 -3.941364887154000129e+00
2.360839843750000000e-01 -3.972508865686243951e+00
2.363281250000000000e-01 -4.003806183581183120e+00
2.365722656250000000e-01 -4.035257406406144831e+00
2.368164062500000000e-01 -4.066863103751210851e+00
2.370605468750000000e-01 -4.098623849278341780e+00
2.373046875000000000e-01 -4.130540220771149684e+00
2.375488281250000000e-01 -4.162612800185359951e+00
2.377929687500000000e-01 -4.194842173699985466e+00
2.380371093750000000e-01 -4.227228931769190012e+00
2.382812500000000000e-01 -4.259773669174885313e+00
2.385253906250000000e-01 -4.292476985080073248e+00
2.387695312500000000e-01 -4.325339483082927927e+00
2.390136718750000000e-01 -4.358361771271630047e+00
2.392578125000000000e-01 -4.391544462279998839e+00
2.395019531250000000e-01 -4.424888173343905606e+00
2.397460937500000000e-01 -4.458393526358499059e+00
2.399902343750000000e-01 -4.492061147936218468e+00
2.402343750000000000e-01 -4.525891669465693212e+00
2.404785156250000000e-01 -4.559885727171460346e+00
2.407226562500000000e-01 -4.594043962174539253e+00
2.409667968750000000e-01 -4.628367020553933564e+00
2.412109375000000000e-01 -4.662855553408960851e+00
2.414550781250000000e-01 -4.697510216922568205e+00
2.416992187500000000e-01 -4.732331672425533320e+00
2.419433593750000000e-01 -4.767320586461637255e+00
2.421875000000000000e-01 -4.802477630853791091e+00
2.424316406250000000e-01 -4.837803482771157348e+00
2.426757812500000000e-01 -4.873298824797263507e+00
2.429199218750000000e-01 -4.908964344999160900e+00
2.431640625000000000e-01 -4.944800736997595259e+00
2.434082031250000000e-01 -4.980808700038265258e+00
2.436523437500000000e-01 -5.016988939064153996e+00
2.438964843750000000e-01 -5.053342164788947599e+00
2.441406250000000000e-01 -5.089869093771618225e+00
2.443847656250000000e-01 -5.126570448492104859e+00
2.446289062500000000e-01 -5.163446957428192263e+00
2.448730468750000000e-01 -5.200499355133587187e+00
2.451171875000000000e-01 -5.237728382317169640e+00
2.453613281250000000e-01 -5.275134785923524916e+00
2.456054687500000000e-01 -5.312719319214719960e+00
2.458496093750000000e-01 -5.350482741853349822e+00
2.460937500000000000e-01 -5.388425819986927046e+00
2.463378906250000000e-01 -5.426549326333590884e+00
2.465820312500000000e-01 -5.464854040269178093e+00
2.468261718750000000e-01 -5.503340747915697051e+00
2.470703125000000000e-01 -5.542010242231212302e+00
2.473144531250000000e-01 -5.580863323101170614e+00
2.475585937500000000e-01 -5.619900797431235162e+00
2.478027343750000000e-01 -5.659123479241582544e+00
2.480468750000000000e-01 -5.698532189762779865e+00
2.482910156250000000e-01 -5.738127757533177054e+00
2.485351562500000000e-01 -5.777911018497964513e+00
2.487792968750000000e-01 -5.817882816109820610e+00
2.490234375000000000e-01 -5.858044001431222725e+00
2.492675781250000000e-01 -5.898395433238493801e+00
2.495117187500000000e-01 -5.938937978127540873e+00
2.497558593750000000e-01 -5.979672510621414361e+00
2.500000000000000000e-01 -6.020599913279624182e+00
2.502441406250000000e-01 -6.061721076809348574e+00
2.504882812500000000e-01 -6.103036900178500090e+00
2.507324218750000000e-01 -6.144548290730721618e+00
2.509765625000000000e-01 -6.186256164302359473e+00
2.512207031250000000e-01 -6.228161445341424240e+00
2.514648437500000000e-01 -6.270265067028631734e+00
2.517089843750000000e-01 -6.312567971400487643e+00
2.519531250000000000e-01 -6.355071109474573987e+00
2.521972656250000000e-01 -6.397775441376959193e+00
2.524414062500000000e-01 -6.440681936471888136e+00
2.526855468750000000e-01 -6.483791573493718374e+00
2.529296875000000000e-01 -6.527105340681198520e+00
2.531738281250000000e-01 -6.570624235914133138e+00
2.534179687500000000e-01 -6.614349266852459053e+00
2.536621093750000000e-01 -6.658281451077834312e+00
2.539062500000000000e-01 -6.702421816237738916e+00
2.541503906250000000e-01 -6.746771400192193013e+00
2.543945312500000000e-01 -6.791331251163117422e+00
2.546386718750000000e-01 -6.836102427886413757e+00
2.548828125000000000e-01 -6.881085999766806793e+00
2.551269531250000000e-01 -6.926283047035541429e+00
2.553710937500000000e-01 -6.971694660910960017e+00
2.556152343750000000e-01 -7.017321943762047987e+00
2.558593750000000000e-01 -7.063166009275034796e+00
2.561035156250000000e-01 -7.109227982623059106e+00
2.563476562500000000e-01 -7.155509000639035833e+00
2.565917968750000000e-01 -7.202010211991760613e+00
2.568359375000000000e-01 -7.248732777365321844e+00
2.570800781250000000e-01 -7.295677869641933100e+00
2.573242187500000000e-01 -7.342846674088219672e+00
2.575683593750000000e-01 -7.390240388545072925e+00
2.578125000000000000e-01 -7.437860223621153288e+00
2.580566406250000000e-01 -7.485707402890092510e+00
2.583007812500000000e-01 -7.533783163091540835e+00
2.585449218750000000e-01 -7.582088754336093750e+00
2.587890625000000000e-01 -7.630625440314239505e+00
2.590332031250000000e-01 -7.679394498509367395e+00
2.592773437500000000e-01 -7.728397220415011759e+00
2.595214843750000000e-01 -7.777634911756337921e+00
2.597656250000000000e-01 -7.827108892716056587e+00
2.600097656250000000e-01 -7.876820498164834206e+00
2.602539062500000000e-01 -7.926771077896309414e+00
2.604980468750000000e-01 -7.976961996866847038e+00
2.607421875000000000e-01 -8.027394635440110449e+00
2.609863281250000000e-01 -8.078070389636613058e+00
2.612304687500000000e-01 -8.128990671388356404e+00
2.614746093750000000e-01 -8.180156908798661419e+00
2.617187500000000000e-01 -8.231570546407359856e+00
2.619628906250000000e-01 -8.283233045461440014e+00
2.622070312500000000e-01 -8.335145884191323518e+00
2.624511718750000000e-01 -8.387310558092881507e+00
2.626953125000000000e-01 -8.439728580215369647e+00
2.629394531250000000e-01 -8.492401481455386758e+00
2.631835937500000000e-01 -8.545330810857086234e+00
2.634277343750000000e-01 -8.598518135918695293e+00
2.636718750000000000e-01 -8.651965042905624514e+00
2.639160156250000000e-01 -8.705673137170229836e+00
2.641601562500000000e-01 -8.759644043478481024e+00
2.644042968750000000e-01 -8.813879406343698264e+00
2.646484375000000000e-01 -8.868380890367463465e+00
2.648925781250000000e-01 -8.923150180588066860e+00
2.651367187500000000e-01 -8.978188982836499576e+00
2.653808593750000000e-01 -9.033499024100322572e+00
2.656250000000000000e-01 -9.089082052895578911e+00
2.658691406250000000e-01 -9.144939839646951896e+00
2.661132812500000000e-01 -9.201074177076428384e+00
2.663574218750000000e-01 -9.257486880600657386e+00
2.666015625000000000e-01 -9.314179788737298793e+00
2.668457031250000000e-01 -9.371154763520513242e+00
2.670898437500000000e-01 -9.428413690925982138e+00
2.673339843750000000e-01 -9.485958481305564405e+00
2.675781250000000000e-01 -9.543791069832002094e+00
2.678222656250000000e-01 -9.601913416953856029e+00
2.680664062500000000e-01 -9.660327508861003665e+00
2.683105468750000000e-01 -9.719035357960992272e+00
2.685546875000000000e-01 -9.778039003366551185e+00
2.687988281250000000e-01 -9.837340511394566889e+00
2.690429687500000000e-01 -9.896941976076881531e+00
2.692871093750000000e-01 -9.956845519683229284e+00
2.695312500000000000e-01 -1.001705329325665872e+01
2.697753906250000000e-01 -1.007756747716184265e+01
2.700195312500000000e-01 -1.013839028164657208e+01
2.702636718750000000e-01 -1.019952394741693702e+01
2.705078125000000000e-01 -1.026097074622648542e+01
2.707519531250000000e-01 -1.032273298147982032e+01
2.709960937500000000e-01 -1.038481298885112025e+01
2.712402343750000000e-01 -1.044721313691788822e+01
2.714843750000000000e-01 -1.050993582781056368e+01
2.717285156250000000e-01 -1.057298349787833658e+01
2.719726562500000000e-01 -1.063635861837171070e+01
2.722167968750000000e-01 -1.070006369614234742e+01
2.724609375000000000e-01 -1.076410127436068009e+01
2.727050781250000000e-01 -1.082847393325188179e+01
2.729492187500000000e-01 -1.089318429085069795e+01
2.731933593750000000e-01 -1.095823500377584381e+01
2.734375000000000000e-01 -1.102362876802445335e+01
2.736816406250000000e-01 -1.108936831978729387e+01
2.739257812500000000e-01 -1.115545643628535544e+01
2.741699218750000000e-01 -1.122189593662855422e+01
2.744140625000000000e-01 -1.128868968269722828e+01
2.746582031250000000e-01 -1.135584058004707586e+01
2.749023437500000000e-01 -1.142335157883849561e+01
2.751464843750000000e-01 -1.149122567479091472e+01
2.753906250000000000e-01 -1.155946591016302705e+01
2.756347656250000000e-01 -1.162807537475980979e+01
2.758789062500000000e-01 -1.169705720696714835e+01
2.761230468750000000e-01 -1.176641459481501606e+01
2.763671875000000000e-01 -1.183615077707015750e+01
2.766113281250000000e-01 -1.190626904435930378e+01
2.768554687500000000e-01 -1.197677274032386663e+01
2.770996093750000000e-01 -1.204766526280731931e+01
2.773437500000000000e-01 -1.211895006507622341e+01
2.775878906250000000e-01 -1.219063065707620019e+01
2.778320312500000000e-01 -1.226271060672396729e+01
2.780761718750000000e-01 -1.233519354123674638e+01
2.783203125000000000e-01 -1.240808314850033156e+01
2.785644531250000000e-01 -1.248138317847717182e+01
2.788085937500000000e-01 -1.255509744465594046e+01
2.790527343750000000e-01 -1.262922982554395013e+01
2.792968750000000000e-01 -1.270378426620416512e+01
2.795410156250000000e-01 -1.277876477983813785e+01
2.797851562500000000e-01 -1.285417544941681456e+01
2.800292968750000000e-01 -1.293002042936078233e+01
2.802734375000000000e-01 -1.300630394727182626e+01
2.805175781250000000e-01 -1.308303030571773995e+01
2.807617187500000000e-01 -1.316020388407228126e+01
2.810058593750000000e-01 -1.323782914041245640e+01
2.812500000000000000e-01 -1.331591061347517879e+01
2.814941406250000000e-01 -1.339445292467564563e+01
2.817382812500000000e-01 -1.347346078018973614e+01
2.819824218750000000e-01 -1.355293897310292905e+01
2.822265625000000000e-01 -1.363289238562828309e+01
2.824707031250000000e-01 -1.371332599139619646e+01
2.827148437500000000e-01 -1.379424485781875731e+01
2.829589843750000000e-01 -1.387565414853158074e+01
2.832031250000000000e-01 -1.395755912591632963e+01
2.834472656250000000e-01 -1.403996515370697296e+01
2.836914062500000000e-01 -1.412287769968334672e+01
2.839355468750000000e-01 -1.420630233845540147e+01
2.841796875000000000e-01 -1.429024475434188446e+01
2.844238281250000000e-01 -1.437471074434744800e+01
2.846679687500000000e-01 -1.445970622124204574e+01
2.849121093750000000e-01 -1.454523721674706138e+01
2.851562500000000000e-01 -1.463130988483261241e+01
2.854003906250000000e-01 -1.471793050513061374e+01
2.856445312500000000e-01 -1.480510548646870106e+01
2.858886718750000000e-01 -1.489284137053008195e+01
2.861328125000000000e-01 -1.498114483564478583e+01
2.863769531250000000e-01 -1.507002270071802030e+01
2.866210937500000000e-01 -1.515948192930165916e+01
2.868652343750000000e-01 -1.524952963381519133e+01
2.871093750000000000e-01 -1.534017307992271206e+01
2.873535156250000000e-01 -1.543141969107304057e+01
2.875976562500000000e-01 -1.552327705321026130e+01
2.878417968750000000e-01 -1.561575291966246049e+01
2.880859375000000000e-01 -1.570885521621686820e+01
2.883300781250000000e-01 -1.580259204638990767e+01
2.885742187500000000e-01 -1.589697169690138878e+01
2.888183593750000000e-01 -1.599200264336223931e+01
2.890625000000000000e-01 -1.608769355618606411e+01
2.893066406250000000e-01 -1.618405330673500231e+01
2.895507812500000000e-01 -1.628109097371132208e+01
2.897949218750000000e-01 -1.637881584980655703e+01
2.900390625000000000e-01 -1.647723744862077666e+01
2.902832031250000000e-01 -1.657636551186525509e+01
2.905273437500000000e-01 -1.667621001686277538e+01
2.907714843750000000e-01 -1.677678118436020682e+01
2.910156250000000000e-01 -1.687808948666933162e+01
2.912597656250000000e-01 -1.698014565615258675e+01
2.915039062500000000e-01 -1.708296069407134254e+01
2.917480468750000000e-01 -1.718654587981562187e+01
2.919921875000000000e-01 -1.729091278053509839e+01
2.922363281250000000e-01 -1.739607326119258346e+01
2.924804687500000000e-01 -1.750203949506243006e+01
2.927246093750000000e-01 -1.760882397469773508e+01
2.929687500000000000e-01 -1.771643952339179862e+01
2.932128906250000000e-01 -1.782489930716063853e+01
2.934570312500000000e-01 -1.793421684727552901e+01
2.937011718750000000e-01 -1.804440603337609161e+01
2.939453125000000000e-01 -1.815548113719640355e+01
2.941894531250000000e-01 -1.826745682693913153e+01
2.944335937500000000e-01 -1.838034818233461820e+01
2.946777343750000000e-01 -1.849417071042453031e+01
2.949218750000000000e-01 -1.860894036211246316e+01
2.951660156250000000e-01 -1.872467354952651064e+01
2.954101562500000000e-01 -1.884138716424237003e+01
2.956542968750000000e-01 -1.895909859641851725e+01
2.958984375000000000e-01 -1.907782575489894228e+01
2.961425781250000000e-01 -1.919758708834276106e+01
2.963867187500000000e-01 -1.931840160744441448e+01
2.966308593750000000e-01 -1.944028890831272705e+01
2.968750000000000000e-01 -1.956326919708216394e+01
2.971191406250000000e-01 -1.968736331583507848e+01
2.973632812500000000e-01 -1.981259276991989182e+01
2.976074218750000000e-01 -1.993897975675620415e+01
2.978515625000000000e-01 -2.006654719622534699e+01
2.980957031250000000e-01 -2.019531876275211602e+01
2.983398437500000000e-01 -2.032531891919218126e+01
2.985839843750000000e-01 -2.045657295264836861e+01
2.988281250000000000e-01 -2.058910701234936624e+01
2.990722656250000000e-01 -2.072294814973503208e+01
2.993164062500000000e-01 -2.085812436090442645e+01
2.995605468750000000e-01 -2.099466463159587448e+01
2.998046875000000000e-01 -2.113259898488249178e+01
3.000488281250000000e-01 -2.127195853178245244e+01
3.002929687500000000e-01 -2.141277552500060821e+01
3.005371093750000000e-01 -2.155508341603662004e+01
3.007812500000000000e-01 -2.169891691591655558e+01
3.010253906250000000e-01 -2.184431205982696156e+01
3.012695312500000000e-01 -2.199130627595674525e+01
3.015136718750000000e-01 -2.213993845887987177e+01
3.017578125000000000e-01 -2.229024904784340677e+01
3.020019531250000000e-01 -2.244228011035961501e+01
3.022460937500000000e-01 -2.259607543153980913e+01
3.024902343750000000e-01 -2.275168060964945482e+01
3.027343750000000000e-01 -2.290914315841251891e+01
3.029785156250000000e-01 -2.306851261664512975e+01
3.032226562500000000e-01 -2.322984066585806673e+01
3.034667968750000000e-01 -2.339318125653366920e+01
3.037109375000000000e-01 -2.355859074385672969e+01
3.039550781250000000e-01 -2.372612803376166113e+01
3.041992187500000000e-01 -2.389585474025198408e+01
3.044433593750000000e-01 -2.406783535505217841e+01
3.046875000000000000e-01 -2.424213743077163485e+01
3.049316406250000000e-01 -2.441883177889229017e+01
3.051757812500000000e-01 -2.459799268404455930e+01
3.054199218750000000e-01 -2.477969813620600448e+01
3.056640625000000000e-01 -2.496403008265340162e+01
3.059082031250000000e-01 -2.515107470171921733e+01
3.061523437500000000e-01 -2.534092270065804087e+01
3.063964843750000000e-01 -2.553366964021618557e+01
3.066406250000000000e-01 -2.572941628883113907e+01
3.068847656250000000e-01 -2.592826900976655224e+01
3.071289062500000000e-01 -2.613034018492877664e+01
3.073730468750000000e-01 -2.633574867961646504e+01
3.076171875000000000e-01 -2.654462035304138112e+01
3.078613281250000000e-01 -2.675708862013968314e+01
3.081054687500000000e-01 -2.697329507098400114e+01
3.083496093750000000e-01 -2.719339015503301127e+01
3.085937500000000000e-01 -2.741753393853784004e+01
3.088378906250000000e-01 -2.764589694469662717e+01
3.090820312500000000e-01 -2.787866108765027917e+01
3.093261718750000000e-01 -2.811602071318525020e+01
3.095703125000000000e-01 -2.835818376111665629e+01
3.098144531250000000e-01 -2.860537306683437464e+01
3.100585937500000000e-01 -2.885782782249775025e+01
3.103027343750000000e-01 -2.911580522197155219e+01
3.105468750000000000e-01 -2.937958231794630848e+01
3.107910156250000000e-01 -2.964945812496106115e+01
3.110351562500000000e-01 -2.992575600846678086e+01
3.112792968750000000e-01 -3.020882640792713758e+01
3.115234375000000000e-01 -3.049904995162000887e+01
3.117675781250000000e-01 -3.079684103276238716e+01
3.120117187500000000e-01 -3.110265193145888674e+01
3.122558593750000000e-01 -3.141697758560371767e+01
3.125000000000000000e-01 -3.174036113733887277e+01
3.127441406250000000e-01 -3.207340041145941711e+01
3.129882812500000000e-01 -3.241675552023011164e+01
3.132324218750000000e-01 -3.277115783813209760e+01
3.134765625000000000e-01 -3.313742065377994805e+01
3.137207031250000000e-01 -3.351645188977303036e+01
3.139648437500000000e-01 -3.390926939177052901e+01
3.142089843750000000e-01 -3.431701943583826164e+01
3.144531250000000000e-01 -3.474099930285300530e+01
3.146972656250000000e-01 -3.518268504196893787e+01
3.149414062500000000e-01 -3.564376592375636221e+01
3.151855468750000000e-01 -3.612618761565430248e+01
3.154296875000000000e-01 -3.663220687154367994e+01
3.156738281250000000e-01 -3.716446162880914272e+01
3.159179687500000000e-01 -3.772606203438087391e+01
3.161621093750000000e-01 -3.832071037719479989e+01
3.164062500000000000e-01 -3.895286169412921851e+01
3.166503906250000000e-01 -3.962794281426001675e+01
3.168945312500000000e-01 -4.035265737420818510e+01
3.171386718750000000e-01 -4.113542077065019242e+01
3.173828125000000000e-01 -4.198699771259603608e+01
3.176269531250000000e-01 -4.292146736005626195e+01
3.178710937500000000e-01 -4.395774140969621868e+01
3.181152343750000000e-01 -4.512206506591317634e+01
3.183593750000000000e-01 -4.645237971769618923e+01
3.186035156250000000e-01 -4.800650607473180997e+01
3.188476562500000000e-01 -4.987903264230767775e+01
3.190917968750000000e-01 -5.224110808080365587e+01
3.193359375000000000e-01 -5.545483801817185565e+01
3.195800781250000000e-01 -6.053814549310182258e+01
3.198242187500000000e-01 -7.397025049606830294e+01
3.200683593750000000e-01 -6.548834488116827401e+01
3.203125000000000000e-01 -5.802356935124335280e+01
3.205566406250000000e-01 -5.410383056421005676e+01
3.208007812500000000e-01 -5.143818254033084969e+01
3.210449218750000000e-01 -4.942152160688888074e+01
3.212890625000000000e-01 -4.780267253881713430e+01
3.215332031250000000e-01 -4.645292785267906766e+01
3.217773437500000000e-01 -4.529745507799812287e+01
3.220214843750000000e-01 -4.428887824415861019e+01
3.222656250000000000e-01 -4.339529822402532488e+01
3.225097656250000000e-01 -4.259420872821489468e+01
3.227539062500000000e-01 -4.186913612480969960e+01
3.229980468750000000e-01 -4.120765925391818740e+01
3.232421875000000000e-01 -4.060018046273086867e+01
3.234863281250000000e-01 -4.003912986213795477e+01
3.237304687500000000e-01 -3.951843155552899134e+01
3.239746093750000000e-01 -3.903313470797240115e+01
3.242187500000000000e-01 -3.857915190567143782e+01
3.244628906250000000e-01 -3.815306941308544708e+01
3.247070312500000000e-01 -3.775200684922060645e+01
3.249511718750000000e-01 -3.737351159920379473e+01
3.251953125000000000e-01 -3.701547812814713723e+01
3.254394531250000000e-01 -3.667608546600241226e+01
3.256835937500000000e-01 -3.635374816368761941e+01
3.259277343750000000e-01 -3.604707738047536481e+01
3.261718750000000000e-01 -3.575484969053758277e+01
3.264160156250000000e-01 -3.547598184105230246e+01
3.266601562500000000e-01 -3.520951014918705368e+01
3.269042968750000000e-01 -3.495457355111113174e+01
3.271484375000000000e-01 -3.471039955275595901e+01
3.273925781250000000e-01 -3.447629250592862604e+01
3.276367187500000000e-01 -3.425162376269585707e+01
3.278808593750000000e-01 -3.403582335813006665e+01
3.281250000000000000e-01 -3.382837294527691085e+01
3.283691406250000000e-01 -3.362879976271378979e+01
3.286132812500000000e-01 -3.343667145873654079e+01
3.288574218750000000e-01 -3.325159163023160147e+01
3.291015625000000000e-01 -3.307319596099568315e+01
3.293457031250000000e-01 -3.290114886537620009e+01
3.295898437500000000e-01 -3.273514055991088867e+01
3.298339843750000000e-01 -3.257488449910667327e+01
3.300781250000000000e-01 -3.242011512234307702e+01
3.303222656250000000e-01 -3.227058586768062298e+01
3.305664062500000000e-01 -3.212606741551490330e+01
3.308105468750000000e-01 -3.198634613088638190e+01
3.310546875000000000e-01 -3.185122267808551300e+01
3.312988281250000000e-01 -3.172051078518336098e+01
3.315429687500000000e-01 -3.159403613943887734e+01
3.317871093750000000e-01 -3.147163539729434945e+01
3.320312500000000000e-01 -3.135315529499232312e+01
3.322753906250000000e-01 -3.123845184779171191e+01
3.325195312500000000e-01 -3.112738962740406734e+01
3.327636718750000000e-01 -3.101984110866427358e+01
3.330078125000000000e-01 -3.091568607762921417e+01
3.332519531250000000e-01 -3.081481109430974641e+01
3.334960937500000000e-01 -3.071710900409799194e+01
3.337402343750000000e-01 -3.062247849269632383e+01
3.339843750000000000e-01 -3.053082367998570135e+01
3.342285156250000000e-01 -3.044205374882290727e+01
3.344726562500000000e-01 -3.035608260522791113e+01
3.347167968750000000e-01 -3.027282856683547152e+01
3.349609375000000000e-01 -3.019221407684222669e+01
3.352050781250000000e-01 -3.011416544099174786e+01
3.354492187500000000e-01 -3.003861258541267176e+01
3.356933593750000000e-01 -2.996548883336260616e+01
3.359375000000000000e-01 -2.989473069914057390e+01
3.361816406250000000e-01 -2.982627769761339209e+01
3.364257812500000000e-01 -2.976007216796393706e+01
3.366699218750000000e-01 -2.969605911041207946e+01
3.369140625000000000e-01 -2.963418603478515578e+01
3.371582031250000000e-01 -2.957440281992749931e+01
3.374023437500000000e-01 -2.951666158303690679e+01
3.376464843750000000e-01 -2.946091655810559118e+01
3.378906250000000000e-01 -2.940712398272090056e+01
3.381347656250000000e-01 -2.935524199255210576e+01
3.383789062500000000e-01 -2.930523052291094999e+01
3.386230468750000000e-01 -2.925705121683279231e+01
3.388671875000000000e-01 -2.921066733917164981e+01
3.391113281250000000e-01 -2.916604369625099480e+01
3.393554687500000000e-01 -2.912314656065066032e+01
3.395996093750000000e-01 -2.908194360074864449e+01
3.398437500000000000e-01 -2.904240381466777521e+01
3.400878906250000000e-01 -2.900449746830812003e+01
3.403320312500000000e-01 -2.896819603717309732e+01
3.405761718750000000e-01 -2.893347215172071429e+01
3.408203125000000000e-01 -2.890029954599429018e+01
3.410644531250000000e-01 -2.886865300930681499e+01
3.413085937500000000e-01 -2.883850834077117753e+01
3.415527343750000000e-01 -2.880984230648495270e+01
3.417968750000000000e-01 -2.878263259919420136e+01
3.420410156250000000e-01 -2.875685780027374250e+01
3.422851562500000000e-01 -2.873249734387396259e+01
3.425292968750000000e-01 -2.870953148309641989e+01
3.427734375000000000e-01 -2.868794125807027484e+01
3.430175781250000000e-01 -2.866770846581074750e+01
3.432617187500000000e-01 -2.864881563175188006e+01
3.435058593750000000e-01 -2.863124598285015310e+01
3.437500000000000000e-01 -2.861498342216683710e+01
3.439941406250000000e-01 -2.860001250484145885e+01
3.442382812500000000e-01 -2.858631841537502538e+01
3.444824218750000000e-01 -2.857388694614881430e+01
3.447265625000000000e-01 -2.856270447710867799e+01
3.449707031250000000e-01 -2.855275795655018101e+01
3.452148437500000000e-01 -2.854403488294417457e+01
3.454589843750000000e-01 -2.853652328774700919e+01
3.457031250000000000e-01 -2.853021171914287635e+01
3.459472656250000000e-01 -2.852508922667066926e+01
3.461914062500000000e-01 -2.852114534668871570e+01
3.464355468750000000e-01 -2.851837008863667933e+01
3.466796875000000000e-01 -2.851675392205459048e+01
3.469238281250000000e-01 -2.851628776432276524e+01
3.471679687500000000e-01 -2.851696296908882289e+01
3.474121093750000000e-01 -2.851877131534941512e+01
3.476562500000000000e-01 -2.852170499715803231e+01
3.479003906250000000e-01 -2.852575661393088780e+01
3.481445312500000000e-01 -2.853091916132545691e+01
3.483886718750000000e-01 -2.853718602266784643e+01
3.486328125000000000e-01 -2.854455096090691768e+01
3.488769531250000000e-01 -2.855300811107493431e+01
3.491210937500000000e-01 -2.856255197323519468e+01
3.493652343750000000e-01 -2.857317740589937216e+01
3.496093750000000000e-01 -2.858487961989833437e+01
3.498535156250000000e-01 -2.859765417269110799e+01
3.500976562500000000e-01 -2.861149696309831114e+01
3.503417968750000000e-01 -2.862640422644744120e+01
3.505859375000000000e-01 -2.864237253011813422e+01
3.508300781250000000e-01 -2.865939876947702203e+01
3.510742187500000000e-01 -2.867748016419236734e+01
3.513183593750000000e-01 -2.869661425492000006e+01
3.515625000000000000e-01 -2.871679890035269977e+01
3.518066406250000000e-01 -2.873803227462612142e+01
3.520507812500000000e-01 -2.876031286507516427e+01
3.522949218750000000e-01 -2.878363947033607673e+01
3.525390625000000000e-01 -2.880801119878892180e+01
3.527832031250000000e-01 -2.883342746733825379e+01
3.530273437500000000e-01 -2.885988800052755465e+01
3.532714843750000000e-01 -2.888739282998670532e+01
3.535156250000000000e-01 -2.891594229421065165e+01
3.537597656250000000e-01 -2.894553703866869654e+01
3.540039062500000000e-01 -2.897617801624455325e+01
3.542480468750000000e-01 -2.900786648800885104e+01
3.544921875000000000e-01 -2.904060402432467569e+01
3.547363281250000000e-01 -2.907439250628961958e+01
3.549804687500000000e-01 -2.910923412751719042e+01
3.552246093750000000e-01 -2.914513139626150107e+01
3.554687500000000000e-01 -2.918208713789040587e+01
3.557128906250000000e-01 -2.922010449771264007e+01
3.559570312500000000e-01 -2.925918694416551347e+01
3.562011718750000000e-01 -2.929933827237019273e+01
3.564453125000000000e-01 -2.934056260806356420e+01
3.566894531250000000e-01 -2.938286441191525356e+01
3.569335937500000000e-01 -2.942624848424025430e+01
3.571777343750000000e-01 -2.947071997011850542e+01
3.574218750000000000e-01 -2.951628436493323449e+01
3.576660156250000000e-01 -2.956294752034212081e+01
3.579101562500000000e-01 -2.961071565069511990e+01
3.581542968750000000e-01 -2.965959533991502894e+01
3.583984375000000000e-01 -2.970959354885810200e+01
3.586425781250000000e-01 -2.976071762317253189e+01
3.588867187500000000e-01 -2.981297530167545773e+01
3.591308593750000000e-01 -2.986637472526900439e+01
3.593750000000000000e-01 -2.992092444641923521e+01
3.596191406250000000e-01 -2.997663343922255663e+01
3.598632812500000000e-01 -3.003351111008586827e+01
3.601074218750000000e-01 -3.009156730904965471e+01
3.603515625000000000e-01 -3.015081234178414604e+01
3.605957031250000000e-01 -3.021125698229261758e+01
3.608398437500000000e-01 -3.027291248635567200e+01
3.610839843750000000e-01 -3.033579060575648967e+01
3.613281250000000000e-01 -3.039990360332589958e+01
3.615722656250000000e-01 -3.046526426885317562e+01
3.618164062500000000e-01 -3.053188593590753896e+01
3.620605468750000000e-01 -3.059978249962315289e+01
3.623046875000000000e-01 -3.066896843550000895e+01
3.625488281250000000e-01 -3.073945881928074897e+01
3.627929687500000000e-01 -3.081126934796461825e+01
3.630371093750000000e-01 -3.088441636202816554e+01
3.632812500000000000e-01 -3.095891686892327854e+01
3.635253906250000000e-01 -3.103478856793237739e+01
3.637695312500000000e-01 -3.111204987646484099e+01
3.640136718750000000e-01 -3.119071995788477025e+01
3.642578125000000000e-01 -3.127081875096963159e+01
3.645019531250000000e-01 -3.135236700110429453e+01
3.647460937500000000e-01 -3.143538629332578438e+01
3.649902343750000000e-01 -3.151989908734226020e+01
3.652343750000000000e-01 -3.160592875465928842e+01
3.654785156250000000e-01 -3.169349961795927584e+01
3.657226562500000000e-01 -3.178263699288990551e+01
3.659667968750000000e-01 -3.187336723243244307e+01
3.662109375000000000e-01 -3.196571777403441672e+01
3.664550781250000000e-01 -3.205971718970661755e+01
3.666992187500000000e-01 -3.215539523930328158e+01
3.669433593750000000e-01 -3.225278292722236273e+01
3.671875000000000000e-01 -3.235191256278437777e+01
3.674316406250000000e-01 -3.245281782457209374e+01
3.676757812500000000e-01 -3.255553382903819681e+01
3.679199218750000000e-01 -3.266009720371840075e+01
3.681640625000000000e-01 -3.276654616541630105e+01
3.684082031250000000e-01 -3.287492060376475678e+01
3.686523437500000000e-01 -3.298526217060421573e+01
3.688964843750000000e-01 -3.309761437566444897e+01
3.691406250000000000e-01 -3.321202268908201205e+01
3.693847656250000000e-01 -3.332853465134091664e+01
3.696289062500000000e-01 -3.344719999128349031e+01
3.698730468750000000e-01 -3.356807075290510767e+01
3.701171875000000000e-01 -3.369120143172280990e+01
3.703613281250000000e-01 -3.381664912158893799e+01
3.706054687500000000e-01 -3.394447367292018214e+01
3.708496093750000000e-01 -3.407473786341508060e+01
3.710937500000000000e-01 -3.420750758245434042e+01
3.713378906250000000e-01 -3.434285203051496893e+01
3.715820312500000000e-01 -3.448084393508170820e+01
3.718261718750000000e-01 -3.462155978471449203e+01
3.720703125000000000e-01 -3.476508008312649878e+01
3.723144531250000000e-01 -3.491148962535697109e+01
3.725585937500000000e-01 -3.506087779837479701e+01
3.728027343750000000e-01 -3.521333890874895900e+01
3.730468750000000000e-01 -3.536897254035471150e+01
3.732910156250000000e-01 -3.552788394547495443e+01
3.735351562500000000e-01 -3.569018447310127584e+01
3.737792968750000000e-01 -3.585599203875661090e+01
3.740234375000000000e-01 -3.602543164075829907e+01
3.742675781250000000e-01 -3.619863592853229761e+01
3.745117187500000000e-01 -3.637574582940056445e+01
3.747558593750000000e-01 -3.655691124120478008e+01
3.750000000000000000e-01 -3.674229179923482036e+01
3.752441406250000000e-01 -3.693205772723153046e+01
3.754882812500000000e-01 -3.712639078376309953e+01
3.757324218750000000e-01 -3.732548531708997785e+01
3.759765625000000000e-01 -3.752954944378289781e+01
3.762207031250000000e-01 -3.773880636893075291e+01
3.764648437500000000e-01 -3.795349586884149318e+01
3.767089843750000000e-01 -3.817387596083739965e+01
3.769531250000000000e-01 -3.840022478920063520e+01
3.771972656250000000e-01 -3.863284276173023102e+01
3.774414062500000000e-01 -3.887205497795959275e+01
3.776855468750000000e-01 -3.911821399814605371e+01
3.779296875000000000e-01 -3.937170301207338952e+01
3.781738281250000000e-01 -3.963293947899673952e+01
3.784179687500000000e-01 -3.990237932536565069e+01
3.786621093750000000e-01 -4.018052180613290147e+01
3.789062500000000000e-01 -4.046791515964072516e+01
3.791503906250000000e-01 -4.076516321679554977e+01
3.793945312500000000e-01 -4.107293316453571208e+01
3.796386718750000000e-01 -4.139196471428186896e+01
3.798828125000000000e-01 -4.172308099197550035e+01
3.801269531250000000e-01 -4.206720155279641915e+01
3.803710937500000000e-01 -4.242535803825865059e+01
3.806152343750000000e-01 -4.279871314679592587e+01
3.808593750000000000e-01 -4.318858379662940195e+01
3.811035156250000000e-01 -4.359646964425640192e+01
3.813476562500000000e-01 -4.402408851685812152e+01
3.815917968750000000e-01 -4.447342087298973468e+01
3.818359375000000000e-01 -4.494676620097880715e+01
3.820800781250000000e-01 -4.544681542070618718e+01
3.823242187500000000e-01 -4.597674506760367308e+01
3.825683593750000000e-01 -4.654034162902518545e+01
3.828125000000000000e-01 -4.714216841387777635e+01
3.830566406250000000e-01 -4.778779370597321474e+01
3.833007812500000000e-01 -4.848410936533672100e+01
3.835449218750000000e-01 -4.923978663949411327e+01
3.837890625000000000e-01 -5.006594683439386984e+01
3.840332031250000000e-01 -5.097718115135193528e+01
3.842773437500000000e-01 -5.199316345381891580e+01
3.845214843750000000e-01 -5.314132473088477582e+01
3.847656250000000000e-01 -5.446155694383979551e+01
3.850097656250000000e-01 -5.601513038911931375e+01
3.852539062500000000e-01 -5.790336336501581371e+01
3.854980468750000000e-01 -6.031252769037160277e+01
3.857421875000000000e-01 -6.364725942639458367e+01
3.859863281250000000e-01 -6.910902527588461908e+01
3.862304687500000000e-01 -8.702814049085307602e+01
3.864746093750000000e-01 -7.168533914812590524e+01
3.867187500000000000e-01 -6.496637844360215297e+01
3.869628906250000000e-01 -6.123310729887441539e+01
3.872070312500000000e-01 -5.863768006417579670e+01
3.874511718750000000e-01 -5.664786177921412502e+01
3.876953125000000000e-01 -5.503499320094233838e+01
3.879394531250000000e-01 -5.367961659467759716e+01
3.881835937500000000e-01 -5.251139887308512755e+01
3.884277343750000000e-01 -5.148541539476702411e+01
3.886718750000000000e-01 -5.057121633774418257e+01
3.889160156250000000e-01 -4.974720703282034862e+01
3.891601562500000000e-01 -4.899751581166819392e+01
3.894042968750000000e-01 -4.831013487645839888e+01
3.896484375000000000e-01 -4.767575971886213182e+01
3.898925781250000000e-01 -4.708703401861062332e+01
3.901367187500000000e-01 -4.653804107082258668e+01
3.903808593750000000e-01 -4.602395104888478272e+01
3.906250000000000000e-01 -4.554077009598564274e+01
3.908691406250000000e-01 -4.508515788733383545e+01
3.911132812500000000e-01 -4.465429239673702710e+01
3.913574218750000000e-01 -4.424576792936674963e+01
3.916015625000000000e-01 -4.385751705965830638e+01
3.918457031250000000e-01 -4.348775004931943045e+01
3.920898437500000000e-01 -4.313490724901548390e+01
3.923339843750000000e-01 -4.279762128139545752e+01
3.925781250000000000e-01 -4.247468668833682415e+01
3.928222656250000000e-01 -4.216503534141879328e+01
3.930664062500000000e-01 -4.186771635038263639e+01
3.933105468750000000e-01 -4.158187951698380402e+01
3.935546875000000000e-01 -4.130676160900967631e+01
3.937988281250000000e-01 -4.104167489662096102e+01
3.940429687500000000e-01 -4.078599751780487281e+01
3.942871093750000000e-01 -4.053916533353061169e+01
3.945312500000000000e-01 -4.030066500447392741e+01
3.947753906250000000e-01 -4.007002807584452597e+01
3.950195312500000000e-01 -3.984682589914623918e+01
3.952636718750000000e-01 -3.963066525267167606e+01
3.955078125000000000e-01 -3.942118454844879949e+01
3.957519531250000000e-01 -3.921805053385541839e+01
3.959960937500000000e-01 -3.902095541245747512e+01
3.962402343750000000e-01 -3.882961432171084937e+01
3.964843750000000000e-01 -3.864376311573612099e+01
3.967285156250000000e-01 -3.846315640993183393e+01
3.969726562500000000e-01 -3.828756585117783828e+01
3.972167968750000000e-01 -3.811677858310408595e+01
3.974609375000000000e-01 -3.795059588061053546e+01
3.977050781250000000e-01 -3.778883193172561761e+01
3.979492187500000000e-01 -3.763131274813045479e+01
3.981933593750000000e-01 -3.747787518837888143e+01
3.984375000000000000e-01 -3.732836608011077573e+01
3.986816406250000000e-01 -3.718264142945932349e+01
3.989257812500000000e-01 -3.704056570746548971e+01
3.991699218750000000e-01 -3.690201120466971219e+01
3.994140625000000000e-01 -3.676685744621615726e+01
3.996582031250000000e-01 -3.663499066078598787e+01
3.999023437500000000e-01 -3.650630329752628711e+01
4.001464843750000000e-01 -3.638069358586316326e+01
4.003906250000000000e-01 -3.625806513371298934e+01
4.006347656250000000e-01 -3.613832656014321287e+01
4.008789062500000000e-01 -3.602139115900089905e+01
4.011230468750000000e-01 -3.590717659042904586e+01
4.013671875000000000e-01 -3.579560459754520707e+01
4.016113281250000000e-01 -3.568660074586099995e+01
4.018554687500000000e-01 -3.558009418328783369e+01
4.020996093750000000e-01 -3.547601741881155135e+01
4.023437500000000000e-01 -3.537430611812151682e+01
4.025878906250000000e-01 -3.527489891466118621e+01
4.028320312500000000e-01 -3.517773723472764402e+01
4.030761718750000000e-01 -3.508276513538662300e+01
4.033203125000000000e-01 -3.498992915409533566e+01
4.035644531250000000e-01 -3.489917816903470538e+01
4.038085937500000000e-01 -3.481046326925159207e+01
4.040527343750000000e-01 -3.472373763379687261e+01
4.042968750000000000e-01 -3.463895641912588985e+01
4.045410156250000000e-01 -3.455607665409367968e+01
4.047851562500000000e-01 -3.447505714194127080e+01
4.050292968750000000e-01 -3.439585836872487334e+01
4.052734375000000000e-01 -3.431844241768757087e+01
4.055175781250000000e-01 -3.424277288912092132e+01
4.057617187500000000e-01 -3.416881482530014580e+01
4.060058593750000000e-01 -3.409653464011637425e+01
4.062500000000000000e-01 -3.402590005305887644e+01
4.064941406250000000e-01 -3.395688002723222354e+01
4.067382812500000000e-01 -3.388944471111766887e+01
4.069824218750000000e-01 -3.382356538381424826e+01
4.072265625000000000e-01 -3.375921440351446989e+01
4.074707031250000000e-01 -3.369636515899180296e+01
4.077148437500000000e-01 -3.363499202389332510e+01
4.079589843750000000e-01 -3.357507031364762184e+01
4.082031250000000000e-01 -3.351657624481410380e+01
4.084472656250000000e-01 -3.345948689671086385e+01
4.086914062500000000e-01 -3.340378017517411990e+01
4.089355468750000000e-01 -3.334943477831052405e+01
4.091796875000000000e-01 -3.329643016411463918e+01
4.094238281250000000e-01 -3.324474651983616980e+01
4.096679687500000000e-01 -3.319436473298454615e+01
4.099121093750000000e-01 -3.314526636387297742e+01
4.101562500000000000e-01 -3.309743361960574504e+01
4.104003906250000000e-01 -3.305084932942323661e+01
4.106445312500000000e-01 -3.300549692132261015e+01
4.108886718750000000e-01 -3.296136039987989363e+01
4.111328125000000000e-01 -3.291842432520270023e+01
4.113769531250000000e-01 -3.287667379294862968e+01
4.116210937500000000e-01 -3.283609441534890294e+01
4.118652343750000000e-01 -3.279667230317991056e+01
4.121093750000000000e-01 -3.275839404863085491e+01
4.123535156250000000e-01 -3.272124670901691701e+01
4.125976562500000000e-01 -3.268521779129309124e+01
4.128417968750000000e-01 -3.265029523732479788e+01
4.130859375000000000e-01 -3.261646740987577431e+01
4.133300781250000000e-01 -3.258372307927444211e+01
4.135742187500000000e-01 -3.255205141072511310e+01
4.138183593750000000e-01 -3.252144195222955148e+01
4.140625000000000000e-01 -3.249188462308917025e+01
4.143066406250000000e-01 -3.246336970295759983e+01
4.145507812500000000e-01 -3.243588782141838323e+01
4.147949218750000000e-01 -3.240942994806005828e+01
4.150390625000000000e-01 -3.238398738302660007e+01
4.152832031250000000e-01 -3.235955174801968326e+01
4.155273437500000000e-01 -3.233611497773291887e+01
4.157714843750000000e-01 -3.231366931169609558e+01
4.160156250000000000e-01 -3.229220728651394978e+01
4.162597656250000000e-01 -3.227172172847901521e+01
4.165039062500000000e-01 -3.225220574654452577e+01
4.167480468750000000e-01 -3.223365272564068817e+01
4.169921875000000000e-01 -3.221605632031980804e+01
4.172363281250000000e-01 -3.219941044871808344e+01
4.174804687500000000e-01 -3.218370928681940768e+01
4.177246093750000000e-01 -3.216894726301075025e+01
4.179687500000000000e-01 -3.215511905291722172e+01
4.182128906250000000e-01 -3.214221957450619982e+01
4.184570312500000000e-01 -3.213024398345083910e+01
4.187011718750000000e-01 -3.211918766874393327e+01
4.189453125000000000e-01 -3.210904624855258049e+01
4.191894531250000000e-01 -3.209981556630690136e+01
4.194335937500000000e-01 -3.209149168701364374e+01
4.196777343750000000e-01 -3.208407089378872712e+01
4.199218750000000000e-01 -3.207754968460160683e+01
4.201660156250000000e-01 -3.207192476922543278e+01
4.204101562500000000e-01 -3.206719306638716205e+01
4.206542968750000000e-01 -3.206335170111236010e+01
4.208984375000000000e-01 -3.206039800225956071e+01
4.211425781250000000e-01 -3.205832950024018402e+01
4.213867187500000000e-01 -3.205714392491925935e+01
4.216308593750000000e-01 -3.205683920369313000e+01
4.218750000000000000e-01 -3.205741345974146128e+01
4.221191406250000000e-01 -3.205886501044903980e+01
4.223632812500000000e-01 -3.206119236599582933e+01
4.226074218750000000e-01 -3.206439422811203599e+01
4.228515625000000000e-01 -3.206846948899629268e+01
4.230957031250000000e-01 -3.207341723039443337e+01
4.233398437500000000e-01 -3.207923672283854444e+01
4.235839843750000000e-01 -3.208592742504281148e+01
4.238281250000000000e-01 -3.209348898345799483e+01
4.240722656250000000e-01 -3.210192123198068259e+01
4.243164062500000000e-01 -3.211122419181920407e+01
4.245605468750000000e-01 -3.212139807151464055e+01
4.248046875000000000e-01 -3.213244326711730281e+01
4.250488281250000000e-01 -3.214436036251959905e+01
4.252929687500000000e-01 -3.215715012994490252e+01
4.255371093750000000e-01 -3.217081353059342064e+01
4.257812500000000000e-01 -3.218535171544764495e+01
4.260253906250000000e-01 -3.220076602623685602e+01
4.262695312500000000e-01 -3.221705799656299263e+01
4.265136718750000000e-01 -3.223422935319150895e+01
4.267578125000000000e-01 -3.225228201750667978e+01
4.270019531250000000e-01 -3.227121810713649097e+01
4.272460937500000000e-01 -3.229103993774887726e+01
4.274902343750000000e-01 -3.231175002502227045e+01
4.277343750000000000e-01 -3.233335108679538905e+01
4.279785156250000000e-01 -3.235584604539847930e+01
4.282226562500000000e-01 -3.237923803017195468e+01
4.284667968750000000e-01 -3.240353038017576637e+01
4.287109375000000000e-01 -3.242872664709547337e+01
4.289550781250000000e-01 -3.245483059834980821e+01
4.291992187500000000e-01 -3.248184622040648861e+01
4.294433593750000000e-01 -3.250977772231144769e+01
4.296875000000000000e-01 -3.253862953943931302e+01
4.299316406250000000e-01 -3.256840633747149383e+01
4.301757812500000000e-01 -3.259911301661077943e+01
4.304199218750000000e-01 -3.263075471603934830e+01
4.306640625000000000e-01 -3.266333681863042671e+01
4.309082031250000000e-01 -3.269686495592204523e+01
4.311523437500000000e-01 -3.273134501336358682e+01
4.313964843750000000e-01 -3.276678313584564251e+01
4.316406250000000000e-01 -3.280318573352474942e+01
4.318847656250000000e-01 -3.284055948795501223e+01
4.321289062500000000e-01 -3.287891135854007985e+01
4.323730468750000000e-01 -3.291824858931888542e+01
4.326171875000000000e-01 -3.295857871609963041e+01
4.328613281250000000e-01 -3.299990957395910129e+01
4.331054687500000000e-01 -3.304224930512194902e+01
4.333496093750000000e-01 -3.308560636723934323e+01
4.335937500000000000e-01 -3.312998954208561031e+01
4.338378906250000000e-01 -3.317540794469251608e+01
4.340820312500000000e-01 -3.322187103294274380e+01
4.343261718750000000e-01 -3.326938861764639199e+01
4.345703125000000000e-01 -3.331797087312352801e+01
4.348144531250000000e-01 -3.336762834831984037e+01
4.350585937500000000e-01 -3.341837197848272467e+01
4.353027343750000000e-01 -3.347021309742736861e+01
4.355468750000000000e-01 -3.352316345042429191e+01
4.357910156250000000e-01 -3.357723520774246140e+01
4.360351562500000000e-01 -3.363244097888380679e+01
4.362792968750000000e-01 -3.368879382754733598e+01
4.365234375000000000e-01 -3.374630728736418916e+01
4.367675781250000000e-01 -3.380499537844807634e+01
4.370117187500000000e-01 -3.386487262480734728e+01
4.372558593750000000e-01 -3.392595407266990293e+01
4.375000000000000000e-01 -3.398825530977482146e+01
4.377441406250000000e-01 -3.405179248568780537e+01
4.379882812500000000e-01 -3.411658233320454059e+01
4.382324218750000000e-01 -3.418264219090668377e+01
4.384765625000000000e-01 -3.424999002694308103e+01
4.387207031250000000e-01 -3.431864446411387348e+01
4.389648437500000000e-01 -3.438862480633957119e+01
4.392089843750000000e-01 -3.445995106660384266e+01
4.394531250000000000e-01 -3.453264399646858607e+01
4.396972656250000000e-01 -3.460672511726151157e+01
4.399414062500000000e-01 -3.468221675305121465e+01
4.401855468750000000e-01 -3.475914206552893404e+01
4.404296875000000000e-01 -3.483752509092713012e+01
4.406738281250000000e-01 -3.491739077911793743e+01
4.409179687500000000e-01 -3.499876503504221148e+01
4.411621093750000000e-01 -3.508167476263611206e+01
4.414062500000000000e-01 -3.516614791143446439e+01
4.416503906250000000e-01 -3.525221352604598479e+01
4.418945312500000000e-01 -3.533990179871133819e+01
4.421386718750000000e-01 -3.542924412517643162e+01
4.423828125000000000e-01 -3.552027316412893043e+01
4.426269531250000000e-01 -3.561302290047394337e+01
4.428710937500000000e-01 -3.570752871274606122e+01
4.431152343750000000e-01 -3.580382744498231773e+01
4.433593750000000000e-01 -3.590195748341476900e+01
4.436035156250000000e-01 -3.600195883837014321e+01
4.438476562500000000e-01 -3.610387323180466268e+01
4.440917968750000000e-01 -3.620774419094367147e+01
4.443359375000000000e-01 -3.631361714853919409e+01
4.445800781250000000e-01 -3.642153955031357526e+01
4.448242187500000000e-01 -3.653156097021294357e+01
4.450683593750000000e-01 -3.664373323415775729e+01
4.453125000000000000e-01 -3.675811055305151598e+01
4.455566406250000000e-01 -3.687474966588806069e+01
4.458007812500000000e-01 -3.699370999388968784e+01
4.460449218750000000e-01 -3.711505380670686804e+01
4.462890625000000000e-01 -3.723884640183116090e+01
4.465332031250000000e-01 -3.736515629849492370e+01
4.467773437500000000e-01 -3.749405544748606189e+01
4.470214843750000000e-01 -3.762561945846404399e+01
4.472656250000000000e-01 -3.775992784656001078e+01
4.475097656250000000e-01 -3.789706430025246675e+01
4.477539062500000000e-01 -3.803711697275637960e+01
4.479980468750000000e-01 -3.818017879944752480e+01
4.482421875000000000e-01 -3.832634784415559892e+01
4.484863281250000000e-01 -3.847572767753840850e+01
4.487304687500000000e-01 -3.862842779116211744e+01
4.489746093750000000e-01 -3.878456405141022145e+01
4.492187500000000000e-01 -3.894425919790380419e+01
4.494628906250000000e-01 -3.910764339177121940e+01
4.497070312500000000e-01 -3.927485481987238103e+01
4.499511718750000000e-01 -3.944604036196808750e+01
4.501953125000000000e-01 -3.962135632886720771e+01
4.504394531250000000e-01 -3.980096928080889995e+01
4.506835937500000000e-01 -3.998505693677435602e+01
4.509277343750000000e-01 -4.017380918712319726e+01
4.511718750000000000e-01 -4.036742922397059630e+01
4.514160156250000000e-01 -4.056613480611993339e+01
4.516601562500000000e-01 -4.077015967823776066e+01
4.519042968750000000e-01 -4.097975516740304869e+01
4.521484375000000000e-01 -4.119519198431125062e+01
4.523925781250000000e-01 -4.141676226144406314e+01
4.526367187500000000e-01 -4.164478186662019965e+01
4.528808593750000000e-01 -4.187959303781782694e+01
4.531250000000000000e-01 -4.212156739433417840e+01
4.533691406250000000e-01 -4.237110939067898130e+01
4.536132812500000000e-01 -4.262866029369394028e+01
4.538574218750000000e-01 -4.289470278097920186e+01
4.541015625000000000e-01 -4.316976628086932521e+01
4.543457031250000000e-01 -4.345443320224740091e+01
4.545898437500000000e-01 -4.374934623828289659e+01
4.548339843750000000e-01 -4.405521697419793270e+01
4.550781250000000000e-01 -4.437283608882691510e+01
4.553222656250000000e-01 -4.470308551774834172e+01
4.555664062500000000e-01 -4.504695304876219097e+01
4.558105468750000000e-01 -4.540554995780218661e+01
4.560546875000000000e-01 -4.578013247848435441e+01
4.562988281250000000e-01 -4.617212815092624822e+01
4.565429687500000000e-01 -4.658316844412037483e+01
4.567871093750000000e-01 -4.701512953431943487e+01
4.570312500000000000e-01 -4.747018381573961676e+01
4.572753906250000000e-01 -4.795086572234054501e+01
4.575195312500000000e-01 -4.846015691404224413e+01
4.577636718750000000e-01 -4.900159809342140704e+01
4.580078125000000000e-01 -4.957943811316286542e+01
4.582519531250000000e-01 -5.019883637128128129e+01
4.584960937500000000e-01 -5.086614311798571464e+01
4.587402343750000000e-01 -5.158929668888141151e+01
4.589843750000000000e-01 -5.237840156468912056e+01
4.592285156250000000e-01 -5.324659601894353500e+01
4.594726562500000000e-01 -5.421140302372858599e+01
4.597167968750000000e-01 -5.529692836709870107e+01
4.599609375000000000e-01 -5.653763623549473749e+01
4.602050781250000000e-01 -5.798529200348745150e+01
4.604492187500000000e-01 -5.972291575934966801e+01
4.606933593750000000e-01 -6.189644605619271545e+01
4.609375000000000000e-01 -6.480059316181905160e+01
4.611816406250000000e-01 -6.919158622794934388e+01
4.614257812500000000e-01 -7.849689334067866753e+01
4.616699218750000000e-01 -7.924200867702013795e+01
4.619140625000000000e-01 -6.944892927597109633e+01
4.621582031250000000e-01 -6.496591815838323214e+01
4.624023437500000000e-01 -6.202623985951312591e+01
4.626464843750000000e-01 -5.983600514975255180e+01
4.628906250000000000e-01 -5.809023411082200283e+01
4.631347656250000000e-01 -5.663903846744411652e+01
4.633789062500000000e-01 -5.539755493451045254e+01
4.636230468750000000e-01 -5.431304230912486730e+01
4.638671875000000000e-01 -5.335047142855358260e+01
4.641113281250000000e-01 -5.248538673434980240e+01
4.643554687500000000e-01 -5.170003712122993988e+01
4.645996093750000000e-01 -5.098112916432742736e+01
4.648437500000000000e-01 -5.031844918288677349e+01
4.650878906250000000e-01 -4.970397974712340528e+01
4.653320312500000000e-01 -4.913131190681266247e+01
4.655761718750000000e-01 -4.859524177792497568e+01
4.658203125000000000e-01 -4.809148617452262897e+01
4.660644531250000000e-01 -4.761647746945180160e+01
4.663085937500000000e-01 -4.716721258713599241e+01
4.665527343750000000e-01 -4.674113984315297898e+01
4.667968750000000000e-01 -4.633607278927408402e+01
4.670410156250000000e-01 -4.595012368127128610e+01
4.672851562500000000e-01 -4.558165143917741347e+01
4.675292968750000000e-01 -4.522922046942102980e+01
4.677734375000000000e-01 -4.489156773696551284e+01
4.680175781250000000e-01 -4.456757618016035849e+01
4.682617187500000000e-01 -4.425625305642856233e+01
4.685058593750000000e-01 -4.395671216047688290e+01
4.687500000000000000e-01 -4.366815911261397787e+01
4.689941406250000000e-01 -4.338987910226474298e+01
4.692382812500000000e-01 -4.312122661083731145e+01
4.694824218750000000e-01 -4.286161674233080987e+01
4.697265625000000000e-01 -4.261051786900637239e+01
4.699707031250000000e-01 -4.236744535977499737e+01
4.702148437500000000e-01 -4.213195620548635389e+01
4.704589843750000000e-01 -4.190364439147080589e+01
4.707031250000000000e-01 -4.168213689603312844e+01
4.709472656250000000e-01 -4.146709021596718969e+01
4.711914062500000000e-01 -4.125818733792907267e+01
4.714355468750000000e-01 -4.105513508873166728e+01
4.716796875000000000e-01 -4.085766180906056633e+01
4.719238281250000000e-01 -4.066551530436352380e+01
4.721679687500000000e-01 -4.047846103421233011e+01
4.724121093750000000e-01 -4.029628050758707047e+01
4.726562500000000000e-01 -4.011876985660961026e+01
4.729003906250000000e-01 -3.994573856543000545e+01
4.731445312500000000e-01 -3.977700833444679063e+01
4.733886718750000000e-01 -3.961241206293126282e+01
4.736328125000000000e-01 -3.945179293554938482e+01
4.738769531250000000e-01 -3.929500360030446160e+01
4.741210937500000000e-01 -3.914190542713821230e+01
4.743652343750000000e-01 -3.899236783788020233e+01
4.746093750000000000e-01 -3.884626769946036262e+01
4.748535156250000000e-01 -3.870348877335553084e+01
4.750976562500000000e-01 -3.856392121512839566e+01
4.753417968750000000e-01 -3.842746111869282544e+01
4.755859375000000000e-01 -3.829401010059169153e+01
4.758300781250000000e-01 -3.816347492014954668e+01
4.760742187500000000e-01 -3.803576713184763491e+01
4.763183593750000000e-01 -3.791080276669993765e+01
4.765625000000000000e-01 -3.778850203977463451e+01
4.768066406250000000e-01 -3.766878908133244153e+01
4.770507812500000000e-01 -3.755159168932901537e+01
4.772949218750000000e-01 -3.743684110128075559e+01
4.775390625000000000e-01 -3.732447178370512120e+01
4.777832031250000000e-01 -3.721442123753691078e+01
4.780273437500000000e-01 -3.710662981809080208e+01
4.782714843750000000e-01 -3.700104056828606502e+01
4.785156250000000000e-01 -3.689759906398017364e+01
4.787597656250000000e-01 -3.679625327037380345e+01
4.790039062500000000e-01 -3.669695340855132315e+01
4.792480468750000000e-01 -3.659965183131212285e+01
4.794921875000000000e-01 -3.650430290753124751e+01
4.797363281250000000e-01 -3.641086291435458122e+01
4.799804687500000000e-01 -3.631928993660587679e+01
4.802246093750000000e-01 -3.622954377283369354e+01
4.804687500000000000e-01 -3.614158584748283687e+01
4.807128906250000000e-01 -3.605537912871952244e+01
4.809570312500000000e-01 -3.597088805148008817e+01
4.812011718750000000e-01 -3.588807844535328684e+01
4.814453125000000000e-01 -3.580691746693830879e+01
4.816894531250000000e-01 -3.572737353635045565e+01
4.819335937500000000e-01 -3.564941627757671228e+01
4.821777343750000000e-01 -3.557301646240580340e+01
4.824218750000000000e-01 -3.549814595768166470e+01
4.826660156250000000e-01 -3.542477767564735558e+01
4.829101562500000000e-01 -3.535288552716973243e+01
4.831542968750000000e-01 -3.528244437764607966e+01
4.833984375000000000e-01 -3.521343000541496338e+01
4.836425781250000000e-01 -3.514581906250347743e+01
4.838867187500000000e-01 -3.507958903755731939e+01
4.841308593750000000e-01 -3.501471822081450824e+01
4.843750000000000000e-01 -3.495118567098756301e+01
4.846191406250000000e-01 -3.488897118393713015e+01
4.848632812500000000e-01 -3.482805526302166044e+01
4.851074218750000000e-01 -3.476841909102066808e+01
4.853515625000000000e-01 -3.471004450353446913e+01
4.855957031250000000e-01 -3.465291396377148203e+01
4.858398437500000000e-01 -3.459701053863802400e+01
4.860839843750000000e-01 -3.454231787605658610e+01
4.863281250000000000e-01 -3.448882018343599043e+01
4.865722656250000000e-01 -3.443650220723091593e+01
4.868164062500000000e-01 -3.438534921352559337e+01
4.870605468750000000e-01 -3.433534696958383847e+01
4.873046875000000000e-01 -3.428648172631218927e+01
4.875488281250000000e-01 -3.423874020158437048e+01
4.877929687500000000e-01 -3.419210956438023175e+01
4.880371093750000000e-01 -3.414657741969505622e+01
4.882812500000000000e-01 -3.410213179417739582e+01
4.885253906250000000e-01 -3.405876112245704235e+01
4.887695312500000000e-01 -3.401645423412741565e+01
4.890136718750000000e-01 -3.397520034134726075e+01
4.892578125000000000e-01 -3.393498902703106523e+01
4.895019531250000000e-01 -3.389581023359806977e+01
4.897460937500000000e-01 -3.385765425225088876e+01
4.899902343750000000e-01 -3.382051171275997348e+01
4.902343750000000000e-01 -3.378437357372652627e+01
4.904785156250000000e-01 -3.374923111330271297e+01
4.907226562500000000e-01 -3.371507592034653555e+01
4.909667968750000000e-01 -3.368189988599182527e+01
4.912109375000000000e-01 -3.364969519561332589e+01
4.914550781250000000e-01 -3.361845432116930965e+01
4.916992187500000000e-01 -3.358817001390504942e+01
4.919433593750000000e-01 -3.355883529740054172e+01
4.921875000000000000e-01 -3.353044346094830530e+01
4.924316406250000000e-01 -3.350298805324690221e+01
4.926757812500000000e-01 -3.347646287639650353e+01
4.929199218750000000e-01 -3.345086198018485391e+01
4.931640625000000000e-01 -3.342617965665126434e+01
4.934082031250000000e-01 -3.340241043491788275e+01
4.936523437500000000e-01 -3.337954907627804602e+01
4.938964843750000000e-01 -3.335759056953163793e+01
4.941406250000000000e-01 -3.333653012655879166e+01
4.943847656250000000e-01 -3.331636317812247938e+01
4.946289062500000000e-01 -3.329708536989333112e+01
4.948730468750000000e-01 -3.327869255868713338e+01
4.951171875000000000e-01 -3.326118080891052387e+01
4.953613281250000000e-01 -3.324454638920519045e+01
4.956054687500000000e-01 -3.322878576928734162e+01
4.958496093750000000e-01 -3.321389561697410642e+01
4.960937500000000000e-01 -3.319987279539348179e+01
4.963378906250000000e-01 -3.318671436037094225e+01
4.965820312500000000e-01 -3.317441755798984104e+01
4.968261718750000000e-01 -3.316297982231957775e+01
4.970703125000000000e-01 -3.315239877330886031e+01
4.973144531250000000e-01 -3.314267221483911641e+01
4.975585937500000000e-01 -3.313379813293569498e+01
4.978027343750000000e-01 -3.312577469413329112e+01
4.980468750000000000e-01 -3.311860024399238256e+01
4.982910156250000000e-01 -3.311227330576515726e+01
4.985351562500000000e-01 -3.310679257920702412e+01
4.987792968750000000e-01 -3.310215693953335858e+01
4.990234375000000000e-01 -3.309836543651894658e+01
4.992675781250000000e-01 -3.309541729373799512e+01
4.995117187500000000e-01 -3.309331190794454614e+01
4.997558593750000000e-01 -3.309204884859144613e+01
