-5.000000000000000000e-01 -7.267086907502620363e+01
-4.997558593750000000e-01 -7.267333884475219463e+01
-4.995117187500000000e-01 -7.268075055729873668e+01
-4.992675781250000000e-01 -7.269311143251402996e+01
-4.990234375000000000e-01 -7.271043353630996364e+01
-4.987792968750000000e-01 -7.273273383012541160e+01
-4.985351562500000000e-01 -7.276003424085435256e+01
-4.982910156250000000e-01 -7.279236175175321932e+01
-4.980468750000000000e-01 -7.282974851529159821e+01
-4.978027343750000000e-01 -7.287223198880096220e+01
-4.975585937500000000e-01 -7.291985509431273726e+01
-4.973144531250000000e-01 -7.297266640396128423e+01
-4.970703125000000000e-01 -7.303072035286970731e+01
-4.968261718750000000e-01 -7.309407748140039018e+01
-4.965820312500000000e-01 -7.316280470929719115e+01
-4.963378906250000000e-01 -7.323697564441673080e+01
-4.960937500000000000e-01 -7.331667092929346552e+01
-4.958496093750000000e-01 -7.340197862916494387e+01
-4.956054687500000000e-01 -7.349299466571072514e+01
-4.953613281250000000e-01 -7.358982330136117866e+01
-4.951171875000000000e-01 -7.369257767983880569e+01
-4.948730468750000000e-01 -7.380138042923408648e+01
-4.946289062500000000e-01 -7.391636433525827954e+01
-4.943847656250000000e-01 -7.403767309302894262e+01
-4.941406250000000000e-01 -7.416546214768436585e+01
-4.938964843750000000e-01 -7.429989963501050454e+01
-4.936523437500000000e-01 -7.444116743585453833e+01
-4.934082031250000000e-01 -7.458946235979264827e+01
-4.931640625000000000e-01 -7.474499747667346128e+01
-4.929199218750000000e-01 -7.490800361739651692e+01
-4.926757812500000000e-01 -7.507873106955000253e+01
-4.924316406250000000e-01 -7.525745149798150635e+01
-4.921875000000000000e-01 -7.544446012602877261e+01
-4.919433593750000000e-01 -7.564007822015905447e+01
-4.916992187500000000e-01 -7.584465592906862241e+01
-4.914550781250000000e-01 -7.605857553883407718e+01
-4.912109375000000000e-01 -7.628225521860399283e+01
-4.909667968750000000e-01 -7.651615334728154494e+01
-4.907226562500000000e-01 -7.676077353216277288e+01
-4.904785156250000000e-01 -7.701667045547394252e+01
-4.902343750000000000e-01 -7.728445671802538186e+01
-4.899902343750000000e-01 -7.756481088983912286e+01
-4.897460937500000000e-01 -7.785848703222536926e+01
-4.895019531250000000e-01 -7.816632602517570660e+01
-4.892578125000000000e-01 -7.848926912664978772e+01
-4.890136718750000000e-01 -7.882837431189592792e+01
-4.887695312500000000e-01 -7.918483610596214817e+01
-4.885253906250000000e-01 -7.956000984464699854e+01
-4.882812500000000000e-01 -7.995544160555536450e+01
-4.880371093750000000e-01 -8.037290547734971824e+01
-4.877929687500000000e-01 -8.081445043694753849e+01
-4.875488281250000000e-01 -8.128245996897206282e+01
-4.873046875000000000e-01 -8.177972882340077376e+01
-4.870605468750000000e-01 -8.230956318549057471e+01
-4.868164062500000000e-01 -8.287591338637048466e+01
-4.865722656250000000e-01 -8.348355272688971240e+01
-4.863281250000000000e-01 -8.413832308756788336e+01
-4.860839843750000000e-01 -8.484747968968120801e+01
-4.858398437500000000e-01 -8.562018729275594353e+01
-4.855957031250000000e-01 -8.646825540536791266e+01
-4.853515625000000000e-01 -8.740726554035458662e+01
-4.851074218750000000e-01 -8.845837165676445579e+01
-4.848632812500000000e-01 -8.965132248005946281e+01
-4.846191406250000000e-01 -9.102985937325202315e+01
-4.843750000000000000e-01 -9.266215580719753575e+01
-4.841308593750000000e-01 -9.466327646847364008e+01
-4.838867187500000000e-01 -9.725138371626725586e+01
-4.836425781250000000e-01 -1.009259289348704129e+02
-4.833984375000000000e-01 -1.073538830088450027e+02
-4.831542968750000000e-01 -1.285181923412077083e+02
-4.829101562500000000e-01 -1.060235085236422492e+02
-4.826660156250000000e-01 -1.003746434675806256e+02
-4.824218750000000000e-01 -9.700935847774113086e+01
-4.821777343750000000e-01 -9.461353852098241646e+01
-4.819335937500000000e-01 -9.275805059832461552e+01
-4.816894531250000000e-01 -9.124817028227117532e+01
-4.814453125000000000e-01 -8.997889318599641229e+01
-4.812011718750000000e-01 -8.888709253901622276e+01
-4.809570312500000000e-01 -8.793184634434437896e+01
-4.807128906250000000e-01 -8.708511205581282866e+01
-4.804687500000000000e-01 -8.632683506259186856e+01
-4.802246093750000000e-01 -8.564217954526205290e+01
-4.799804687500000000e-01 -8.501986437917936712e+01
-4.797363281250000000e-01 -8.445111381920153804e+01
-4.794921875000000000e-01 -8.392896908249447563e+01
-4.792480468750000000e-01 -8.344782142896171706e+01
-4.790039062500000000e-01 -8.300308637628701547e+01
-4.787597656250000000e-01 -8.259097077367317752e+01
-4.785156250000000000e-01 -8.220830268890669856e+01
-4.782714843750000000e-01 -8.185240482909630089e+01
-4.780273437500000000e-01 -8.152099878474733430e+01
-4.777832031250000000e-01 -8.121213151775535266e+01
-4.775390625000000000e-01 -8.092411817697777110e+01
-4.772949218750000000e-01 -8.065549708535654361e+01
-4.770507812500000000e-01 -8.040499392671708279e+01
-4.768066406250000000e-01 -8.017149297559446097e+01
-4.765625000000000000e-01 -7.995401378215211707e+01
-4.763183593750000000e-01 -7.975169212785591810e+01
-4.760742187500000000e-01 -7.956376435858932439e+01
-4.758300781250000000e-01 -7.938955441370954702e+01
-4.755859375000000000e-01 -7.922846302604014568e+01
-4.753417968750000000e-01 -7.907995868507421733e+01
-4.750976562500000000e-01 -7.894357004338398554e+01
-4.748535156250000000e-01 -7.881887951433866135e+01
-4.746093750000000000e-01 -7.870551785982753756e+01
-4.743652343750000000e-01 -7.860315960837928628e+01
-4.741210937500000000e-01 -7.851151917428083493e+01
-4.738769531250000000e-01 -7.843034757417935054e+01
-4.736328125000000000e-01 -7.835942965697115881e+01
-4.733886718750000000e-01 -7.829858177921003914e+01
-4.731445312500000000e-01 -7.824764987110053482e+01
-4.729003906250000000e-01 -7.820650784887904194e+01
-4.726562500000000000e-01 -7.817505633866522885e+01
-4.724121093750000000e-01 -7.815322168399217162e+01
-4.721679687500000000e-01 -7.814095521623929130e+01
-4.719238281250000000e-01 -7.813823277274444479e+01
-4.716796875000000000e-01 -7.814505445275470663e+01
-4.714355468750000000e-01 -7.816144460603609900e+01
-4.711914062500000000e-01 -7.818745205427987344e+01
-4.709472656250000000e-01 -7.822315054942231427e+01
-4.707031250000000000e-01 -7.826863947825354728e+01
-4.704589843750000000e-01 -7.832404482821900160e+01
-4.702148437500000000e-01 -7.838952043430059291e+01
-4.699707031250000000e-01 -7.846524953420814086e+01
-4.697265625000000000e-01 -7.855144666546742371e+01
-4.694824218750000000e-01 -7.864835994843448930e+01
-4.692382812500000000e-01 -7.875627380796659338e+01
-4.689941406250000000e-01 -7.887551220069624947e+01
-4.687500000000000000e-01 -7.900644242980581566e+01
-4.685058593750000000e-01 -7.914947964880315112e+01
-4.682617187500000000e-01 -7.930509218034873697e+01
-4.680175781250000000e-01 -7.947380780646960829e+01
-4.677734375000000000e-01 -7.965622122622509949e+01
-4.675292968750000000e-01 -7.985300292679563938e+01
-4.672851562500000000e-01 -8.006490977981822255e+01
-4.670410156250000000e-01 -8.029279776008422687e+01
-4.667968750000000000e-01 -8.053763729737613630e+01
-4.665527343750000000e-01 -8.080053192377914684e+01
-4.663085937500000000e-01 -8.108274108408546965e+01
-4.660644531250000000e-01 -8.138570825758255012e+01
-4.658203125000000000e-01 -8.171109592914201869e+01
-4.655761718750000000e-01 -8.206082949576470753e+01
-4.653320312500000000e-01 -8.243715297741819370e+01
-4.650878906250000000e-01 -8.284270053929658673e+01
-4.648437500000000000e-01 -8.328058951690071865e+01
-4.645996093750000000e-01 -8.375454318084270255e+01
-4.643554687500000000e-01 -8.426905541459838389e+01
-4.641113281250000000e-01 -8.482961572192490962e+01
-4.638671875000000000e-01 -8.544302317487733944e+01
-4.636230468750000000e-01 -8.611783511629667487e+01
-4.633789062500000000e-01 -8.686502657116949422e+01
-4.631347656250000000e-01 -8.769899150020223999e+01
-4.628906250000000000e-01 -8.863912337637773931e+01
-4.626464843750000000e-01 -8.971243055862484539e+01
-4.624023437500000000e-01 -9.095812360686946363e+01
-4.621582031250000000e-01 -9.243628084508701193e+01
-4.619140625000000000e-01 -9.424590369670298173e+01
-4.616699218750000000e-01 -9.656804393323336910e+01
-4.614257812500000000e-01 -9.979251153701301291e+01
-4.611816406250000000e-01 -1.050551601092668079e+02
-4.609375000000000000e-01 -1.210365268440753255e+02
-4.606933593750000000e-01 -1.082786727606667938e+02
-4.604492187500000000e-01 -1.012727362920197294e+02
-4.602050781250000000e-01 -9.742328675829571694e+01
-4.599609375000000000e-01 -9.475051574901662832e+01
-4.597167968750000000e-01 -9.269944180142123002e+01
-4.594726562500000000e-01 -9.103425386614354409e+01
-4.592285156250000000e-01 -8.963252647734836387e+01
-4.589843750000000000e-01 -8.842247275632037429e+01
-4.587402343750000000e-01 -8.735837181468586721e+01
-4.584960937500000000e-01 -8.640930129262325465e+01
-4.582519531250000000e-01 -8.555336875377642514e+01
-4.580078125000000000e-01 -8.477450611507886435e+01
-4.577636718750000000e-01 -8.406057142516034730e+01
-4.575195312500000000e-01 -8.340216615038981729e+01
-4.572753906250000000e-01 -8.279186689572712510e+01
-4.570312500000000000e-01 -8.222370865214600144e+01
-4.567871093750000000e-01 -8.169282679940201319e+01
-4.565429687500000000e-01 -8.119520271224972419e+01
-4.562988281250000000e-01 -8.072747895299160348e+01
-4.560546875000000000e-01 -8.028682239149033251e+01
-4.558105468750000000e-01 -7.987082107186674307e+01
-4.555664062500000000e-01 -7.947740531173468526e+01
-4.553222656250000000e-01 -7.910478650937113798e+01
-4.550781250000000000e-01 -7.875140909629533326e+01
-4.548339843750000000e-01 -7.841591238793179741e+01
-4.545898437500000000e-01 -7.809709998465208969e+01
-4.543457031250000000e-01 -7.779391500031006501e+01
-4.541015625000000000e-01 -7.750541983809054614e+01
-4.538574218750000000e-01 -7.723077954942708345e+01
-4.536132812500000000e-01 -7.696924804336460113e+01
-4.533691406250000000e-01 -7.672015658224933077e+01
-4.531250000000000000e-01 -7.648290412642856495e+01
-4.528808593750000000e-01 -7.625694918514501808e+01
-4.526367187500000000e-01 -7.604180290335406767e+01
-4.523925781250000000e-01 -7.583702316909950980e+01
-4.521484375000000000e-01 -7.564220956910119753e+01
-4.519042968750000000e-01 -7.545699905344751812e+01
-4.516601562500000000e-01 -7.528106219652573827e+01
-4.514160156250000000e-01 -7.511409996206441519e+01
-4.511718750000000000e-01 -7.495584089666829186e+01
-4.509277343750000000e-01 -7.480603868958070279e+01
-4.506835937500000000e-01 -7.466447004690938627e+01
-4.504394531250000000e-01 -7.453093283746501641e+01
-4.501953125000000000e-01 -7.440524447447971568e+01
-4.499511718750000000e-01 -7.428724050296266057e+01
-4.497070312500000000e-01 -7.417677336780859321e+01
-4.494628906250000000e-01 -7.407371134141801861e+01
-4.492187500000000000e-01 -7.397793759298380678e+01
-4.489746093750000000e-01 -7.388934938477046899e+01
-4.487304687500000000e-01 -7.380785738257172568e+01
-4.484863281250000000e-01 -7.373338507017773225e+01
-4.482421875000000000e-01 -7.366586825908403569e+01
-4.479980468750000000e-01 -7.360525468635843538e+01
-4.477539062500000000e-01 -7.355150369499018836e+01
-4.475097656250000000e-01 -7.350458599226841727e+01
-4.472656250000000000e-01 -7.346448348289979435e+01
-4.470214843750000000e-01 -7.343118917453736572e+01
-4.467773437500000000e-01 -7.340470715452458705e+01
-4.465332031250000000e-01 -7.338505263749641472e+01
-4.462890625000000000e-01 -7.337225208463603110e+01
-4.460449218750000000e-01 -7.336634339609153699e+01
-4.458007812500000000e-01 -7.336737617935206401e+01
-4.455566406250000000e-01 -7.337541209733585390e+01
-4.453125000000000000e-01 -7.339052530105193739e+01
-4.450683593750000000e-01 -7.341280295318657068e+01
-4.448242187500000000e-01 -7.344234585023018269e+01
-4.445800781250000000e-01 -7.347926915251174762e+01
-4.443359375000000000e-01 -7.352370323339552272e+01
-4.440917968750000000e-01 -7.357579466107323185e+01
-4.438476562500000000e-01 -7.363570732896577908e+01
-4.436035156250000000e-01 -7.370362375377735020e+01
-4.433593750000000000e-01 -7.377974656401858056e+01
-4.431152343750000000e-01 -7.386430020578170286e+01
-4.428710937500000000e-01 -7.395753289829426080e+01
-4.426269531250000000e-01 -7.405971887758805394e+01
-4.423828125000000000e-01 -7.417116097475503977e+01
-4.421386718750000000e-01 -7.429219358440698784e+01
-4.418945312500000000e-01 -7.442318609091793746e+01
-4.416503906250000000e-01 -7.456454683428654562e+01
-4.414062500000000000e-01 -7.471672771581407346e+01
-4.411621093750000000e-01 -7.488022956641525241e+01
-4.409179687500000000e-01 -7.505560842950234246e+01
-4.406738281250000000e-01 -7.524348294701418638e+01
-4.404296875000000000e-01 -7.544454308501562423e+01
-4.401855468750000000e-01 -7.565956049669102867e+01
-4.399414062500000000e-01 -7.588940090107521996e+01
-4.396972656250000000e-01 -7.613503896292046136e+01
-4.394531250000000000e-01 -7.639757630108631759e+01
-4.392089843750000000e-01 -7.667826344481898104e+01
-4.389648437500000000e-01 -7.697852682012839409e+01
-4.387207031250000000e-01 -7.730000221069981592e+01
-4.384765625000000000e-01 -7.764457664763659750e+01
-4.382324218750000000e-01 -7.801444140618951906e+01
-4.379882812500000000e-01 -7.841215983788885069e+01
-4.377441406250000000e-01 -7.884075531356651823e+01
-4.375000000000000000e-01 -7.930382687987594181e+01
-4.372558593750000000e-01 -7.980570381340913855e+01
-4.370117187500000000e-01 -8.035165590385136625e+01
-4.367675781250000000e-01 -8.094818546066906606e+01
-4.365234375000000000e-01 -8.160344238555597940e+01
-4.362792968750000000e-01 -8.232783031817079689e+01
-4.360351562500000000e-01 -8.313492019803939570e+01
-4.357910156250000000e-01 -8.404287966307310853e+01
-4.355468750000000000e-01 -8.507681280835258519e+01
-4.353027343750000000e-01 -8.627280898655826036e+01
-4.350585937500000000e-01 -8.768545909467403021e+01
-4.348144531250000000e-01 -8.940315422727007899e+01
-4.345703125000000000e-01 -9.158342768177013227e+01
-4.343261718750000000e-01 -9.455146193698658408e+01
-4.340820312500000000e-01 -9.917755590757448658e+01
-4.338378906250000000e-01 -1.100037262119778916e+02
-4.335937500000000000e-01 -1.064347911419814636e+02
-4.333496093750000000e-01 -9.786481387360014139e+01
-4.331054687500000000e-01 -9.359987152657286913e+01
-4.328613281250000000e-01 -9.072744183538404172e+01
-4.326171875000000000e-01 -8.855442014510265381e+01
-4.323730468750000000e-01 -8.680380085550029889e+01
-4.321289062500000000e-01 -8.533655123111299190e+01
-4.318847656250000000e-01 -8.407290063858098961e+01
-4.316406250000000000e-01 -8.296281277569252666e+01
-4.313964843750000000e-01 -8.197282754986130726e+01
-4.311523437500000000e-01 -8.107946176004412564e+01
-4.309082031250000000e-01 -8.026559871460888473e+01
-4.306640625000000000e-01 -7.951837639680269376e+01
-4.304199218750000000e-01 -7.882788466373646941e+01
-4.301757812500000000e-01 -7.818632587986718363e+01
-4.299316406250000000e-01 -7.758745423307189526e+01
-4.296875000000000000e-01 -7.702618958187164822e+01
-4.294433593750000000e-01 -7.649834444318091187e+01
-4.291992187500000000e-01 -7.600042653405328963e+01
-4.289550781250000000e-01 -7.552949308733886369e+01
-4.287109375000000000e-01 -7.508304145988242340e+01
-4.284667968750000000e-01 -7.465892569725497196e+01
-4.282226562500000000e-01 -7.425529199823159843e+01
-4.279785156250000000e-01 -7.387052816395153343e+01
-4.277343750000000000e-01 -7.350322354604845998e+01
-4.274902343750000000e-01 -7.315213698168899725e+01
-4.272460937500000000e-01 -7.281617087765185659e+01
-4.270019531250000000e-01 -7.249435008102737754e+01
-4.267578125000000000e-01 -7.218580451367309081e+01
-4.265136718750000000e-01 -7.188975479410295577e+01
-4.262695312500000000e-01 -7.160550025078198644e+01
-4.260253906250000000e-01 -7.133240886553011251e+01
-4.257812500000000000e-01 -7.106990878599344796e+01
-4.255371093750000000e-01 -7.081748112287780828e+01
-4.252929687500000000e-01 -7.057465380581699321e+01
-4.250488281250000000e-01 -7.034099631700432553e+01
-4.248046875000000000e-01 -7.011611515681684637e+01
-4.245605468750000000e-01 -6.989964992306568092e+01
-4.243164062500000000e-01 -6.969126990747209049e+01
-4.240722656250000000e-01 -6.949067113008275953e+01
-4.238281250000000000e-01 -6.929757374617699384e+01
-4.235839843750000000e-01 -6.911171977162355518e+01
-4.233398437500000000e-01 -6.893287108127964302e+01
-4.230957031250000000e-01 -6.876080764278637503e+01
-4.228515625000000000e-01 -6.859532595374025732e+01
-4.226074218750000000e-01 -6.843623765559313199e+01
-4.223632812500000000e-01 -6.828336830132799662e+01
-4.221191406250000000e-01 -6.813655625764337742e+01
-4.218750000000000000e-01 -6.799565172507693944e+01
-4.216308593750000000e-01 -6.786051586193848095e+01
-4.213867187500000000e-01 -6.773101999980934806e+01
-4.211425781250000000e-01 -6.760704494029590705e+01
-4.208984375000000000e-01 -6.748848032379017070e+01
-4.206542968750000000e-01 -6.737522406258538865e+01
-4.204101562500000000e-01 -6.726718183141082363e+01
-4.201660156250000000e-01 -6.716426660963415429e+01
-4.199218750000000000e-01 -6.706639826982282671e+01
-4.196777343750000000e-01 -6.697350320833909620e+01
-4.194335937500000000e-01 -6.688551401397037921e+01
-4.191894531250000000e-01 -6.680236917123107787e+01
-4.189453125000000000e-01 -6.672401279533985985e+01
-4.187011718750000000e-01 -6.665039439629889273e+01
-4.184570312500000000e-01 -6.658146866983514656e+01
-4.182128906250000000e-01 -6.651719531320553358e+01
-4.179687500000000000e-01 -6.645753886421383072e+01
-4.177246093750000000e-01 -6.640246856201117964e+01
-4.174804687500000000e-01 -6.635195822836887203e+01
-4.172363281250000000e-01 -6.630598616849108851e+01
-4.169921875000000000e-01 -6.626453509041800771e+01
-4.167480468750000000e-01 -6.622759204241151565e+01
-4.165039062500000000e-01 -6.619514836774607147e+01
-4.162597656250000000e-01 -6.616719967654751144e+01
-4.160156250000000000e-01 -6.614374583445331268e+01
-4.157714843750000000e-01 -6.612479096799235379e+01
-4.155273437500000000e-01 -6.611034348672579597e+01
-4.152832031250000000e-01 -6.610041612241376185e+01
-4.150390625000000000e-01 -6.609502598540028373e+01
-4.147949218750000000e-01 -6.609419463887390123e+01
-4.145507812500000000e-01 -6.609794819150300782e+01
-4.143066406250000000e-01 -6.610631740934630329e+01
-4.140625000000000000e-01 -6.611933784795736813e+01
-4.138183593750000000e-01 -6.613705000591689043e+01
-4.135742187500000000e-01 -6.615949950115042100e+01
-4.133300781250000000e-01 -6.618673727164861020e+01
-4.130859375000000000e-01 -6.621881980248079458e+01
-4.128417968750000000e-01 -6.625580938128666730e+01
-4.125976562500000000e-01 -6.629777438469103856e+01
-4.123535156250000000e-01 -6.634478959859529823e+01
-4.121093750000000000e-01 -6.639693657551731576e+01
-4.118652343750000000e-01 -6.645430403285428156e+01
-4.116210937500000000e-01 -6.651698829631179422e+01
-4.113769531250000000e-01 -6.658509379350527979e+01
-4.111328125000000000e-01 -6.665873360337516829e+01
-4.108886718750000000e-01 -6.673803006800400794e+01
-4.106445312500000000e-01 -6.682311547436165711e+01
-4.104003906250000000e-01 -6.691413281467153240e+01
-4.101562500000000000e-01 -6.701123663550245624e+01
-4.099121093750000000e-01 -6.711459398726735515e+01
-4.096679687500000000e-01 -6.722438548771361866e+01
-4.094238281250000000e-01 -6.734080651532971729e+01
-4.091796875000000000e-01 -6.746406855117415091e+01
-4.089355468750000000e-01 -6.759440069101025017e+01
-4.086914062500000000e-01 -6.773205135345166639e+01
-4.084472656250000000e-01 -6.787729021456954115e+01
-4.082031250000000000e-01 -6.803041040503717340e+01
-4.079589843750000000e-01 -6.819173101308925311e+01
-4.077148437500000000e-01 -6.836159994486385472e+01
-4.074707031250000000e-01 -6.854039720446736794e+01
-4.072265625000000000e-01 -6.872853866895869146e+01
-4.069824218750000000e-01 -6.892648045008832014e+01
-4.067382812500000000e-01 -6.913472395471606546e+01
-4.064941406250000000e-01 -6.935382178206526760e+01
-4.062500000000000000e-01 -6.958438462864026519e+01
-4.060058593750000000e-01 -6.982708941404527536e+01
-4.057617187500000000e-01 -7.008268889551945335e+01
-4.055175781250000000e-01 -7.035202310997449615e+01
-4.052734375000000000e-01 -7.063603307633883333e+01
-4.050292968750000000e-01 -7.093577731510744400e+01
-4.047851562500000000e-01 -7.125245190935075357e+01
-4.045410156250000000e-01 -7.158741505829664220e+01
-4.042968750000000000e-01 -7.194221738673417121e+01
-4.040527343750000000e-01 -7.231863970849661882e+01
-4.038085937500000000e-01 -7.271874055716119756e+01
-4.035644531250000000e-01 -7.314491668063402585e+01
-4.033203125000000000e-01 -7.359998098763439600e+01
-4.030761718750000000e-01 -7.408726435848963376e+01
-4.028320312500000000e-01 -7.461075066190335292e+01
-4.025878906250000000e-01 -7.517525888523560695e+01
-4.023437500000000000e-01 -7.578669359502229952e+01
-4.020996093750000000e-01 -7.645239700250547799e+01
-4.018554687500000000e-01 -7.718165649682312335e+01
-4.016113281250000000e-01 -7.798645807747566039e+01
-4.013671875000000000e-01 -7.888264413914599515e+01
-4.011230468750000000e-01 -7.989176767424848435e+01
-4.008789062500000000e-01 -8.104421518882256237e+01
-4.006347656250000000e-01 -8.238480767585757292e+01
-4.003906250000000000e-01 -8.398369246003318267e+01
-4.001464843750000000e-01 -8.595995262481095267e+01
-3.999023437500000000e-01 -8.854135285831794988e+01
-3.996582031250000000e-01 -9.225731306734080306e+01
-3.994140625000000000e-01 -9.893973545487304477e+01
-3.991699218750000000e-01 -1.146563727598943956e+02
-3.989257812500000000e-01 -9.644779130715829751e+01
-3.986816406250000000e-01 -9.096353669273574383e+01
-3.984375000000000000e-01 -8.761967349976877983e+01
-3.981933593750000000e-01 -8.520597362801478880e+01
-3.979492187500000000e-01 -8.331585289921206083e+01
-3.977050781250000000e-01 -8.176235938252344226e+01
-3.974609375000000000e-01 -8.044387525607294265e+01
-3.972167968750000000e-01 -7.929897773577457087e+01
-3.969726562500000000e-01 -7.828768912003697267e+01
-3.967285156250000000e-01 -7.738252663124504238e+01
-3.964843750000000000e-01 -7.656378343240578488e+01
-3.962402343750000000e-01 -7.581684650577166451e+01
-3.959960937500000000e-01 -7.513057972436357090e+01
-3.957519531250000000e-01 -7.449630161885772850e+01
-3.955078125000000000e-01 -7.390711326015517102e+01
-3.952636718750000000e-01 -7.335744153944696677e+01
-3.950195312500000000e-01 -7.284271997664595233e+01
-3.947753906250000000e-01 -7.235916017225466135e+01
-3.945312500000000000e-01 -7.190358466718829789e+01
-3.942871093750000000e-01 -7.147330241679711094e+01
-3.940429687500000000e-01 -7.106601447165671459e+01
-3.937988281250000000e-01 -7.067974147763808901e+01
-3.935546875000000000e-01 -7.031276720540110148e+01
-3.933105468750000000e-01 -6.996359403613249128e+01
-3.930664062500000000e-01 -6.963090748890495263e+01
-3.928222656250000000e-01 -6.931354767186091692e+01
-3.925781250000000000e-01 -6.901048609641784992e+01
-3.923339843750000000e-01 -6.872080668931234015e+01
-3.920898437500000000e-01 -6.844369012245064710e+01
-3.918457031250000000e-01 -6.817840078848290375e+01
-3.916015625000000000e-01 -6.792427590375913837e+01
-3.913574218750000000e-01 -6.768071633490491479e+01
-3.911132812500000000e-01 -6.744717883220982912e+01
-3.908691406250000000e-01 -6.722316941865959450e+01
-3.906250000000000000e-01 -6.700823773450940735e+01
-3.903808593750000000e-01 -6.680197217641041618e+01
-3.901367187500000000e-01 -6.660399570102688926e+01
-3.898925781250000000e-01 -6.641396218720369404e+01
-3.896484375000000000e-01 -6.623155326995390624e+01
-3.894042968750000000e-01 -6.605647557491990085e+01
-3.891601562500000000e-01 -6.588845829414324839e+01
-3.889160156250000000e-01 -6.572725105407619139e+01
-3.886718750000000000e-01 -6.557262203471810835e+01
-3.884277343750000000e-01 -6.542435630538055591e+01
-3.881835937500000000e-01 -6.528225434805278837e+01
-3.879394531250000000e-01 -6.514613074373062318e+01
-3.876953125000000000e-01 -6.501581300083184090e+01
-3.874511718750000000e-01 -6.489114050781154219e+01
-3.872070312500000000e-01 -6.477196359477709109e+01
-3.869628906250000000e-01 -6.465814269097110412e+01
-3.867187500000000000e-01 -6.454954756681085826e+01
-3.864746093750000000e-01 -6.444605665078816514e+01
-3.862304687500000000e-01 -6.434755641270442084e+01
-3.859863281250000000e-01 -6.425394080596049662e+01
-3.857421875000000000e-01 -6.416511076246524681e+01
-3.854980468750000000e-01 -6.408097373459723656e+01
-3.852539062500000000e-01 -6.400144327929839960e+01
-3.850097656250000000e-01 -6.392643868003184338e+01
-3.847656250000000000e-01 -6.385588460284024848e+01
-3.845214843750000000e-01 -6.378971078314295085e+01
-3.842773437500000000e-01 -6.372785174038089906e+01
-3.840332031250000000e-01 -6.367024651786174871e+01
-3.837890625000000000e-01 -6.361683844559019008e+01
-3.835449218750000000e-01 -6.356757492397046860e+01
-3.833007812500000000e-01 -6.352240722660979344e+01
-3.830566406250000000e-01 -6.348129032062342958e+01
-3.828125000000000000e-01 -6.344418270301227381e+01
-3.825683593750000000e-01 -6.341104625183821497e+01
-3.823242187500000000e-01 -6.338184609106086498e+01
-3.820800781250000000e-01 -6.335655046807777069e+01
-3.818359375000000000e-01 -6.333513064301917694e+01
-3.815917968750000000e-01 -6.331756078905583252e+01
-3.813476562500000000e-01 -6.330381790300641853e+01
-3.811035156250000000e-01 -6.329388172560662440e+01
-3.808593750000000000e-01 -6.328773467095976457e+01
-3.806152343750000000e-01 -6.328536176460438867e+01
-3.803710937500000000e-01 -6.328675058990598501e+01
-3.801269531250000000e-01 -6.329189124229614549e+01
-3.798828125000000000e-01 -6.330077629117604943e+01
-3.796386718750000000e-01 -6.331340074915743799e+01
-3.793945312500000000e-01 -6.332976204849122581e+01
-3.791503906250000000e-01 -6.334986002451632459e+01
-3.789062500000000000e-01 -6.337369690601489935e+01
-3.786621093750000000e-01 -6.340127731242882447e+01
-3.784179687500000000e-01 -6.343260825791075774e+01
-3.781738281250000000e-01 -6.346769916222489627e+01
-3.779296875000000000e-01 -6.350656186856998886e+01
-3.776855468750000000e-01 -6.354921066845103894e+01
-3.774414062500000000e-01 -6.359566233370897237e+01
-3.771972656250000000e-01 -6.364593615596012199e+01
-3.769531250000000000e-01 -6.370005399366436905e+01
-3.767089843750000000e-01 -6.375804032712107983e+01
-3.764648437500000000e-01 -6.381992232179496938e+01
-3.762207031250000000e-01 -6.388572990028129084e+01
-3.759765625000000000e-01 -6.395549582354142615e+01
-3.757324218750000000e-01 -6.402925578181059052e+01
-3.754882812500000000e-01 -6.410704849588495335e+01
-3.752441406250000000e-01 -6.418891582948076291e+01
-3.750000000000000000e-01 -6.427490291344959417e+01
-3.747558593750000000e-01 -6.436505828275474528e+01
-3.745117187500000000e-01 -6.445943402724090276e+01
-3.742675781250000000e-01 -6.455808595730833588e+01
-3.740234375000000000e-01 -6.466107378582208298e+01
-3.737792968750000000e-01 -6.476846132764949004e+01
-3.735351562500000000e-01 -6.488031671849995519e+01
-3.732910156250000000e-01 -6.499671265485434901e+01
-3.730468750000000000e-01 -6.511772665711738739e+01
-3.728027343750000000e-01 -6.524344135824374291e+01
-3.725585937500000000e-01 -6.537394482054538969e+01
-3.723144531250000000e-01 -6.550933088360135059e+01
-3.720703125000000000e-01 -6.564969954671862240e+01
-3.718261718750000000e-01 -6.579515738971805661e+01
-3.715820312500000000e-01 -6.594581803647042761e+01
-3.713378906250000000e-01 -6.610180266611224909e+01
-3.710937500000000000e-01 -6.626324057770770537e+01
-3.708496093750000000e-01 -6.643026981480528548e+01
-3.706054687500000000e-01 -6.660303785745117011e+01
-3.703613281250000000e-01 -6.678170239021649479e+01
-3.701171875000000000e-01 -6.696643215629462986e+01
-3.698730468750000000e-01 -6.715740790910335534e+01
-3.696289062500000000e-01 -6.735482347488627397e+01
-3.693847656250000000e-01 -6.755888694183269649e+01
-3.691406250000000000e-01 -6.776982199409856378e+01
-3.688964843750000000e-01 -6.798786941201365153e+01
-3.686523437500000000e-01 -6.821328876381804207e+01
-3.684082031250000000e-01 -6.844636031863505821e+01
-3.681640625000000000e-01 -6.868738721622253252e+01
-3.679199218750000000e-01 -6.893669793556018988e+01
-3.676757812500000000e-01 -6.919464911288564224e+01
-3.674316406250000000e-01 -6.946162876998519664e+01
-3.671875000000000000e-01 -6.973806002623042843e+01
-3.669433593750000000e-01 -7.002440538378651524e+01
-3.666992187500000000e-01 -7.032117169521727362e+01
-3.664550781250000000e-01 -7.062891594795677008e+01
-3.662109375000000000e-01 -7.094825203192112895e+01
-3.659667968750000000e-01 -7.127985869753712223e+01
-3.657226562500000000e-01 -7.162448896425394196e+01
-3.654785156250000000e-01 -7.198298130838054476e+01
-3.652343750000000000e-01 -7.235627304968970464e+01
-3.649902343750000000e-01 -7.274541647588114301e+01
-3.647460937500000000e-01 -7.315159840539332947e+01
-3.645019531250000000e-01 -7.357616410682571484e+01
-3.642578125000000000e-01 -7.402064679330214858e+01
-3.640136718750000000e-01 -7.448680432657162953e+01
-3.637695312500000000e-01 -7.497666535421633682e+01
-3.635253906250000000e-01 -7.549258794638279824e+01
-3.632812500000000000e-01 -7.603733502849669890e+01
-3.630371093750000000e-01 -7.661417273448013532e+01
-3.627929687500000000e-01 -7.722700058007450252e+01
-3.625488281250000000e-01 -7.788052666736214746e+01
-3.623046875000000000e-01 -7.858050801019155074e+01
-3.620605468750000000e-01 -7.933408737168743130e+01
-3.618164062500000000e-01 -8.015027721286215012e+01
-3.615722656250000000e-01 -8.104067528986175262e+01
-3.613281250000000000e-01 -8.202055917268727114e+01
-3.610839843750000000e-01 -8.311062927956692192e+01
-3.608398437500000000e-01 -8.433992427896862409e+01
-3.605957031250000000e-01 -8.575100430713975186e+01
-3.603515625000000000e-01 -8.740991576188957879e+01
-3.601074218750000000e-01 -8.942745513422065073e+01
-3.598632812500000000e-01 -9.201175074331177939e+01
-3.596191406250000000e-01 -9.563168620839095979e+01
-3.593750000000000000e-01 -1.017952250887084773e+02
-3.591308593750000000e-01 -1.384474561354441562e+02
-3.588867187500000000e-01 -1.017043816571304262e+02
-3.586425781250000000e-01 -9.583105292950878606e+01
-3.583984375000000000e-01 -9.241661996271992052e+01
-3.581542968750000000e-01 -9.001662682516865743e+01
-3.579101562500000000e-01 -8.817488113680529693e+01
-3.576660156250000000e-01 -8.668747724827194645e+01
-3.574218750000000000e-01 -8.544542139832431360e+01
-3.571777343750000000e-01 -8.438356197689816440e+01
-3.569335937500000000e-01 -8.345982960020086239e+01
-3.566894531250000000e-01 -8.264547380258449039e+01
-3.564453125000000000e-01 -8.191997133225680727e+01
-3.562011718750000000e-01 -8.126815643980064863e+01
-3.559570312500000000e-01 -8.067850238307553923e+01
-3.557128906250000000e-01 -8.014204087091165718e+01
-3.554687500000000000e-01 -7.965165478485133121e+01
-3.552246093750000000e-01 -7.920159937335215261e+01
-3.549804687500000000e-01 -7.878716868693975073e+01
-3.547363281250000000e-01 -7.840445738060687120e+01
-3.544921875000000000e-01 -7.805018691207106940e+01
-3.542480468750000000e-01 -7.772157629834939030e+01
-3.540039062500000000e-01 -7.741624437532087200e+01
-3.537597656250000000e-01 -7.713213475988158052e+01
-3.535156250000000000e-01 -7.686745745493577431e+01
-3.532714843750000000e-01 -7.662064284399693292e+01
-3.530273437500000000e-01 -7.639030503827331131e+01
-3.527832031250000000e-01 -7.617521237371957454e+01
-3.525390625000000000e-01 -7.597426343719695296e+01
-3.522949218750000000e-01 -7.578646741468097048e+01
-3.520507812500000000e-01 -7.561092785051791054e+01
-3.518066406250000000e-01 -7.544682912358143767e+01
-3.515625000000000000e-01 -7.529342510581793135e+01
-3.513183593750000000e-01 -7.515002958764398500e+01
-3.510742187500000000e-01 -7.501600814464318034e+01
-3.508300781250000000e-01 -7.489077118851608361e+01
-3.505859375000000000e-01 -7.477376799758197023e+01
-3.503417968750000000e-01 -7.466448156336551278e+01
-3.500976562500000000e-01 -7.456242412130268349e+01
-3.498535156250000000e-01 -7.446713325924336857e+01
-3.496093750000000000e-01 -7.437816851690092790e+01
-3.493652343750000000e-01 -7.429510840599074584e+01
-3.491210937500000000e-01 -7.421754779319772410e+01
-3.488769531250000000e-01 -7.414509559906241520e+01
-3.486328125000000000e-01 -7.407737277398864251e+01
-3.483886718750000000e-01 -7.401401052004116821e+01
-3.481445312500000000e-01 -7.395464873260667105e+01
-3.479003906250000000e-01 -7.389893464113963262e+01
-3.476562500000000000e-01 -7.384652163204677322e+01
-3.474121093750000000e-01 -7.379706824004840371e+01
-3.471679687500000000e-01 -7.375023729723325516e+01
-3.469238281250000000e-01 -7.370569523123705835e+01
-3.466796875000000000e-01 -7.366311150581769596e+01
-3.464355468750000000e-01 -7.362215819848317722e+01
-3.461914062500000000e-01 -7.358250971120629913e+01
-3.459472656250000000e-01 -7.354384261078436680e+01
-3.457031250000000000e-01 -7.350583559599931505e+01
-3.454589843750000000e-01 -7.346816958919848162e+01
-3.452148437500000000e-01 -7.343052794944262018e+01
-3.449707031250000000e-01 -7.339259680462063784e+01
-3.447265625000000000e-01 -7.335406549875686721e+01
-3.444824218750000000e-01 -7.331462715072657943e+01
-3.442382812500000000e-01 -7.327397931886513049e+01
-3.439941406250000000e-01 -7.323182476544529607e+01
-3.437500000000000000e-01 -7.318787231326275844e+01
-3.435058593750000000e-01 -7.314183778531261737e+01
-3.432617187500000000e-01 -7.309344501711308340e+01
-3.430175781250000000e-01 -7.304242692946858995e+01
-3.427734375000000000e-01 -7.298852664816369895e+01
-3.425292968750000000e-01 -7.293149865557876410e+01
-3.422851562500000000e-01 -7.287110995793263157e+01
-3.420410156250000000e-01 -7.280714125081381383e+01
-3.417968750000000000e-01 -7.273938806487458919e+01
-3.415527343750000000e-01 -7.266766187293598023e+01
-3.413085937500000000e-01 -7.259179113999138622e+01
-3.410644531250000000e-01 -7.251162229747941979e+01
-3.408203125000000000e-01 -7.242702062421787446e+01
-3.405761718750000000e-01 -7.233787101750927206e+01
-3.403320312500000000e-01 -7.224407863942209929e+01
-3.400878906250000000e-01 -7.214556942536988515e+01
-3.398437500000000000e-01 -7.204229044448133834e+01
-3.395996093750000000e-01 -7.193421010377807079e+01
-3.393554687500000000e-01 -7.182131819126585981e+01
-3.391113281250000000e-01 -7.170362575591775567e+01
-3.388671875000000000e-01 -7.158116482563268335e+01
-3.386230468750000000e-01 -7.145398796738084002e+01
-3.383789062500000000e-01 -7.132216769653378208e+01
-3.381347656250000000e-01 -7.118579574507829477e+01
-3.378906250000000000e-01 -7.104498220086524896e+01
-3.376464843750000000e-01 -7.089985453195478726e+01
-3.374023437500000000e-01 -7.075055651178099936e+01
-3.371582031250000000e-01 -7.059724706215573065e+01
-3.369140625000000000e-01 -7.044009903157018471e+01
-3.366699218750000000e-01 -7.027929792690471800e+01
-3.364257812500000000e-01 -7.011504061622144945e+01
-3.361816406250000000e-01 -6.994753402004484144e+01
-3.359375000000000000e-01 -6.977699380748057933e+01
-3.356933593750000000e-01 -6.960364311246179625e+01
-3.354492187500000000e-01 -6.942771128421352955e+01
-3.352050781250000000e-01 -6.924943268402387275e+01
-3.349609375000000000e-01 -6.906904553932280066e+01
-3.347167968750000000e-01 -6.888679086393595696e+01
-3.344726562500000000e-01 -6.870291145185669279e+01
-3.342285156250000000e-01 -6.851765095020311946e+01
-3.339843750000000000e-01 -6.833125301532500373e+01
-3.337402343750000000e-01 -6.814396055476200331e+01
-3.334960937500000000e-01 -6.795601505613782933e+01
-3.332519531250000000e-01 -6.776765600313889593e+01
-3.330078125000000000e-01 -6.757912037749613887e+01
-3.327636718750000000e-01 -6.739064224515978196e+01
-3.325195312500000000e-01 -6.720245242403495922e+01
-3.322753906250000000e-01 -6.701477823019705227e+01
-3.320312500000000000e-01 -6.682784329902550269e+01
-3.317871093750000000e-01 -6.664186747747933737e+01
-3.315429687500000000e-01 -6.645706678356141595e+01
-3.312988281250000000e-01 -6.627365342904151646e+01
-3.310546875000000000e-01 -6.609183590154778187e+01
-3.308105468750000000e-01 -6.591181910228716845e+01
-3.305664062500000000e-01 -6.573380453595906658e+01
-3.303222656250000000e-01 -6.555799054967144457e+01
-3.300781250000000000e-01 -6.538457261801643483e+01
-3.298339843750000000e-01 -6.521374367199325661e+01
-3.295898437500000000e-01 -6.504569446972097069e+01
-3.293457031250000000e-01 -6.488061400761685604e+01
-3.291015625000000000e-01 -6.471868997097713816e+01
-3.288574218750000000e-01 -6.456010922374595395e+01
-3.286132812500000000e-01 -6.440505833759004872e+01
-3.283691406250000000e-01 -6.425372416124479003e+01
-3.281250000000000000e-01 -6.410629443165325370e+01
-3.278808593750000000e-01 -6.396295842924951103e+01
-3.276367187500000000e-01 -6.382390768046317930e+01
-3.273925781250000000e-01 -6.368933671147277664e+01
-3.271484375000000000e-01 -6.355944385817470987e+01
-3.269042968750000000e-01 -6.343443213842519413e+01
-3.266601562500000000e-01 -6.331451019386959445e+01
-3.264160156250000000e-01 -6.319989331005168509e+01
-3.261718750000000000e-01 -6.309080452511908987e+01
-3.259277343750000000e-01 -6.298747583930716587e+01
-3.256835937500000000e-01 -6.289014953956575482e+01
-3.254394531250000000e-01 -6.279907965626605204e+01
-3.251953125000000000e-01 -6.271453357193638567e+01
-3.249511718750000000e-01 -6.263679380565572785e+01
-3.247070312500000000e-01 -6.256616000100895292e+01
-3.244628906250000000e-01 -6.250295115080206187e+01
-3.242187500000000000e-01 -6.244750809807139547e+01
-3.239746093750000000e-01 -6.240019636068113584e+01
-3.237304687500000000e-01 -6.236140933636208672e+01
-3.234863281250000000e-01 -6.233157195675366324e+01
-3.232421875000000000e-01 -6.231114487370654587e+01
-3.229980468750000000e-01 -6.230062927933128236e+01
-3.227539062500000000e-01 -6.230057248434553685e+01
-3.225097656250000000e-01 -6.231157440843662698e+01
-3.222656250000000000e-01 -6.233429517364110239e+01
-3.220214843750000000e-01 -6.236946403976723730e+01
-3.217773437500000000e-01 -6.241788998312632941e+01
-3.215332031250000000e-01 -6.248047430151756032e+01
-3.212890625000000000e-01 -6.255822573616666205e+01
-3.210449218750000000e-01 -6.265227874552579124e+01
-3.208007812500000000e-01 -6.276391576031755193e+01
-3.205566406250000000e-01 -6.289459451516047750e+01
-3.203125000000000000e-01 -6.304598192006157120e+01
-3.200683593750000000e-01 -6.321999645164440551e+01
-3.198242187500000000e-01 -6.341886177994566509e+01
-3.195800781250000000e-01 -6.364517541298870640e+01
-3.193359375000000000e-01 -6.390199771494739167e+01
-3.190917968750000000e-01 -6.419296902292852280e+01
-3.188476562500000000e-01 -6.452246623594774633e+01
-3.186035156250000000e-01 -6.489581601092987739e+01
-3.183593750000000000e-01 -6.531959105902147655e+01
-3.181152343750000000e-01 -6.580203173401564243e+01
-3.178710937500000000e-01 -6.635366242462501418e+01
-3.176269531250000000e-01 -6.698822188051960325e+01
-3.173828125000000000e-01 -6.772412134055093702e+01
-3.171386718750000000e-01 -6.858683634052407285e+01
-3.168945312500000000e-01 -6.961305647657113127e+01
-3.166503906250000000e-01 -7.085841522710725826e+01
-3.164062500000000000e-01 -7.241329467943640452e+01
-3.161621093750000000e-01 -7.443957221726428486e+01
-3.159179687500000000e-01 -7.727407518382543117e+01
-3.156738281250000000e-01 -8.183252841145433365e+01
-3.154296875000000000e-01 -9.318264944401954608e+01
-3.151855468750000000e-01 -8.787096788680935333e+01
-3.149414062500000000e-01 -7.948526492647692976e+01
-3.146972656250000000e-01 -7.512550046216696842e+01
-3.144531250000000000e-01 -7.211006227558686987e+01
-3.142089843750000000e-01 -6.977685536487538798e+01
-3.139648437500000000e-01 -6.785781313191338882e+01
-3.137207031250000000e-01 -6.621743857067545491e+01
-3.134765625000000000e-01 -6.477763824697052542e+01
-3.132324218750000000e-01 -6.348927217424575531e+01
-3.129882812500000000e-01 -6.231940127707071042e+01
-3.127441406250000000e-01 -6.124486453940870234e+01
-3.125000000000000000e-01 -6.024875398213100652e+01
-3.122558593750000000e-01 -5.931834761234915732e+01
-3.120117187500000000e-01 -5.844383168207611590e+01
-3.117675781250000000e-01 -5.761747610026038302e+01
-3.115234375000000000e-01 -5.683308285301741591e+01
-3.112792968750000000e-01 -5.608560566989235241e+01
-3.110351562500000000e-01 -5.537088085039849261e+01
-3.107910156250000000e-01 -5.468543240822776852e+01
-3.105468750000000000e-01 -5.402632819395728347e+01
-3.103027343750000000e-01 -5.339107178456842462e+01
-3.100585937500000000e-01 -5.277751997371190384e+01
-3.098144531250000000e-01 -5.218381891581617538e+01
-3.095703125000000000e-01 -5.160835408155119808e+01
-3.093261718750000000e-01 -5.104971058813431739e+01
-3.090820312500000000e-01 -5.050664142593650752e+01
-3.088378906250000000e-01 -4.997804176728446635e+01
-3.085937500000000000e-01 -4.946292801169482800e+01
-3.083496093750000000e-01 -4.896042055685087746e+01
-3.081054687500000000e-01 -4.846972952762851605e+01
-3.078613281250000000e-01 -4.799014287389807265e+01
-3.076171875000000000e-01 -4.752101638040263509e+01
-3.073730468750000000e-01 -4.706176523154078239e+01
-3.071289062500000000e-01 -4.661185684937220230e+01
-3.068847656250000000e-01 -4.617080478096349339e+01
-3.066406250000000000e-01 -4.573816345580321752e+01
-3.063964843750000000e-01 -4.531352366876716076e+01
-3.061523437500000000e-01 -4.489650867136356993e+01
-3.059082031250000000e-01 -4.448677077551447212e+01
-3.056640625000000000e-01 -4.408398839127892899e+01
-3.054199218750000000e-01 -4.368786343361482238e+01
-3.051757812500000000e-01 -4.329811904433879732e+01
-3.049316406250000000e-01 -4.291449758438622553e+01
-3.046875000000000000e-01 -4.253675885876070595e+01
-3.044433593750000000e-01 -4.216467854253261294e+01
-3.041992187500000000e-01 -4.179804678114852834e+01
-3.039550781250000000e-01 -4.143666694238181236e+01
-3.037109375000000000e-01 -4.108035450061062477e+01
-3.034667968750000000e-01 -4.072893603692743625e+01
-3.032226562500000000e-01 -4.038224834093212223e+01
-3.029785156250000000e-01 -4.004013760203399386e+01
-3.027343750000000000e-01 -3.970245867976186815e+01
-3.024902343750000000e-01 -3.936907444398273981e+01
-3.022460937500000000e-01 -3.903985517713802977e+01
-3.020019531250000000e-01 -3.871467803161857546e+01
-3.017578125000000000e-01 -3.839342653628011703e+01
-3.015136718750000000e-01 -3.807599014684333127e+01
-3.012695312500000000e-01 -3.776226383557199284e+01
-3.010253906250000000e-01 -3.745214771617330740e+01
-3.007812500000000000e-01 -3.714554670034647188e+01
-3.005371093750000000e-01 -3.684237018282336606e+01
-3.002929687500000000e-01 -3.654253175210284610e+01
-3.000488281250000000e-01 -3.624594892439925076e+01
-2.998046875000000000e-01 -3.595254289859827423e+01
-2.995605468750000000e-01 -3.566223833025626533e+01
-2.993164062500000000e-01 -3.537496312288738665e+01
-2.990722656250000000e-01 -3.509064823497242713e+01
-2.988281250000000000e-01 -3.480922750128323884e+01
-2.985839843750000000e-01 -3.453063746726360250e+01
-2.983398437500000000e-01 -3.425481723533338396e+01
-2.980957031250000000e-01 -3.398170832209579117e+01
-2.978515625000000000e-01 -3.371125452553103941e+01
-2.976074218750000000e-01 -3.344340180134298635e+01
-2.973632812500000000e-01 -3.317809814771122490e+01
-2.971191406250000000e-01 -3.291529349776764235e+01
-2.968750000000000000e-01 -3.265493961918117805e+01
-2.966308593750000000e-01 -3.239699002029151131e+01
-2.963867187500000000e-01 -3.214139986228315848e+01
-2.961425781250000000e-01 -3.188812587693576006e+01
-2.958984375000000000e-01 -3.163712628952954731e+01
-2.956542968750000000e-01 -3.138836074651975139e+01
-2.954101562500000000e-01 -3.114179024762834302e+01
-2.951660156250000000e-01 -3.089737708203061572e+01
-2.949218750000000000e-01 -3.065508476834211393e+01
-2.946777343750000000e-01 -3.041487799813532433e+01
-2.944335937500000000e-01 -3.017672258273768193e+01
-2.941894531250000000e-01 -2.994058540308292748e+01
-2.939453125000000000e-01 -2.970643436240681723e+01
-2.937011718750000000e-01 -2.947423834159296518e+01
-2.934570312500000000e-01 -2.924396715699182892e+01
-2.932128906250000000e-01 -2.901559152054842627e+01
-2.929687500000000000e-01 -2.878908300208733095e+01
-2.927246093750000000e-01 -2.856441399361482070e+01
-2.924804687500000000e-01 -2.834155767550916494e+01
-2.922363281250000000e-01 -2.812048798447852249e+01
-2.919921875000000000e-01 -2.790117958317611624e+01
-2.917480468750000000e-01 -2.768360783136930792e+01
-2.915039062500000000e-01 -2.746774875856702636e+01
-2.912597656250000000e-01 -2.725357903801727844e+01
-2.910156250000000000e-01 -2.704107596199141028e+01
-2.907714843750000000e-01 -2.683021741827957385e+01
-2.905273437500000000e-01 -2.662098186782493769e+01
-2.902832031250000000e-01 -2.641334832343039096e+01
-2.900390625000000000e-01 -2.620729632947654153e+01
-2.897949218750000000e-01 -2.600280594259180589e+01
-2.895507812500000000e-01 -2.579985771322164112e+01
-2.893066406250000000e-01 -2.559843266804615780e+01
-2.890625000000000000e-01 -2.539851229319853587e+01
-2.888183593750000000e-01 -2.520007851824112066e+01
-2.885742187500000000e-01 -2.500311370085667306e+01
-2.883300781250000000e-01 -2.480760061221721458e+01
-2.880859375000000000e-01 -2.461352242299342663e+01
-2.878417968750000000e-01 -2.442086268997118736e+01
-2.875976562500000000e-01 -2.422960534324294457e+01
-2.873535156250000000e-01 -2.403973467394427388e+01
-2.871093750000000000e-01 -2.385123532250740652e+01
-2.868652343750000000e-01 -2.366409226740508132e+01
-2.866210937500000000e-01 -2.347829081436032794e+01
-2.863769531250000000e-01 -2.329381658599843519e+01
-2.861328125000000000e-01 -2.311065551191912704e+01
-2.858886718750000000e-01 -2.292879381916822012e+01
-2.856445312500000000e-01 -2.274821802308943575e+01
-2.854003906250000000e-01 -2.256891491853762943e+01
-2.851562500000000000e-01 -2.239087157143612927e+01
-2.849121093750000000e-01 -2.221407531066188312e+01
-2.846679687500000000e-01 -2.203851372024278987e+01
-2.844238281250000000e-01 -2.186417463185279075e+01
-2.841796875000000000e-01 -2.169104611759040324e+01
-2.839355468750000000e-01 -2.151911648302824176e+01
-2.836914062500000000e-01 -2.134837426052058618e+01
-2.834472656250000000e-01 -2.117880820275767917e+01
-2.832031250000000000e-01 -2.101040727655529849e+01
-2.829589843750000000e-01 -2.084316065686945052e+01
-2.827148437500000000e-01 -2.067705772102597450e+01
-2.824707031250000000e-01 -2.051208804315557188e+01
-2.822265625000000000e-01 -2.034824138882559907e+01
-2.819824218750000000e-01 -2.018550770985972775e+01
-2.817382812500000000e-01 -2.002387713933772773e+01
-2.814941406250000000e-01 -1.986333998676741430e+01
-2.812500000000000000e-01 -1.970388673342181107e+01
-2.810058593750000000e-01 -1.954550802783423080e+01
-2.807617187500000000e-01 -1.938819468144497904e+01
-2.805175781250000000e-01 -1.923193766439326424e+01
-2.802734375000000000e-01 -1.907672810144840980e+01
-2.800292968750000000e-01 -1.892255726807467653e+01
-2.797851562500000000e-01 -1.876941658662434520e+01
-2.795410156250000000e-01 -1.861729762265374433e+01
-2.792968750000000000e-01 -1.846619208135760459e+01
-2.790527343750000000e-01 -1.831609180411675197e+01
-2.788085937500000000e-01 -1.816698876515494021e+01
-2.785644531250000000e-01 -1.801887506830040309e+01
-2.783203125000000000e-01 -1.787174294384812612e+01
-2.780761718750000000e-01 -1.772558474551897945e+01
-2.778320312500000000e-01 -1.758039294751202419e+01
-2.775878906250000000e-01 -1.743616014164639694e+01
-2.773437500000000000e-01 -1.729287903458939013e+01
-2.770996093750000000e-01 -1.715054244516772286e+01
-2.768554687500000000e-01 -1.700914330175847056e+01
-2.766113281250000000e-01 -1.686867463975728754e+01
-2.763671875000000000e-01 -1.672912959912046915e+01
-2.761230468750000000e-01 -1.659050142197872901e+01
-2.758789062500000000e-01 -1.645278345031972833e+01
-2.756347656250000000e-01 -1.631596912373705521e+01
-2.753906250000000000e-01 -1.618005197724311728e+01
-2.751464843750000000e-01 -1.604502563914402202e+01
-2.749023437500000000e-01 -1.591088382897380171e+01
-2.746582031250000000e-01 -1.577762035548627040e+01
-2.744140625000000000e-01 -1.564522911470235300e+01
-2.741699218750000000e-01 -1.551370408801098222e+01
-2.739257812500000000e-01 -1.538303934032173004e+01
-2.736816406250000000e-01 -1.525322901826748279e+01
-2.734375000000000000e-01 -1.512426734845526255e+01
-2.731933593750000000e-01 -1.499614863576381651e+01
-2.729492187500000000e-01 -1.486886726168630446e+01
-2.727050781250000000e-01 -1.474241768271640041e+01
-2.724609375000000000e-01 -1.461679442877684210e+01
-2.722167968750000000e-01 -1.449199210168839613e+01
-2.719726562500000000e-01 -1.436800537367859221e+01
-2.717285156250000000e-01 -1.424482898592832214e+01
-2.714843750000000000e-01 -1.412245774715550795e+01
-2.712402343750000000e-01 -1.400088653223447466e+01
-2.709960937500000000e-01 -1.388011028084990528e+01
-2.707519531250000000e-01 -1.376012399618428361e+01
-2.705078125000000000e-01 -1.364092274363775203e+01
-2.702636718750000000e-01 -1.352250164957947476e+01
-2.700195312500000000e-01 -1.340485590012929862e+01
-2.697753906250000000e-01 -1.328798073996910034e+01
-2.695312500000000000e-01 -1.317187147118248447e+01
-2.692871093750000000e-01 -1.305652345212244825e+01
-2.690429687500000000e-01 -1.294193209630567054e+01
-2.687988281250000000e-01 -1.282809287133305531e+01
-2.685546875000000000e-01 -1.271500129783543542e+01
-2.683105468750000000e-01 -1.260265294844376882e+01
-2.680664062500000000e-01 -1.249104344678318057e+01
-2.678222656250000000e-01 -1.238016846649006197e+01
-2.675781250000000000e-01 -1.227002373025151627e+01
-2.673339843750000000e-01 -1.216060500886665352e+01
-2.670898437500000000e-01 -1.205190812032882519e+01
-2.668457031250000000e-01 -1.194392892892850710e+01
-2.666015625000000000e-01 -1.183666334437599943e+01
-2.663574218750000000e-01 -1.173010732094348896e+01
-2.661132812500000000e-01 -1.162425685662586972e+01
-2.658691406250000000e-01 -1.151910799231981741e+01
-2.656250000000000000e-01 -1.141465681102060614e+01
-2.653808593750000000e-01 -1.131089943703616996e+01
-2.651367187500000000e-01 -1.120783203521784799e+01
-2.648925781250000000e-01 -1.110545081020750757e+01
-2.646484375000000000e-01 -1.100375200570044854e+01
-2.644042968750000000e-01 -1.090273190372371914e+01
-2.641601562500000000e-01 -1.080238682392938188e+01
-2.639160156250000000e-01 -1.070271312290245191e+01
-2.636718750000000000e-01 -1.060370719348287594e+01
-2.634277343750000000e-01 -1.050536546410138783e+01
-2.631835937500000000e-01 -1.040768439812877943e+01
-2.629394531250000000e-01 -1.031066049323826661e+01
-2.626953125000000000e-01 -1.021429028078047452e+01
-2.624511718750000000e-01 -1.011857032517092136e+01
-2.622070312500000000e-01 -1.002349722328951742e+01
-2.619628906250000000e-01 -9.929067603891795102e+00
-2.617187500000000000e-01 -9.835278127031592987e+00
-2.614746093750000000e-01 -9.742125483494881166e+00
-2.612304687500000000e-01 -9.649606394244472085e+00
-2.609863281250000000e-01 -9.557717609875240328e+00
-2.607421875000000000e-01 -9.466455910079758951e+00
-2.604980468750000000e-01 -9.375818103123847891e+00
-2.602539062500000000e-01 -9.285801025332062864e+00
-2.600097656250000000e-01 -9.196401540582613165e+00
-2.597656250000000000e-01 -9.107616539811687062e+00
-2.595214843750000000e-01 -9.019442940526786856e+00
-2.592773437500000000e-01 -8.931877686328959953e+00
-2.590332031250000000e-01 -8.844917746443648809e+00
-2.587890625000000000e-01 -8.758560115259996337e+00
-2.585449218750000000e-01 -8.672801811878343869e+00
-2.583007812500000000e-01 -8.587639879665765363e+00
-2.580566406250000000e-01 -8.503071385819467309e+00
-2.578125000000000000e-01 -8.419093420937727501e+00
-2.575683593750000000e-01 -8.335703098598500560e+00
-2.573242187500000000e-01 -8.252897554945050729e+00
-2.570800781250000000e-01 -8.170673948278874832e+00
-2.568359375000000000e-01 -8.089029458659581451e+00
-2.565917968750000000e-01 -8.007961287511420778e+00
-2.563476562500000000e-01 -7.927466657236607261e+00
-2.561035156250000000e-01 -7.847542810835022919e+00
-2.558593750000000000e-01 -7.768187011530187647e+00
-2.556152343750000000e-01 -7.689396542401624401e+00
-2.553710937500000000e-01 -7.611168706023079267e+00
-2.551269531250000000e-01 -7.533500824106724281e+00
-2.548828125000000000e-01 -7.456390237153115663e+00
-2.546386718750000000e-01 -7.379834304106850595e+00
-2.543945312500000000e-01 -7.303830402017709389e+00
-2.541503906250000000e-01 -7.228375925707211991e+00
-2.539062500000000000e-01 -7.153468287440446716e+00
-2.536621093750000000e-01 -7.079104916603114361e+00
-2.534179687500000000e-01 -7.005283259383588756e+00
-2.531738281250000000e-01 -6.932000778459965318e+00
-2.529296875000000000e-01 -6.859254952691941298e+00
-2.526855468750000000e-01 -6.787043276817428250e+00
-2.524414062500000000e-01 -6.715363261153910912e+00
-2.521972656250000000e-01 -6.644212431304154620e+00
-2.519531250000000000e-01 -6.573588327866644931e+00
-2.517089843750000000e-01 -6.503488506150134185e+00
-2.514648437500000000e-01 -6.433910535892650273e+00
-2.512207031250000000e-01 -6.364852000984612346e+00
-2.509765625000000000e-01 -6.296310499196081878e+00
-2.507324218750000000e-01 -6.228283641908063828e+00
-2.504882812500000000e-01 -6.160769053847715782e+00
-2.502441406250000000e-01 -6.093764372827465081e+00
-2.500000000000000000e-01 -6.027267249487934464e+00
-2.497558593750000000e-01 -5.961275347044534101e+00
-2.495117187500000000e-01 -5.895786341037819511e+00
-2.492675781250000000e-01 -5.830797919087345349e+00
-2.490234375000000000e-01 -5.766307780649071901e+00
-2.487792968750000000e-01 -5.702313636776267458e+00
-2.485351562500000000e-01 -5.638813209883778654e+00
-2.482910156250000000e-01 -5.575804233515611941e+00
-2.480468750000000000e-01 -5.513284452115840395e+00
-2.478027343750000000e-01 -5.451251620802779030e+00
-2.475585937500000000e-01 -5.389703505146158591e+00
-2.473144531250000000e-01 -5.328637880947596273e+00
-2.470703125000000000e-01 -5.268052534024036504e+00
-2.468261718750000000e-01 -5.207945259994204434e+00
-2.465820312500000000e-01 -5.148313864068086332e+00
-2.463378906250000000e-01 -5.089156160839195309e+00
-2.460937500000000000e-01 -5.030469974079878170e+00
-2.458496093750000000e-01 -4.972253136539308116e+00
-2.456054687500000000e-01 -4.914503489744305398e+00
-2.453613281250000000e-01 -4.857218883802929099e+00
-2.451171875000000000e-01 -4.800397177210726340e+00
-2.448730468750000000e-01 -4.744036236659653127e+00
-2.446289062500000000e-01 -4.688133936849638417e+00
-2.443847656250000000e-01 -4.632688160302734559e+00
-2.441406250000000000e-01 -4.577696797179754640e+00
-2.438964843750000000e-01 -4.523157745099496196e+00
-2.436523437500000000e-01 -4.469068908960494468e+00
-2.434082031250000000e-01 -4.415428200765063593e+00
-2.431640625000000000e-01 -4.362233539445924180e+00
-2.429199218750000000e-01 -4.309482850695161460e+00
-2.426757812500000000e-01 -4.257174066795485601e+00
-2.424316406250000000e-01 -4.205305126453993125e+00
-2.421875000000000000e-01 -4.153873974638045752e+00
-2.419433593750000000e-01 -4.102878562413536656e+00
-2.416992187500000000e-01 -4.052316846785430471e+00
-2.414550781250000000e-01 -4.002186790540520178e+00
-2.412109375000000000e-01 -3.952486362092386685e+00
-2.409667968750000000e-01 -3.903213535328490025e+00
-2.407226562500000000e-01 -3.854366289459633776e+00
-2.404785156250000000e-01 -3.805942608871305310e+00
-2.402343750000000000e-01 -3.757940482977417673e+00
-2.399902343750000000e-01 -3.710357906075955725e+00
-2.397460937500000000e-01 -3.663192877206896014e+00
-2.395019531250000000e-01 -3.616443400012002485e+00
-2.392578125000000000e-01 -3.570107482596952764e+00
-2.390136718750000000e-01 -3.524183137395255017e+00
-2.387695312500000000e-01 -3.478668381034410118e+00
-2.385253906250000000e-01 -3.433561234203963863e+00
-2.382812500000000000e-01 -3.388859721525662394e+00
-2.380371093750000000e-01 -3.344561871425511868e+00
-2.377929687500000000e-01 -3.300665716007955552e+00
-2.375488281250000000e-01 -3.257169290931926753e+00
-2.373046875000000000e-01 -3.214070635288891253e+00
-2.370605468750000000e-01 -3.171367791482936127e+00
-2.368164062500000000e-01 -3.129058805112649111e+00
-2.365722656250000000e-01 -3.087141724855172242e+00
-2.363281250000000000e-01 -3.045614602351946587e+00
-2.360839843750000000e-01 -3.004475492096560174e+00
-2.358398437500000000e-01 -2.963722451324500184e+00
-2.355957031250000000e-01 -2.923353539904766762e+00
-2.353515625000000000e-01 -2.883366820233447925e+00
-2.351074218750000000e-01 -2.843760357129227145e+00
-2.348632812500000000e-01 -2.804532217730724142e+00
-2.346191406250000000e-01 -2.765680471395882023e+00
-2.343750000000000000e-01 -2.727203189603088163e+00
-2.341308593750000000e-01 -2.689098445854369857e+00
-2.338867187500000000e-01 -2.651364315580352127e+00
-2.336425781250000000e-01 -2.613998876047233466e+00
-2.333984375000000000e-01 -2.577000206265566362e+00
-2.331542968750000000e-01 -2.540366386900998918e+00
-2.329101562500000000e-01 -2.504095500186934942e+00
-2.326660156250000000e-01 -2.468185629839055650e+00
-2.324218750000000000e-01 -2.432634860971745638e+00
-2.321777343750000000e-01 -2.397441280016465726e+00
-2.319335937500000000e-01 -2.362602974642015852e+00
-2.316894531250000000e-01 -2.328118033676759069e+00
-2.314453125000000000e-01 -2.293984547032579258e+00
-2.312011718750000000e-01 -2.260200605631112580e+00
-2.309570312500000000e-01 -2.226764301331485285e+00
-2.307128906250000000e-01 -2.193673726860325246e+00
-2.304687500000000000e-01 -2.160926975743507228e+00
-2.302246093750000000e-01 -2.128522142239901882e+00
-2.299804687500000000e-01 -2.096457321277100050e+00
-2.297363281250000000e-01 -2.064730608388998689e+00
-2.294921875000000000e-01 -2.033340099655475797e+00
-2.292480468750000000e-01 -2.002283891643841685e+00
-2.290039062500000000e-01 -1.971560081352478733e+00
-2.287597656250000000e-01 -1.941166766156257495e+00
-2.285156250000000000e-01 -1.911102043754056012e+00
-2.282714843750000000e-01 -1.881364012118240225e+00
-2.280273437500000000e-01 -1.851950769446119693e+00
-2.277832031250000000e-01 -1.822860414113378624e+00
-2.275390625000000000e-01 -1.794091044629638532e+00
-2.272949218750000000e-01 -1.765640759595910936e+00
-2.270507812500000000e-01 -1.737507657664096428e+00
-2.268066406250000000e-01 -1.709689837498615361e+00
-2.265625000000000000e-01 -1.682185397739971222e+00
-2.263183593750000000e-01 -1.654992436970374570e+00
-2.260742187500000000e-01 -1.628109053681555451e+00
-2.258300781250000000e-01 -1.601533346244409017e+00
-2.255859375000000000e-01 -1.575263412880971714e+00
-2.253417968750000000e-01 -1.549297351638287523e+00
-2.250976562500000000e-01 -1.523633260364505304e+00
-2.248535156250000000e-01 -1.498269236686908812e+00
-2.246093750000000000e-01 -1.473203377992277296e+00
-2.243652343750000000e-01 -1.448433781409178778e+00
-2.241210937500000000e-01 -1.423958543792437581e+00
-2.238769531250000000e-01 -1.399775761709804556e+00
-2.236328125000000000e-01 -1.375883531430702078e+00
-2.233886718750000000e-01 -1.352279948917086472e+00
-2.231445312500000000e-01 -1.328963109816598376e+00
-2.229003906250000000e-01 -1.305931109457716843e+00
-2.226562500000000000e-01 -1.283182042847187176e+00
-2.224121093750000000e-01 -1.260714004669637234e+00
-2.221679687500000000e-01 -1.238525089289296943e+00
-2.219238281250000000e-01 -1.216613390753977342e+00
-2.216796875000000000e-01 -1.194977002801266508e+00
-2.214355468750000000e-01 -1.173614018866857123e+00
-2.211914062500000000e-01 -1.152522532095147767e+00
-2.209472656250000000e-01 -1.131700635352032691e+00
-2.207031250000000000e-01 -1.111146421239936899e+00
-2.204589843750000000e-01 -1.090857982115053915e+00
-2.202148437500000000e-01 -1.070833410106871497e+00
-2.199707031250000000e-01 -1.051070797139800561e+00
-2.197265625000000000e-01 -1.031568234957276786e+00
-2.194824218750000000e-01 -1.012323815147851747e+00
-2.192382812500000000e-01 -9.933356291736856747e-01
-2.189941406250000000e-01 -9.746017684012997506e-01
-2.187500000000000000e-01 -9.561203241344742310e-01
-2.185058593750000000e-01 -9.378893876495055792e-01
-2.182617187500000000e-01 -9.199070502326662790e-01
-2.180175781250000000e-01 -9.021714032199241728e-01
-2.177734375000000000e-01 -8.846805380389071161e-01
-2.175292968750000000e-01 -8.674325462531840003e-01
-2.172851562500000000e-01 -8.504255196087484592e-01
-2.170410156250000000e-01 -8.336575500827194674e-01
-2.167968750000000000e-01 -8.171267299343725199e-01
-2.165527343750000000e-01 -8.008311517584019157e-01
-2.163085937500000000e-01 -7.847689085403430909e-01
-2.160644531250000000e-01 -7.689380937143539541e-01
-2.158203125000000000e-01 -7.533368012231136390e-01
-2.155761718750000000e-01 -7.379631255800234158e-01
-2.153320312500000000e-01 -7.228151619336813383e-01
-2.150878906250000000e-01 -7.078910061343606230e-01
-2.148437500000000000e-01 -6.931887548029322943e-01
-2.145996093750000000e-01 -6.787065054018484034e-01
-2.143554687500000000e-01 -6.644423563083137196e-01
-2.141113281250000000e-01 -6.503944068897311581e-01
-2.138671875000000000e-01 -6.365607575811367269e-01
-2.136230468750000000e-01 -6.229395099649934764e-01
-2.133789062500000000e-01 -6.095287668529039138e-01
-2.131347656250000000e-01 -5.963266323696672089e-01
-2.128906250000000000e-01 -5.833312120392122324e-01
-2.126464843750000000e-01 -5.705406128728753856e-01
-2.124023437500000000e-01 -5.579529434594832082e-01
-2.121582031250000000e-01 -5.455663140577087233e-01
-2.119140625000000000e-01 -5.333788366903604583e-01
-2.116699218750000000e-01 -5.213886252406751964e-01
-2.114257812500000000e-01 -5.095937955506713024e-01
-2.111816406250000000e-01 -4.979924655214063023e-01
-2.109375000000000000e-01 -4.865827552152666158e-01
-2.106933593750000000e-01 -4.753627869600478562e-01
-2.104492187500000000e-01 -4.643306854550814933e-01
-2.102050781250000000e-01 -4.534845778791520843e-01
-2.099609375000000000e-01 -4.428225940002477046e-01
-2.097167968750000000e-01 -4.323428662872146333e-01
-2.094726562500000000e-01 -4.220435300230747089e-01
-2.092285156250000000e-01 -4.119227234201900956e-01
-2.089843750000000000e-01 -4.019785877371475635e-01
-2.087402343750000000e-01 -3.922092673972628063e-01
-2.084960937500000000e-01 -3.826129101088184825e-01
-2.082519531250000000e-01 -3.731876669868796625e-01
-2.080078125000000000e-01 -3.639316926767151017e-01
-2.077636718750000000e-01 -3.548431454787532857e-01
-2.075195312500000000e-01 -3.459201874750874595e-01
-2.072753906250000000e-01 -3.371609846573164759e-01
-2.070312500000000000e-01 -3.285637070560198936e-01
-2.067871093750000000e-01 -3.201265288714552071e-01
-2.065429687500000000e-01 -3.118476286056477420e-01
-2.062988281250000000e-01 -3.037251891957879479e-01
-2.060546875000000000e-01 -2.957573981488934578e-01
-2.058105468750000000e-01 -2.879424476776506481e-01
-2.055664062500000000e-01 -2.802785348374072782e-01
-2.053222656250000000e-01 -2.727638616643304204e-01
-2.050781250000000000e-01 -2.653966353145023049e-01
-2.048339843750000000e-01 -2.581750682042667222e-01
-2.045898437500000000e-01 -2.510973781512007008e-01
-2.043457031250000000e-01 -2.441617885162798984e-01
-2.041015625000000000e-01 -2.373665283467687459e-01
-2.038574218750000000e-01 -2.307098325198921884e-01
-2.036132812500000000e-01 -2.241899418872748129e-01
-2.033691406250000000e-01 -2.178051034201189395e-01
-2.031250000000000000e-01 -2.115535703549227264e-01
-2.028808593750000000e-01 -2.054336023397524968e-01
-2.026367187500000000e-01 -1.994434655811829771e-01
-2.023925781250000000e-01 -1.935814329914364862e-01
-2.021484375000000000e-01 -1.878457843362042468e-01
-2.019042968750000000e-01 -1.822348063824819064e-01
-2.016601562500000000e-01 -1.767467930468882287e-01
-2.014160156250000000e-01 -1.713800455441116810e-01
-2.011718750000000000e-01 -1.661328725354991320e-01
-2.009277343750000000e-01 -1.610035902776303374e-01
-2.006835937500000000e-01 -1.559905227710771669e-01
-2.004394531250000000e-01 -1.510920019088786148e-01
-2.001953125000000000e-01 -1.463063676251010747e-01
-1.999511718750000000e-01 -1.416319680429580785e-01
-1.997070312500000000e-01 -1.370671596229442457e-01
-1.994628906250000000e-01 -1.326103073104007990e-01
-1.992187500000000000e-01 -1.282597846827684407e-01
-1.989746093750000000e-01 -1.240139740963712711e-01
-1.987304687500000000e-01 -1.198712668326606945e-01
-1.984863281250000000e-01 -1.158300632437914146e-01
-1.982421875000000000e-01 -1.118887728975721529e-01
-1.979980468750000000e-01 -1.080458147216631914e-01
-1.977539062500000000e-01 -1.042996171468644206e-01
-1.975097656250000000e-01 -1.006486182495649473e-01
-1.972656250000000000e-01 -9.709126589328320733e-02
-1.970214843750000000e-01 -9.362601786904178880e-02
-1.967773437500000000e-01 -9.025134203469065142e-02
-1.965332031250000000e-01 -8.696571645307926701e-02
-1.962890625000000000e-01 -8.376762952887872871e-02
-1.960449218750000000e-01 -8.065558014418172661e-02
-1.958007812500000000e-01 -7.762807779262459462e-02
-1.955566406250000000e-01 -7.468364271213090433e-02
-1.953125000000000000e-01 -7.182080601593554547e-02
-1.950683593750000000e-01 -6.903810982223035353e-02
-1.948242187500000000e-01 -6.633410738201916956e-02
-1.945800781250000000e-01 -6.370736320508285644e-02
-1.943359375000000000e-01 -6.115645318442375356e-02
-1.940917968750000000e-01 -5.867996471853587082e-02
-1.938476562500000000e-01 -5.627649683194135832e-02
-1.936035156250000000e-01 -5.394466029349587188e-02
-1.933593750000000000e-01 -5.168307773283231654e-02
-1.931152343750000000e-01 -4.949038375441716653e-02
-1.928710937500000000e-01 -4.736522504954621127e-02
-1.926269531250000000e-01 -4.530626050600972121e-02
-1.923828125000000000e-01 -4.331216131535597924e-02
-1.921386718750000000e-01 -4.138161107781002102e-02
-1.918945312500000000e-01 -3.951330590476231919e-02
-1.916503906250000000e-01 -3.770595451847214008e-02
-1.914062500000000000e-01 -3.595827834955400704e-02
-1.911621093750000000e-01 -3.426901163150830598e-02
-1.909179687500000000e-01 -3.263690149266551543e-02
-1.906738281250000000e-01 -3.106070804533089813e-02
-1.904296875000000000e-01 -2.953920447218649770e-02
-1.901855468750000000e-01 -2.807117710966622326e-02
-1.899414062500000000e-01 -2.665542552857402825e-02
-1.896972656250000000e-01 -2.529076261158991201e-02
-1.894531250000000000e-01 -2.397601462783427451e-02
-1.892089843750000000e-01 -2.271002130433430466e-02
-1.889648437500000000e-01 -2.149163589432134813e-02
-1.887207031250000000e-01 -2.031972524245873046e-02
-1.884765625000000000e-01 -1.919316984678687277e-02
-1.882324218750000000e-01 -1.811086391745675428e-02
-1.879882812500000000e-01 -1.707171543215224574e-02
-1.877441406250000000e-01 -1.607464618820131363e-02
-1.875000000000000000e-01 -1.511859185131925187e-02
-1.872558593750000000e-01 -1.420250200098394089e-02
-1.870117187500000000e-01 -1.332534017231523649e-02
-1.867675781250000000e-01 -1.248608389455796441e-02
-1.865234375000000000e-01 -1.168372472611167723e-02
-1.862792968750000000e-01 -1.091726828589401066e-02
-1.860351562500000000e-01 -1.018573428135027825e-02
-1.857910156250000000e-01 -9.488156532796665488e-03
-1.855468750000000000e-01 -8.823582994168077676e-03
-1.853027343750000000e-01 -8.191075770270117573e-03
-1.850585937500000000e-01 -7.589711130293608221e-03
-1.848144531250000000e-01 -7.018579517776402099e-03
-1.845703125000000000e-01 -6.476785556884578909e-03
-1.843261718750000000e-01 -5.963448055098297118e-03
-1.840820312500000000e-01 -5.477700002089136433e-03
-1.838378906250000000e-01 -5.018688565172624294e-03
-1.835937500000000000e-01 -4.585575080838566464e-03
-1.833496093750000000e-01 -4.177535042799718212e-03
-1.831054687500000000e-01 -3.793758086203524726e-03
-1.828613281250000000e-01 -3.433447968347991264e-03
-1.826171875000000000e-01 -3.095822545574833384e-03
-1.823730468750000000e-01 -2.780113746609913505e-03
-1.821289062500000000e-01 -2.485567542237276939e-03
-1.818847656250000000e-01 -2.211443911235733140e-03
-1.816406250000000000e-01 -1.957016802833777547e-03
-1.813964843750000000e-01 -1.721574095526534620e-03
-1.811523437500000000e-01 -1.504417552155246085e-03
-1.809082031250000000e-01 -1.304862771632997465e-03
-1.806640625000000000e-01 -1.122239136918778968e-03
-1.804199218750000000e-01 -9.558897596804172281e-04
-1.801757812500000000e-01 -8.051714211916305430e-04
-1.799316406250000000e-01 -6.694545100032200935e-04
-1.796875000000000000e-01 -5.481229560331257744e-04
-1.794433593750000000e-01 -4.405741612742986035e-04
-1.791992187500000000e-01 -3.462189271630222720e-04
-1.789550781250000000e-01 -2.644813785082078539e-04
-1.787109375000000000e-01 -1.947988842516679142e-04
-1.784667968750000000e-01 -1.366219748746289042e-04
-1.782226562500000000e-01 -8.941425659259039094e-05
-1.779785156250000000e-01 -5.265232239537454006e-05
-1.777343750000000000e-01 -2.582565994657670672e-05
-1.774902343750000000e-01 -8.436556356627988862e-06
-1.772460937500000000e-01 0.000000000000000000e+00
-1.770019531250000000e-01 -4.357927707587805344e-08
-1.767578125000000000e-01 -8.107378420163513510e-06
-1.765136718750000000e-01 -2.374387054260296281e-05
-1.762695312500000000e-01 -4.651780766096180741e-05
-1.760253906250000000e-01 -7.600610820190922823e-05
-1.757812500000000000e-01 -1.117977414821780258e-04
-1.755371093750000000e-01 -1.534936098721573217e-04
-1.752929687500000000e-01 -2.007064280746817531e-04
-1.750488281250000000e-01 -2.530606000874513484e-04
-1.748046875000000000e-01 -3.101920935506541355e-04
-1.745605468750000000e-01 -3.717483117924302860e-04
-1.743164062500000000e-01 -4.373879634869126676e-04
-1.740722656250000000e-01 -5.067809300243197868e-04
-1.738281250000000000e-01 -5.796081307636313795e-04
-1.735839843750000000e-01 -6.555613860683706662e-04
-1.733398437500000000e-01 -7.343432782960235272e-04
-1.730957031250000000e-01 -8.156670108405705832e-04
-1.728515625000000000e-01 -8.992562651997104695e-04
-1.726074218750000000e-01 -9.848450562657262708e-04
-1.723632812500000000e-01 -1.072177585683675716e-03
-1.721191406250000000e-01 -1.161008093816917608e-03
-1.718750000000000000e-01 -1.251100709680486034e-03
-1.716308593750000000e-01 -1.342229299694963629e-03
-1.713867187500000000e-01 -1.434177314735052278e-03
-1.711425781250000000e-01 -1.526737635884956035e-03
-1.708984375000000000e-01 -1.619712418801100284e-03
-1.706542968750000000e-01 -1.712912936952193377e-03
-1.704101562500000000e-01 -1.806159423551889631e-03
-1.701660156250000000e-01 -1.899280912454059944e-03
-1.699218750000000000e-01 -1.992115078110145987e-03
-1.696777343750000000e-01 -2.084508074460700300e-03
-1.694335937500000000e-01 -2.176314373102172794e-03
-1.691894531250000000e-01 -2.267396600601045975e-03
-1.689453125000000000e-01 -2.357625375083216568e-03
-1.687011718750000000e-01 -2.446879142311786381e-03
-1.684570312500000000e-01 -2.535044011068521286e-03
-1.682128906250000000e-01 -2.622013588279514806e-03
-1.679687500000000000e-01 -2.707688813501363256e-03
-1.677246093750000000e-01 -2.791977793307864886e-03
-1.674804687500000000e-01 -2.874795635335658517e-03
-1.672363281250000000e-01 -2.956064282187753633e-03
-1.669921875000000000e-01 -3.035712345280217050e-03
-1.667480468750000000e-01 -3.113674938674648729e-03
-1.665039062500000000e-01 -3.189893512953290156e-03
-1.662597656250000000e-01 -3.264315689307295543e-03
-1.660156250000000000e-01 -3.336895093681846447e-03
-1.657714843750000000e-01 -3.407591191503911432e-03
-1.655273437500000000e-01 -3.476369122452638294e-03
-1.652832031250000000e-01 -3.543199535855023896e-03
-1.650390625000000000e-01 -3.608058426550542208e-03
-1.647949218750000000e-01 -3.670926971352628243e-03
-1.645507812500000000e-01 -3.731791366078596184e-03
-1.643066406250000000e-01 -3.790642663361154518e-03
-1.640625000000000000e-01 -3.847476611269939895e-03
-1.638183593750000000e-01 -3.902293492672015418e-03
-1.635742187500000000e-01 -3.955097965643972202e-03
-1.633300781250000000e-01 -4.005898904736682198e-03
-1.630859375000000000e-01 -4.054709243419551967e-03
-1.628417968750000000e-01 -4.101545817434271157e-03
-1.625976562500000000e-01 -4.146429209569646446e-03
-1.623535156250000000e-01 -4.189383595431195317e-03
-1.621093750000000000e-01 -4.230436590646036166e-03
-1.618652343750000000e-01 -4.269619099304122756e-03
-1.616210937500000000e-01 -4.306965163920040141e-03
-1.613769531250000000e-01 -4.342511816759042631e-03
-1.611328125000000000e-01 -4.376298932683653220e-03
-1.608886718750000000e-01 -4.408369083591878734e-03
-1.606445312500000000e-01 -4.438767394432829860e-03
-1.604003906250000000e-01 -4.467541400956065445e-03
-1.601562500000000000e-01 -4.494740909066763379e-03
-1.599121093750000000e-01 -4.520417856056724304e-03
-1.596679687500000000e-01 -4.544626173526467028e-03
-1.594238281250000000e-01 -4.567421652254211040e-03
-1.591796875000000000e-01 -4.588861808883848425e-03
-1.589355468750000000e-01 -4.609005754630857155e-03
-1.586914062500000000e-01 -4.627914065849836334e-03
-1.584472656250000000e-01 -4.645648656719458813e-03
-1.582031250000000000e-01 -4.662272653945365164e-03
-1.579589843750000000e-01 -4.677850273495209876e-03
-1.577148437500000000e-01 -4.692446699564811752e-03
-1.574707031250000000e-01 -4.706127965576456518e-03
-1.572265625000000000e-01 -4.718960837479357906e-03
-1.569824218750000000e-01 -4.731012699167536084e-03
-1.567382812500000000e-01 -4.742351440157221987e-03
-1.564941406250000000e-01 -4.753045345665896093e-03
-1.562500000000000000e-01 -4.763162988751901139e-03
-1.560058593750000000e-01 -4.772773125012008677e-03
-1.557617187500000000e-01 -4.781944589410613844e-03
-1.555175781250000000e-01 -4.790746195681094832e-03
-1.552734375000000000e-01 -4.799246637944065697e-03
-1.550292968750000000e-01 -4.807514394784107026e-03
-1.547851562500000000e-01 -4.815617635784974482e-03
-1.545410156250000000e-01 -4.823624130409598365e-03
-1.542968750000000000e-01 -4.831601159423826175e-03
-1.540527343750000000e-01 -4.839615428721799617e-03
-1.538085937500000000e-01 -4.847732985609809475e-03
-1.535644531250000000e-01 -4.856019137591260915e-03
-1.533203125000000000e-01 -4.864538373681170924e-03
-1.530761718750000000e-01 -4.873354288136511059e-03
-1.528320312500000000e-01 -4.882529506659238905e-03
-1.525878906250000000e-01 -4.892125615285181084e-03
-1.523437500000000000e-01 -4.902203091532442158e-03
-1.520996093750000000e-01 -4.912821238235665078e-03
-1.518554687500000000e-01 -4.924038119810347780e-03
-1.516113281250000000e-01 -4.935910500989848515e-03
-1.513671875000000000e-01 -4.948493788177188435e-03
-1.511230468750000000e-01 -4.961841973127434358e-03
-1.508789062500000000e-01 -4.976007579273300507e-03
-1.506347656250000000e-01 -4.991041610423962993e-03
-1.503906250000000000e-01 -5.006993502007617280e-03
-1.501464843750000000e-01 -5.023911074715670111e-03
-1.499023437500000000e-01 -5.041840490690674415e-03
-1.496582031250000000e-01 -5.060826212002211832e-03
-1.494140625000000000e-01 -5.080910961765994216e-03
-1.491699218750000000e-01 -5.102135687451436752e-03
-1.489257812500000000e-01 -5.124539526761395791e-03
-1.486816406250000000e-01 -5.148159775799854287e-03
-1.484375000000000000e-01 -5.173031859570187407e-03
-1.481933593750000000e-01 -5.199189305031381991e-03
-1.479492187500000000e-01 -5.226663716157986528e-03
-1.477050781250000000e-01 -5.255484751543804123e-03
-1.474609375000000000e-01 -5.285680104222478803e-03
-1.472167968750000000e-01 -5.317275483719186013e-03
-1.469726562500000000e-01 -5.350294600347638152e-03
-1.467285156250000000e-01 -5.384759151738194305e-03
-1.464843750000000000e-01 -5.420688811568652454e-03
-1.462402343750000000e-01 -5.458101220327193914e-03
-1.459960937500000000e-01 -5.497011978405907939e-03
-1.457519531250000000e-01 -5.537434641126992574e-03
-1.455078125000000000e-01 -5.579380715914794564e-03
-1.452636718750000000e-01 -5.622859661485790639e-03
-1.450195312500000000e-01 -5.667878889099142725e-03
-1.447753906250000000e-01 -5.714443765683085985e-03
-1.445312500000000000e-01 -5.762557619036101642e-03
-1.442871093750000000e-01 -5.812221744832868353e-03
-1.440429687500000000e-01 -5.863435415534468120e-03
-1.437988281250000000e-01 -5.916195891245479288e-03
-1.435546875000000000e-01 -5.970498432162685276e-03
-1.433105468750000000e-01 -6.026336313055935534e-03
-1.430664062500000000e-01 -6.083700839283778805e-03
-1.428222656250000000e-01 -6.142581364599664084e-03
-1.425781250000000000e-01 -6.202965310592389869e-03
-1.423339843750000000e-01 -6.264838187775012557e-03
-1.420898437500000000e-01 -6.328183618222738005e-03
-1.418457031250000000e-01 -6.392983359802428822e-03
-1.416015625000000000e-01 -6.459217331865829692e-03
-1.413574218750000000e-01 -6.526863642392299880e-03
-1.411132812500000000e-01 -6.595898616652107194e-03
-1.408691406250000000e-01 -6.666296827148698867e-03
-1.406250000000000000e-01 -6.738031124939425354e-03
-1.403808593750000000e-01 -6.811072672320506172e-03
-1.401367187500000000e-01 -6.885390976577809852e-03
-1.398925781250000000e-01 -6.960953925286617050e-03
-1.396484375000000000e-01 -7.037727822421402379e-03
-1.394042968750000000e-01 -7.115677425872490858e-03
-1.391601562500000000e-01 -7.194765985886419912e-03
-1.389160156250000000e-01 -7.274955284657380616e-03
-1.386718750000000000e-01 -7.356205676842364483e-03
-1.384277343750000000e-01 -7.438476131113702650e-03
-1.381835937500000000e-01 -7.521724272550045498e-03
-1.379394531250000000e-01 -7.605906425979469532e-03
-1.376953125000000000e-01 -7.690977660018916140e-03
-1.374511718750000000e-01 -7.776891832136811900e-03
-1.372070312500000000e-01 -7.863601634198857937e-03
-1.369628906250000000e-01 -7.951058638852259719e-03
-1.367187500000000000e-01 -8.039213346563656160e-03
-1.364746093750000000e-01 -8.128015233225482916e-03
-1.362304687500000000e-01 -8.217412798344980729e-03
-1.359863281250000000e-01 -8.307353613801637948e-03
-1.357421875000000000e-01 -8.397784372988326140e-03
-1.354980468750000000e-01 -8.488650940478237317e-03
-1.352539062500000000e-01 -8.579898402061303386e-03
-1.350097656250000000e-01 -8.671471115164308685e-03
-1.347656250000000000e-01 -8.763312759484165326e-03
-1.345214843750000000e-01 -8.855366387990670773e-03
-1.342773437500000000e-01 -8.947574478128217379e-03
-1.340332031250000000e-01 -9.039878983173821325e-03
-1.337890625000000000e-01 -9.132221383765681821e-03
-1.335449218750000000e-01 -9.224542739531216284e-03
-1.333007812500000000e-01 -9.316783740786149792e-03
-1.330566406250000000e-01 -9.408884760219393684e-03
-1.328125000000000000e-01 -9.500785904535291593e-03
-1.325683593750000000e-01 -9.592427066223763177e-03
-1.323242187500000000e-01 -9.683747974918333057e-03
-1.320800781250000000e-01 -9.774688248938900870e-03
-1.318359375000000000e-01 -9.865187446408185679e-03
-1.315917968750000000e-01 -9.955185116353959529e-03
-1.313476562500000000e-01 -1.004462084934232280e-02
-1.311035156250000000e-01 -1.013343432809676870e-02
-1.308593750000000000e-01 -1.022156537754881356e-02
-1.306152343750000000e-01 -1.030895401467546435e-02
-1.303710937500000000e-01 -1.039554049788193879e-02
-1.301269531250000000e-01 -1.048126537595805985e-02
-1.298828125000000000e-01 -1.056606953662253545e-02
-1.296386718750000000e-01 -1.064989425454143657e-02
-1.293945312500000000e-01 -1.073268123879245195e-02
-1.291503906250000000e-01 -1.081437267978913042e-02
-1.289062500000000000e-01 -1.089491129560826721e-02
-1.286621093750000000e-01 -1.097424037777727790e-02
-1.284179687500000000e-01 -1.105230383623734269e-02
-1.281738281250000000e-01 -1.112904624380917085e-02
-1.279296875000000000e-01 -1.120441287982032463e-02
-1.276855468750000000e-01 -1.127834977305042230e-02
-1.274414062500000000e-01 -1.135080374389474400e-02
-1.271972656250000000e-01 -1.142172244576045159e-02
-1.269531250000000000e-01 -1.149105440561015712e-02
-1.267089843750000000e-01 -1.155874906373810518e-02
-1.264648437500000000e-01 -1.162475681250896287e-02
-1.262207031250000000e-01 -1.168902903447133212e-02
-1.259765625000000000e-01 -1.175151813924912858e-02
-1.257324218750000000e-01 -1.181217759983610449e-02
-1.254882812500000000e-01 -1.187096198762560562e-02
-1.252441406250000000e-01 -1.192782700665873108e-02
-1.250000000000000000e-01 -1.198272952683510084e-02
-1.247558593750000000e-01 -1.203562761608623077e-02
-1.245117187500000000e-01 -1.208648057149730448e-02
-1.242675781250000000e-01 -1.213524894949102872e-02
-1.240234375000000000e-01 -1.218189459481777703e-02
-1.237792968750000000e-01 -1.222638066852255179e-02
-1.235351562500000000e-01 -1.226867167488876476e-02
-1.232910156250000000e-01 -1.230873348715988413e-02
-1.230468750000000000e-01 -1.234653337219526748e-02
-1.228027343750000000e-01 -1.238204001398912624e-02
-1.225585937500000000e-01 -1.241522353615209795e-02
-1.223144531250000000e-01 -1.244605552300015461e-02
-1.220703125000000000e-01 -1.247450903979085979e-02
-1.218261718750000000e-01 -1.250055865151011858e-02
-1.215820312500000000e-01 -1.252418044064995684e-02
-1.213378906250000000e-01 -1.254535202384943204e-02
-1.210937500000000000e-01 -1.256405256711445872e-02
-1.208496093750000000e-01 -1.258026280015656084e-02
-1.206054687500000000e-01 -1.259396502925369532e-02
-1.203613281250000000e-01 -1.260514314913052658e-02
-1.201171875000000000e-01 -1.261378265346024818e-02
-1.198730468750000000e-01 -1.261987064432901207e-02
-1.196289062500000000e-01 -1.262339584042138085e-02
-1.193847656250000000e-01 -1.262434858395522497e-02
-1.191406250000000000e-01 -1.262272084645132963e-02
-1.188964843750000000e-01 -1.261850623345139866e-02
-1.186523437500000000e-01 -1.261169998770128586e-02
-1.184082031250000000e-01 -1.260229899158105127e-02
-1.181640625000000000e-01 -1.259030176792919065e-02
-1.179199218750000000e-01 -1.257570847997158126e-02
-1.176757812500000000e-01 -1.255852092995723979e-02
-1.174316406250000000e-01 -1.253874255662879023e-02
-1.171875000000000000e-01 -1.251637843157027419e-02
-1.169433593750000000e-01 -1.249143525433282775e-02
-1.166992187500000000e-01 -1.246392134653717676e-02
-1.164550781250000000e-01 -1.243384664468294432e-02
-1.162109375000000000e-01 -1.240122269197740934e-02
-1.159667968750000000e-01 -1.236606262894213160e-02
-1.157226562500000000e-01 -1.232838118303902775e-02
-1.154785156250000000e-01 -1.228819465704589220e-02
-1.152343750000000000e-01 -1.224552091650821239e-02
-1.149902343750000000e-01 -1.220037937605411571e-02
-1.147460937500000000e-01 -1.215279098467192398e-02
-1.145019531250000000e-01 -1.210277820997873732e-02
-1.142578125000000000e-01 -1.205036502145162558e-02
-1.140136718750000000e-01 -1.199557687263563821e-02
-1.137695312500000000e-01 -1.193844068245653034e-02
-1.135253906250000000e-01 -1.187898481546767471e-02
-1.132812500000000000e-01 -1.181723906121590062e-02
-1.130371093750000000e-01 -1.175323461266941649e-02
-1.127929687500000000e-01 -1.168700404369360513e-02
-1.125488281250000000e-01 -1.161858128571680027e-02
-1.123046875000000000e-01 -1.154800160345814675e-02
-1.120605468750000000e-01 -1.147530156983123106e-02
-1.118164062500000000e-01 -1.140051904006611494e-02
-1.115722656250000000e-01 -1.132369312492187419e-02
-1.113281250000000000e-01 -1.124486416320280568e-02
-1.110839843750000000e-01 -1.116407369354988077e-02
-1.108398437500000000e-01 -1.108136442537954736e-02
-1.105957031250000000e-01 -1.099678020911198928e-02
-1.103515625000000000e-01 -1.091036600590200578e-02
-1.101074218750000000e-01 -1.082216785646039625e-02
-1.098632812500000000e-01 -1.073223284936375421e-02
-1.096191406250000000e-01 -1.064060908871056199e-02
-1.093750000000000000e-01 -1.054734566125148376e-02
-1.091308593750000000e-01 -1.045249260278069414e-02
-1.088867187500000000e-01 -1.035610086422877885e-02
-1.086425781250000000e-01 -1.025822227700246003e-02
-1.083984375000000000e-01 -1.015890951799747199e-02
-1.081542968750000000e-01 -1.005821607405721352e-02
-1.079101562500000000e-01 -9.956196206061918019e-03
-1.076660156250000000e-01 -9.852904912534654613e-03
-1.074218750000000000e-01 -9.748397892863636116e-03
-1.071777343750000000e-01 -9.642731510268731654e-03
-1.069335937500000000e-01 -9.535962754313231926e-03
-1.066894531250000000e-01 -9.428149203159819081e-03
-1.064453125000000000e-01 -9.319348985513897787e-03
-1.062011718750000000e-01 -9.209620742424817763e-03
-1.059570312500000000e-01 -9.099023588717614075e-03
-1.057128906250000000e-01 -8.987617074282638896e-03
-1.054687500000000000e-01 -8.875461145208873859e-03
-1.052246093750000000e-01 -8.762616104831977282e-03
-1.049804687500000000e-01 -8.649142574455481736e-03
-1.047363281250000000e-01 -8.535101454256732723e-03
-1.044921875000000000e-01 -8.420553883894399405e-03
-1.042480468750000000e-01 -8.305561203215461319e-03
-1.040039062500000000e-01 -8.190184912933773376e-03
-1.037597656250000000e-01 -8.074486635209154883e-03
-1.035156250000000000e-01 -7.958528074453852241e-03
-1.032714843750000000e-01 -7.842370978067947362e-03
-1.030273437500000000e-01 -7.726077097302663788e-03
-1.027832031250000000e-01 -7.609708148223148783e-03
-1.025390625000000000e-01 -7.493325772884418257e-03
-1.022949218750000000e-01 -7.376991500635199372e-03
-1.020507812500000000e-01 -7.260766709535459995e-03
-1.018066406250000000e-01 -7.144712588186052926e-03
-1.015625000000000000e-01 -7.028890097544149285e-03
-1.013183593750000000e-01 -6.913359933264473511e-03
-1.010742187500000000e-01 -6.798182488168436066e-03
-1.008300781250000000e-01 -6.683417815054326638e-03
-1.005859375000000000e-01 -6.569125589891200434e-03
-1.003417968750000000e-01 -6.455365075325403268e-03
-1.000976562500000000e-01 -6.342195084641844005e-03
-9.985351562500000000e-02 -6.229673945995273243e-03
-9.960937500000000000e-02 -6.117859467252628747e-03
-9.936523437500000000e-02 -6.006808901148019686e-03
-9.912109375000000000e-02 -5.896578910892458225e-03
-9.887695312500000000e-02 -5.787225536423079575e-03
-9.863281250000000000e-02 -5.678804161064476830e-03
-9.838867187500000000e-02 -5.571369478630572303e-03
-9.814453125000000000e-02 -5.464975461308085869e-03
-9.790039062500000000e-02 -5.359675327866852967e-03
-9.765625000000000000e-02 -5.255521512651739613e-03
-9.741210937500000000e-02 -5.152565635029304758e-03
-9.716796875000000000e-02 -5.050858469616059665e-03
-9.692382812500000000e-02 -4.950449916904631209e-03
-9.667968750000000000e-02 -4.851388974927317577e-03
-9.643554687500000000e-02 -4.753723711132806784e-03
-9.619140625000000000e-02 -4.657501235342920154e-03
-9.594726562500000000e-02 -4.562767673220946563e-03
-9.570312500000000000e-02 -4.469568140450519422e-03
-9.545898437500000000e-02 -4.377946717710301527e-03
-9.521484375000000000e-02 -4.287946426430266911e-03
-9.497070312500000000e-02 -4.199609205201682016e-03
-9.472656250000000000e-02 -4.112975886968683881e-03
-9.448242187500000000e-02 -4.028086177157774728e-03
-9.423828125000000000e-02 -3.944978632361539894e-03
-9.399414062500000000e-02 -3.863690640073969007e-03
-9.375000000000000000e-02 -3.784258399022633057e-03
-9.350585937500000000e-02 -3.706716900481410448e-03
-9.326171875000000000e-02 -3.631099910336388348e-03
-9.301757812500000000e-02 -3.557439952004415318e-03
-9.277343750000000000e-02 -3.485768290317992069e-03
-9.252929687500000000e-02 -3.416114915978596400e-03
-9.228515625000000000e-02 -3.348508531217930795e-03
-9.204101562500000000e-02 -3.282976536141291035e-03
-9.179687500000000000e-02 -3.219545015937796961e-03
-9.155273437500000000e-02 -3.158238729042750492e-03
-9.130859375000000000e-02 -3.099081096138434077e-03
-9.106445312500000000e-02 -3.042094190092825556e-03
-9.082031250000000000e-02 -2.987298726736753451e-03
-9.057617187500000000e-02 -2.934714056550546957e-03
-9.033203125000000000e-02 -2.884358157302813197e-03
-9.008789062500000000e-02 -2.836247627456600640e-03
-8.984375000000000000e-02 -2.790397680655587465e-03
-8.959960937500000000e-02 -2.746822140963445236e-03
-8.935546875000000000e-02 -2.705533439055329836e-03
-8.911132812500000000e-02 -2.666542609333077962e-03
-8.886718750000000000e-02 -2.629859287878844043e-03
-8.862304687500000000e-02 -2.595491711389286138e-03
-8.837890625000000000e-02 -2.563446716862927133e-03
-8.813476562500000000e-02 -2.533729742424384312e-03
-8.789062500000000000e-02 -2.506344828674400560e-03
-8.764648437500000000e-02 -2.481294621304641623e-03
-8.740234375000000000e-02 -2.458580374323560136e-03
-8.715820312500000000e-02 -2.438201954248597758e-03
-8.691406250000000000e-02 -2.420157845165249455e-03
-8.666992187500000000e-02 -2.404445154695622477e-03
-8.642578125000000000e-02 -2.391059620663327223e-03
-8.618164062500000000e-02 -2.379995618809971347e-03
-8.593750000000000000e-02 -2.371246171165353189e-03
-8.569335937500000000e-02 -2.364802955398204176e-03
-8.544921875000000000e-02 -2.360656314891684815e-03
-8.520507812500000000e-02 -2.358795269671531969e-03
-8.496093750000000000e-02 -2.359207528073170579e-03
-8.471679687500000000e-02 -2.361879499360952650e-03
-8.447265625000000000e-02 -2.366796306915830428e-03
-8.422851562500000000e-02 -2.373941802360945985e-03
-8.398437500000000000e-02 -2.383298580383552689e-03
-8.374023437500000000e-02 -2.394847994253268553e-03
-8.349609375000000000e-02 -2.408570172207191717e-03
-8.325195312500000000e-02 -2.424444034389239278e-03
-8.300781250000000000e-02 -2.442447310642137381e-03
-8.276367187500000000e-02 -2.462556558910478088e-03
-8.251953125000000000e-02 -2.484747184368529815e-03
-8.227539062500000000e-02 -2.508993459159114536e-03
-8.203125000000000000e-02 -2.535268542857238572e-03
-8.178710937500000000e-02 -2.563544503473735858e-03
-8.154296875000000000e-02 -2.593792339212086517e-03
-8.129882812500000000e-02 -2.625982000694193630e-03
-8.105468750000000000e-02 -2.660082413811437618e-03
-8.081054687500000000e-02 -2.696061503257851655e-03
-8.056640625000000000e-02 -2.733886216418568438e-03
-8.032226562500000000e-02 -2.773522548011442268e-03
-8.007812500000000000e-02 -2.814935565027099074e-03
-7.983398437500000000e-02 -2.858089432379529171e-03
-7.958984375000000000e-02 -2.902947438869318830e-03
-7.934570312500000000e-02 -2.949472023786370301e-03
-7.910156250000000000e-02 -2.997624803768417223e-03
-7.885742187500000000e-02 -3.047366600199552522e-03
-7.861328125000000000e-02 -3.098657467049292791e-03
-7.836914062500000000e-02 -3.151456719024281483e-03
-7.812500000000000000e-02 -3.205722960103685182e-03
-7.788085937500000000e-02 -3.261414112472493798e-03
-7.763671875000000000e-02 -3.318487445753248721e-03
-7.739257812500000000e-02 -3.376899606536198917e-03
-7.714843750000000000e-02 -3.436606648236306683e-03
-7.690429687500000000e-02 -3.497564061234470500e-03
-7.666015625000000000e-02 -3.559726803203488998e-03
-7.641601562500000000e-02 -3.623049329718242006e-03
-7.617187500000000000e-02 -3.687485625050612725e-03
-7.592773437500000000e-02 -3.752989233234416133e-03
-7.568359375000000000e-02 -3.819513289144538248e-03
-7.543945312500000000e-02 -3.887010549945557614e-03
-7.519531250000000000e-02 -3.955433426369836525e-03
-7.495117187500000000e-02 -4.024734014492992173e-03
-7.470703125000000000e-02 -4.094864127154096423e-03
-7.446289062500000000e-02 -4.165775325887466352e-03
-7.421875000000000000e-02 -4.237418952556026852e-03
-7.397460937500000000e-02 -4.309746161183625190e-03
-7.373046875000000000e-02 -4.382707949758923860e-03
-7.348632812500000000e-02 -4.456255191996660869e-03
-7.324218750000000000e-02 -4.530338669141542596e-03
-7.299804687500000000e-02 -4.604909101601606380e-03
-7.275390625000000000e-02 -4.679917180624215689e-03
-7.250976562500000000e-02 -4.755313599758892451e-03
-7.226562500000000000e-02 -4.831049086348571109e-03
-7.202148437500000000e-02 -4.907074432722424717e-03
-7.177734375000000000e-02 -4.983340527402901898e-03
-7.153320312500000000e-02 -5.059798385971703283e-03
-7.128906250000000000e-02 -5.136399181878914533e-03
-7.104492187500000000e-02 -5.213094276967922269e-03
-7.080078125000000000e-02 -5.289835251787167181e-03
-7.055664062500000000e-02 -5.366573935631890890e-03
-7.031250000000000000e-02 -5.443262436344298294e-03
-7.006835937500000000e-02 -5.519853169843713658e-03
-6.982421875000000000e-02 -5.596298889287254497e-03
-6.958007812500000000e-02 -5.672552713946288350e-03
-6.933593750000000000e-02 -5.748568157756039909e-03
-6.909179687500000000e-02 -5.824299157481505063e-03
-6.884765625000000000e-02 -5.899700100528093571e-03
-6.860351562500000000e-02 -5.974725852269102688e-03
-6.835937500000000000e-02 -6.049331783202660517e-03
-6.811523437500000000e-02 -6.123473795327072366e-03
-6.787109375000000000e-02 -6.197108348416691115e-03
-6.762695312500000000e-02 -6.270192485672509974e-03
-6.738281250000000000e-02 -6.342683858818531917e-03
-6.713867187500000000e-02 -6.414540752970765425e-03
-6.689453125000000000e-02 -6.485722110724623235e-03
-6.665039062500000000e-02 -6.556187555958103985e-03
-6.640625000000000000e-02 -6.625897416881798563e-03
-6.616210937500000000e-02 -6.694812748762046795e-03
-6.591796875000000000e-02 -6.762895355961973110e-03
-6.567382812500000000e-02 -6.830107813442509723e-03
-6.542968750000000000e-02 -6.896413487694985633e-03
-6.518554687500000000e-02 -6.961776557020016298e-03
-6.494140625000000000e-02 -7.026162031337435110e-03
-6.469726562500000000e-02 -7.089535771257260421e-03
-6.445312500000000000e-02 -7.151864506525384968e-03
-6.420898437500000000e-02 -7.213115853971885372e-03
-6.396484375000000000e-02 -7.273258334649312928e-03
-6.372070312500000000e-02 -7.332261390388339350e-03
-6.347656250000000000e-02 -7.390095399728124903e-03
-6.323242187500000000e-02 -7.446731693065089530e-03
-6.298828125000000000e-02 -7.502142567318514921e-03
-6.274414062500000000e-02 -7.556301299644019309e-03
-6.250000000000000000e-02 -7.609182160678074069e-03
-6.225585937500000000e-02 -7.660760427029345010e-03
-6.201171875000000000e-02 -7.711012392931593240e-03
-6.176757812500000000e-02 -7.759915381370774412e-03
-6.152343750000000000e-02 -7.807447754416330099e-03
-6.127929687500000000e-02 -7.853588922785093018e-03
-6.103515625000000000e-02 -7.898319354737282083e-03
-6.079101562500000000e-02 -7.941620584304587283e-03
-6.054687500000000000e-02 -7.983475218594549006e-03
-6.030273437500000000e-02 -8.023866944583346594e-03
-6.005859375000000000e-02 -8.062780535027513906e-03
-5.981445312500000000e-02 -8.100201853693533849e-03
-5.957031250000000000e-02 -8.136117859820046760e-03
-5.932617187500000000e-02 -8.170516611897937764e-03
-5.908203125000000000e-02 -8.203387270626194550e-03
-5.883789062500000000e-02 -8.234720101214065835e-03
-5.859375000000000000e-02 -8.264506474858990259e-03
-5.834960937500000000e-02 -8.292738869599247664e-03
-5.810546875000000000e-02 -8.319410870299748240e-03
-5.786132812500000000e-02 -8.344517168012544062e-03
-5.761718750000000000e-02 -8.368053558527321911e-03
-5.737304687500000000e-02 -8.390016940282407631e-03
-5.712890625000000000e-02 -8.410405311494173475e-03
-5.688476562500000000e-02 -8.429217766504848441e-03
-5.664062500000000000e-02 -8.446454491590316138e-03
-5.639648437500000000e-02 -8.462116759886839645e-03
-5.615234375000000000e-02 -8.476206925678297921e-03
-5.590820312500000000e-02 -8.488728418058144598e-03
-5.566406250000000000e-02 -8.499685733752926353e-03
-5.541992187500000000e-02 -8.509084429363156232e-03
-5.517578125000000000e-02 -8.516931112907855095e-03
-5.493164062500000000e-02 -8.523233434701182887e-03
-5.468750000000000000e-02 -8.528000077546948887e-03
-5.444335937500000000e-02 -8.531240746265211783e-03
-5.419921875000000000e-02 -8.532966156650445555e-03
-5.395507812500000000e-02 -8.533188023733373484e-03
-5.371093750000000000e-02 -8.531919049360681129e-03
-5.346679687500000000e-02 -8.529172909362614519e-03
-5.322265625000000000e-02 -8.524964239811083644e-03
-5.297851562500000000e-02 -8.519308622993548852e-03
-5.273437500000000000e-02 -8.512222572633731943e-03
-5.249023437500000000e-02 -8.503723518472838805e-03
-5.224609375000000000e-02 -8.493829790538143243e-03
-5.200195312500000000e-02 -8.482560602601552091e-03
-5.175781250000000000e-02 -8.469936035254477247e-03
-5.151367187500000000e-02 -8.455977018456906080e-03
-5.126953125000000000e-02 -8.440705313503826801e-03
-5.102539062500000000e-02 -8.424143494536906474e-03
-5.078125000000000000e-02 -8.406314929615632536e-03
-5.053710937500000000e-02 -8.387243761205809278e-03
-5.029296875000000000e-02 -8.366954886412258929e-03
-5.004882812500000000e-02 -8.345473936515190871e-03
-4.980468750000000000e-02 -8.322827256336040591e-03
-4.956054687500000000e-02 -8.299041882963820171e-03
-4.931640625000000000e-02 -8.274145524353571091e-03
-4.907226562500000000e-02 -8.248166537242695995e-03
-4.882812500000000000e-02 -8.221133904925181923e-03
-4.858398437500000000e-02 -8.193077214656341312e-03
-4.833984375000000000e-02 -8.164026634617016498e-03
-4.809570312500000000e-02 -8.134012890678832264e-03
-4.785156250000000000e-02 -8.103067242757333588e-03
-4.760742187500000000e-02 -8.071221461079858273e-03
-4.736328125000000000e-02 -8.038507801913397088e-03
-4.711914062500000000e-02 -8.004958983306664777e-03
-4.687500000000000000e-02 -7.970608160405845410e-03
-4.663085937500000000e-02 -7.935488900727705186e-03
-4.638671875000000000e-02 -7.899635159120066419e-03
-4.614257812500000000e-02 -7.863081252466486148e-03
-4.589843750000000000e-02 -7.825861834533043293e-03
-4.565429687500000000e-02 -7.788011870303535034e-03
-4.541015625000000000e-02 -7.749566610456781746e-03
-4.516601562500000000e-02 -7.710561565602347400e-03
-4.492187500000000000e-02 -7.671032480445205692e-03
-4.467773437500000000e-02 -7.631015307936195313e-03
-4.443359375000000000e-02 -7.590546183266155822e-03
-4.418945312500000000e-02 -7.549661397902696081e-03
-4.394531250000000000e-02 -7.508397373598540980e-03
-4.370117187500000000e-02 -7.466790636328823894e-03
-4.345703125000000000e-02 -7.424877790313644255e-03
-4.321289062500000000e-02 -7.382695492012203431e-03
-4.296875000000000000e-02 -7.340280424273259996e-03
-4.272460937500000000e-02 -7.297669270371898165e-03
-4.248046875000000000e-02 -7.254898688302091614e-03
-4.223632812500000000e-02 -7.212005285055056447e-03
-4.199218750000000000e-02 -7.169025591110766982e-03
-4.174804687500000000e-02 -7.125996034915260680e-03
-4.150390625000000000e-02 -7.082952917670581883e-03
-4.125976562500000000e-02 -7.039932388209990677e-03
-4.101562500000000000e-02 -6.996970418015280302e-03
-4.077148437500000000e-02 -6.954102776504100802e-03
-4.052734375000000000e-02 -6.911365006544656353e-03
-4.028320312500000000e-02 -6.868792400126721986e-03
-4.003906250000000000e-02 -6.826419974274244851e-03
-3.979492187500000000e-02 -6.784282447341638544e-03
-3.955078125000000000e-02 -6.742414215423764290e-03
-3.930664062500000000e-02 -6.700849329234870311e-03
-3.906250000000000000e-02 -6.659621471072796339e-03
-3.881835937500000000e-02 -6.618763932323190602e-03
-3.857421875000000000e-02 -6.578309591162678771e-03
-3.833007812500000000e-02 -6.538290890659936849e-03
-3.808593750000000000e-02 -6.498739817232035421e-03
-3.784179687500000000e-02 -6.459687879441844416e-03
-3.759765625000000000e-02 -6.421166087292817792e-03
-3.735351562500000000e-02 -6.383204931765362744e-03
-3.710937500000000000e-02 -6.345834364921643100e-03
-3.686523437500000000e-02 -6.309083780323021529e-03
-3.662109375000000000e-02 -6.272981994001725070e-03
-3.637695312500000000e-02 -6.237557225716727771e-03
-3.613281250000000000e-02 -6.202837080877543485e-03
-3.588867187500000000e-02 -6.168848532752235769e-03
-3.564453125000000000e-02 -6.135617905300705388e-03
-3.540039062500000000e-02 -6.103170856420092605e-03
-3.515625000000000000e-02 -6.071532361730191951e-03
-3.491210937500000000e-02 -6.040726698842036058e-03
-3.466796875000000000e-02 -6.010777432223335381e-03
-3.442382812500000000e-02 -5.981707398490243577e-03
-3.417968750000000000e-02 -5.953538692352822181e-03
-3.393554687500000000e-02 -5.926292652986830944e-03
-3.369140625000000000e-02 -5.899989851059217472e-03
-3.344726562500000000e-02 -5.874650076350462768e-03
-3.320312500000000000e-02 -5.850292325760619860e-03
-3.295898437500000000e-02 -5.826934792153792841e-03
-3.271484375000000000e-02 -5.804594853543676436e-03
-3.247070312500000000e-02 -5.783289063060692570e-03
-3.222656250000000000e-02 -5.763033139416506856e-03
-3.198242187500000000e-02 -5.743841957936979270e-03
-3.173828125000000000e-02 -5.725729542319868415e-03
-3.149414062500000000e-02 -5.708709056932548265e-03
-3.125000000000000000e-02 -5.692792799663948244e-03
-3.100585937500000000e-02 -5.677992195501246897e-03
-3.076171875000000000e-02 -5.664317790731843161e-03
-3.051757812500000000e-02 -5.651779247642707560e-03
-3.027343750000000000e-02 -5.640385339930276132e-03
-3.002929687500000000e-02 -5.630143948806676235e-03
-2.978515625000000000e-02 -5.621062059560699709e-03
-2.954101562500000000e-02 -5.613145758914583894e-03
-2.929687500000000000e-02 -5.606400232935015993e-03
-2.905273437500000000e-02 -5.600829765540993321e-03
-2.880859375000000000e-02 -5.596437737722226302e-03
-2.856445312500000000e-02 -5.593226627368608206e-03
-2.832031250000000000e-02 -5.591198009668119084e-03
-2.807617187500000000e-02 -5.590352558130007310e-03
-2.783203125000000000e-02 -5.590690046417989834e-03
-2.758789062500000000e-02 -5.592209350510302102e-03
-2.734375000000000000e-02 -5.594908451726610110e-03
-2.709960937500000000e-02 -5.598784440209669810e-03
-2.685546875000000000e-02 -5.603833519174372668e-03
-2.661132812500000000e-02 -5.610051009597327720e-03
-2.636718750000000000e-02 -5.617431355631197221e-03
-2.612304687500000000e-02 -5.625968130601677331e-03
-2.587890625000000000e-02 -5.635654043487647868e-03
-2.563476562500000000e-02 -5.646480946239762488e-03
-2.539062500000000000e-02 -5.658439841369045098e-03
-2.514648437500000000e-02 -5.671520890388137559e-03
-2.490234375000000000e-02 -5.685713422593607902e-03
-2.465820312500000000e-02 -5.701005944658277258e-03
-2.441406250000000000e-02 -5.717386150507763887e-03
-2.416992187500000000e-02 -5.734840932007045922e-03
-2.392578125000000000e-02 -5.753356389973873775e-03
-2.368164062500000000e-02 -5.772917845831671002e-03
-2.343750000000000000e-02 -5.793509853845080215e-03
-2.319335937500000000e-02 -5.815116213682358648e-03
-2.294921875000000000e-02 -5.837719983688316461e-03
-2.270507812500000000e-02 -5.861303494484104704e-03
-2.246093750000000000e-02 -5.885848363220702595e-03
-2.221679687500000000e-02 -5.911335508116621895e-03
-2.197265625000000000e-02 -5.937745163635099743e-03
-2.172851562500000000e-02 -5.965056895959719441e-03
-2.148437500000000000e-02 -5.993249619081097990e-03
-2.124023437500000000e-02 -6.022301611167790725e-03
-2.099609375000000000e-02 -6.052190531420365005e-03
-2.075195312500000000e-02 -6.082893437337588693e-03
-2.050781250000000000e-02 -6.114386802337890003e-03
-2.026367187500000000e-02 -6.146646533821353842e-03
-2.001953125000000000e-02 -6.179647991544356955e-03
-1.977539062500000000e-02 -6.213366006392107010e-03
-1.953125000000000000e-02 -6.247774899449609620e-03
-1.928710937500000000e-02 -6.282848501456328449e-03
-1.904296875000000000e-02 -6.318560172530851560e-03
-1.879882812500000000e-02 -6.354882822265039977e-03
-1.855468750000000000e-02 -6.391788929946073949e-03
-1.831054687500000000e-02 -6.429250565275879126e-03
-1.806640625000000000e-02 -6.467239409190028709e-03
-1.782226562500000000e-02 -6.505726774960862713e-03
-1.757812500000000000e-02 -6.544683629570613448e-03
-1.733398437500000000e-02 -6.584080615212428711e-03
-1.708984375000000000e-02 -6.623888071089822915e-03
-1.684570312500000000e-02 -6.664076055358236772e-03
-1.660156250000000000e-02 -6.704614367222916371e-03
-1.635742187500000000e-02 -6.745472569164689958e-03
-1.611328125000000000e-02 -6.786620009449961799e-03
-1.586914062500000000e-02 -6.828025844527019217e-03
-1.562500000000000000e-02 -6.869659061777610987e-03
-1.538085937500000000e-02 -6.911488502169049752e-03
-1.513671875000000000e-02 -6.953482883048422991e-03
-1.489257812500000000e-02 -6.995610821135755941e-03
-1.464843750000000000e-02 -7.037840855247168292e-03
-1.440429687500000000e-02 -7.080141469373302243e-03
-1.416015625000000000e-02 -7.122481115629852866e-03
-1.391601562500000000e-02 -7.164828237108622488e-03
-1.367187500000000000e-02 -7.207151290899105334e-03
-1.342773437500000000e-02 -7.249418770982174465e-03
-1.318359375000000000e-02 -7.291599231066925313e-03
-1.293945312500000000e-02 -7.333661307356464931e-03
-1.269531250000000000e-02 -7.375573741285279539e-03
-1.245117187500000000e-02 -7.417305402128704372e-03
-1.220703125000000000e-02 -7.458825309498706702e-03
-1.196289062500000000e-02 -7.500102655711771149e-03
-1.171875000000000000e-02 -7.541106828000465612e-03
-1.147460937500000000e-02 -7.581807430625531197e-03
-1.123046875000000000e-02 -7.622174306746387629e-03
-1.098632812500000000e-02 -7.662177560149530109e-03
-1.074218750000000000e-02 -7.701787576777974209e-03
-1.049804687500000000e-02 -7.740975045948061961e-03
-1.025390625000000000e-02 -7.779710981523635382e-03
-1.000976562500000000e-02 -7.817966742635462651e-03
-9.765625000000000000e-03 -7.855714054272766589e-03
-9.521484375000000000e-03 -7.892925027604746901e-03
-9.277343750000000000e-03 -7.929572179932620202e-03
-9.033203125000000000e-03 -7.965628454357442934e-03
-8.789062500000000000e-03 -8.001067239234771478e-03
-8.544921875000000000e-03 -8.035862387146153196e-03
-8.300781250000000000e-03 -8.069988233657454657e-03
-8.056640625000000000e-03 -8.103419615679285926e-03
-7.812500000000000000e-03 -8.136131889415310070e-03
-7.568359375000000000e-03 -8.168100947997913863e-03
-7.324218750000000000e-03 -8.199303238711763697e-03
-7.080078125000000000e-03 -8.229715779805246711e-03
-6.835937500000000000e-03 -8.259316176875586279e-03
-6.591796875000000000e-03 -8.288082638884475273e-03
-6.347656250000000000e-03 -8.315993993690540265e-03
-6.103515625000000000e-03 -8.343029703098636674e-03
-5.859375000000000000e-03 -8.369169877582294248e-03
-5.615234375000000000e-03 -8.394395290409306654e-03
-5.371093750000000000e-03 -8.418687391298362854e-03
-5.126953125000000000e-03 -8.442028319763039690e-03
-4.882812500000000000e-03 -8.464400917674197444e-03
-4.638671875000000000e-03 -8.485788741566580029e-03
-4.394531250000000000e-03 -8.506176074320137559e-03
-4.150390625000000000e-03 -8.525547936343969013e-03
-3.906250000000000000e-03 -8.543890096234463272e-03
-3.662109375000000000e-03 -8.561189080879216817e-03
-3.417968750000000000e-03 -8.577432185091993233e-03
-3.173828125000000000e-03 -8.592607480579772528e-03
-2.929687500000000000e-03 -8.606703824455053109e-03
-2.685546875000000000e-03 -8.619710867165508716e-03
-2.441406250000000000e-03 -8.631619059812578598e-03
-2.197265625000000000e-03 -8.642419661015310339e-03
-1.953125000000000000e-03 -8.652104743006816534e-03
-1.708984375000000000e-03 -8.660667197347038382e-03
-1.464843750000000000e-03 -8.668100739996020820e-03
-1.220703125000000000e-03 -8.674399915662434069e-03
-9.765625000000000000e-04 -8.679560101811034656e-03
-7.324218750000000000e-04 -8.683577511874318589e-03
-4.882812500000000000e-04 -8.686449197938372890e-03
-2.441406250000000000e-04 -8.688173052846082101e-03
0.000000000000000000e+00 -8.688747811731900583e-03
2.441406250000000000e-04 -8.688173052846082101e-03
4.882812500000000000e-04 -8.686449197938372890e-03
7.324218750000000000e-04 -8.683577511874318589e-03
9.765625000000000000e-04 -8.679560101811034656e-03
1.220703125000000000e-03 -8.674399915662434069e-03
1.464843750000000000e-03 -8.668100739996020820e-03
1.708984375000000000e-03 -8.660667197347038382e-03
1.953125000000000000e-03 -8.652104743006816534e-03
2.197265625000000000e-03 -8.642419661015310339e-03
2.441406250000000000e-03 -8.631619059812578598e-03
2.685546875000000000e-03 -8.619710867165508716e-03
2.929687500000000000e-03 -8.606703824455053109e-03
3.173828125000000000e-03 -8.592607480579772528e-03
3.417968750000000000e-03 -8.577432185091993233e-03
3.662109375000000000e-03 -8.561189080879216817e-03
3.906250000000000000e-03 -8.543890096234463272e-03
4.150390625000000000e-03 -8.525547936343969013e-03
4.394531250000000000e-03 -8.506176074320137559e-03
4.638671875000000000e-03 -8.485788741566580029e-03
4.882812500000000000e-03 -8.464400917674197444e-03
5.126953125000000000e-03 -8.442028319763039690e-03
5.371093750000000000e-03 -8.418687391298362854e-03
5.615234375000000000e-03 -8.394395290409306654e-03
5.859375000000000000e-03 -8.369169877582294248e-03
6.103515625000000000e-03 -8.343029703098636674e-03
6.347656250000000000e-03 -8.315993993690540265e-03
6.591796875000000000e-03 -8.288082638884475273e-03
6.835937500000000000e-03 -8.259316176875586279e-03
7.080078125000000000e-03 -8.229715779805246711e-03
7.324218750000000000e-03 -8.199303238711763697e-03
7.568359375000000000e-03 -8.168100947997913863e-03
7.812500000000000000e-03 -8.136131889415310070e-03
8.056640625000000000e-03 -8.103419615679285926e-03
8.300781250000000000e-03 -8.069988233657454657e-03
8.544921875000000000e-03 -8.035862387146153196e-03
8.789062500000000000e-03 -8.001067239234771478e-03
9.033203125000000000e-03 -7.965628454357442934e-03
9.277343750000000000e-03 -7.929572179932620202e-03
9.521484375000000000e-03 -7.892925027604746901e-03
9.765625000000000000e-03 -7.855714054272766589e-03
1.000976562500000000e-02 -7.817966742621251797e-03
1.025390625000000000e-02 -7.779710981523635382e-03
1.049804687500000000e-02 -7.740975045948061961e-03
1.074218750000000000e-02 -7.701787576777974209e-03
1.098632812500000000e-02 -7.662177560163740964e-03
1.123046875000000000e-02 -7.622174306746387629e-03
1.147460937500000000e-02 -7.581807430625531197e-03
1.171875000000000000e-02 -7.541106828000465612e-03
1.196289062500000000e-02 -7.500102655711771149e-03
1.220703125000000000e-02 -7.458825309498706702e-03
1.245117187500000000e-02 -7.417305402128704372e-03
1.269531250000000000e-02 -7.375573741285279539e-03
1.293945312500000000e-02 -7.333661307342254077e-03
1.318359375000000000e-02 -7.291599231066925313e-03
1.342773437500000000e-02 -7.249418770982174465e-03
1.367187500000000000e-02 -7.207151290899105334e-03
1.391601562500000000e-02 -7.164828237108622488e-03
1.416015625000000000e-02 -7.122481115629852866e-03
1.440429687500000000e-02 -7.080141469373302243e-03
1.464843750000000000e-02 -7.037840855247168292e-03
1.489257812500000000e-02 -6.995610821121545086e-03
1.513671875000000000e-02 -6.953482883048422991e-03
1.538085937500000000e-02 -6.911488502169049752e-03
1.562500000000000000e-02 -6.869659061777610987e-03
1.586914062500000000e-02 -6.828025844527019217e-03
1.611328125000000000e-02 -6.786620009449961799e-03
1.635742187500000000e-02 -6.745472569164689958e-03
1.660156250000000000e-02 -6.704614367222916371e-03
1.684570312500000000e-02 -6.664076055358236772e-03
1.708984375000000000e-02 -6.623888071089822915e-03
1.733398437500000000e-02 -6.584080615212428711e-03
1.757812500000000000e-02 -6.544683629570613448e-03
1.782226562500000000e-02 -6.505726774960862713e-03
1.806640625000000000e-02 -6.467239409190028709e-03
1.831054687500000000e-02 -6.429250565275879126e-03
1.855468750000000000e-02 -6.391788929946073949e-03
1.879882812500000000e-02 -6.354882822265039977e-03
1.904296875000000000e-02 -6.318560172530851560e-03
1.928710937500000000e-02 -6.282848501456328449e-03
1.953125000000000000e-02 -6.247774899449609620e-03
1.977539062500000000e-02 -6.213366006392107010e-03
2.001953125000000000e-02 -6.179647991544356955e-03
2.026367187500000000e-02 -6.146646533821353842e-03
2.050781250000000000e-02 -6.114386802337890003e-03
2.075195312500000000e-02 -6.082893437337588693e-03
2.099609375000000000e-02 -6.052190531420365005e-03
2.124023437500000000e-02 -6.022301611167790725e-03
2.148437500000000000e-02 -5.993249619081097990e-03
2.172851562500000000e-02 -5.965056895959719441e-03
2.197265625000000000e-02 -5.937745163635099743e-03
2.221679687500000000e-02 -5.911335508116621895e-03
2.246093750000000000e-02 -5.885848363220702595e-03
2.270507812500000000e-02 -5.861303494498315558e-03
2.294921875000000000e-02 -5.837719983688316461e-03
2.319335937500000000e-02 -5.815116213682358648e-03
2.343750000000000000e-02 -5.793509853845080215e-03
2.368164062500000000e-02 -5.772917845831671002e-03
2.392578125000000000e-02 -5.753356389973873775e-03
2.416992187500000000e-02 -5.734840932007045922e-03
2.441406250000000000e-02 -5.717386150507763887e-03
2.465820312500000000e-02 -5.701005944658277258e-03
2.490234375000000000e-02 -5.685713422593607902e-03
2.514648437500000000e-02 -5.671520890388137559e-03
2.539062500000000000e-02 -5.658439841369045098e-03
2.563476562500000000e-02 -5.646480946239762488e-03
2.587890625000000000e-02 -5.635654043487647868e-03
2.612304687500000000e-02 -5.625968130587466476e-03
2.636718750000000000e-02 -5.617431355631197221e-03
2.661132812500000000e-02 -5.610051009597327720e-03
2.685546875000000000e-02 -5.603833519174372668e-03
2.709960937500000000e-02 -5.598784440209669810e-03
2.734375000000000000e-02 -5.594908451726610110e-03
2.758789062500000000e-02 -5.592209350510302102e-03
2.783203125000000000e-02 -5.590690046417989834e-03
2.807617187500000000e-02 -5.590352558130007310e-03
2.832031250000000000e-02 -5.591198009668119084e-03
2.856445312500000000e-02 -5.593226627382819061e-03
2.880859375000000000e-02 -5.596437737722226302e-03
2.905273437500000000e-02 -5.600829765540993321e-03
2.929687500000000000e-02 -5.606400232935015993e-03
2.954101562500000000e-02 -5.613145758914583894e-03
2.978515625000000000e-02 -5.621062059560699709e-03
3.002929687500000000e-02 -5.630143948806676235e-03
3.027343750000000000e-02 -5.640385339930276132e-03
3.051757812500000000e-02 -5.651779247642707560e-03
3.076171875000000000e-02 -5.664317790731843161e-03
3.100585937500000000e-02 -5.677992195501246897e-03
3.125000000000000000e-02 -5.692792799663948244e-03
3.149414062500000000e-02 -5.708709056932548265e-03
3.173828125000000000e-02 -5.725729542319868415e-03
3.198242187500000000e-02 -5.743841957936979270e-03
3.222656250000000000e-02 -5.763033139416506856e-03
3.247070312500000000e-02 -5.783289063060692570e-03
3.271484375000000000e-02 -5.804594853543676436e-03
3.295898437500000000e-02 -5.826934792153792841e-03
3.320312500000000000e-02 -5.850292325760619860e-03
3.344726562500000000e-02 -5.874650076350462768e-03
3.369140625000000000e-02 -5.899989851059217472e-03
3.393554687500000000e-02 -5.926292652986830944e-03
3.417968750000000000e-02 -5.953538692352822181e-03
3.442382812500000000e-02 -5.981707398490243577e-03
3.466796875000000000e-02 -6.010777432223335381e-03
3.491210937500000000e-02 -6.040726698842036058e-03
3.515625000000000000e-02 -6.071532361730191951e-03
3.540039062500000000e-02 -6.103170856420092605e-03
3.564453125000000000e-02 -6.135617905300705388e-03
3.588867187500000000e-02 -6.168848532752235769e-03
3.613281250000000000e-02 -6.202837080877543485e-03
3.637695312500000000e-02 -6.237557225716727771e-03
3.662109375000000000e-02 -6.272981994001725070e-03
3.686523437500000000e-02 -6.309083780323021529e-03
3.710937500000000000e-02 -6.345834364921643100e-03
3.735351562500000000e-02 -6.383204931765362744e-03
3.759765625000000000e-02 -6.421166087292817792e-03
3.784179687500000000e-02 -6.459687879441844416e-03
3.808593750000000000e-02 -6.498739817232035421e-03
3.833007812500000000e-02 -6.538290890659936849e-03
3.857421875000000000e-02 -6.578309591162678771e-03
3.881835937500000000e-02 -6.618763932323190602e-03
3.906250000000000000e-02 -6.659621471072796339e-03
3.930664062500000000e-02 -6.700849329234870311e-03
3.955078125000000000e-02 -6.742414215423764290e-03
3.979492187500000000e-02 -6.784282447341638544e-03
4.003906250000000000e-02 -6.826419974274244851e-03
4.028320312500000000e-02 -6.868792400126721986e-03
4.052734375000000000e-02 -6.911365006544656353e-03
4.077148437500000000e-02 -6.954102776504100802e-03
4.101562500000000000e-02 -6.996970418015280302e-03
4.125976562500000000e-02 -7.039932388209990677e-03
4.150390625000000000e-02 -7.082952917670581883e-03
4.174804687500000000e-02 -7.125996034915260680e-03
4.199218750000000000e-02 -7.169025591110766982e-03
4.223632812500000000e-02 -7.212005285055056447e-03
4.248046875000000000e-02 -7.254898688302091614e-03
4.272460937500000000e-02 -7.297669270371898165e-03
4.296875000000000000e-02 -7.340280424273259996e-03
4.321289062500000000e-02 -7.382695492012203431e-03
4.345703125000000000e-02 -7.424877790313644255e-03
4.370117187500000000e-02 -7.466790636328823894e-03
4.394531250000000000e-02 -7.508397373598540980e-03
4.418945312500000000e-02 -7.549661397902696081e-03
4.443359375000000000e-02 -7.590546183266155822e-03
4.467773437500000000e-02 -7.631015307936195313e-03
4.492187500000000000e-02 -7.671032480445205692e-03
4.516601562500000000e-02 -7.710561565602347400e-03
4.541015625000000000e-02 -7.749566610456781746e-03
4.565429687500000000e-02 -7.788011870303535034e-03
4.589843750000000000e-02 -7.825861834533043293e-03
4.614257812500000000e-02 -7.863081252466486148e-03
4.638671875000000000e-02 -7.899635159120066419e-03
4.663085937500000000e-02 -7.935488900741916041e-03
4.687500000000000000e-02 -7.970608160405845410e-03
4.711914062500000000e-02 -8.004958983306664777e-03
4.736328125000000000e-02 -8.038507801913397088e-03
4.760742187500000000e-02 -8.071221461079858273e-03
4.785156250000000000e-02 -8.103067242757333588e-03
4.809570312500000000e-02 -8.134012890678832264e-03
4.833984375000000000e-02 -8.164026634617016498e-03
4.858398437500000000e-02 -8.193077214656341312e-03
4.882812500000000000e-02 -8.221133904925181923e-03
4.907226562500000000e-02 -8.248166537242695995e-03
4.931640625000000000e-02 -8.274145524353571091e-03
4.956054687500000000e-02 -8.299041882963820171e-03
4.980468750000000000e-02 -8.322827256336040591e-03
5.004882812500000000e-02 -8.345473936515190871e-03
5.029296875000000000e-02 -8.366954886398048075e-03
5.053710937500000000e-02 -8.387243761205809278e-03
5.078125000000000000e-02 -8.406314929615632536e-03
5.102539062500000000e-02 -8.424143494536906474e-03
5.126953125000000000e-02 -8.440705313503826801e-03
5.151367187500000000e-02 -8.455977018456906080e-03
5.175781250000000000e-02 -8.469936035254477247e-03
5.200195312500000000e-02 -8.482560602601552091e-03
5.224609375000000000e-02 -8.493829790538143243e-03
5.249023437500000000e-02 -8.503723518472838805e-03
5.273437500000000000e-02 -8.512222572633731943e-03
5.297851562500000000e-02 -8.519308622993548852e-03
5.322265625000000000e-02 -8.524964239811083644e-03
5.346679687500000000e-02 -8.529172909362614519e-03
5.371093750000000000e-02 -8.531919049360681129e-03
5.395507812500000000e-02 -8.533188023733373484e-03
5.419921875000000000e-02 -8.532966156650445555e-03
5.444335937500000000e-02 -8.531240746265211783e-03
5.468750000000000000e-02 -8.528000077546948887e-03
5.493164062500000000e-02 -8.523233434701182887e-03
5.517578125000000000e-02 -8.516931112907855095e-03
5.541992187500000000e-02 -8.509084429363156232e-03
5.566406250000000000e-02 -8.499685733752926353e-03
5.590820312500000000e-02 -8.488728418058144598e-03
5.615234375000000000e-02 -8.476206925678297921e-03
5.639648437500000000e-02 -8.462116759886839645e-03
5.664062500000000000e-02 -8.446454491590316138e-03
5.688476562500000000e-02 -8.429217766504848441e-03
5.712890625000000000e-02 -8.410405311494173475e-03
5.737304687500000000e-02 -8.390016940282407631e-03
5.761718750000000000e-02 -8.368053558527321911e-03
5.786132812500000000e-02 -8.344517168012544062e-03
5.810546875000000000e-02 -8.319410870299748240e-03
5.834960937500000000e-02 -8.292738869599247664e-03
5.859375000000000000e-02 -8.264506474858990259e-03
5.883789062500000000e-02 -8.234720101214065835e-03
5.908203125000000000e-02 -8.203387270626194550e-03
5.932617187500000000e-02 -8.170516611897937764e-03
5.957031250000000000e-02 -8.136117859820046760e-03
5.981445312500000000e-02 -8.100201853693533849e-03
6.005859375000000000e-02 -8.062780535027513906e-03
6.030273437500000000e-02 -8.023866944583346594e-03
6.054687500000000000e-02 -7.983475218594549006e-03
6.079101562500000000e-02 -7.941620584304587283e-03
6.103515625000000000e-02 -7.898319354737282083e-03
6.127929687500000000e-02 -7.853588922785093018e-03
6.152343750000000000e-02 -7.807447754416330099e-03
6.176757812500000000e-02 -7.759915381370774412e-03
6.201171875000000000e-02 -7.711012392931593240e-03
6.225585937500000000e-02 -7.660760427029345010e-03
6.250000000000000000e-02 -7.609182160678074069e-03
6.274414062500000000e-02 -7.556301299644019309e-03
6.298828125000000000e-02 -7.502142567318514921e-03
6.323242187500000000e-02 -7.446731693065089530e-03
6.347656250000000000e-02 -7.390095399728124903e-03
6.372070312500000000e-02 -7.332261390388339350e-03
6.396484375000000000e-02 -7.273258334649312928e-03
6.420898437500000000e-02 -7.213115853986096226e-03
6.445312500000000000e-02 -7.151864506525384968e-03
6.469726562500000000e-02 -7.089535771257260421e-03
6.494140625000000000e-02 -7.026162031337435110e-03
6.518554687500000000e-02 -6.961776557020016298e-03
6.542968750000000000e-02 -6.896413487694985633e-03
6.567382812500000000e-02 -6.830107813442509723e-03
6.591796875000000000e-02 -6.762895355961973110e-03
6.616210937500000000e-02 -6.694812748762046795e-03
6.640625000000000000e-02 -6.625897416881798563e-03
6.665039062500000000e-02 -6.556187555958103985e-03
6.689453125000000000e-02 -6.485722110724623235e-03
6.713867187500000000e-02 -6.414540752956554570e-03
6.738281250000000000e-02 -6.342683858818531917e-03
6.762695312500000000e-02 -6.270192485672509974e-03
6.787109375000000000e-02 -6.197108348416691115e-03
6.811523437500000000e-02 -6.123473795327072366e-03
6.835937500000000000e-02 -6.049331783202660517e-03
6.860351562500000000e-02 -5.974725852269102688e-03
6.884765625000000000e-02 -5.899700100528093571e-03
6.909179687500000000e-02 -5.824299157481505063e-03
6.933593750000000000e-02 -5.748568157756039909e-03
6.958007812500000000e-02 -5.672552713946288350e-03
6.982421875000000000e-02 -5.596298889287254497e-03
7.006835937500000000e-02 -5.519853169843713658e-03
7.031250000000000000e-02 -5.443262436344298294e-03
7.055664062500000000e-02 -5.366573935631890890e-03
7.080078125000000000e-02 -5.289835251787167181e-03
7.104492187500000000e-02 -5.213094276967922269e-03
7.128906250000000000e-02 -5.136399181878914533e-03
7.153320312500000000e-02 -5.059798385971703283e-03
7.177734375000000000e-02 -4.983340527402901898e-03
7.202148437500000000e-02 -4.907074432722424717e-03
7.226562500000000000e-02 -4.831049086348571109e-03
7.250976562500000000e-02 -4.755313599758892451e-03
7.275390625000000000e-02 -4.679917180624215689e-03
7.299804687500000000e-02 -4.604909101601606380e-03
7.324218750000000000e-02 -4.530338669141542596e-03
7.348632812500000000e-02 -4.456255191996660869e-03
7.373046875000000000e-02 -4.382707949758923860e-03
7.397460937500000000e-02 -4.309746161183625190e-03
7.421875000000000000e-02 -4.237418952556026852e-03
7.446289062500000000e-02 -4.165775325887466352e-03
7.470703125000000000e-02 -4.094864127154096423e-03
7.495117187500000000e-02 -4.024734014492992173e-03
7.519531250000000000e-02 -3.955433426369836525e-03
7.543945312500000000e-02 -3.887010549945557614e-03
7.568359375000000000e-02 -3.819513289144538248e-03
7.592773437500000000e-02 -3.752989233234416133e-03
7.617187500000000000e-02 -3.687485625050612725e-03
7.641601562500000000e-02 -3.623049329718242006e-03
7.666015625000000000e-02 -3.559726803203488998e-03
7.690429687500000000e-02 -3.497564061234470500e-03
7.714843750000000000e-02 -3.436606648236306683e-03
7.739257812500000000e-02 -3.376899606536198917e-03
7.763671875000000000e-02 -3.318487445753248721e-03
7.788085937500000000e-02 -3.261414112472493798e-03
7.812500000000000000e-02 -3.205722960103685182e-03
7.836914062500000000e-02 -3.151456719024281483e-03
7.861328125000000000e-02 -3.098657467063503645e-03
7.885742187500000000e-02 -3.047366600199552522e-03
7.910156250000000000e-02 -2.997624803768417223e-03
7.934570312500000000e-02 -2.949472023786370301e-03
7.958984375000000000e-02 -2.902947438869318830e-03
7.983398437500000000e-02 -2.858089432379529171e-03
8.007812500000000000e-02 -2.814935565027099074e-03
8.032226562500000000e-02 -2.773522548011442268e-03
8.056640625000000000e-02 -2.733886216418568438e-03
8.081054687500000000e-02 -2.696061503257851655e-03
8.105468750000000000e-02 -2.660082413811437618e-03
8.129882812500000000e-02 -2.625982000694193630e-03
8.154296875000000000e-02 -2.593792339212086517e-03
8.178710937500000000e-02 -2.563544503473735858e-03
8.203125000000000000e-02 -2.535268542857238572e-03
8.227539062500000000e-02 -2.508993459159114536e-03
8.251953125000000000e-02 -2.484747184368529815e-03
8.276367187500000000e-02 -2.462556558910478088e-03
8.300781250000000000e-02 -2.442447310627926527e-03
8.325195312500000000e-02 -2.424444034389239278e-03
8.349609375000000000e-02 -2.408570172207191717e-03
8.374023437500000000e-02 -2.394847994253268553e-03
8.398437500000000000e-02 -2.383298580383552689e-03
8.422851562500000000e-02 -2.373941802360945985e-03
8.447265625000000000e-02 -2.366796306915830428e-03
8.471679687500000000e-02 -2.361879499360952650e-03
8.496093750000000000e-02 -2.359207528073170579e-03
8.520507812500000000e-02 -2.358795269671531969e-03
8.544921875000000000e-02 -2.360656314891684815e-03
8.569335937500000000e-02 -2.364802955398204176e-03
8.593750000000000000e-02 -2.371246171165353189e-03
8.618164062500000000e-02 -2.379995618809971347e-03
8.642578125000000000e-02 -2.391059620663327223e-03
8.666992187500000000e-02 -2.404445154695622477e-03
8.691406250000000000e-02 -2.420157845165249455e-03
8.715820312500000000e-02 -2.438201954248597758e-03
8.740234375000000000e-02 -2.458580374323560136e-03
8.764648437500000000e-02 -2.481294621304641623e-03
8.789062500000000000e-02 -2.506344828674400560e-03
8.813476562500000000e-02 -2.533729742424384312e-03
8.837890625000000000e-02 -2.563446716862927133e-03
8.862304687500000000e-02 -2.595491711389286138e-03
8.886718750000000000e-02 -2.629859287878844043e-03
8.911132812500000000e-02 -2.666542609333077962e-03
8.935546875000000000e-02 -2.705533439055329836e-03
8.959960937500000000e-02 -2.746822140963445236e-03
8.984375000000000000e-02 -2.790397680655587465e-03
9.008789062500000000e-02 -2.836247627470811494e-03
9.033203125000000000e-02 -2.884358157302813197e-03
9.057617187500000000e-02 -2.934714056550546957e-03
9.082031250000000000e-02 -2.987298726736753451e-03
9.106445312500000000e-02 -3.042094190092825556e-03
9.130859375000000000e-02 -3.099081096138434077e-03
9.155273437500000000e-02 -3.158238729042750492e-03
9.179687500000000000e-02 -3.219545015937796961e-03
9.204101562500000000e-02 -3.282976536141291035e-03
9.228515625000000000e-02 -3.348508531217930795e-03
9.252929687500000000e-02 -3.416114915978596400e-03
9.277343750000000000e-02 -3.485768290317992069e-03
9.301757812500000000e-02 -3.557439952004415318e-03
9.326171875000000000e-02 -3.631099910336388348e-03
9.350585937500000000e-02 -3.706716900481410448e-03
9.375000000000000000e-02 -3.784258399022633057e-03
9.399414062500000000e-02 -3.863690640073969007e-03
9.423828125000000000e-02 -3.944978632361539894e-03
9.448242187500000000e-02 -4.028086177157774728e-03
9.472656250000000000e-02 -4.112975886968683881e-03
9.497070312500000000e-02 -4.199609205201682016e-03
9.521484375000000000e-02 -4.287946426444477765e-03
9.545898437500000000e-02 -4.377946717710301527e-03
9.570312500000000000e-02 -4.469568140450519422e-03
9.594726562500000000e-02 -4.562767673220946563e-03
9.619140625000000000e-02 -4.657501235357131009e-03
9.643554687500000000e-02 -4.753723711132806784e-03
9.667968750000000000e-02 -4.851388974927317577e-03
9.692382812500000000e-02 -4.950449916904631209e-03
9.716796875000000000e-02 -5.050858469616059665e-03
9.741210937500000000e-02 -5.152565635029304758e-03
9.765625000000000000e-02 -5.255521512651739613e-03
9.790039062500000000e-02 -5.359675327866852967e-03
9.814453125000000000e-02 -5.464975461308085869e-03
9.838867187500000000e-02 -5.571369478644783158e-03
9.863281250000000000e-02 -5.678804161064476830e-03
9.887695312500000000e-02 -5.787225536423079575e-03
9.912109375000000000e-02 -5.896578910892458225e-03
9.936523437500000000e-02 -6.006808901148019686e-03
9.960937500000000000e-02 -6.117859467252628747e-03
9.985351562500000000e-02 -6.229673945995273243e-03
1.000976562500000000e-01 -6.342195084641844005e-03
1.003417968750000000e-01 -6.455365075325403268e-03
1.005859375000000000e-01 -6.569125589891200434e-03
1.008300781250000000e-01 -6.683417815054326638e-03
1.010742187500000000e-01 -6.798182488168436066e-03
1.013183593750000000e-01 -6.913359933264473511e-03
1.015625000000000000e-01 -7.028890097544149285e-03
1.018066406250000000e-01 -7.144712588186052926e-03
1.020507812500000000e-01 -7.260766709535459995e-03
1.022949218750000000e-01 -7.376991500635199372e-03
1.025390625000000000e-01 -7.493325772884418257e-03
1.027832031250000000e-01 -7.609708148223148783e-03
1.030273437500000000e-01 -7.726077097302663788e-03
1.032714843750000000e-01 -7.842370978067947362e-03
1.035156250000000000e-01 -7.958528074453852241e-03
1.037597656250000000e-01 -8.074486635209154883e-03
1.040039062500000000e-01 -8.190184912933773376e-03
1.042480468750000000e-01 -8.305561203215461319e-03
1.044921875000000000e-01 -8.420553883894399405e-03
1.047363281250000000e-01 -8.535101454256732723e-03
1.049804687500000000e-01 -8.649142574455481736e-03
1.052246093750000000e-01 -8.762616104831977282e-03
1.054687500000000000e-01 -8.875461145208873859e-03
1.057128906250000000e-01 -8.987617074282638896e-03
1.059570312500000000e-01 -9.099023588717614075e-03
1.062011718750000000e-01 -9.209620742424817763e-03
1.064453125000000000e-01 -9.319348985513897787e-03
1.066894531250000000e-01 -9.428149203159819081e-03
1.069335937500000000e-01 -9.535962754313231926e-03
1.071777343750000000e-01 -9.642731510268731654e-03
1.074218750000000000e-01 -9.748397892863636116e-03
1.076660156250000000e-01 -9.852904912534654613e-03
1.079101562500000000e-01 -9.956196206061918019e-03
1.081542968750000000e-01 -1.005821607405721352e-02
1.083984375000000000e-01 -1.015890951799747199e-02
1.086425781250000000e-01 -1.025822227700246003e-02
1.088867187500000000e-01 -1.035610086422877885e-02
1.091308593750000000e-01 -1.045249260278069414e-02
1.093750000000000000e-01 -1.054734566125148376e-02
1.096191406250000000e-01 -1.064060908871056199e-02
1.098632812500000000e-01 -1.073223284936375421e-02
1.101074218750000000e-01 -1.082216785646039625e-02
1.103515625000000000e-01 -1.091036600590200578e-02
1.105957031250000000e-01 -1.099678020911198928e-02
1.108398437500000000e-01 -1.108136442537954736e-02
1.110839843750000000e-01 -1.116407369356409163e-02
1.113281250000000000e-01 -1.124486416321701654e-02
1.115722656250000000e-01 -1.132369312492187419e-02
1.118164062500000000e-01 -1.140051904006611494e-02
1.120605468750000000e-01 -1.147530156983123106e-02
1.123046875000000000e-01 -1.154800160345814675e-02
1.125488281250000000e-01 -1.161858128571680027e-02
1.127929687500000000e-01 -1.168700404369360513e-02
1.130371093750000000e-01 -1.175323461266941649e-02
1.132812500000000000e-01 -1.181723906123011147e-02
1.135253906250000000e-01 -1.187898481546767471e-02
1.137695312500000000e-01 -1.193844068245653034e-02
1.140136718750000000e-01 -1.199557687263563821e-02
1.142578125000000000e-01 -1.205036502145162558e-02
1.145019531250000000e-01 -1.210277820997873732e-02
1.147460937500000000e-01 -1.215279098467192398e-02
1.149902343750000000e-01 -1.220037937605411571e-02
1.152343750000000000e-01 -1.224552091650821239e-02
1.154785156250000000e-01 -1.228819465704589220e-02
1.157226562500000000e-01 -1.232838118303902775e-02
1.159667968750000000e-01 -1.236606262894213160e-02
1.162109375000000000e-01 -1.240122269197740934e-02
1.164550781250000000e-01 -1.243384664468294432e-02
1.166992187500000000e-01 -1.246392134653717676e-02
1.169433593750000000e-01 -1.249143525433282775e-02
1.171875000000000000e-01 -1.251637843157027419e-02
1.174316406250000000e-01 -1.253874255662879023e-02
1.176757812500000000e-01 -1.255852092995723979e-02
1.179199218750000000e-01 -1.257570847998579211e-02
1.181640625000000000e-01 -1.259030176792919065e-02
1.184082031250000000e-01 -1.260229899158105127e-02
1.186523437500000000e-01 -1.261169998770128586e-02
1.188964843750000000e-01 -1.261850623345139866e-02
1.191406250000000000e-01 -1.262272084645132963e-02
1.193847656250000000e-01 -1.262434858395522497e-02
1.196289062500000000e-01 -1.262339584043559171e-02
1.198730468750000000e-01 -1.261987064432901207e-02
1.201171875000000000e-01 -1.261378265346024818e-02
1.203613281250000000e-01 -1.260514314913052658e-02
1.206054687500000000e-01 -1.259396502925369532e-02
1.208496093750000000e-01 -1.258026280015656084e-02
1.210937500000000000e-01 -1.256405256711445872e-02
1.213378906250000000e-01 -1.254535202384943204e-02
1.215820312500000000e-01 -1.252418044064995684e-02
1.218261718750000000e-01 -1.250055865151011858e-02
1.220703125000000000e-01 -1.247450903979085979e-02
1.223144531250000000e-01 -1.244605552300015461e-02
1.225585937500000000e-01 -1.241522353615209795e-02
1.228027343750000000e-01 -1.238204001398912624e-02
1.230468750000000000e-01 -1.234653337219526748e-02
1.232910156250000000e-01 -1.230873348715988413e-02
1.235351562500000000e-01 -1.226867167490297561e-02
1.237792968750000000e-01 -1.222638066852255179e-02
1.240234375000000000e-01 -1.218189459481777703e-02
1.242675781250000000e-01 -1.213524894949102872e-02
1.245117187500000000e-01 -1.208648057149730448e-02
1.247558593750000000e-01 -1.203562761608623077e-02
1.250000000000000000e-01 -1.198272952683510084e-02
1.252441406250000000e-01 -1.192782700665873108e-02
1.254882812500000000e-01 -1.187096198761139476e-02
1.257324218750000000e-01 -1.181217759983610449e-02
1.259765625000000000e-01 -1.175151813924912858e-02
1.262207031250000000e-01 -1.168902903447133212e-02
1.264648437500000000e-01 -1.162475681250896287e-02
1.267089843750000000e-01 -1.155874906373810518e-02
1.269531250000000000e-01 -1.149105440561015712e-02
1.271972656250000000e-01 -1.142172244576045159e-02
1.274414062500000000e-01 -1.135080374389474400e-02
1.276855468750000000e-01 -1.127834977305042230e-02
1.279296875000000000e-01 -1.120441287982032463e-02
1.281738281250000000e-01 -1.112904624380917085e-02
1.284179687500000000e-01 -1.105230383623734269e-02
1.286621093750000000e-01 -1.097424037777727790e-02
1.289062500000000000e-01 -1.089491129560826721e-02
1.291503906250000000e-01 -1.081437267978913042e-02
1.293945312500000000e-01 -1.073268123879245195e-02
1.296386718750000000e-01 -1.064989425454143657e-02
1.298828125000000000e-01 -1.056606953662253545e-02
1.301269531250000000e-01 -1.048126537595805985e-02
1.303710937500000000e-01 -1.039554049786772794e-02
1.306152343750000000e-01 -1.030895401467546435e-02
1.308593750000000000e-01 -1.022156537754881356e-02
1.311035156250000000e-01 -1.013343432809676870e-02
1.313476562500000000e-01 -1.004462084934232280e-02
1.315917968750000000e-01 -9.955185116353959529e-03
1.318359375000000000e-01 -9.865187446408185679e-03
1.320800781250000000e-01 -9.774688248938900870e-03
1.323242187500000000e-01 -9.683747974918333057e-03
1.325683593750000000e-01 -9.592427066223763177e-03
1.328125000000000000e-01 -9.500785904535291593e-03
1.330566406250000000e-01 -9.408884760219393684e-03
1.333007812500000000e-01 -9.316783740786149792e-03
1.335449218750000000e-01 -9.224542739531216284e-03
1.337890625000000000e-01 -9.132221383751470967e-03
1.340332031250000000e-01 -9.039878983173821325e-03
1.342773437500000000e-01 -8.947574478128217379e-03
1.345214843750000000e-01 -8.855366387990670773e-03
1.347656250000000000e-01 -8.763312759469954472e-03
1.350097656250000000e-01 -8.671471115164308685e-03
1.352539062500000000e-01 -8.579898402061303386e-03
1.354980468750000000e-01 -8.488650940478237317e-03
1.357421875000000000e-01 -8.397784372988326140e-03
1.359863281250000000e-01 -8.307353613801637948e-03
1.362304687500000000e-01 -8.217412798344980729e-03
1.364746093750000000e-01 -8.128015233225482916e-03
1.367187500000000000e-01 -8.039213346563656160e-03
1.369628906250000000e-01 -7.951058638852259719e-03
1.372070312500000000e-01 -7.863601634198857937e-03
1.374511718750000000e-01 -7.776891832136811900e-03
1.376953125000000000e-01 -7.690977660018916140e-03
1.379394531250000000e-01 -7.605906425979469532e-03
1.381835937500000000e-01 -7.521724272550045498e-03
1.384277343750000000e-01 -7.438476131113702650e-03
1.386718750000000000e-01 -7.356205676842364483e-03
1.389160156250000000e-01 -7.274955284657380616e-03
1.391601562500000000e-01 -7.194765985886419912e-03
1.394042968750000000e-01 -7.115677425872490858e-03
1.396484375000000000e-01 -7.037727822421402379e-03
1.398925781250000000e-01 -6.960953925286617050e-03
1.401367187500000000e-01 -6.885390976577809852e-03
1.403808593750000000e-01 -6.811072672320506172e-03
1.406250000000000000e-01 -6.738031124939425354e-03
1.408691406250000000e-01 -6.666296827148698867e-03
1.411132812500000000e-01 -6.595898616652107194e-03
1.413574218750000000e-01 -6.526863642392299880e-03
1.416015625000000000e-01 -6.459217331865829692e-03
1.418457031250000000e-01 -6.392983359802428822e-03
1.420898437500000000e-01 -6.328183618222738005e-03
1.423339843750000000e-01 -6.264838187775012557e-03
1.425781250000000000e-01 -6.202965310592389869e-03
1.428222656250000000e-01 -6.142581364599664084e-03
1.430664062500000000e-01 -6.083700839297989660e-03
1.433105468750000000e-01 -6.026336313055935534e-03
1.435546875000000000e-01 -5.970498432162685276e-03
1.437988281250000000e-01 -5.916195891245479288e-03
1.440429687500000000e-01 -5.863435415534468120e-03
1.442871093750000000e-01 -5.812221744832868353e-03
1.445312500000000000e-01 -5.762557619036101642e-03
1.447753906250000000e-01 -5.714443765683085985e-03
1.450195312500000000e-01 -5.667878889099142725e-03
1.452636718750000000e-01 -5.622859661485790639e-03
1.455078125000000000e-01 -5.579380715914794564e-03
1.457519531250000000e-01 -5.537434641126992574e-03
1.459960937500000000e-01 -5.497011978405907939e-03
1.462402343750000000e-01 -5.458101220327193914e-03
1.464843750000000000e-01 -5.420688811568652454e-03
1.467285156250000000e-01 -5.384759151738194305e-03
1.469726562500000000e-01 -5.350294600347638152e-03
1.472167968750000000e-01 -5.317275483719186013e-03
1.474609375000000000e-01 -5.285680104222478803e-03
1.477050781250000000e-01 -5.255484751543804123e-03
1.479492187500000000e-01 -5.226663716157986528e-03
1.481933593750000000e-01 -5.199189305031381991e-03
1.484375000000000000e-01 -5.173031859570187407e-03
1.486816406250000000e-01 -5.148159775799854287e-03
1.489257812500000000e-01 -5.124539526761395791e-03
1.491699218750000000e-01 -5.102135687451436752e-03
1.494140625000000000e-01 -5.080910961765994216e-03
1.496582031250000000e-01 -5.060826212002211832e-03
1.499023437500000000e-01 -5.041840490690674415e-03
1.501464843750000000e-01 -5.023911074715670111e-03
1.503906250000000000e-01 -5.006993502007617280e-03
1.506347656250000000e-01 -4.991041610423962993e-03
1.508789062500000000e-01 -4.976007579273300507e-03
1.511230468750000000e-01 -4.961841973127434358e-03
1.513671875000000000e-01 -4.948493788177188435e-03
1.516113281250000000e-01 -4.935910500989848515e-03
1.518554687500000000e-01 -4.924038119796136925e-03
1.520996093750000000e-01 -4.912821238235665078e-03
1.523437500000000000e-01 -4.902203091532442158e-03
1.525878906250000000e-01 -4.892125615285181084e-03
1.528320312500000000e-01 -4.882529506659238905e-03
1.530761718750000000e-01 -4.873354288136511059e-03
1.533203125000000000e-01 -4.864538373681170924e-03
1.535644531250000000e-01 -4.856019137591260915e-03
1.538085937500000000e-01 -4.847732985609809475e-03
1.540527343750000000e-01 -4.839615428721799617e-03
1.542968750000000000e-01 -4.831601159423826175e-03
1.545410156250000000e-01 -4.823624130409598365e-03
1.547851562500000000e-01 -4.815617635784974482e-03
1.550292968750000000e-01 -4.807514394784107026e-03
1.552734375000000000e-01 -4.799246637944065697e-03
1.555175781250000000e-01 -4.790746195681094832e-03
1.557617187500000000e-01 -4.781944589410613844e-03
1.560058593750000000e-01 -4.772773124997797822e-03
1.562500000000000000e-01 -4.763162988751901139e-03
1.564941406250000000e-01 -4.753045345665896093e-03
1.567382812500000000e-01 -4.742351440157221987e-03
1.569824218750000000e-01 -4.731012699153325229e-03
1.572265625000000000e-01 -4.718960837479357906e-03
1.574707031250000000e-01 -4.706127965576456518e-03
1.577148437500000000e-01 -4.692446699564811752e-03
1.579589843750000000e-01 -4.677850273495209876e-03
1.582031250000000000e-01 -4.662272653945365164e-03
1.584472656250000000e-01 -4.645648656719458813e-03
1.586914062500000000e-01 -4.627914065849836334e-03
1.589355468750000000e-01 -4.609005754630857155e-03
1.591796875000000000e-01 -4.588861808883848425e-03
1.594238281250000000e-01 -4.567421652254211040e-03
1.596679687500000000e-01 -4.544626173526467028e-03
1.599121093750000000e-01 -4.520417856056724304e-03
1.601562500000000000e-01 -4.494740909066763379e-03
1.604003906250000000e-01 -4.467541400956065445e-03
1.606445312500000000e-01 -4.438767394432829860e-03
1.608886718750000000e-01 -4.408369083591878734e-03
1.611328125000000000e-01 -4.376298932683653220e-03
1.613769531250000000e-01 -4.342511816759042631e-03
1.616210937500000000e-01 -4.306965163920040141e-03
1.618652343750000000e-01 -4.269619099304122756e-03
1.621093750000000000e-01 -4.230436590646036166e-03
1.623535156250000000e-01 -4.189383595431195317e-03
1.625976562500000000e-01 -4.146429209569646446e-03
1.628417968750000000e-01 -4.101545817434271157e-03
1.630859375000000000e-01 -4.054709243419551967e-03
1.633300781250000000e-01 -4.005898904736682198e-03
1.635742187500000000e-01 -3.955097965643972202e-03
1.638183593750000000e-01 -3.902293492672015418e-03
1.640625000000000000e-01 -3.847476611269939895e-03
1.643066406250000000e-01 -3.790642663361154518e-03
1.645507812500000000e-01 -3.731791366078596184e-03
1.647949218750000000e-01 -3.670926971352628243e-03
1.650390625000000000e-01 -3.608058426550542208e-03
1.652832031250000000e-01 -3.543199535855023896e-03
1.655273437500000000e-01 -3.476369122438427439e-03
1.657714843750000000e-01 -3.407591191503911432e-03
1.660156250000000000e-01 -3.336895093681846447e-03
1.662597656250000000e-01 -3.264315689293084688e-03
1.665039062500000000e-01 -3.189893512953290156e-03
1.667480468750000000e-01 -3.113674938674648729e-03
1.669921875000000000e-01 -3.035712345280217050e-03
1.672363281250000000e-01 -2.956064282187753633e-03
1.674804687500000000e-01 -2.874795635335658517e-03
1.677246093750000000e-01 -2.791977793307864886e-03
1.679687500000000000e-01 -2.707688813501363256e-03
1.682128906250000000e-01 -2.622013588279514806e-03
1.684570312500000000e-01 -2.535044011068521286e-03
1.687011718750000000e-01 -2.446879142311786381e-03
1.689453125000000000e-01 -2.357625375083216568e-03
1.691894531250000000e-01 -2.267396600601045975e-03
1.694335937500000000e-01 -2.176314373102172794e-03
1.696777343750000000e-01 -2.084508074460700300e-03
1.699218750000000000e-01 -1.992115078110145987e-03
1.701660156250000000e-01 -1.899280912454059944e-03
1.704101562500000000e-01 -1.806159423551889631e-03
1.706542968750000000e-01 -1.712912936952193377e-03
1.708984375000000000e-01 -1.619712418801100284e-03
1.711425781250000000e-01 -1.526737635884956035e-03
1.713867187500000000e-01 -1.434177314735052278e-03
1.716308593750000000e-01 -1.342229299694963629e-03
1.718750000000000000e-01 -1.251100709680486034e-03
1.721191406250000000e-01 -1.161008093816917608e-03
1.723632812500000000e-01 -1.072177585683675716e-03
1.726074218750000000e-01 -9.848450562515154161e-04
1.728515625000000000e-01 -8.992562651997104695e-04
1.730957031250000000e-01 -8.156670108405705832e-04
1.733398437500000000e-01 -7.343432782960235272e-04
1.735839843750000000e-01 -6.555613860683706662e-04
1.738281250000000000e-01 -5.796081307636313795e-04
1.740722656250000000e-01 -5.067809300243197868e-04
1.743164062500000000e-01 -4.373879634869126676e-04
1.745605468750000000e-01 -3.717483117924302860e-04
1.748046875000000000e-01 -3.101920935506541355e-04
1.750488281250000000e-01 -2.530606000874513484e-04
1.752929687500000000e-01 -2.007064280746817531e-04
1.755371093750000000e-01 -1.534936098721573217e-04
1.757812500000000000e-01 -1.117977414821780258e-04
1.760253906250000000e-01 -7.600610820190922823e-05
1.762695312500000000e-01 -4.651780766096180741e-05
1.765136718750000000e-01 -2.374387052839210810e-05
1.767578125000000000e-01 -8.107378420163513510e-06
1.770019531250000000e-01 -4.357927707587805344e-08
1.772460937500000000e-01 0.000000000000000000e+00
1.774902343750000000e-01 -8.436556356627988862e-06
1.777343750000000000e-01 -2.582565994657670672e-05
1.779785156250000000e-01 -5.265232239537454006e-05
1.782226562500000000e-01 -8.941425659259039094e-05
1.784667968750000000e-01 -1.366219748746289042e-04
1.787109375000000000e-01 -1.947988842516679142e-04
1.789550781250000000e-01 -2.644813785082078539e-04
1.791992187500000000e-01 -3.462189271630222720e-04
1.794433593750000000e-01 -4.405741612885094582e-04
1.796875000000000000e-01 -5.481229560331257744e-04
1.799316406250000000e-01 -6.694545100032200935e-04
1.801757812500000000e-01 -8.051714211916305430e-04
1.804199218750000000e-01 -9.558897596804172281e-04
1.806640625000000000e-01 -1.122239136918778968e-03
1.809082031250000000e-01 -1.304862771632997465e-03
1.811523437500000000e-01 -1.504417552155246085e-03
1.813964843750000000e-01 -1.721574095526534620e-03
1.816406250000000000e-01 -1.957016802833777547e-03
1.818847656250000000e-01 -2.211443911221522285e-03
1.821289062500000000e-01 -2.485567542237276939e-03
1.823730468750000000e-01 -2.780113746609913505e-03
1.826171875000000000e-01 -3.095822545574833384e-03
1.828613281250000000e-01 -3.433447968347991264e-03
1.831054687500000000e-01 -3.793758086203524726e-03
1.833496093750000000e-01 -4.177535042799718212e-03
1.835937500000000000e-01 -4.585575080838566464e-03
1.838378906250000000e-01 -5.018688565172624294e-03
1.840820312500000000e-01 -5.477700002089136433e-03
1.843261718750000000e-01 -5.963448055098297118e-03
1.845703125000000000e-01 -6.476785556884578909e-03
1.848144531250000000e-01 -7.018579517776402099e-03
1.850585937500000000e-01 -7.589711130293608221e-03
1.853027343750000000e-01 -8.191075770270117573e-03
1.855468750000000000e-01 -8.823582994168077676e-03
1.857910156250000000e-01 -9.488156532796665488e-03
1.860351562500000000e-01 -1.018573428135027825e-02
1.862792968750000000e-01 -1.091726828589401066e-02
1.865234375000000000e-01 -1.168372472611167723e-02
1.867675781250000000e-01 -1.248608389455796441e-02
1.870117187500000000e-01 -1.332534017231523649e-02
1.872558593750000000e-01 -1.420250200098394089e-02
1.875000000000000000e-01 -1.511859185131925187e-02
1.877441406250000000e-01 -1.607464618820131363e-02
1.879882812500000000e-01 -1.707171543215224574e-02
1.882324218750000000e-01 -1.811086391745675428e-02
1.884765625000000000e-01 -1.919316984678687277e-02
1.887207031250000000e-01 -2.031972524245873046e-02
1.889648437500000000e-01 -2.149163589432134813e-02
1.892089843750000000e-01 -2.271002130433430466e-02
1.894531250000000000e-01 -2.397601462783427451e-02
1.896972656250000000e-01 -2.529076261158991201e-02
1.899414062500000000e-01 -2.665542552857402825e-02
1.901855468750000000e-01 -2.807117710966622326e-02
1.904296875000000000e-01 -2.953920447218649770e-02
1.906738281250000000e-01 -3.106070804533089813e-02
1.909179687500000000e-01 -3.263690149266551543e-02
1.911621093750000000e-01 -3.426901163150830598e-02
1.914062500000000000e-01 -3.595827834955400704e-02
1.916503906250000000e-01 -3.770595451847214008e-02
1.918945312500000000e-01 -3.951330590476231919e-02
1.921386718750000000e-01 -4.138161107781002102e-02
1.923828125000000000e-01 -4.331216131535597924e-02
1.926269531250000000e-01 -4.530626050600972121e-02
1.928710937500000000e-01 -4.736522504954621127e-02
1.931152343750000000e-01 -4.949038375441716653e-02
1.933593750000000000e-01 -5.168307773283231654e-02
1.936035156250000000e-01 -5.394466029349587188e-02
1.938476562500000000e-01 -5.627649683194135832e-02
1.940917968750000000e-01 -5.867996471853587082e-02
1.943359375000000000e-01 -6.115645318442375356e-02
1.945800781250000000e-01 -6.370736320508285644e-02
1.948242187500000000e-01 -6.633410738201916956e-02
1.950683593750000000e-01 -6.903810982224456438e-02
1.953125000000000000e-01 -7.182080601593554547e-02
1.955566406250000000e-01 -7.468364271213090433e-02
1.958007812500000000e-01 -7.762807779262459462e-02
1.960449218750000000e-01 -8.065558014418172661e-02
1.962890625000000000e-01 -8.376762952887872871e-02
1.965332031250000000e-01 -8.696571645307926701e-02
1.967773437500000000e-01 -9.025134203469065142e-02
1.970214843750000000e-01 -9.362601786904178880e-02
1.972656250000000000e-01 -9.709126589328320733e-02
1.975097656250000000e-01 -1.006486182495649473e-01
1.977539062500000000e-01 -1.042996171468644206e-01
1.979980468750000000e-01 -1.080458147216631914e-01
1.982421875000000000e-01 -1.118887728975721529e-01
1.984863281250000000e-01 -1.158300632437914146e-01
1.987304687500000000e-01 -1.198712668326606945e-01
1.989746093750000000e-01 -1.240139740963712711e-01
1.992187500000000000e-01 -1.282597846827684407e-01
1.994628906250000000e-01 -1.326103073104007990e-01
1.997070312500000000e-01 -1.370671596229442457e-01
1.999511718750000000e-01 -1.416319680429580785e-01
2.001953125000000000e-01 -1.463063676251010747e-01
2.004394531250000000e-01 -1.510920019088786148e-01
2.006835937500000000e-01 -1.559905227710771669e-01
2.009277343750000000e-01 -1.610035902776303374e-01
2.011718750000000000e-01 -1.661328725354991320e-01
2.014160156250000000e-01 -1.713800455441116810e-01
2.016601562500000000e-01 -1.767467930468882287e-01
2.019042968750000000e-01 -1.822348063824819064e-01
2.021484375000000000e-01 -1.878457843362042468e-01
2.023925781250000000e-01 -1.935814329914364862e-01
2.026367187500000000e-01 -1.994434655811829771e-01
2.028808593750000000e-01 -2.054336023397524968e-01
2.031250000000000000e-01 -2.115535703549227264e-01
2.033691406250000000e-01 -2.178051034201189395e-01
2.036132812500000000e-01 -2.241899418872748129e-01
2.038574218750000000e-01 -2.307098325198921884e-01
2.041015625000000000e-01 -2.373665283467687459e-01
2.043457031250000000e-01 -2.441617885162798984e-01
2.045898437500000000e-01 -2.510973781512007008e-01
2.048339843750000000e-01 -2.581750682042667222e-01
2.050781250000000000e-01 -2.653966353145023049e-01
2.053222656250000000e-01 -2.727638616643304204e-01
2.055664062500000000e-01 -2.802785348374072782e-01
2.058105468750000000e-01 -2.879424476776506481e-01
2.060546875000000000e-01 -2.957573981488934578e-01
2.062988281250000000e-01 -3.037251891957879479e-01
2.065429687500000000e-01 -3.118476286056477420e-01
2.067871093750000000e-01 -3.201265288714552071e-01
2.070312500000000000e-01 -3.285637070560198936e-01
2.072753906250000000e-01 -3.371609846573164759e-01
2.075195312500000000e-01 -3.459201874750874595e-01
2.077636718750000000e-01 -3.548431454787532857e-01
2.080078125000000000e-01 -3.639316926767151017e-01
2.082519531250000000e-01 -3.731876669868796625e-01
2.084960937500000000e-01 -3.826129101088184825e-01
2.087402343750000000e-01 -3.922092673972628063e-01
2.089843750000000000e-01 -4.019785877371475635e-01
2.092285156250000000e-01 -4.119227234201900956e-01
2.094726562500000000e-01 -4.220435300230747089e-01
2.097167968750000000e-01 -4.323428662872146333e-01
2.099609375000000000e-01 -4.428225940002477046e-01
2.102050781250000000e-01 -4.534845778791520843e-01
2.104492187500000000e-01 -4.643306854550814933e-01
2.106933593750000000e-01 -4.753627869600478562e-01
2.109375000000000000e-01 -4.865827552152666158e-01
2.111816406250000000e-01 -4.979924655214063023e-01
2.114257812500000000e-01 -5.095937955506713024e-01
2.116699218750000000e-01 -5.213886252406751964e-01
2.119140625000000000e-01 -5.333788366903604583e-01
2.121582031250000000e-01 -5.455663140577087233e-01
2.124023437500000000e-01 -5.579529434594832082e-01
2.126464843750000000e-01 -5.705406128728753856e-01
2.128906250000000000e-01 -5.833312120392122324e-01
2.131347656250000000e-01 -5.963266323696672089e-01
2.133789062500000000e-01 -6.095287668529039138e-01
2.136230468750000000e-01 -6.229395099649934764e-01
2.138671875000000000e-01 -6.365607575811367269e-01
2.141113281250000000e-01 -6.503944068897311581e-01
2.143554687500000000e-01 -6.644423563083137196e-01
2.145996093750000000e-01 -6.787065054018484034e-01
2.148437500000000000e-01 -6.931887548029322943e-01
2.150878906250000000e-01 -7.078910061343606230e-01
2.153320312500000000e-01 -7.228151619336813383e-01
2.155761718750000000e-01 -7.379631255800234158e-01
2.158203125000000000e-01 -7.533368012231136390e-01
2.160644531250000000e-01 -7.689380937143539541e-01
2.163085937500000000e-01 -7.847689085403430909e-01
2.165527343750000000e-01 -8.008311517584019157e-01
2.167968750000000000e-01 -8.171267299343725199e-01
2.170410156250000000e-01 -8.336575500827194674e-01
2.172851562500000000e-01 -8.504255196087342483e-01
2.175292968750000000e-01 -8.674325462531840003e-01
2.177734375000000000e-01 -8.846805380389071161e-01
2.180175781250000000e-01 -9.021714032199241728e-01
2.182617187500000000e-01 -9.199070502326662790e-01
2.185058593750000000e-01 -9.378893876495055792e-01
2.187500000000000000e-01 -9.561203241344742310e-01
2.189941406250000000e-01 -9.746017684012997506e-01
2.192382812500000000e-01 -9.933356291736856747e-01
2.194824218750000000e-01 -1.012323815147851747e+00
2.197265625000000000e-01 -1.031568234957276786e+00
2.199707031250000000e-01 -1.051070797139800561e+00
2.202148437500000000e-01 -1.070833410106871497e+00
2.204589843750000000e-01 -1.090857982115053915e+00
2.207031250000000000e-01 -1.111146421239936899e+00
2.209472656250000000e-01 -1.131700635352032691e+00
2.211914062500000000e-01 -1.152522532095147767e+00
2.214355468750000000e-01 -1.173614018866857123e+00
2.216796875000000000e-01 -1.194977002801266508e+00
2.219238281250000000e-01 -1.216613390753977342e+00
2.221679687500000000e-01 -1.238525089289296943e+00
2.224121093750000000e-01 -1.260714004669637234e+00
2.226562500000000000e-01 -1.283182042847187176e+00
2.229003906250000000e-01 -1.305931109457716843e+00
2.231445312500000000e-01 -1.328963109816598376e+00
2.233886718750000000e-01 -1.352279948917100683e+00
2.236328125000000000e-01 -1.375883531430702078e+00
2.238769531250000000e-01 -1.399775761709804556e+00
2.241210937500000000e-01 -1.423958543792437581e+00
2.243652343750000000e-01 -1.448433781409178778e+00
2.246093750000000000e-01 -1.473203377992277296e+00
2.248535156250000000e-01 -1.498269236686923023e+00
2.250976562500000000e-01 -1.523633260364505304e+00
2.253417968750000000e-01 -1.549297351638287523e+00
2.255859375000000000e-01 -1.575263412880971714e+00
2.258300781250000000e-01 -1.601533346244409017e+00
2.260742187500000000e-01 -1.628109053681555451e+00
2.263183593750000000e-01 -1.654992436970374570e+00
2.265625000000000000e-01 -1.682185397739971222e+00
2.268066406250000000e-01 -1.709689837498615361e+00
2.270507812500000000e-01 -1.737507657664096428e+00
2.272949218750000000e-01 -1.765640759595896725e+00
2.275390625000000000e-01 -1.794091044629638532e+00
2.277832031250000000e-01 -1.822860414113378624e+00
2.280273437500000000e-01 -1.851950769446119693e+00
2.282714843750000000e-01 -1.881364012118240225e+00
2.285156250000000000e-01 -1.911102043754056012e+00
2.287597656250000000e-01 -1.941166766156257495e+00
2.290039062500000000e-01 -1.971560081352478733e+00
2.292480468750000000e-01 -2.002283891643841685e+00
2.294921875000000000e-01 -2.033340099655475797e+00
2.297363281250000000e-01 -2.064730608388998689e+00
2.299804687500000000e-01 -2.096457321277100050e+00
2.302246093750000000e-01 -2.128522142239901882e+00
2.304687500000000000e-01 -2.160926975743507228e+00
2.307128906250000000e-01 -2.193673726860325246e+00
2.309570312500000000e-01 -2.226764301331485285e+00
2.312011718750000000e-01 -2.260200605631112580e+00
2.314453125000000000e-01 -2.293984547032579258e+00
2.316894531250000000e-01 -2.328118033676744858e+00
2.319335937500000000e-01 -2.362602974642015852e+00
2.321777343750000000e-01 -2.397441280016465726e+00
2.324218750000000000e-01 -2.432634860971745638e+00
2.326660156250000000e-01 -2.468185629839055650e+00
2.329101562500000000e-01 -2.504095500186934942e+00
2.331542968750000000e-01 -2.540366386900998918e+00
2.333984375000000000e-01 -2.577000206265566362e+00
2.336425781250000000e-01 -2.613998876047233466e+00
2.338867187500000000e-01 -2.651364315580352127e+00
2.341308593750000000e-01 -2.689098445854369857e+00
2.343750000000000000e-01 -2.727203189603088163e+00
2.346191406250000000e-01 -2.765680471395867812e+00
2.348632812500000000e-01 -2.804532217730724142e+00
2.351074218750000000e-01 -2.843760357129227145e+00
2.353515625000000000e-01 -2.883366820233447925e+00
2.355957031250000000e-01 -2.923353539904766762e+00
2.358398437500000000e-01 -2.963722451324500184e+00
2.360839843750000000e-01 -3.004475492096560174e+00
2.363281250000000000e-01 -3.045614602351946587e+00
2.365722656250000000e-01 -3.087141724855172242e+00
2.368164062500000000e-01 -3.129058805112649111e+00
2.370605468750000000e-01 -3.171367791482936127e+00
2.373046875000000000e-01 -3.214070635288891253e+00
2.375488281250000000e-01 -3.257169290931926753e+00
2.377929687500000000e-01 -3.300665716007955552e+00
2.380371093750000000e-01 -3.344561871425511868e+00
2.382812500000000000e-01 -3.388859721525662394e+00
2.385253906250000000e-01 -3.433561234203963863e+00
2.387695312500000000e-01 -3.478668381034410118e+00
2.390136718750000000e-01 -3.524183137395255017e+00
2.392578125000000000e-01 -3.570107482596952764e+00
2.395019531250000000e-01 -3.616443400012002485e+00
2.397460937500000000e-01 -3.663192877206896014e+00
2.399902343750000000e-01 -3.710357906075955725e+00
2.402343750000000000e-01 -3.757940482977417673e+00
2.404785156250000000e-01 -3.805942608871305310e+00
2.407226562500000000e-01 -3.854366289459633776e+00
2.409667968750000000e-01 -3.903213535328490025e+00
2.412109375000000000e-01 -3.952486362092386685e+00
2.414550781250000000e-01 -4.002186790540534389e+00
2.416992187500000000e-01 -4.052316846785430471e+00
2.419433593750000000e-01 -4.102878562413536656e+00
2.421875000000000000e-01 -4.153873974638045752e+00
2.424316406250000000e-01 -4.205305126453993125e+00
2.426757812500000000e-01 -4.257174066795485601e+00
2.429199218750000000e-01 -4.309482850695147249e+00
2.431640625000000000e-01 -4.362233539445924180e+00
2.434082031250000000e-01 -4.415428200765063593e+00
2.436523437500000000e-01 -4.469068908960494468e+00
2.438964843750000000e-01 -4.523157745099496196e+00
2.441406250000000000e-01 -4.577696797179754640e+00
2.443847656250000000e-01 -4.632688160302734559e+00
2.446289062500000000e-01 -4.688133936849638417e+00
2.448730468750000000e-01 -4.744036236659638917e+00
2.451171875000000000e-01 -4.800397177210726340e+00
2.453613281250000000e-01 -4.857218883802929099e+00
2.456054687500000000e-01 -4.914503489744305398e+00
2.458496093750000000e-01 -4.972253136539308116e+00
2.460937500000000000e-01 -5.030469974079878170e+00
2.463378906250000000e-01 -5.089156160839195309e+00
2.465820312500000000e-01 -5.148313864068086332e+00
2.468261718750000000e-01 -5.207945259994204434e+00
2.470703125000000000e-01 -5.268052534024036504e+00
2.473144531250000000e-01 -5.328637880947596273e+00
2.475585937500000000e-01 -5.389703505146158591e+00
2.478027343750000000e-01 -5.451251620802779030e+00
2.480468750000000000e-01 -5.513284452115840395e+00
2.482910156250000000e-01 -5.575804233515611941e+00
2.485351562500000000e-01 -5.638813209883778654e+00
2.487792968750000000e-01 -5.702313636776267458e+00
2.490234375000000000e-01 -5.766307780649071901e+00
2.492675781250000000e-01 -5.830797919087345349e+00
2.495117187500000000e-01 -5.895786341037819511e+00
2.497558593750000000e-01 -5.961275347044534101e+00
2.500000000000000000e-01 -6.027267249487934464e+00
2.502441406250000000e-01 -6.093764372827465081e+00
2.504882812500000000e-01 -6.160769053847715782e+00
2.507324218750000000e-01 -6.228283641908049617e+00
2.509765625000000000e-01 -6.296310499196081878e+00
2.512207031250000000e-01 -6.364852000984612346e+00
2.514648437500000000e-01 -6.433910535892650273e+00
2.517089843750000000e-01 -6.503488506150134185e+00
2.519531250000000000e-01 -6.573588327866644931e+00
2.521972656250000000e-01 -6.644212431304154620e+00
2.524414062500000000e-01 -6.715363261153910912e+00
2.526855468750000000e-01 -6.787043276817428250e+00
2.529296875000000000e-01 -6.859254952691941298e+00
2.531738281250000000e-01 -6.932000778459965318e+00
2.534179687500000000e-01 -7.005283259383588756e+00
2.536621093750000000e-01 -7.079104916603128572e+00
2.539062500000000000e-01 -7.153468287440446716e+00
2.541503906250000000e-01 -7.228375925707211991e+00
2.543945312500000000e-01 -7.303830402017709389e+00
2.546386718750000000e-01 -7.379834304106850595e+00
2.548828125000000000e-01 -7.456390237153115663e+00
2.551269531250000000e-01 -7.533500824106724281e+00
2.553710937500000000e-01 -7.611168706023079267e+00
2.556152343750000000e-01 -7.689396542401624401e+00
2.558593750000000000e-01 -7.768187011530187647e+00
2.561035156250000000e-01 -7.847542810835022919e+00
2.563476562500000000e-01 -7.927466657236621472e+00
2.565917968750000000e-01 -8.007961287511420778e+00
2.568359375000000000e-01 -8.089029458659581451e+00
2.570800781250000000e-01 -8.170673948278874832e+00
2.573242187500000000e-01 -8.252897554945050729e+00
2.575683593750000000e-01 -8.335703098598500560e+00
2.578125000000000000e-01 -8.419093420937741712e+00
2.580566406250000000e-01 -8.503071385819453099e+00
2.583007812500000000e-01 -8.587639879665765363e+00
2.585449218750000000e-01 -8.672801811878343869e+00
2.587890625000000000e-01 -8.758560115259996337e+00
2.590332031250000000e-01 -8.844917746443648809e+00
2.592773437500000000e-01 -8.931877686328959953e+00
2.595214843750000000e-01 -9.019442940526786856e+00
2.597656250000000000e-01 -9.107616539811687062e+00
2.600097656250000000e-01 -9.196401540582606060e+00
2.602539062500000000e-01 -9.285801025332062864e+00
2.604980468750000000e-01 -9.375818103123847891e+00
2.607421875000000000e-01 -9.466455910079758951e+00
2.609863281250000000e-01 -9.557717609875247433e+00
2.612304687500000000e-01 -9.649606394244457874e+00
2.614746093750000000e-01 -9.742125483494881166e+00
2.617187500000000000e-01 -9.835278127031585882e+00
2.619628906250000000e-01 -9.929067603891795102e+00
2.622070312500000000e-01 -1.002349722328951742e+01
2.624511718750000000e-01 -1.011857032517092136e+01
2.626953125000000000e-01 -1.021429028078046741e+01
2.629394531250000000e-01 -1.031066049323826661e+01
2.631835937500000000e-01 -1.040768439812877943e+01
2.634277343750000000e-01 -1.050536546410138783e+01
2.636718750000000000e-01 -1.060370719348287594e+01
2.639160156250000000e-01 -1.070271312290245191e+01
2.641601562500000000e-01 -1.080238682392938188e+01
2.644042968750000000e-01 -1.090273190372371914e+01
2.646484375000000000e-01 -1.100375200570045564e+01
2.648925781250000000e-01 -1.110545081020750757e+01
2.651367187500000000e-01 -1.120783203521784799e+01
2.653808593750000000e-01 -1.131089943703616996e+01
2.656250000000000000e-01 -1.141465681102060614e+01
2.658691406250000000e-01 -1.151910799231981031e+01
2.661132812500000000e-01 -1.162425685662586972e+01
2.663574218750000000e-01 -1.173010732094348896e+01
2.666015625000000000e-01 -1.183666334437599943e+01
2.668457031250000000e-01 -1.194392892892850710e+01
2.670898437500000000e-01 -1.205190812032881809e+01
2.673339843750000000e-01 -1.216060500886665352e+01
2.675781250000000000e-01 -1.227002373025151627e+01
2.678222656250000000e-01 -1.238016846649006197e+01
2.680664062500000000e-01 -1.249104344678318057e+01
2.683105468750000000e-01 -1.260265294844376882e+01
2.685546875000000000e-01 -1.271500129783544253e+01
2.687988281250000000e-01 -1.282809287133306952e+01
2.690429687500000000e-01 -1.294193209630567054e+01
2.692871093750000000e-01 -1.305652345212244825e+01
2.695312500000000000e-01 -1.317187147118248447e+01
2.697753906250000000e-01 -1.328798073996910034e+01
2.700195312500000000e-01 -1.340485590012930572e+01
2.702636718750000000e-01 -1.352250164957947476e+01
2.705078125000000000e-01 -1.364092274363775203e+01
2.707519531250000000e-01 -1.376012399618428361e+01
2.709960937500000000e-01 -1.388011028084990528e+01
2.712402343750000000e-01 -1.400088653223447466e+01
2.714843750000000000e-01 -1.412245774715551505e+01
2.717285156250000000e-01 -1.424482898592832214e+01
2.719726562500000000e-01 -1.436800537367859931e+01
2.722167968750000000e-01 -1.449199210168840324e+01
2.724609375000000000e-01 -1.461679442877682789e+01
2.727050781250000000e-01 -1.474241768271640751e+01
2.729492187500000000e-01 -1.486886726168630446e+01
2.731933593750000000e-01 -1.499614863576383073e+01
2.734375000000000000e-01 -1.512426734845526255e+01
2.736816406250000000e-01 -1.525322901826748279e+01
2.739257812500000000e-01 -1.538303934032172293e+01
2.741699218750000000e-01 -1.551370408801096801e+01
2.744140625000000000e-01 -1.564522911470234590e+01
2.746582031250000000e-01 -1.577762035548627040e+01
2.749023437500000000e-01 -1.591088382897379461e+01
2.751464843750000000e-01 -1.604502563914402913e+01
2.753906250000000000e-01 -1.618005197724311728e+01
2.756347656250000000e-01 -1.631596912373703390e+01
2.758789062500000000e-01 -1.645278345031972833e+01
2.761230468750000000e-01 -1.659050142197872901e+01
2.763671875000000000e-01 -1.672912959912047626e+01
2.766113281250000000e-01 -1.686867463975728754e+01
2.768554687500000000e-01 -1.700914330175847056e+01
2.770996093750000000e-01 -1.715054244516772286e+01
2.773437500000000000e-01 -1.729287903458939013e+01
2.775878906250000000e-01 -1.743616014164638273e+01
2.778320312500000000e-01 -1.758039294751202419e+01
2.780761718750000000e-01 -1.772558474551897945e+01
2.783203125000000000e-01 -1.787174294384811901e+01
2.785644531250000000e-01 -1.801887506830040309e+01
2.788085937500000000e-01 -1.816698876515494021e+01
2.790527343750000000e-01 -1.831609180411675197e+01
2.792968750000000000e-01 -1.846619208135760459e+01
2.795410156250000000e-01 -1.861729762265373722e+01
2.797851562500000000e-01 -1.876941658662434520e+01
2.800292968750000000e-01 -1.892255726807467653e+01
2.802734375000000000e-01 -1.907672810144840980e+01
2.805175781250000000e-01 -1.923193766439326424e+01
2.807617187500000000e-01 -1.938819468144497904e+01
2.810058593750000000e-01 -1.954550802783423791e+01
2.812500000000000000e-01 -1.970388673342181107e+01
2.814941406250000000e-01 -1.986333998676740009e+01
2.817382812500000000e-01 -2.002387713933771352e+01
2.819824218750000000e-01 -2.018550770985972065e+01
2.822265625000000000e-01 -2.034824138882559197e+01
2.824707031250000000e-01 -2.051208804315555767e+01
2.827148437500000000e-01 -2.067705772102596029e+01
2.829589843750000000e-01 -2.084316065686945052e+01
2.832031250000000000e-01 -2.101040727655528428e+01
2.834472656250000000e-01 -2.117880820275767917e+01
2.836914062500000000e-01 -2.134837426052059328e+01
2.839355468750000000e-01 -2.151911648302824176e+01
2.841796875000000000e-01 -2.169104611759040324e+01
2.844238281250000000e-01 -2.186417463185277654e+01
2.846679687500000000e-01 -2.203851372024278987e+01
2.849121093750000000e-01 -2.221407531066188312e+01
2.851562500000000000e-01 -2.239087157143612217e+01
2.854003906250000000e-01 -2.256891491853762943e+01
2.856445312500000000e-01 -2.274821802308943575e+01
2.858886718750000000e-01 -2.292879381916820591e+01
2.861328125000000000e-01 -2.311065551191911993e+01
2.863769531250000000e-01 -2.329381658599843519e+01
2.866210937500000000e-01 -2.347829081436032794e+01
2.868652343750000000e-01 -2.366409226740506710e+01
2.871093750000000000e-01 -2.385123532250741363e+01
2.873535156250000000e-01 -2.403973467394429520e+01
2.875976562500000000e-01 -2.422960534324294457e+01
2.878417968750000000e-01 -2.442086268997118736e+01
2.880859375000000000e-01 -2.461352242299342663e+01
2.883300781250000000e-01 -2.480760061221723589e+01
2.885742187500000000e-01 -2.500311370085670148e+01
2.888183593750000000e-01 -2.520007851824112777e+01
2.890625000000000000e-01 -2.539851229319853587e+01
2.893066406250000000e-01 -2.559843266804612938e+01
2.895507812500000000e-01 -2.579985771322164112e+01
2.897949218750000000e-01 -2.600280594259178457e+01
2.900390625000000000e-01 -2.620729632947651311e+01
2.902832031250000000e-01 -2.641334832343036965e+01
2.905273437500000000e-01 -2.662098186782488085e+01
2.907714843750000000e-01 -2.683021741827955964e+01
2.910156250000000000e-01 -2.704107596199138186e+01
2.912597656250000000e-01 -2.725357903801722870e+01
2.915039062500000000e-01 -2.746774875856702636e+01
2.917480468750000000e-01 -2.768360783136928660e+01
2.919921875000000000e-01 -2.790117958317614466e+01
2.922363281250000000e-01 -2.812048798447851539e+01
2.924804687500000000e-01 -2.834155767550915073e+01
2.927246093750000000e-01 -2.856441399361483491e+01
2.929687500000000000e-01 -2.878908300208730964e+01
2.932128906250000000e-01 -2.901559152054841206e+01
2.934570312500000000e-01 -2.924396715699181470e+01
2.937011718750000000e-01 -2.947423834159296518e+01
2.939453125000000000e-01 -2.970643436240679591e+01
2.941894531250000000e-01 -2.994058540308288485e+01
2.944335937500000000e-01 -3.017672258273762509e+01
2.946777343750000000e-01 -3.041487799813531012e+01
2.949218750000000000e-01 -3.065508476834211393e+01
2.951660156250000000e-01 -3.089737708203056599e+01
2.954101562500000000e-01 -3.114179024762836434e+01
2.956542968750000000e-01 -3.138836074651980113e+01
2.958984375000000000e-01 -3.163712628952954731e+01
2.961425781250000000e-01 -3.188812587693577427e+01
2.963867187500000000e-01 -3.214139986228315848e+01
2.966308593750000000e-01 -3.239699002029154684e+01
2.968750000000000000e-01 -3.265493961918114252e+01
2.971191406250000000e-01 -3.291529349776762103e+01
2.973632812500000000e-01 -3.317809814771120358e+01
2.976074218750000000e-01 -3.344340180134294371e+01
2.978515625000000000e-01 -3.371125452553099677e+01
2.980957031250000000e-01 -3.398170832209574854e+01
2.983398437500000000e-01 -3.425481723533331291e+01
2.985839843750000000e-01 -3.453063746726364514e+01
2.988281250000000000e-01 -3.480922750128321752e+01
2.990722656250000000e-01 -3.509064823497241292e+01
2.993164062500000000e-01 -3.537496312288742928e+01
2.995605468750000000e-01 -3.566223833025632928e+01
2.998046875000000000e-01 -3.595254289859830976e+01
3.000488281250000000e-01 -3.624594892439927207e+01
3.002929687500000000e-01 -3.654253175210286031e+01
3.005371093750000000e-01 -3.684237018282338028e+01
3.007812500000000000e-01 -3.714554670034644346e+01
3.010253906250000000e-01 -3.745214771617330740e+01
3.012695312500000000e-01 -3.776226383557209232e+01
3.015136718750000000e-01 -3.807599014684339522e+01
3.017578125000000000e-01 -3.839342653628010993e+01
3.020019531250000000e-01 -3.871467803161858967e+01
3.022460937500000000e-01 -3.903985517713792319e+01
3.024902343750000000e-01 -3.936907444398280376e+01
3.027343750000000000e-01 -3.970245867976196052e+01
3.029785156250000000e-01 -4.004013760203405070e+01
3.032226562500000000e-01 -4.038224834093225013e+01
3.034667968750000000e-01 -4.072893603692752151e+01
3.037109375000000000e-01 -4.108035450061066740e+01
3.039550781250000000e-01 -4.143666694238196868e+01
3.041992187500000000e-01 -4.179804678114865624e+01
3.044433593750000000e-01 -4.216467854253279057e+01
3.046875000000000000e-01 -4.253675885876097595e+01
3.049316406250000000e-01 -4.291449758438608342e+01
3.051757812500000000e-01 -4.329811904433853442e+01
3.054199218750000000e-01 -4.368786343361482238e+01
3.056640625000000000e-01 -4.408398839127877977e+01
3.059082031250000000e-01 -4.448677077551430870e+01
3.061523437500000000e-01 -4.489650867136344914e+01
3.063964843750000000e-01 -4.531352366876705418e+01
3.066406250000000000e-01 -4.573816345580298304e+01
3.068847656250000000e-01 -4.617080478096308127e+01
3.071289062500000000e-01 -4.661185684937230889e+01
3.073730468750000000e-01 -4.706176523154054081e+01
3.076171875000000000e-01 -4.752101638040286957e+01
3.078613281250000000e-01 -4.799014287389790923e+01
3.081054687500000000e-01 -4.846972952762848763e+01
3.083496093750000000e-01 -4.896042055685091299e+01
3.085937500000000000e-01 -4.946292801169477116e+01
3.088378906250000000e-01 -4.997804176728430292e+01
3.090820312500000000e-01 -5.050664142593630146e+01
3.093261718750000000e-01 -5.104971058813418239e+01
3.095703125000000000e-01 -5.160835408155114123e+01
3.098144531250000000e-01 -5.218381891581558563e+01
3.100585937500000000e-01 -5.277751997371159831e+01
3.103027343750000000e-01 -5.339107178456841041e+01
3.105468750000000000e-01 -5.402632819395761032e+01
3.107910156250000000e-01 -5.468543240822748430e+01
3.110351562500000000e-01 -5.537088085039885499e+01
3.112792968750000000e-01 -5.608560566989267926e+01
3.115234375000000000e-01 -5.683308285301772855e+01
3.117675781250000000e-01 -5.761747610026072408e+01
3.120117187500000000e-01 -5.844383168207571799e+01
3.122558593750000000e-01 -5.931834761235003839e+01
3.125000000000000000e-01 -6.024875398213100652e+01
3.127441406250000000e-01 -6.124486453940646413e+01
3.129882812500000000e-01 -6.231940127707013488e+01
3.132324218750000000e-01 -6.348927217424498082e+01
3.134765625000000000e-01 -6.477763824696883432e+01
3.137207031250000000e-01 -6.621743857067158956e+01
3.139648437500000000e-01 -6.785781313191256459e+01
3.142089843750000000e-01 -6.977685536487705065e+01
3.144531250000000000e-01 -7.211006227558561932e+01
3.146972656250000000e-01 -7.512550046216711053e+01
3.149414062500000000e-01 -7.948526492648352360e+01
3.151855468750000000e-01 -8.787096788681607507e+01
3.154296875000000000e-01 -9.318264944397748195e+01
3.156738281250000000e-01 -8.183252841145905165e+01
3.159179687500000000e-01 -7.727407518382993601e+01
3.161621093750000000e-01 -7.443957221726192586e+01
3.164062500000000000e-01 -7.241329467943833720e+01
3.166503906250000000e-01 -7.085841522710894935e+01
3.168945312500000000e-01 -6.961305647657137285e+01
3.171386718750000000e-01 -6.858683634052263756e+01
3.173828125000000000e-01 -6.772412134055328181e+01
3.176269531250000000e-01 -6.698822188052348281e+01
3.178710937500000000e-01 -6.635366242462586683e+01
3.181152343750000000e-01 -6.580203173401564243e+01
3.183593750000000000e-01 -6.531959105902319607e+01
3.186035156250000000e-01 -6.489581601092710628e+01
3.188476562500000000e-01 -6.452246623594740527e+01
3.190917968750000000e-01 -6.419296902292461482e+01
3.193359375000000000e-01 -6.390199771494563663e+01
3.195800781250000000e-01 -6.364517541298759085e+01
3.198242187500000000e-01 -6.341886177994614826e+01
3.200683593750000000e-01 -6.321999645164387260e+01
3.203125000000000000e-01 -6.304598192006060486e+01
3.205566406250000000e-01 -6.289459451516091804e+01
3.208007812500000000e-01 -6.276391576032089148e+01
3.210449218750000000e-01 -6.265227874552529386e+01
3.212890625000000000e-01 -6.255822573616848103e+01
3.215332031250000000e-01 -6.248047430151925141e+01
3.217773437500000000e-01 -6.241788998312746628e+01
3.220214843750000000e-01 -6.236946403976759967e+01
3.222656250000000000e-01 -6.233429517364250216e+01
3.225097656250000000e-01 -6.231157440843870177e+01
3.227539062500000000e-01 -6.230057248434553685e+01
3.229980468750000000e-01 -6.230062927933120420e+01
3.232421875000000000e-01 -6.231114487370525268e+01
3.234863281250000000e-01 -6.233157195675450168e+01
3.237304687500000000e-01 -6.236140933636282568e+01
3.239746093750000000e-01 -6.240019636068281272e+01
3.242187500000000000e-01 -6.244750809807223391e+01
3.244628906250000000e-01 -6.250295115080339770e+01
3.247070312500000000e-01 -6.256616000101143982e+01
3.249511718750000000e-01 -6.263679380565501020e+01
3.251953125000000000e-01 -6.271453357193841072e+01
3.254394531250000000e-01 -6.279907965626795630e+01
3.256835937500000000e-01 -6.289014953956755249e+01
3.259277343750000000e-01 -6.298747583930801142e+01
3.261718750000000000e-01 -6.309080452511959436e+01
3.264160156250000000e-01 -6.319989331005314170e+01
3.266601562500000000e-01 -6.331451019386878443e+01
3.269042968750000000e-01 -6.343443213842594020e+01
3.271484375000000000e-01 -6.355944385817385722e+01
3.273925781250000000e-01 -6.368933671147263453e+01
3.276367187500000000e-01 -6.382390768046325036e+01
3.278808593750000000e-01 -6.396295842924878627e+01
3.281250000000000000e-01 -6.410629443165480268e+01
3.283691406250000000e-01 -6.425372416124712061e+01
3.286132812500000000e-01 -6.440505833759151244e+01
3.288574218750000000e-01 -6.456010922374674976e+01
3.291015625000000000e-01 -6.471868997097874399e+01
3.293457031250000000e-01 -6.488061400761927189e+01
3.295898437500000000e-01 -6.504569446972327285e+01
3.298339843750000000e-01 -6.521374367199415190e+01
3.300781250000000000e-01 -6.538457261801727327e+01
3.303222656250000000e-01 -6.555799054967090456e+01
3.305664062500000000e-01 -6.573380453596064399e+01
3.308105468750000000e-01 -6.591181910228611684e+01
3.310546875000000000e-01 -6.609183590154792398e+01
3.312988281250000000e-01 -6.627365342904323597e+01
3.315429687500000000e-01 -6.645706678356253860e+01
3.317871093750000000e-01 -6.664186747748183848e+01
3.320312500000000000e-01 -6.682784329902631271e+01
3.322753906250000000e-01 -6.701477823019584434e+01
3.325195312500000000e-01 -6.720245242403414920e+01
3.327636718750000000e-01 -6.739064224515878720e+01
3.330078125000000000e-01 -6.757912037749824208e+01
3.332519531250000000e-01 -6.776765600313918014e+01
3.334960937500000000e-01 -6.795601505613886673e+01
3.337402343750000000e-01 -6.814396055476134961e+01
3.339843750000000000e-01 -6.833125301532291473e+01
3.342285156250000000e-01 -6.851765095020144258e+01
3.344726562500000000e-01 -6.870291145185481696e+01
3.347167968750000000e-01 -6.888679086393091211e+01
3.349609375000000000e-01 -6.906904553932069746e+01
3.352050781250000000e-01 -6.924943268402084584e+01
3.354492187500000000e-01 -6.942771128421333060e+01
3.356933593750000000e-01 -6.960364311246073044e+01
3.359375000000000000e-01 -6.977699380747428393e+01
3.361816406250000000e-01 -6.994753402004813836e+01
3.364257812500000000e-01 -7.011504061622602535e+01
3.366699218750000000e-01 -7.027929792690693489e+01
3.369140625000000000e-01 -7.044009903157424901e+01
3.371582031250000000e-01 -7.059724706216232448e+01
3.374023437500000000e-01 -7.075055651178466576e+01
3.376464843750000000e-01 -7.089985453195201615e+01
3.378906250000000000e-01 -7.104498220087097593e+01
3.381347656250000000e-01 -7.118579574508498808e+01
3.383789062500000000e-01 -7.132216769653287258e+01
3.386230468750000000e-01 -7.145398796737813996e+01
3.388671875000000000e-01 -7.158116482562903116e+01
3.391113281250000000e-01 -7.170362575591443033e+01
3.393554687500000000e-01 -7.182131819127015149e+01
3.395996093750000000e-01 -7.193421010377807079e+01
3.398437500000000000e-01 -7.204229044448022989e+01
3.400878906250000000e-01 -7.214556942537605266e+01
3.403320312500000000e-01 -7.224407863942448671e+01
3.405761718750000000e-01 -7.233787101751399007e+01
3.408203125000000000e-01 -7.242702062422318932e+01
3.410644531250000000e-01 -7.251162229748551624e+01
3.413085937500000000e-01 -7.259179113999512367e+01
3.415527343750000000e-01 -7.266766187294012980e+01
3.417968750000000000e-01 -7.273938806487429076e+01
3.420410156250000000e-01 -7.280714125082012345e+01
3.422851562500000000e-01 -7.287110995792650670e+01
3.425292968750000000e-01 -7.293149865557820988e+01
3.427734375000000000e-01 -7.298852664816575952e+01
3.430175781250000000e-01 -7.304242692947279636e+01
3.432617187500000000e-01 -7.309344501711522923e+01
3.435058593750000000e-01 -7.314183778530616564e+01
3.437500000000000000e-01 -7.318787231325835307e+01
3.439941406250000000e-01 -7.323182476545642317e+01
3.442382812500000000e-01 -7.327397931887169591e+01
3.444824218750000000e-01 -7.331462715073351433e+01
3.447265625000000000e-01 -7.335406549876587690e+01
3.449707031250000000e-01 -7.339259680462627955e+01
3.452148437500000000e-01 -7.343052794945330675e+01
3.454589843750000000e-01 -7.346816958919741580e+01
3.457031250000000000e-01 -7.350583559600322303e+01
3.459472656250000000e-01 -7.354384261078871532e+01
3.461914062500000000e-01 -7.358250971121049133e+01
3.464355468750000000e-01 -7.362215819847780551e+01
3.466796875000000000e-01 -7.366311150581580591e+01
3.469238281250000000e-01 -7.370569523124149214e+01
3.471679687500000000e-01 -7.375023729723466204e+01
3.474121093750000000e-01 -7.379706824004585997e+01
3.476562500000000000e-01 -7.384652163205032593e+01
3.479003906250000000e-01 -7.389893464114133792e+01
3.481445312500000000e-01 -7.395464873260770844e+01
3.483886718750000000e-01 -7.401401052004550252e+01
3.486328125000000000e-01 -7.407737277399408526e+01
3.488769531250000000e-01 -7.414509559906608160e+01
3.491210937500000000e-01 -7.421754779319601880e+01
3.493652343750000000e-01 -7.429510840598996424e+01
3.496093750000000000e-01 -7.437816851690232056e+01
3.498535156250000000e-01 -7.446713325924152116e+01
3.500976562500000000e-01 -7.456242412129648756e+01
3.503417968750000000e-01 -7.466448156335773945e+01
3.505859375000000000e-01 -7.477376799758160075e+01
3.508300781250000000e-01 -7.489077118851231774e+01
3.510742187500000000e-01 -7.501600814464079292e+01
3.513183593750000000e-01 -7.515002958763638219e+01
3.515625000000000000e-01 -7.529342510582189618e+01
3.518066406250000000e-01 -7.544682912358163662e+01
3.520507812500000000e-01 -7.561092785052827026e+01
3.522949218750000000e-01 -7.578646741468709536e+01
3.525390625000000000e-01 -7.597426343720547948e+01
3.527832031250000000e-01 -7.617521237372774578e+01
3.530273437500000000e-01 -7.639030503828598739e+01
3.532714843750000000e-01 -7.662064284400712211e+01
3.535156250000000000e-01 -7.686745745495254312e+01
3.537597656250000000e-01 -7.713213475989405765e+01
3.540039062500000000e-01 -7.741624437532210834e+01
3.542480468750000000e-01 -7.772157629834939030e+01
3.544921875000000000e-01 -7.805018691205997072e+01
3.547363281250000000e-01 -7.840445738061764303e+01
3.549804687500000000e-01 -7.878716868694732511e+01
3.552246093750000000e-01 -7.920159937335482425e+01
3.554687500000000000e-01 -7.965165478485810979e+01
3.557128906250000000e-01 -8.014204087093521878e+01
3.559570312500000000e-01 -8.067850238309253541e+01
3.562011718750000000e-01 -8.126815643980332027e+01
3.564453125000000000e-01 -8.191997133228468897e+01
3.566894531250000000e-01 -8.264547380260425768e+01
3.569335937500000000e-01 -8.345982960021217423e+01
3.571777343750000000e-01 -8.438356197691592797e+01
3.574218750000000000e-01 -8.544542139834156558e+01
3.576660156250000000e-01 -8.668747724828531886e+01
3.579101562500000000e-01 -8.817488113679308981e+01
3.581542968750000000e-01 -9.001662682513905622e+01
3.583984375000000000e-01 -9.241661996273921886e+01
3.586425781250000000e-01 -9.583105292956797427e+01
3.588867187500000000e-01 -1.017043816572439425e+02
3.591308593750000000e-01 -1.384474561397751131e+02
3.593750000000000000e-01 -1.017952250885900014e+02
3.596191406250000000e-01 -9.563168620824571065e+01
3.598632812500000000e-01 -9.201175074329330528e+01
3.601074218750000000e-01 -8.942745513416150516e+01
3.603515625000000000e-01 -8.740991576185651013e+01
3.605957031250000000e-01 -8.575100430712049615e+01
3.608398437500000000e-01 -8.433992427893895183e+01
3.610839843750000000e-01 -8.311062927956218971e+01
3.613281250000000000e-01 -8.202055917268639007e+01
3.615722656250000000e-01 -8.104067528985848412e+01
3.618164062500000000e-01 -8.015027721286156748e+01
3.620605468750000000e-01 -7.933408737168802816e+01
3.623046875000000000e-01 -7.858050801019037124e+01
3.625488281250000000e-01 -7.788052666735138985e+01
3.627929687500000000e-01 -7.722700058006495283e+01
3.630371093750000000e-01 -7.661417273448365961e+01
3.632812500000000000e-01 -7.603733502849260617e+01
3.635253906250000000e-01 -7.549258794638426195e+01
3.637695312500000000e-01 -7.497666535422250433e+01
3.640136718750000000e-01 -7.448680432657161532e+01
3.642578125000000000e-01 -7.402064679329346575e+01
3.645019531250000000e-01 -7.357616410682084052e+01
3.647460937500000000e-01 -7.315159840538619562e+01
3.649902343750000000e-01 -7.274541647588337412e+01
3.652343750000000000e-01 -7.235627304968970464e+01
3.654785156250000000e-01 -7.198298130837660835e+01
3.657226562500000000e-01 -7.162448896425983946e+01
3.659667968750000000e-01 -7.127985869754238024e+01
3.662109375000000000e-01 -7.094825203192137053e+01
3.664550781250000000e-01 -7.062891594795659955e+01
3.666992187500000000e-01 -7.032117169521738731e+01
3.669433593750000000e-01 -7.002440538378751000e+01
3.671875000000000000e-01 -6.973806002623253164e+01
3.674316406250000000e-01 -6.946162876998208446e+01
3.676757812500000000e-01 -6.919464911287853681e+01
3.679199218750000000e-01 -6.893669793555814351e+01
3.681640625000000000e-01 -6.868738721622253252e+01
3.684082031250000000e-01 -6.844636031863126391e+01
3.686523437500000000e-01 -6.821328876381456041e+01
3.688964843750000000e-01 -6.798786941200988565e+01
3.691406250000000000e-01 -6.776982199409560792e+01
3.693847656250000000e-01 -6.755888694182793586e+01
3.696289062500000000e-01 -6.735482347488184018e+01
3.698730468750000000e-01 -6.715740790910200531e+01
3.701171875000000000e-01 -6.696643215629393353e+01
3.703613281250000000e-01 -6.678170239021368104e+01
3.706054687500000000e-01 -6.660303785744700633e+01
3.708496093750000000e-01 -6.643026981480385018e+01
3.710937500000000000e-01 -6.626324057770696641e+01
3.713378906250000000e-01 -6.610180266611025957e+01
3.715820312500000000e-01 -6.594581803646951812e+01
3.718261718750000000e-01 -6.579515738971983296e+01
3.720703125000000000e-01 -6.564969954671556707e+01
3.723144531250000000e-01 -6.550933088359724366e+01
3.725585937500000000e-01 -6.537394482054246225e+01
3.728027343750000000e-01 -6.524344135824264868e+01
3.730468750000000000e-01 -6.511772665711666264e+01
3.732910156250000000e-01 -6.499671265485163474e+01
3.735351562500000000e-01 -6.488031671850109205e+01
3.737792968750000000e-01 -6.476846132765193431e+01
3.740234375000000000e-01 -6.466107378582206877e+01
3.742675781250000000e-01 -6.455808595730835009e+01
3.745117187500000000e-01 -6.445943402723929694e+01
3.747558593750000000e-01 -6.436505828275552688e+01
3.750000000000000000e-01 -6.427490291344959417e+01
3.752441406250000000e-01 -6.418891582948076291e+01
3.754882812500000000e-01 -6.410704849588495335e+01
3.757324218750000000e-01 -6.402925578180978050e+01
3.759765625000000000e-01 -6.395549582354223617e+01
3.762207031250000000e-01 -6.388572990027922316e+01
3.764648437500000000e-01 -6.381992232179513280e+01
3.767089843750000000e-01 -6.375804032712483149e+01
3.769531250000000000e-01 -6.370005399366527143e+01
3.771972656250000000e-01 -6.364593615596206888e+01
3.774414062500000000e-01 -6.359566233371162269e+01
3.776855468750000000e-01 -6.354921066845304267e+01
3.779296875000000000e-01 -6.350656186857105467e+01
3.781738281250000000e-01 -6.346769916222353913e+01
3.784179687500000000e-01 -6.343260825791185908e+01
3.786621093750000000e-01 -6.340127731243040898e+01
3.789062500000000000e-01 -6.337369690601646255e+01
3.791503906250000000e-01 -6.334986002451783804e+01
3.793945312500000000e-01 -6.332976204849347823e+01
3.796386718750000000e-01 -6.331340074915885907e+01
3.798828125000000000e-01 -6.330077629117633364e+01
3.801269531250000000e-01 -6.329189124229648655e+01
3.803710937500000000e-01 -6.328675058990779689e+01
3.806152343750000000e-01 -6.328536176460826823e+01
3.808593750000000000e-01 -6.328773467096074512e+01
3.811035156250000000e-01 -6.329388172560868497e+01
3.813476562500000000e-01 -6.330381790300783962e+01
3.815917968750000000e-01 -6.331756078905905127e+01
3.818359375000000000e-01 -6.333513064302017170e+01
3.820800781250000000e-01 -6.335655046808169288e+01
3.823242187500000000e-01 -6.338184609106244949e+01
3.825683593750000000e-01 -6.341104625184077292e+01
3.828125000000000000e-01 -6.344418270301328988e+01
3.830566406250000000e-01 -6.348129032062194455e+01
3.833007812500000000e-01 -6.352240722660964423e+01
3.835449218750000000e-01 -6.356757492397141363e+01
3.837890625000000000e-01 -6.361683844559131984e+01
3.840332031250000000e-01 -6.367024651785955314e+01
3.842773437500000000e-01 -6.372785174038001799e+01
3.845214843750000000e-01 -6.378971078314330612e+01
3.847656250000000000e-01 -6.385588460284024848e+01
3.850097656250000000e-01 -6.392643868002998886e+01
3.852539062500000000e-01 -6.400144327929905330e+01
3.854980468750000000e-01 -6.408097373459933976e+01
3.857421875000000000e-01 -6.416511076246649736e+01
3.859863281250000000e-01 -6.425394080595944502e+01
3.862304687500000000e-01 -6.434755641270298554e+01
3.864746093750000000e-01 -6.444605665078783829e+01
3.867187500000000000e-01 -6.454954756681220829e+01
3.869628906250000000e-01 -6.465814269096986777e+01
3.872070312500000000e-01 -6.477196359477731846e+01
3.874511718750000000e-01 -6.489114050781408594e+01
3.876953125000000000e-01 -6.501581300083277881e+01
3.879394531250000000e-01 -6.514613074373157531e+01
3.881835937500000000e-01 -6.528225434805257521e+01
3.884277343750000000e-01 -6.542435630538108171e+01
3.886718750000000000e-01 -6.557262203471877626e+01
3.889160156250000000e-01 -6.572725105407799617e+01
3.891601562500000000e-01 -6.588845829414648847e+01
3.894042968750000000e-01 -6.605647557492190458e+01
3.896484375000000000e-01 -6.623155326995782843e+01
3.898925781250000000e-01 -6.641396218720679201e+01
3.901367187500000000e-01 -6.660399570102690348e+01
3.903808593750000000e-01 -6.680197217641244833e+01
3.906250000000000000e-01 -6.700823773450940735e+01
3.908691406250000000e-01 -6.722316941866070295e+01
3.911132812500000000e-01 -6.744717883220870647e+01
3.913574218750000000e-01 -6.768071633490616534e+01
3.916015625000000000e-01 -6.792427590375818625e+01
3.918457031250000000e-01 -6.817840078848188057e+01
3.920898437500000000e-01 -6.844369012244696648e+01
3.923339843750000000e-01 -6.872080668931251068e+01
3.925781250000000000e-01 -6.901048609642111842e+01
3.928222656250000000e-01 -6.931354767186252275e+01
3.930664062500000000e-01 -6.963090748890637371e+01
3.933105468750000000e-01 -6.996359403613789141e+01
3.935546875000000000e-01 -7.031276720540759584e+01
3.937988281250000000e-01 -7.067974147763885640e+01
3.940429687500000000e-01 -7.106601447166349317e+01
3.942871093750000000e-01 -7.147330241680177210e+01
3.945312500000000000e-01 -7.190358466718896580e+01
3.947753906250000000e-01 -7.235916017226054464e+01
3.950195312500000000e-01 -7.284271997665078402e+01
3.952636718750000000e-01 -7.335744153945498169e+01
3.955078125000000000e-01 -7.390711326015784266e+01
3.957519531250000000e-01 -7.449630161886183544e+01
3.959960937500000000e-01 -7.513057972437677279e+01
3.962402343750000000e-01 -7.581684650578054629e+01
3.964843750000000000e-01 -7.656378343241748041e+01
3.967285156250000000e-01 -7.738252663125960851e+01
3.969726562500000000e-01 -7.828768912005602942e+01
3.972167968750000000e-01 -7.929897773580029252e+01
3.974609375000000000e-01 -8.044387525608007650e+01
3.977050781250000000e-01 -8.176235938254455959e+01
3.979492187500000000e-01 -8.331585289923772564e+01
3.981933593750000000e-01 -8.520597362803960095e+01
3.984375000000000000e-01 -8.761967349978516495e+01
3.986816406250000000e-01 -9.096353669275922016e+01
3.989257812500000000e-01 -9.644779130717979854e+01
3.991699218750000000e-01 -1.146563727595541877e+02
3.994140625000000000e-01 -9.893973545498124622e+01
3.996582031250000000e-01 -9.225731306736169302e+01
3.999023437500000000e-01 -8.854135285833098123e+01
4.001464843750000000e-01 -8.595995262481095267e+01
4.003906250000000000e-01 -8.398369246003950650e+01
4.006347656250000000e-01 -8.238480767585757292e+01
4.008789062500000000e-01 -8.104421518881697750e+01
4.011230468750000000e-01 -7.989176767422840442e+01
4.013671875000000000e-01 -7.888264413913852025e+01
4.016113281250000000e-01 -7.798645807746625280e+01
4.018554687500000000e-01 -7.718165649682460128e+01
4.020996093750000000e-01 -7.645239700249962311e+01
4.023437500000000000e-01 -7.578669359501945735e+01
4.025878906250000000e-01 -7.517525888524026811e+01
4.028320312500000000e-01 -7.461075066190316818e+01
4.030761718750000000e-01 -7.408726435848693370e+01
4.033203125000000000e-01 -7.359998098763914243e+01
4.035644531250000000e-01 -7.314491668063823226e+01
4.038085937500000000e-01 -7.271874055715613849e+01
4.040527343750000000e-01 -7.231863970849629197e+01
4.042968750000000000e-01 -7.194221738673051902e+01
4.045410156250000000e-01 -7.158741505829414109e+01
4.047851562500000000e-01 -7.125245190934327866e+01
4.050292968750000000e-01 -7.093577731510373496e+01
4.052734375000000000e-01 -7.063603307633371742e+01
4.055175781250000000e-01 -7.035202310997266295e+01
4.057617187500000000e-01 -7.008268889551644065e+01
4.060058593750000000e-01 -6.982708941404389691e+01
4.062500000000000000e-01 -6.958438462863735197e+01
4.064941406250000000e-01 -6.935382178206950243e+01
4.067382812500000000e-01 -6.913472395471735865e+01
4.069824218750000000e-01 -6.892648045008689905e+01
4.072265625000000000e-01 -6.872853866895860619e+01
4.074707031250000000e-01 -6.854039720446715478e+01
4.077148437500000000e-01 -6.836159994486884273e+01
4.079589843750000000e-01 -6.819173101308655305e+01
4.082031250000000000e-01 -6.803041040503569548e+01
4.084472656250000000e-01 -6.787729021456986800e+01
4.086914062500000000e-01 -6.773205135345351380e+01
4.089355468750000000e-01 -6.759440069100644166e+01
4.091796875000000000e-01 -6.746406855117307089e+01
4.094238281250000000e-01 -6.734080651533042783e+01
4.096679687500000000e-01 -6.722438548771189915e+01
4.099121093750000000e-01 -6.711459398726393033e+01
4.101562500000000000e-01 -6.701123663550066567e+01
4.104003906250000000e-01 -6.691413281467045238e+01
4.106445312500000000e-01 -6.682311547435973864e+01
4.108886718750000000e-01 -6.673803006800260107e+01
4.111328125000000000e-01 -6.665873360337425879e+01
4.113769531250000000e-01 -6.658509379350655877e+01
4.116210937500000000e-01 -6.651698829630987575e+01
4.118652343750000000e-01 -6.645430403285116938e+01
4.121093750000000000e-01 -6.639693657551201511e+01
4.123535156250000000e-01 -6.634478959859342240e+01
4.125976562500000000e-01 -6.629777438468863693e+01
4.128417968750000000e-01 -6.625580938128233299e+01
4.130859375000000000e-01 -6.621881980247941613e+01
4.133300781250000000e-01 -6.618673727164583909e+01
4.135742187500000000e-01 -6.615949950114764988e+01
4.138183593750000000e-01 -6.613705000591346561e+01
4.140625000000000000e-01 -6.611933784795598967e+01
4.143066406250000000e-01 -6.610631740934704226e+01
4.145507812500000000e-01 -6.609794819150587841e+01
4.147949218750000000e-01 -6.609419463887454071e+01
4.150390625000000000e-01 -6.609502598540166218e+01
4.152832031250000000e-01 -6.610041612241452924e+01
4.155273437500000000e-01 -6.611034348672774286e+01
4.157714843750000000e-01 -6.612479096799155798e+01
4.160156250000000000e-01 -6.614374583445656697e+01
4.162597656250000000e-01 -6.616719967655073731e+01
4.165039062500000000e-01 -6.619514836774455091e+01
4.167480468750000000e-01 -6.622759204241273778e+01
4.169921875000000000e-01 -6.626453509041689927e+01
4.172363281250000000e-01 -6.630598616849286486e+01
4.174804687500000000e-01 -6.635195822837106050e+01
4.177246093750000000e-01 -6.640246856201179071e+01
4.179687500000000000e-01 -6.645753886421383072e+01
4.182128906250000000e-01 -6.651719531320630097e+01
4.184570312500000000e-01 -6.658146866983577183e+01
4.187011718750000000e-01 -6.665039439629873641e+01
4.189453125000000000e-01 -6.672401279533954721e+01
4.191894531250000000e-01 -6.680236917123468743e+01
4.194335937500000000e-01 -6.688551401397167240e+01
4.196777343750000000e-01 -6.697350320833950832e+01
4.199218750000000000e-01 -6.706639826982053876e+01
4.201660156250000000e-01 -6.716426660963537643e+01
4.204101562500000000e-01 -6.726718183140940255e+01
4.206542968750000000e-01 -6.737522406258314334e+01
4.208984375000000000e-01 -6.748848032379365236e+01
4.211425781250000000e-01 -6.760704494029342015e+01
4.213867187500000000e-01 -6.773101999980576693e+01
4.216308593750000000e-01 -6.786051586193258345e+01
4.218750000000000000e-01 -6.799565172507936950e+01
4.221191406250000000e-01 -6.813655625764214108e+01
4.223632812500000000e-01 -6.828336830132791135e+01
4.226074218750000000e-01 -6.843623765559416938e+01
4.228515625000000000e-01 -6.859532595373894992e+01
4.230957031250000000e-01 -6.876080764278754032e+01
4.233398437500000000e-01 -6.893287108128210150e+01
4.235839843750000000e-01 -6.911171977162167934e+01
4.238281250000000000e-01 -6.929757374617803123e+01
4.240722656250000000e-01 -6.949067113008143792e+01
4.243164062500000000e-01 -6.969126990747102468e+01
4.245605468750000000e-01 -6.989964992306197189e+01
4.248046875000000000e-01 -7.011611515681559581e+01
4.250488281250000000e-01 -7.034099631700533450e+01
4.252929687500000000e-01 -7.057465380581574266e+01
4.255371093750000000e-01 -7.081748112287412766e+01
4.257812500000000000e-01 -7.106990878598899997e+01
4.260253906250000000e-01 -7.133240886552054860e+01
4.262695312500000000e-01 -7.160550025077449732e+01
4.265136718750000000e-01 -7.188975479409577929e+01
4.267578125000000000e-01 -7.218580451367665773e+01
4.270019531250000000e-01 -7.249435008102410904e+01
4.272460937500000000e-01 -7.281617087765185659e+01
4.274902343750000000e-01 -7.315213698168548717e+01
4.277343750000000000e-01 -7.350322354604276143e+01
4.279785156250000000e-01 -7.387052816394901811e+01
4.282226562500000000e-01 -7.425529199822561566e+01
4.284667968750000000e-01 -7.465892569724721284e+01
4.287109375000000000e-01 -7.508304145987857225e+01
4.289550781250000000e-01 -7.552949308733292355e+01
4.291992187500000000e-01 -7.600042653405083115e+01
4.294433593750000000e-01 -7.649834444316960003e+01
4.296875000000000000e-01 -7.702618958186680231e+01
4.299316406250000000e-01 -7.758745423307981071e+01
4.301757812500000000e-01 -7.818632587987062266e+01
4.304199218750000000e-01 -7.882788466374240954e+01
4.306640625000000000e-01 -7.951837639680621805e+01
4.309082031250000000e-01 -8.026559871462063711e+01
4.311523437500000000e-01 -8.107946176005062000e+01
4.313964843750000000e-01 -8.197282754986973430e+01
4.316406250000000000e-01 -8.296281277570756174e+01
4.318847656250000000e-01 -8.407290063859984741e+01
4.321289062500000000e-01 -8.533655123112369267e+01
4.323730468750000000e-01 -8.680380085550947911e+01
4.326171875000000000e-01 -8.855442014508216175e+01
4.328613281250000000e-01 -9.072744183541372820e+01
4.331054687500000000e-01 -9.359987152660963261e+01
4.333496093750000000e-01 -9.786481387359623341e+01
4.335937500000000000e-01 -1.064347911418687431e+02
4.338378906250000000e-01 -1.100037262113816183e+02
4.340820312500000000e-01 -9.917755590754798334e+01
4.343261718750000000e-01 -9.455146193707220448e+01
4.345703125000000000e-01 -9.158342768176215998e+01
4.348144531250000000e-01 -8.940315422721945993e+01
4.350585937500000000e-01 -8.768545909467403021e+01
4.353027343750000000e-01 -8.627280898657707553e+01
4.355468750000000000e-01 -8.507681280835299731e+01
4.357910156250000000e-01 -8.404287966306719682e+01
4.360351562500000000e-01 -8.313492019804826327e+01
4.362792968750000000e-01 -8.232783031818848940e+01
4.365234375000000000e-01 -8.160344238556109531e+01
4.367675781250000000e-01 -8.094818546066375120e+01
4.370117187500000000e-01 -8.035165590384616507e+01
4.372558593750000000e-01 -7.980570381342309361e+01
4.375000000000000000e-01 -7.930382687987594181e+01
4.377441406250000000e-01 -7.884075531356245392e+01
4.379882812500000000e-01 -7.841215983788468691e+01
4.382324218750000000e-01 -7.801444140618184520e+01
4.384765625000000000e-01 -7.764457664764047706e+01
4.387207031250000000e-01 -7.730000221069317945e+01
4.389648437500000000e-01 -7.697852682012526770e+01
4.392089843750000000e-01 -7.667826344482293166e+01
4.394531250000000000e-01 -7.639757630108678654e+01
4.396972656250000000e-01 -7.613503896291994977e+01
4.399414062500000000e-01 -7.588940090107813319e+01
4.401855468750000000e-01 -7.565956049669578931e+01
4.404296875000000000e-01 -7.544454308501752848e+01
4.406738281250000000e-01 -7.524348294700450879e+01
4.409179687500000000e-01 -7.505560842950399092e+01
4.411621093750000000e-01 -7.488022956642120675e+01
4.414062500000000000e-01 -7.471672771581599193e+01
4.416503906250000000e-01 -7.456454683428681562e+01
4.418945312500000000e-01 -7.442318609092089332e+01
4.421386718750000000e-01 -7.429219358441480381e+01
4.423828125000000000e-01 -7.417116097475256709e+01
4.426269531250000000e-01 -7.405971887758502703e+01
4.428710937500000000e-01 -7.395753289829838195e+01
4.431152343750000000e-01 -7.386430020578825406e+01
4.433593750000000000e-01 -7.377974656402705023e+01
4.436035156250000000e-01 -7.370362375378174136e+01
4.438476562500000000e-01 -7.363570732896998550e+01
4.440917968750000000e-01 -7.357579466108190047e+01
4.443359375000000000e-01 -7.352370323340051073e+01
4.445800781250000000e-01 -7.347926915251841251e+01
4.448242187500000000e-01 -7.344234585023201589e+01
4.450683593750000000e-01 -7.341280295319148763e+01
4.453125000000000000e-01 -7.339052530104875416e+01
4.455566406250000000e-01 -7.337541209732958691e+01
4.458007812500000000e-01 -7.336737617935024502e+01
4.460449218750000000e-01 -7.336634339608544053e+01
4.462890625000000000e-01 -7.337225208463776482e+01
4.465332031250000000e-01 -7.338505263749048879e+01
4.467773437500000000e-01 -7.340470715452278228e+01
4.470214843750000000e-01 -7.343118917453291772e+01
4.472656250000000000e-01 -7.346448348289665375e+01
4.475097656250000000e-01 -7.350458599225967760e+01
4.477539062500000000e-01 -7.355150369498704777e+01
4.479980468750000000e-01 -7.360525468635641744e+01
4.482421875000000000e-01 -7.366586825908143510e+01
4.484863281250000000e-01 -7.373338507017355425e+01
4.487304687500000000e-01 -7.380785738256105333e+01
4.489746093750000000e-01 -7.388934938476950265e+01
4.492187500000000000e-01 -7.397793759298380678e+01
4.494628906250000000e-01 -7.407371134141068580e+01
4.497070312500000000e-01 -7.417677336780627684e+01
4.499511718750000000e-01 -7.428724050296465009e+01
4.501953125000000000e-01 -7.440524447447414502e+01
4.504394531250000000e-01 -7.453093283745903364e+01
4.506835937500000000e-01 -7.466447004691222844e+01
4.509277343750000000e-01 -7.480603868958571923e+01
4.511718750000000000e-01 -7.495584089667158878e+01
4.514160156250000000e-01 -7.511409996205664186e+01
4.516601562500000000e-01 -7.528106219653147946e+01
4.519042968750000000e-01 -7.545699905344437752e+01
4.521484375000000000e-01 -7.564220956909839799e+01
4.523925781250000000e-01 -7.583702316909986507e+01
4.526367187500000000e-01 -7.604180290335084180e+01
4.528808593750000000e-01 -7.625694918514798815e+01
4.531250000000000000e-01 -7.648290412643819991e+01
4.533691406250000000e-01 -7.672015658224606227e+01
4.536132812500000000e-01 -7.696924804336464376e+01
4.538574218750000000e-01 -7.723077954942355916e+01
4.541015625000000000e-01 -7.750541983809384305e+01
4.543457031250000000e-01 -7.779391500031069029e+01
4.545898437500000000e-01 -7.809709998464825276e+01
4.548339843750000000e-01 -7.841591238794092078e+01
4.550781250000000000e-01 -7.875140909630371766e+01
4.553222656250000000e-01 -7.910478650937514544e+01
4.555664062500000000e-01 -7.947740531174019907e+01
4.558105468750000000e-01 -7.987082107188237501e+01
4.560546875000000000e-01 -8.028682239149986799e+01
4.562988281250000000e-01 -8.072747895299657728e+01
4.565429687500000000e-01 -8.119520271225920283e+01
4.567871093750000000e-01 -8.169282679942155312e+01
4.570312500000000000e-01 -8.222370865215749802e+01
4.572753906250000000e-01 -8.279186689573857905e+01
4.575195312500000000e-01 -8.340216615039661008e+01
4.577636718750000000e-01 -8.406057142517580871e+01
4.580078125000000000e-01 -8.477450611506807832e+01
4.582519531250000000e-01 -8.555336875378091577e+01
4.584960937500000000e-01 -8.640930129266300241e+01
4.587402343750000000e-01 -8.735837181472290069e+01
4.589843750000000000e-01 -8.842247275638730741e+01
4.592285156250000000e-01 -8.963252647738417522e+01
4.594726562500000000e-01 -9.103425386618846460e+01
4.597167968750000000e-01 -9.269944180152876356e+01
4.599609375000000000e-01 -9.475051574909439012e+01
4.602050781250000000e-01 -9.742328675840045094e+01
4.604492187500000000e-01 -1.012727362920687995e+02
4.606933593750000000e-01 -1.082786727612011646e+02
4.609375000000000000e-01 -1.210365268440753255e+02
4.611816406250000000e-01 -1.050551601093887086e+02
4.614257812500000000e-01 -9.979251153705439492e+01
4.616699218750000000e-01 -9.656804393330033065e+01
4.619140625000000000e-01 -9.424590369671528833e+01
4.621582031250000000e-01 -9.243628084517193599e+01
4.624023437500000000e-01 -9.095812360690693765e+01
4.626464843750000000e-01 -8.971243055860074378e+01
4.628906250000000000e-01 -8.863912337640303463e+01
4.631347656250000000e-01 -8.769899150022199308e+01
4.633789062500000000e-01 -8.686502657118769832e+01
4.636230468750000000e-01 -8.611783511628100030e+01
4.638671875000000000e-01 -8.544302317487151299e+01
4.641113281250000000e-01 -8.482961572191736366e+01
4.643554687500000000e-01 -8.426905541460887150e+01
4.645996093750000000e-01 -8.375454318083441763e+01
4.648437500000000000e-01 -8.328058951691885170e+01
4.650878906250000000e-01 -8.284270053931025757e+01
4.653320312500000000e-01 -8.243715297741712789e+01
4.655761718750000000e-01 -8.206082949575311147e+01
4.658203125000000000e-01 -8.171109592915409792e+01
4.660644531250000000e-01 -8.138570825758949923e+01
4.663085937500000000e-01 -8.108274108407488256e+01
4.665527343750000000e-01 -8.080053192376912818e+01
4.667968750000000000e-01 -8.053763729737637789e+01
4.670410156250000000e-01 -8.029279776009062175e+01
4.672851562500000000e-01 -8.006490977979349566e+01
4.675292968750000000e-01 -7.985300292678117273e+01
4.677734375000000000e-01 -7.965622122622009726e+01
4.680175781250000000e-01 -7.947380780647827692e+01
4.682617187500000000e-01 -7.930509218033525087e+01
4.685058593750000000e-01 -7.914947964879458198e+01
4.687500000000000000e-01 -7.900644242980581566e+01
4.689941406250000000e-01 -7.887551220070892555e+01
4.692382812500000000e-01 -7.875627380797915578e+01
4.694824218750000000e-01 -7.864835994843832623e+01
4.697265625000000000e-01 -7.855144666547954557e+01
4.699707031250000000e-01 -7.846524953421547366e+01
4.702148437500000000e-01 -7.838952043432038863e+01
4.704589843750000000e-01 -7.832404482821389990e+01
4.707031250000000000e-01 -7.826863947825374623e+01
4.709472656250000000e-01 -7.822315054943062762e+01
4.711914062500000000e-01 -7.818745205429196687e+01
4.714355468750000000e-01 -7.816144460602430399e+01
4.716796875000000000e-01 -7.814505445274409112e+01
4.719238281250000000e-01 -7.813823277275122337e+01
4.721679687500000000e-01 -7.814095521623262641e+01
4.724121093750000000e-01 -7.815322168398490987e+01
4.726562500000000000e-01 -7.817505633866311143e+01
4.729003906250000000e-01 -7.820650784888063356e+01
4.731445312500000000e-01 -7.824764987110053482e+01
4.733886718750000000e-01 -7.829858177921624929e+01
4.736328125000000000e-01 -7.835942965697562101e+01
4.738769531250000000e-01 -7.843034757419486880e+01
4.741210937500000000e-01 -7.851151917427944227e+01
4.743652343750000000e-01 -7.860315960837016291e+01
4.746093750000000000e-01 -7.870551785981946580e+01
4.748535156250000000e-01 -7.881887951433419914e+01
4.750976562500000000e-01 -7.894357004338309025e+01
4.753417968750000000e-01 -7.907995868506205284e+01
4.755859375000000000e-01 -7.922846302604355628e+01
4.758300781250000000e-01 -7.938955441370568167e+01
4.760742187500000000e-01 -7.956376435858528851e+01
4.763183593750000000e-01 -7.975169212784624051e+01
4.765625000000000000e-01 -7.995401378215888144e+01
4.768066406250000000e-01 -8.017149297560513332e+01
4.770507812500000000e-01 -8.040499392673542900e+01
4.772949218750000000e-01 -8.065549708536387641e+01
4.775390625000000000e-01 -8.092411817699286303e+01
4.777832031250000000e-01 -8.121213151777091355e+01
4.780273437500000000e-01 -8.152099878476801109e+01
4.782714843750000000e-01 -8.185240482910316473e+01
4.785156250000000000e-01 -8.220830268892910908e+01
4.787597656250000000e-01 -8.259097077370901729e+01
4.790039062500000000e-01 -8.300308637631621878e+01
4.792480468750000000e-01 -8.344782142896255550e+01
4.794921875000000000e-01 -8.392896908249625199e+01
4.797363281250000000e-01 -8.445111381922129112e+01
4.799804687500000000e-01 -8.501986437920265871e+01
4.802246093750000000e-01 -8.564217954527235577e+01
4.804687500000000000e-01 -8.632683506260839579e+01
4.807128906250000000e-01 -8.708511205584527204e+01
4.809570312500000000e-01 -8.793184634436902058e+01
4.812011718750000000e-01 -8.888709253899719442e+01
4.814453125000000000e-01 -8.997889318604224229e+01
4.816894531250000000e-01 -9.124817028233141514e+01
4.819335937500000000e-01 -9.275805059832842403e+01
4.821777343750000000e-01 -9.461353852098667971e+01
4.824218750000000000e-01 -9.700935847777296317e+01
4.826660156250000000e-01 -1.003746434676344848e+02
4.829101562500000000e-01 -1.060235085233420591e+02
4.831542968750000000e-01 -1.285181923413452978e+02
4.833984375000000000e-01 -1.073538830087345843e+02
4.836425781250000000e-01 -1.009259289349292885e+02
4.838867187500000000e-01 -9.725138371623262401e+01
4.841308593750000000e-01 -9.466327646849916277e+01
4.843750000000000000e-01 -9.266215580715613953e+01
4.846191406250000000e-01 -9.102985937323521171e+01
4.848632812500000000e-01 -8.965132248004485405e+01
4.851074218750000000e-01 -8.845837165672570279e+01
4.853515625000000000e-01 -8.740726554034375795e+01
4.855957031250000000e-01 -8.646825540534885590e+01
4.858398437500000000e-01 -8.562018729273705731e+01
4.860839843750000000e-01 -8.484747968969959686e+01
4.863281250000000000e-01 -8.413832308755380041e+01
4.865722656250000000e-01 -8.348355272688191064e+01
4.868164062500000000e-01 -8.287591338636926253e+01
4.870605468750000000e-01 -8.230956318549914386e+01
4.873046875000000000e-01 -8.177972882340384331e+01
4.875488281250000000e-01 -8.128245996896146153e+01
4.877929687500000000e-01 -8.081445043693898356e+01
4.880371093750000000e-01 -8.037290547736000690e+01
4.882812500000000000e-01 -7.995544160555536450e+01
4.885253906250000000e-01 -7.956000984464699854e+01
4.887695312500000000e-01 -7.918483610597917277e+01
4.890136718750000000e-01 -7.882837431190344546e+01
4.892578125000000000e-01 -7.848926912663526423e+01
4.895019531250000000e-01 -7.816632602516891382e+01
4.897460937500000000e-01 -7.785848703222212919e+01
4.899902343750000000e-01 -7.756481088983912286e+01
4.902343750000000000e-01 -7.728445671803419259e+01
4.904785156250000000e-01 -7.701667045546722079e+01
4.907226562500000000e-01 -7.676077353216346921e+01
4.909667968750000000e-01 -7.651615334728663242e+01
4.912109375000000000e-01 -7.628225521859714320e+01
4.914550781250000000e-01 -7.605857553883006972e+01
4.916992187500000000e-01 -7.584465592907125142e+01
4.919433593750000000e-01 -7.564007822016517935e+01
4.921875000000000000e-01 -7.544446012602877261e+01
4.924316406250000000e-01 -7.525745149797938893e+01
4.926757812500000000e-01 -7.507873106954595244e+01
4.929199218750000000e-01 -7.490800361738516244e+01
4.931640625000000000e-01 -7.474499747666773430e+01
4.934082031250000000e-01 -7.458946235977973060e+01
4.936523437500000000e-01 -7.444116743584993401e+01
4.938964843750000000e-01 -7.429989963500437966e+01
4.941406250000000000e-01 -7.416546214767686251e+01
4.943847656250000000e-01 -7.403767309302169508e+01
4.946289062500000000e-01 -7.391636433525006566e+01
4.948730468750000000e-01 -7.380138042923293540e+01
4.951171875000000000e-01 -7.369257767983579299e+01
4.953613281250000000e-01 -7.358982330135602012e+01
4.956054687500000000e-01 -7.349299466570298023e+01
4.958496093750000000e-01 -7.340197862916150484e+01
4.960937500000000000e-01 -7.331667092929389185e+01
4.963378906250000000e-01 -7.323697564441221175e+01
4.965820312500000000e-01 -7.316280470929307000e+01
4.968261718750000000e-01 -7.309407748140004912e+01
4.970703125000000000e-01 -7.303072035286525931e+01
4.973144531250000000e-01 -7.297266640395393722e+01
4.975585937500000000e-01 -7.291985509431053458e+01
4.978027343750000000e-01 -7.287223198879924269e+01
4.980468750000000000e-01 -7.282974851529179716e+01
4.982910156250000000e-01 -7.279236175174277435e+01
4.985351562500000000e-01 -7.276003424085274673e+01
4.987792968750000000e-01 -7.273273383012916327e+01
4.990234375000000000e-01 -7.271043353630794570e+01
4.992675781250000000e-01 -7.269311143251191254e+01
4.995117187500000000e-01 -7.268075055729467238e+01
4.997558593750000000e-01 -7.267333884475837635e+01
