-5.000000000000000000e-01 -6.347063438977259864e+01
-4.997558593750000000e-01 -6.347322710298401205e+01
-4.995117187500000000e-01 -6.348100260175589682e+01
-4.992675781250000000e-01 -6.349395294255670308e+01
-4.990234375000000000e-01 -6.351206481627085765e+01
-4.987792968750000000e-01 -6.353531944310543622e+01
-4.985351562500000000e-01 -6.356369242494082528e+01
-4.982910156250000000e-01 -6.359715355469693776e+01
-4.980468750000000000e-01 -6.363566658204054249e+01
-4.978027343750000000e-01 -6.367918893481322584e+01
-4.975585937500000000e-01 -6.372767139537954506e+01
-4.973144531250000000e-01 -6.378105773111077070e+01
-4.970703125000000000e-01 -6.383928427820625728e+01
-4.968261718750000000e-01 -6.390227947808735820e+01
-4.965820312500000000e-01 -6.396996336574576958e+01
-4.963378906250000000e-01 -6.404224700955091976e+01
-4.960937500000000000e-01 -6.411903190227923233e+01
-4.958496093750000000e-01 -6.420020930354917255e+01
-4.956054687500000000e-01 -6.428565953417503920e+01
-4.953613281250000000e-01 -6.437525122365475738e+01
-4.951171875000000000e-01 -6.446884051269013582e+01
-4.948730468750000000e-01 -6.456627021352771578e+01
-4.946289062500000000e-01 -6.466736893201947112e+01
-4.943847656250000000e-01 -6.477195015661514788e+01
-4.941406250000000000e-01 -6.487981132098690296e+01
-4.938964843750000000e-01 -6.499073284880071810e+01
-4.936523437500000000e-01 -6.510447719119773069e+01
-4.934082031250000000e-01 -6.522078786985400711e+01
-4.931640625000000000e-01 -6.533938854108232874e+01
-4.929199218750000000e-01 -6.545998209936352907e+01
-4.926757812500000000e-01 -6.558224984175255656e+01
-4.924316406250000000e-01 -6.570585071798122101e+01
-4.921875000000000000e-01 -6.583042069444846334e+01
-4.919433593750000000e-01 -6.595557226402146966e+01
-4.916992187500000000e-01 -6.608089413670396084e+01
-4.914550781250000000e-01 -6.620595114972208250e+01
-4.912109375000000000e-01 -6.633028443810796659e+01
-4.909667968750000000e-01 -6.645341190918649943e+01
-4.907226562500000000e-01 -6.657482906520318977e+01
-4.904785156250000000e-01 -6.669401021856778300e+01
-4.902343750000000000e-01 -6.681041014210281048e+01
-4.899902343750000000e-01 -6.692346619329907753e+01
-4.897460937500000000e-01 -6.703260094551063730e+01
-4.895019531250000000e-01 -6.713722535072356834e+01
-4.892578125000000000e-01 -6.723674244720865545e+01
-4.890136718750000000e-01 -6.733055161168753955e+01
-4.887695312500000000e-01 -6.741805333885216100e+01
-4.885253906250000000e-01 -6.749865451224520996e+01
-4.882812500000000000e-01 -6.757177410954678010e+01
-4.880371093750000000e-01 -6.763684926362728334e+01
-4.877929687500000000e-01 -6.769334157848277300e+01
-4.875488281250000000e-01 -6.774074357862583895e+01
-4.873046875000000000e-01 -6.777858515206365553e+01
-4.870605468750000000e-01 -6.780643983265358088e+01
-4.868164062500000000e-01 -6.782393075865611820e+01
-4.865722656250000000e-01 -6.783073614165691367e+01
-4.863281250000000000e-01 -6.782659408478633623e+01
-4.860839843750000000e-01 -6.781130660161952051e+01
-4.858398437500000000e-01 -6.778474270720012385e+01
-4.855957031250000000e-01 -6.774684047952135302e+01
-4.853515625000000000e-01 -6.769760802249784604e+01
-4.851074218750000000e-01 -6.763712329779770016e+01
-4.848632812500000000e-01 -6.756553283156674183e+01
-4.846191406250000000e-01 -6.748304933990721111e+01
-4.843750000000000000e-01 -6.738994835266059624e+01
-4.841308593750000000e-01 -6.728656394601549096e+01
-4.838867187500000000e-01 -6.717328371944995524e+01
-4.836425781250000000e-01 -6.705054317023862609e+01
-4.833984375000000000e-01 -6.691881962896214020e+01
-4.831542968750000000e-01 -6.677862592177457657e+01
-4.829101562500000000e-01 -6.663050392065416361e+01
-4.826660156250000000e-01 -6.647501813197602871e+01
-4.824218750000000000e-01 -6.631274945810764621e+01
-4.821777343750000000e-01 -6.614428924752141370e+01
-4.819335937500000000e-01 -6.597023372760141058e+01
-4.816894531250000000e-01 -6.579117889227140381e+01
-4.814453125000000000e-01 -6.560771589492563294e+01
-4.812011718750000000e-01 -6.542042697677972285e+01
-4.809570312500000000e-01 -6.522988194252670269e+01
-4.807128906250000000e-01 -6.503663517935336813e+01
-4.804687500000000000e-01 -6.484122320227524483e+01
-4.802246093750000000e-01 -6.464416269857811415e+01
-4.799804687500000000e-01 -6.444594903636313177e+01
-4.797363281250000000e-01 -6.424705519711872626e+01
-4.794921875000000000e-01 -6.404793108920171107e+01
-4.792480468750000000e-01 -6.384900319787827527e+01
-4.790039062500000000e-01 -6.365067452788066760e+01
-4.787597656250000000e-01 -6.345332479598899056e+01
-4.785156250000000000e-01 -6.325731083333079852e+01
-4.782714843750000000e-01 -6.306296716016770176e+01
-4.780273437500000000e-01 -6.287060669918825084e+01
-4.777832031250000000e-01 -6.268052159678737922e+01
-4.775390625000000000e-01 -6.249298412543175374e+01
-4.772949218750000000e-01 -6.230824764357328149e+01
-4.770507812500000000e-01 -6.212654759292722417e+01
-4.768066406250000000e-01 -6.194810251597073147e+01
-4.765625000000000000e-01 -6.177311507931797507e+01
-4.763183593750000000e-01 -6.160177309126805767e+01
-4.760742187500000000e-01 -6.143425050395021003e+01
-4.758300781250000000e-01 -6.127070839259987167e+01
-4.755859375000000000e-01 -6.111129590619312779e+01
-4.753417968750000000e-01 -6.095615118518552578e+01
-4.750976562500000000e-01 -6.080540224332510491e+01
-4.748535156250000000e-01 -6.065916781167835126e+01
-4.746093750000000000e-01 -6.051755814379690435e+01
-4.743652343750000000e-01 -6.038067578177594896e+01
-4.741210937500000000e-01 -6.024861628351509069e+01
-4.738769531250000000e-01 -6.012146891199728316e+01
-4.736328125000000000e-01 -5.999931728776159190e+01
-4.733886718750000000e-01 -5.988224000605904962e+01
-4.731445312500000000e-01 -5.977031122042765787e+01
-4.729003906250000000e-01 -5.966360119453428013e+01
-4.726562500000000000e-01 -5.956217682430883542e+01
-4.724121093750000000e-01 -5.946610213245593002e+01
-4.721679687500000000e-01 -5.937543873743670986e+01
-4.719238281250000000e-01 -5.929024629915766553e+01
-4.716796875000000000e-01 -5.921058294345624518e+01
-4.714355468750000000e-01 -5.913650566759794458e+01
-4.711914062500000000e-01 -5.906807072894494581e+01
-4.709472656250000000e-01 -5.900533401893351027e+01
-4.707031250000000000e-01 -5.894835142448374654e+01
-4.704589843750000000e-01 -5.889717917900750876e+01
-4.702148437500000000e-01 -5.885187420508432155e+01
-4.699707031250000000e-01 -5.881249445098816153e+01
-4.697265625000000000e-01 -5.877909922315998159e+01
-4.694824218750000000e-01 -5.875174951682017621e+01
-4.692382812500000000e-01 -5.873050834692718070e+01
-4.689941406250000000e-01 -5.871544108176409082e+01
-4.687500000000000000e-01 -5.870661578147925752e+01
-4.685058593750000000e-01 -5.870410354406832454e+01
-4.682617187500000000e-01 -5.870797886135105159e+01
-4.680175781250000000e-01 -5.871831998770856842e+01
-4.677734375000000000e-01 -5.873520932449083887e+01
-4.675292968750000000e-01 -5.875873382326396666e+01
-4.672851562500000000e-01 -5.878898541133828815e+01
-4.670410156250000000e-01 -5.882606144331781906e+01
-4.667968750000000000e-01 -5.887006518281920364e+01
-4.665527343750000000e-01 -5.892110631894934158e+01
-4.663085937500000000e-01 -5.897930152265375625e+01
-4.660644531250000000e-01 -5.904477504867723070e+01
-4.658203125000000000e-01 -5.911765938961042366e+01
-4.655761718750000000e-01 -5.919809598933676398e+01
-4.653320312500000000e-01 -5.928623602424386263e+01
-4.650878906250000000e-01 -5.938224126172188022e+01
-4.648437500000000000e-01 -5.948628500690033150e+01
-4.645996093750000000e-01 -5.959855315026787537e+01
-4.643554687500000000e-01 -5.971924533078008324e+01
-4.641113281250000000e-01 -5.984857623146221783e+01
-4.638671875000000000e-01 -5.998677702736290485e+01
-4.636230468750000000e-01 -6.013409700912351497e+01
-4.633789062500000000e-01 -6.029080540954568335e+01
-4.631347656250000000e-01 -6.045719346556269613e+01
-4.628906250000000000e-01 -6.063357675409437064e+01
-4.626464843750000000e-01 -6.082029784766582736e+01
-4.624023437500000000e-01 -6.101772934486432121e+01
-4.621582031250000000e-01 -6.122627734194908555e+01
-4.619140625000000000e-01 -6.144638542597257214e+01
-4.616699218750000000e-01 -6.167853928729780932e+01
-4.614257812500000000e-01 -6.192327207148289858e+01
-4.611816406250000000e-01 -6.218117061836705517e+01
-4.609375000000000000e-01 -6.245288277190437043e+01
-4.606933593750000000e-01 -6.273912599009588575e+01
-4.604492187500000000e-01 -6.304069754370492262e+01
-4.602050781250000000e-01 -6.335848667017110358e+01
-4.599609375000000000e-01 -6.369348915156099622e+01
-4.597167968750000000e-01 -6.404682492210399403e+01
-4.594726562500000000e-01 -6.441975949488683284e+01
-4.592285156250000000e-01 -6.481373024851279752e+01
-4.589843750000000000e-01 -6.523037896106151834e+01
-4.587402343750000000e-01 -6.567159246409967466e+01
-4.584960937500000000e-01 -6.613955397899798072e+01
-4.582519531250000000e-01 -6.663680869388278438e+01
-4.580078125000000000e-01 -6.716634860411905095e+01
-4.577636718750000000e-01 -6.773172383612333647e+01
-4.575195312500000000e-01 -6.833719104314386072e+01
-4.572753906250000000e-01 -6.898791475570551768e+01
-4.570312500000000000e-01 -6.969024612330294133e+01
-4.567871093750000000e-01 -7.045211774478421773e+01
-4.565429687500000000e-01 -7.128361792877593928e+01
-4.562988281250000000e-01 -7.219785211805363190e+01
-4.560546875000000000e-01 -7.321228315581872437e+01
-4.558105468750000000e-01 -7.435091023923564535e+01
-4.555664062500000000e-01 -7.564800767117532132e+01
-4.553222656250000000e-01 -7.715499078421021295e+01
-4.550781250000000000e-01 -7.895419069229438946e+01
-4.548339843750000000e-01 -8.119003526039369945e+01
-4.545898437500000000e-01 -8.415327438445498842e+01
-4.543457031250000000e-01 -8.858571411568726717e+01
-4.541015625000000000e-01 -9.779118015369395778e+01
-4.538574218750000000e-01 -9.922397315893128678e+01
-4.536132812500000000e-01 -8.930780236704146091e+01
-4.533691406250000000e-01 -8.488098908449576641e+01
-4.531250000000000000e-01 -8.202565580125236977e+01
-4.528808593750000000e-01 -7.993207629871913866e+01
-4.526367187500000000e-01 -7.829106195087487663e+01
-4.523925781250000000e-01 -7.695116042140148238e+01
-4.521484375000000000e-01 -7.582682128035237668e+01
-4.519042968750000000e-01 -7.486497774027095886e+01
-4.516601562500000000e-01 -7.403044792353925629e+01
-4.514160156250000000e-01 -7.329871601397742609e+01
-4.511718750000000000e-01 -7.265202490419746084e+01
-4.509277343750000000e-01 -7.207710975076551563e+01
-4.506835937500000000e-01 -7.156380928021147270e+01
-4.504394531250000000e-01 -7.110417615481713938e+01
-4.501953125000000000e-01 -7.069188560329347126e+01
-4.499511718750000000e-01 -7.032182988812931512e+01
-4.497070312500000000e-01 -6.998983272174409365e+01
-4.494628906250000000e-01 -6.969244349120953075e+01
-4.492187500000000000e-01 -6.942678600654816989e+01
-4.489746093750000000e-01 -6.919044537497831016e+01
-4.487304687500000000e-01 -6.898138209254462083e+01
-4.484863281250000000e-01 -6.879786593014080154e+01
-4.482421875000000000e-01 -6.863842446075317127e+01
-4.479980468750000000e-01 -6.850180258605831796e+01
-4.477539062500000000e-01 -6.838693044732737292e+01
-4.475097656250000000e-01 -6.829289781640443380e+01
-4.472656250000000000e-01 -6.821893356298338063e+01
-4.470214843750000000e-01 -6.816438915258818554e+01
-4.467773437500000000e-01 -6.812872539001575944e+01
-4.465332031250000000e-01 -6.811150181513744428e+01
-4.462890625000000000e-01 -6.811236830228685335e+01
-4.460449218750000000e-01 -6.813105852441192667e+01
-4.458007812500000000e-01 -6.816738502927010757e+01
-4.455566406250000000e-01 -6.822123574335320484e+01
-4.453125000000000000e-01 -6.829257177617765251e+01
-4.450683593750000000e-01 -6.838142644574243434e+01
-4.448242187500000000e-01 -6.848790549014782414e+01
-4.445800781250000000e-01 -6.861218847153439526e+01
-4.443359375000000000e-01 -6.875453142076615620e+01
-4.440917968750000000e-01 -6.891527081589772763e+01
-4.438476562500000000e-01 -6.909482903841235668e+01
-4.436035156250000000e-01 -6.929372151068187691e+01
-4.433593750000000000e-01 -6.951256579161699278e+01
-4.431152343750000000e-01 -6.975209299961045417e+01
-4.428710937500000000e-01 -7.001316205122481051e+01
-4.426269531250000000e-01 -7.029677736087214157e+01
-4.423828125000000000e-01 -7.060411085721902680e+01
-4.421386718750000000e-01 -7.093652945783539110e+01
-4.418945312500000000e-01 -7.129562953936270731e+01
-4.416503906250000000e-01 -7.168328049542714098e+01
-4.414062500000000000e-01 -7.210168026739550839e+01
-4.411621093750000000e-01 -7.255342688362458148e+01
-4.409179687500000000e-01 -7.304161174779450505e+01
-4.406738281250000000e-01 -7.356994299218825972e+01
-4.404296875000000000e-01 -7.414291119727124624e+01
-4.401855468750000000e-01 -7.476601610392748398e+01
-4.399414062500000000e-01 -7.544608328085715243e+01
-4.396972656250000000e-01 -7.619171716623800705e+01
-4.394531250000000000e-01 -7.701396752345840468e+01
-4.392089843750000000e-01 -7.792734247757668697e+01
-4.389648437500000000e-01 -7.895140964105092962e+01
-4.387207031250000000e-01 -8.011344932044573852e+01
-4.384765625000000000e-01 -8.145311650983298080e+01
-4.382324218750000000e-01 -8.303126777855361240e+01
-4.379882812500000000e-01 -8.494840983380615285e+01
-4.377441406250000000e-01 -8.738896324306364249e+01
-4.375000000000000000e-01 -9.075224291886601691e+01
-4.372558593750000000e-01 -9.621584984489872738e+01
-4.370117187500000000e-01 -1.134618385397157283e+02
-4.367675781250000000e-01 -9.918481728550113985e+01
-4.365234375000000000e-01 -9.245644138841487347e+01
-4.362792968750000000e-01 -8.877855422583280642e+01
-4.360351562500000000e-01 -8.625798938294011009e+01
-4.357910156250000000e-01 -8.435466353547377594e+01
-4.355468750000000000e-01 -8.283750337935860841e+01
-4.353027343750000000e-01 -8.158610990055773016e+01
-4.350585937500000000e-01 -8.052974959631262664e+01
-4.348144531250000000e-01 -7.962333882539508068e+01
-4.345703125000000000e-01 -7.883639363865412975e+01
-4.343261718750000000e-01 -7.814735849392390321e+01
-4.340820312500000000e-01 -7.754044910880375596e+01
-4.338378906250000000e-01 -7.700378051588960204e+01
-4.335937500000000000e-01 -7.652819975933742569e+01
-4.333496093750000000e-01 -7.610652736542650132e+01
-4.331054687500000000e-01 -7.573304726158525568e+01
-4.328613281250000000e-01 -7.540315374244440250e+01
-4.326171875000000000e-01 -7.511310109915643807e+01
-4.323730468750000000e-01 -7.485982235401617402e+01
-4.321289062500000000e-01 -7.464079573381421540e+01
-4.318847656250000000e-01 -7.445394490436754609e+01
-4.316406250000000000e-01 -7.429756360618004862e+01
-4.313964843750000000e-01 -7.417025829771529288e+01
-4.311523437500000000e-01 -7.407090436747657236e+01
-4.309082031250000000e-01 -7.399861279519366519e+01
-4.306640625000000000e-01 -7.395270505518192294e+01
-4.304199218750000000e-01 -7.393269470234913854e+01
-4.301757812500000000e-01 -7.393827455565127593e+01
-4.299316406250000000e-01 -7.396930875417095308e+01
-4.296875000000000000e-01 -7.402582924964130484e+01
-4.294433593750000000e-01 -7.410803654640008631e+01
-4.291992187500000000e-01 -7.421630472844091742e+01
-4.289550781250000000e-01 -7.435119104655025524e+01
-4.287109375000000000e-01 -7.451345059672527782e+01
-4.284667968750000000e-01 -7.470405693154611981e+01
-4.282226562500000000e-01 -7.492422984049882473e+01
-4.279785156250000000e-01 -7.517547206302046447e+01
-4.277343750000000000e-01 -7.545961742550420581e+01
-4.274902343750000000e-01 -7.577889392997369100e+01
-4.272460937500000000e-01 -7.613600683233600819e+01
-4.270019531250000000e-01 -7.653424900554107069e+01
-4.267578125000000000e-01 -7.697764933793068565e+01
-4.265136718750000000e-01 -7.747117534681669326e+01
-4.262695312500000000e-01 -7.802101496597660457e+01
-4.260253906250000000e-01 -7.863497711986342154e+01
-4.257812500000000000e-01 -7.932307606705610681e+01
-4.255371093750000000e-01 -8.009841029303096605e+01
-4.252929687500000000e-01 -8.097853356305705574e+01
-4.250488281250000000e-01 -8.198769025450022241e+01
-4.248046875000000000e-01 -8.316066345084291811e+01
-4.245605468750000000e-01 -8.454987028507258628e+01
-4.243164062500000000e-01 -8.623967229636127740e+01
-4.240722656250000000e-01 -8.837900815825622658e+01
-4.238281250000000000e-01 -9.127053883472424900e+01
-4.235839843750000000e-01 -9.569981823252382469e+01
-4.233398437500000000e-01 -1.053568853827642045e+02
-4.230957031250000000e-01 -1.049098998863692032e+02
-4.228515625000000000e-01 -9.549124441313952616e+01
-4.226074218750000000e-01 -9.107370123642854765e+01
-4.223632812500000000e-01 -8.816128990486919292e+01
-4.221191406250000000e-01 -8.598991495509002903e+01
-4.218750000000000000e-01 -8.426268635368778348e+01
-4.216308593750000000e-01 -8.283281412817665057e+01
-4.213867187500000000e-01 -8.161687560574345923e+01
-4.211425781250000000e-01 -8.056289169651931559e+01
-4.208984375000000000e-01 -7.963627726373047722e+01
-4.206542968750000000e-01 -7.881285704046806018e+01
-4.204101562500000000e-01 -7.807507026465383149e+01
-4.201660156250000000e-01 -7.740976227270454046e+01
-4.199218750000000000e-01 -7.680682789445701530e+01
-4.196777343750000000e-01 -7.625834049370632783e+01
-4.194335937500000000e-01 -7.575797191822330490e+01
-4.191894531250000000e-01 -7.530059404807236945e+01
-4.189453125000000000e-01 -7.488199774407235054e+01
-4.187011718750000000e-01 -7.449869001271783020e+01
-4.184570312500000000e-01 -7.414774466472564995e+01
-4.182128906250000000e-01 -7.382669041035744328e+01
-4.179687500000000000e-01 -7.353342569461851497e+01
-4.177246093750000000e-01 -7.326615298323338266e+01
-4.174804687500000000e-01 -7.302332743213180777e+01
-4.172363281250000000e-01 -7.280361635318716651e+01
-4.169921875000000000e-01 -7.260586689521643677e+01
-4.167480468750000000e-01 -7.242908005621481493e+01
-4.165039062500000000e-01 -7.227238963248878179e+01
-4.162597656250000000e-01 -7.213504506094449198e+01
-4.160156250000000000e-01 -7.201639736465317299e+01
-4.157714843750000000e-01 -7.191588759802937147e+01
-4.155273437500000000e-01 -7.183303732652632334e+01
-4.152832031250000000e-01 -7.176744078026723628e+01
-4.150390625000000000e-01 -7.171875840015329118e+01
-4.147949218750000000e-01 -7.168671155627819758e+01
-4.145507812500000000e-01 -7.167107826634705248e+01
-4.143066406250000000e-01 -7.167168977938045771e+01
-4.140625000000000000e-01 -7.168842792060284808e+01
-4.138183593750000000e-01 -7.172122311798692351e+01
-4.135742187500000000e-01 -7.177005305219714160e+01
-4.133300781250000000e-01 -7.183494188919078738e+01
-4.130859375000000000e-01 -7.191596007108742583e+01
-4.128417968750000000e-01 -7.201322465534282458e+01
-4.125976562500000000e-01 -7.212690020695832516e+01
-4.123535156250000000e-01 -7.225720026238035132e+01
-4.121093750000000000e-01 -7.240438939935523877e+01
-4.118652343750000000e-01 -7.256878596350213684e+01
-4.116210937500000000e-01 -7.275076552138429520e+01
-4.113769531250000000e-01 -7.295076513226553061e+01
-4.111328125000000000e-01 -7.316928855773765861e+01
-4.108886718750000000e-01 -7.340691256115393060e+01
-4.106445312500000000e-01 -7.366429449036324684e+01
-4.104003906250000000e-01 -7.394218138951028152e+01
-4.101562500000000000e-01 -7.424142095297757749e+01
-4.099121093750000000e-01 -7.456297472195470277e+01
-4.096679687500000000e-01 -7.490793403971429143e+01
-4.094238281250000000e-01 -7.527753943459904917e+01
-4.091796875000000000e-01 -7.567320430733937542e+01
-4.089355468750000000e-01 -7.609654408134883852e+01
-4.086914062500000000e-01 -7.654941236622130418e+01
-4.084472656250000000e-01 -7.703394623382875750e+01
-4.082031250000000000e-01 -7.755262349001544919e+01
-4.079589843750000000e-01 -7.810833596216751573e+01
-4.077148437500000000e-01 -7.870448450398552609e+01
-4.074707031250000000e-01 -7.934510395659404480e+01
-4.072265625000000000e-01 -8.003503022460094485e+01
-4.069824218750000000e-01 -8.078012783685744580e+01
-4.067382812500000000e-01 -8.158760649283036059e+01
-4.064941406250000000e-01 -8.246647217489051229e+01
-4.062500000000000000e-01 -8.342818830407750852e+01
-4.060058593750000000e-01 -8.448767709207905341e+01
-4.057617187500000000e-01 -8.566489651179547593e+01
-4.055175781250000000e-01 -8.698744382735051772e+01
-4.052734375000000000e-01 -8.849511217118191553e+01
-4.050292968750000000e-01 -9.024847897653332041e+01
-4.047851562500000000e-01 -9.234675716136094081e+01
-4.045410156250000000e-01 -9.497030748865762462e+01
-4.042968750000000000e-01 -9.850500086577204684e+01
-4.040527343750000000e-01 -1.040652686961482658e+02
-4.038085937500000000e-01 -1.198404567262189460e+02
-4.035644531250000000e-01 -1.083324992759230412e+02
-4.033203125000000000e-01 -1.016530045576140395e+02
-4.030761718750000000e-01 -9.822465734550337402e+01
-4.028320312500000000e-01 -9.601880231327368165e+01
-4.025878906250000000e-01 -9.447569929153915780e+01
-4.023437500000000000e-01 -9.336163478548280636e+01
-4.020996093750000000e-01 -9.255896516452932588e+01
-4.018554687500000000e-01 -9.200270006047817617e+01
-4.016113281250000000e-01 -9.165611308961919690e+01
-4.013671875000000000e-01 -9.150010389267535516e+01
-4.011230468750000000e-01 -9.152853526509250059e+01
-4.008789062500000000e-01 -9.174686150192293610e+01
-4.006347656250000000e-01 -9.217335221070408124e+01
-4.003906250000000000e-01 -9.284353024453722014e+01
-4.001464843750000000e-01 -9.382035290963982277e+01
-3.999023437500000000e-01 -9.521746158127500337e+01
-3.996582031250000000e-01 -9.725906384135588212e+01
-3.994140625000000000e-01 -1.004747524170397526e+02
-3.991699218750000000e-01 -1.067169827198789562e+02
-3.989257812500000000e-01 -1.214117456533153643e+02
-3.986816406250000000e-01 -1.031913746534875429e+02
-3.984375000000000000e-01 -9.732385851035651569e+01
-3.981933593750000000e-01 -9.359880067684026983e+01
-3.979492187500000000e-01 -9.081747730463797552e+01
-3.977050781250000000e-01 -8.857483423816862000e+01
-3.974609375000000000e-01 -8.668371978611226325e+01
-3.972167968750000000e-01 -8.504188727356094546e+01
-3.969726562500000000e-01 -8.358718467742029645e+01
-3.967285156250000000e-01 -8.227890796377170091e+01
-3.964843750000000000e-01 -8.108888609567785011e+01
-3.962402343750000000e-01 -7.999677310978709954e+01
-3.959960937500000000e-01 -7.898736772587078292e+01
-3.957519531250000000e-01 -7.804899443026833694e+01
-3.955078125000000000e-01 -7.717247785177265484e+01
-3.952636718750000000e-01 -7.635046685412270051e+01
-3.950195312500000000e-01 -7.557697406944411966e+01
-3.947753906250000000e-01 -7.484705319183491667e+01
-3.945312500000000000e-01 -7.415656721674641005e+01
-3.942871093750000000e-01 -7.350201840409414444e+01
-3.940429687500000000e-01 -7.288042116027567374e+01
-3.937988281250000000e-01 -7.228920540823584417e+01
-3.935546875000000000e-01 -7.172614203184195958e+01
-3.933105468750000000e-01 -7.118928457765821349e+01
-3.930664062500000000e-01 -7.067692311576770692e+01
-3.928222656250000000e-01 -7.018754732201057323e+01
-3.925781250000000000e-01 -6.971981664317662819e+01
-3.923339843750000000e-01 -6.927253596619073051e+01
-3.920898437500000000e-01 -6.884463561016717392e+01
-3.918457031250000000e-01 -6.843515474734802240e+01
-3.916015625000000000e-01 -6.804322756868099020e+01
-3.913574218750000000e-01 -6.766807166512883498e+01
-3.911132812500000000e-01 -6.730897821185419616e+01
-3.908691406250000000e-01 -6.696530363035859068e+01
-3.906250000000000000e-01 -6.663646247069630135e+01
-3.903808593750000000e-01 -6.632192130750439674e+01
-3.901367187500000000e-01 -6.602119348386294462e+01
-3.898925781250000000e-01 -6.573383456838872974e+01
-3.896484375000000000e-01 -6.545943841581910760e+01
-3.894042968750000000e-01 -6.519763374119926880e+01
-3.891601562500000000e-01 -6.494808113346411460e+01
-3.889160156250000000e-01 -6.471047044709669649e+01
-3.886718750000000000e-01 -6.448451852085791813e+01
-3.884277343750000000e-01 -6.426996718097440464e+01
-3.881835937500000000e-01 -6.406658149327320473e+01
-3.879394531250000000e-01 -6.387414823432512634e+01
-3.876953125000000000e-01 -6.369247455660612900e+01
-3.874511718750000000e-01 -6.352138682660037716e+01
-3.872070312500000000e-01 -6.336072961821017202e+01
-3.869628906250000000e-01 -6.321036484669784272e+01
-3.867187500000000000e-01 -6.307017103095076038e+01
-3.864746093750000000e-01 -6.294004267388245921e+01
-3.862304687500000000e-01 -6.281988975284961185e+01
-3.859863281250000000e-01 -6.270963731355484327e+01
-3.857421875000000000e-01 -6.260922516247638470e+01
-3.854980468750000000e-01 -6.251860765429790945e+01
-3.852539062500000000e-01 -6.243775357219536914e+01
-3.850097656250000000e-01 -6.236664610006189946e+01
-3.847656250000000000e-01 -6.230528288710213758e+01
-3.845214843750000000e-01 -6.225367620651539369e+01
-3.842773437500000000e-01 -6.221185321133907564e+01
-3.840332031250000000e-01 -6.217985629197117703e+01
-3.837890625000000000e-01 -6.215774354144172520e+01
-3.835449218750000000e-01 -6.214558933624120840e+01
-3.833007812500000000e-01 -6.214348504244566129e+01
-3.830566406250000000e-01 -6.215153985911989309e+01
-3.828125000000000000e-01 -6.216988181349546494e+01
-3.825683593750000000e-01 -6.219865892541624675e+01
-3.823242187500000000e-01 -6.223804056212708247e+01
-3.820800781250000000e-01 -6.228821900853659344e+01
-3.818359375000000000e-01 -6.234941128326066462e+01
-3.815917968750000000e-01 -6.242186123661794284e+01
-3.813476562500000000e-01 -6.250584197427723154e+01
-3.811035156250000000e-01 -6.260165865907653426e+01
-3.808593750000000000e-01 -6.270965175470760045e+01
-3.806152343750000000e-01 -6.283020078854839596e+01
-3.803710937500000000e-01 -6.296372872808812815e+01
-3.801269531250000000e-01 -6.311070708670180096e+01
-3.798828125000000000e-01 -6.327166190172991378e+01
-3.796386718750000000e-01 -6.344718076221887770e+01
-3.793945312500000000e-01 -6.363792110799474244e+01
-3.791503906250000000e-01 -6.384462007904283354e+01
-3.789062500000000000e-01 -6.406810626900141870e+01
-3.786621093750000000e-01 -6.430931383507632404e+01
-3.784179687500000000e-01 -6.456929954808353500e+01
-3.781738281250000000e-01 -6.484926354274406890e+01
-3.779296875000000000e-01 -6.515057476881891318e+01
-3.776855468750000000e-01 -6.547480247486696214e+01
-3.774414062500000000e-01 -6.582375551923240664e+01
-3.771972656250000000e-01 -6.619953195902675702e+01
-3.769531250000000000e-01 -6.660458231333247170e+01
-3.767089843750000000e-01 -6.704179128365855433e+01
-3.764648437500000000e-01 -6.751458478871586522e+01
-3.762207031250000000e-01 -6.802707234082431853e+01
-3.759765625000000000e-01 -6.858423975575314557e+01
-3.757324218750000000e-01 -6.919221517634339591e+01
-3.754882812500000000e-01 -6.985864464745189650e+01
-3.752441406250000000e-01 -7.059323626916770422e+01
-3.750000000000000000e-01 -7.140857275452025021e+01
-3.747558593750000000e-01 -7.232136881236350234e+01
-3.745117187500000000e-01 -7.335450189763130879e+01
-3.742675781250000000e-01 -7.454046823042405379e+01
-3.740234375000000000e-01 -7.592766348938174303e+01
-3.737792968750000000e-01 -7.759281013082076583e+01
-3.735351562500000000e-01 -7.966854907907456607e+01
-3.732910156250000000e-01 -8.241581066169599978e+01
-3.730468750000000000e-01 -8.647237273194608065e+01
-3.728027343750000000e-01 -9.434806198617555140e+01
-3.725585937500000000e-01 -1.007906266202460870e+02
-3.723144531250000000e-01 -8.854502865216058183e+01
-3.720703125000000000e-01 -8.366613765383436885e+01
-3.718261718750000000e-01 -8.057216029307184613e+01
-3.715820312500000000e-01 -7.830712680910710333e+01
-3.713378906250000000e-01 -7.652411660370705704e+01
-3.710937500000000000e-01 -7.505753364480096934e+01
-3.708496093750000000e-01 -7.381531098155029724e+01
-3.706054687500000000e-01 -7.274094614532990022e+01
-3.703613281250000000e-01 -7.179726093975817491e+01
-3.701171875000000000e-01 -7.095848888484769645e+01
-3.698730468750000000e-01 -7.020603945790428213e+01
-3.696289062500000000e-01 -6.952606215797791833e+01
-3.693847656250000000e-01 -6.890796415332259528e+01
-3.691406250000000000e-01 -6.834346592367705853e+01
-3.688964843750000000e-01 -6.782597638275588281e+01
-3.686523437500000000e-01 -6.735016598014911438e+01
-3.684082031250000000e-01 -6.691166699397746243e+01
-3.681640625000000000e-01 -6.650685810326136505e+01
-3.679199218750000000e-01 -6.613270632532999116e+01
-3.676757812500000000e-01 -6.578664892830606448e+01
-3.674316406250000000e-01 -6.546650378611946053e+01
-3.671875000000000000e-01 -6.517040034954335681e+01
-3.669433593750000000e-01 -6.489672581142008312e+01
-3.666992187500000000e-01 -6.464408264002877047e+01
-3.664550781250000000e-01 -6.441125473564162007e+01
-3.662109375000000000e-01 -6.419718021076695891e+01
-3.659667968750000000e-01 -6.400092931780545769e+01
-3.657226562500000000e-01 -6.382168642029102301e+01
-3.654785156250000000e-01 -6.365873517322486208e+01
-3.652343750000000000e-01 -6.351144627487482808e+01
-3.649902343750000000e-01 -6.337926729850896379e+01
-3.647460937500000000e-01 -6.326171422185871052e+01
-3.645019531250000000e-01 -6.315836435509739033e+01
-3.642578125000000000e-01 -6.306885043145484104e+01
-3.640136718750000000e-01 -6.299285567390603546e+01
-3.637695312500000000e-01 -6.293010968958779472e+01
-3.635253906250000000e-01 -6.288038507416041512e+01
-3.632812500000000000e-01 -6.284349463248070577e+01
-3.630371093750000000e-01 -6.281928914184234714e+01
-3.627929687500000000e-01 -6.280765560014026505e+01
-3.625488281250000000e-01 -6.280851591511544996e+01
-3.623046875000000000e-01 -6.282182600249605287e+01
-3.620605468750000000e-01 -6.284757527122788190e+01
-3.618164062500000000e-01 -6.288578648349258060e+01
-3.615722656250000000e-01 -6.293651598609156395e+01
-3.613281250000000000e-01 -6.299985431869396280e+01
-3.610839843750000000e-01 -6.307592721335402786e+01
-3.608398437500000000e-01 -6.316489700945742669e+01
-3.605957031250000000e-01 -6.326696451880741279e+01
-3.603515625000000000e-01 -6.338237138778031010e+01
-3.601074218750000000e-01 -6.351140301755489759e+01
-3.598632812500000000e-01 -6.365439212054681661e+01
-3.596191406250000000e-01 -6.381172301171748273e+01
-3.593750000000000000e-01 -6.398383675908033297e+01
-3.591308593750000000e-01 -6.417123734973328908e+01
-3.588867187500000000e-01 -6.437449906839978553e+01
-3.586425781250000000e-01 -6.459427533744835159e+01
-3.583984375000000000e-01 -6.483130933493357873e+01
-3.581542968750000000e-01 -6.508644679540051925e+01
-3.579101562500000000e-01 -6.536065151503085247e+01
-3.576660156250000000e-01 -6.565502423906427509e+01
-3.574218750000000000e-01 -6.597082582076409096e+01
-3.571777343750000000e-01 -6.630950583118232089e+01
-3.569335937500000000e-01 -6.667273820123544681e+01
-3.566894531250000000e-01 -6.706246604453217230e+01
-3.564453125000000000e-01 -6.748095862049851235e+01
-3.562011718750000000e-01 -6.793088457783208867e+01
-3.559570312500000000e-01 -6.841540736933701794e+01
-3.557128906250000000e-01 -6.893831138065941389e+01
-3.554687500000000000e-01 -6.950417142449467178e+01
-3.552246093750000000e-01 -7.011858478739320333e+01
-3.549804687500000000e-01 -7.078849571878238578e+01
-3.547363281250000000e-01 -7.152266037229598794e+01
-3.544921875000000000e-01 -7.233233208456739760e+01
-3.542480468750000000e-01 -7.323230549497036179e+01
-3.540039062500000000e-01 -7.424257160384193810e+01
-3.537597656250000000e-01 -7.539107023570331023e+01
-3.535156250000000000e-01 -7.671854843573679261e+01
-3.532714843750000000e-01 -7.828781360799824540e+01
-3.530273437500000000e-01 -8.020322818045087843e+01
-3.527832031250000000e-01 -8.265802744991958662e+01
-3.525390625000000000e-01 -8.607697488993159141e+01
-3.522949218750000000e-01 -9.175367249634268774e+01
-3.520507812500000000e-01 -1.132774141840911284e+02
-3.518066406250000000e-01 -9.342957293975049993e+01
-3.515625000000000000e-01 -8.702317430754217753e+01
-3.513183593750000000e-01 -8.341079764458929446e+01
-3.510742187500000000e-01 -8.089605932930274435e+01
-3.508300781250000000e-01 -7.897405959808580178e+01
-3.505859375000000000e-01 -7.742489136051646881e+01
-3.503417968750000000e-01 -7.613277151889968763e+01
-3.500976562500000000e-01 -7.502918714998747873e+01
-3.498535156250000000e-01 -7.407022484314462929e+01
-3.496093750000000000e-01 -7.322604776510738134e+01
-3.493652343750000000e-01 -7.247546026183421475e+01
-3.491210937500000000e-01 -7.180286696247955547e+01
-3.488769531250000000e-01 -7.119646244455587691e+01
-3.486328125000000000e-01 -7.064709840617197756e+01
-3.483886718750000000e-01 -7.014754517925135247e+01
-3.481445312500000000e-01 -6.969199354842865546e+01
-3.479003906250000000e-01 -6.927570876869123140e+01
-3.476562500000000000e-01 -6.889478420473405151e+01
-3.474121093750000000e-01 -6.854596205850131696e+01
-3.471679687500000000e-01 -6.822650041205373839e+01
-3.469238281250000000e-01 -6.793407295253065570e+01
-3.466796875000000000e-01 -6.766669221240954357e+01
-3.464355468750000000e-01 -6.742265002717073230e+01
-3.461914062500000000e-01 -6.720047079931723033e+01
-3.459472656250000000e-01 -6.699887442533720616e+01
-3.457031250000000000e-01 -6.681674661021173733e+01
-3.454589843750000000e-01 -6.665311489898778063e+01
-3.452148437500000000e-01 -6.650712918322558664e+01
-3.449707031250000000e-01 -6.637804574777962330e+01
-3.447265625000000000e-01 -6.626521414755809758e+01
-3.444824218750000000e-01 -6.616806636929156582e+01
-3.442382812500000000e-01 -6.608610785661380760e+01
-3.439941406250000000e-01 -6.601891007024305225e+01
-3.437500000000000000e-01 -6.596610432612870056e+01
-3.435058593750000000e-01 -6.592737670961341223e+01
-3.432617187500000000e-01 -6.590246390673969756e+01
-3.430175781250000000e-01 -6.589114982800893472e+01
-3.427734375000000000e-01 -6.589326292744281943e+01
-3.425292968750000000e-01 -6.590867414233460408e+01
-3.422851562500000000e-01 -6.593729539798981421e+01
-3.420410156250000000e-01 -6.597907863799770212e+01
-3.417968750000000000e-01 -6.603401535498252883e+01
-3.415527343750000000e-01 -6.610213661008560848e+01
-3.413085937500000000e-01 -6.618351354215872107e+01
-3.410644531250000000e-01 -6.627825838046308604e+01
-3.408203125000000000e-01 -6.638652598806396554e+01
-3.405761718750000000e-01 -6.650851597783704960e+01
-3.403320312500000000e-01 -6.664447545952522489e+01
-3.400878906250000000e-01 -6.679470249574305285e+01
-3.398437500000000000e-01 -6.695955036810968863e+01
-3.395996093750000000e-01 -6.713943278306270201e+01
-3.393554687500000000e-01 -6.733483018249010854e+01
-3.391113281250000000e-01 -6.754629736896686154e+01
-3.388671875000000000e-01 -6.777447271285707586e+01
-3.386230468750000000e-01 -6.802008928281217948e+01
-3.383789062500000000e-01 -6.828398833872617502e+01
-3.381347656250000000e-01 -6.856713575542883632e+01
-3.378906250000000000e-01 -6.887064211882810127e+01
-3.376464843750000000e-01 -6.919578747193038737e+01
-3.374023437500000000e-01 -6.954405201219034893e+01
-3.371582031250000000e-01 -6.991715449387139358e+01
-3.369140625000000000e-01 -7.031710072936427025e+01
-3.366699218750000000e-01 -7.074624550462546324e+01
-3.364257812500000000e-01 -7.120737257305125922e+01
-3.361816406250000000e-01 -7.170379940723206857e+01
-3.359375000000000000e-01 -7.223951646256490733e+01
-3.356933593750000000e-01 -7.281937551286266341e+01
-3.354492187500000000e-01 -7.344934933616913497e+01
-3.352050781250000000e-01 -7.413689780746770452e+01
-3.349609375000000000e-01 -7.489149736338674757e+01
-3.347167968750000000e-01 -7.572542990588054579e+01
-3.344726562500000000e-01 -7.665500035586501326e+01
-3.342285156250000000e-01 -7.770249671010866166e+01
-3.339843750000000000e-01 -7.889951230943015048e+01
-3.337402343750000000e-01 -8.029295244171549939e+01
-3.334960937500000000e-01 -8.195683874399979629e+01
-3.332519531250000000e-01 -8.401827133231648759e+01
-3.330078125000000000e-01 -8.672456514885669776e+01
-3.327636718750000000e-01 -9.066822560385536178e+01
-3.325195312500000000e-01 -9.805961908556672313e+01
-3.322753906250000000e-01 -1.075179139301826439e+02
-3.320312500000000000e-01 -9.362398878424421866e+01
-3.317871093750000000e-01 -8.855163192040255637e+01
-3.315429687500000000e-01 -8.538938179741063550e+01
-3.312988281250000000e-01 -8.309266708325446871e+01
-3.310546875000000000e-01 -8.129294238782479454e+01
-3.308105468750000000e-01 -7.981669267937471091e+01
-3.305664062500000000e-01 -7.856823187034720490e+01
-3.303222656250000000e-01 -7.748914248118242654e+01
-3.300781250000000000e-01 -7.654111663876709315e+01
-3.298339843750000000e-01 -7.569766055350250156e+01
-3.295898437500000000e-01 -7.493967930829343516e+01
-3.293457031250000000e-01 -7.425294904196252332e+01
-3.291015625000000000e-01 -7.362658415095809517e+01
-3.288574218750000000e-01 -7.305206361863508846e+01
-3.286132812500000000e-01 -7.252258827978540978e+01
-3.283691406250000000e-01 -7.203264259482735099e+01
-3.281250000000000000e-01 -7.157768749924154861e+01
-3.278808593750000000e-01 -7.115393992853574900e+01
-3.276367187500000000e-01 -7.075821123263067136e+01
-3.273925781250000000e-01 -7.038778656139515988e+01
-3.271484375000000000e-01 -7.004033335896041024e+01
-3.269042968750000000e-01 -6.971383092819920080e+01
-3.266601562500000000e-01 -6.940651550390636260e+01
-3.264160156250000000e-01 -6.911683691464860146e+01
-3.261718750000000000e-01 -6.884342402321966858e+01
-3.259277343750000000e-01 -6.858505690056344406e+01
-3.256835937500000000e-01 -6.834064422362629898e+01
-3.254394531250000000e-01 -6.810920476893689113e+01
-3.251953125000000000e-01 -6.788985214852714023e+01
-3.249511718750000000e-01 -6.768178213580482350e+01
-3.247070312500000000e-01 -6.748426207763874629e+01
-3.244628906250000000e-01 -6.729662200004163708e+01
-3.242187500000000000e-01 -6.711824709864622207e+01
-3.239746093750000000e-01 -6.694857136944123965e+01
-3.237304687500000000e-01 -6.678707218419505409e+01
-3.234863281250000000e-01 -6.663326565343425045e+01
-3.232421875000000000e-01 -6.648670264962035503e+01
-3.229980468750000000e-01 -6.634696538666217691e+01
-3.227539062500000000e-01 -6.621366447060371740e+01
-3.225097656250000000e-01 -6.608643635118112059e+01
-3.222656250000000000e-01 -6.596494111590598663e+01
-3.220214843750000000e-01 -6.584886057789755398e+01
-3.217773437500000000e-01 -6.573789661660367756e+01
-3.215332031250000000e-01 -6.563176973690431737e+01
-3.212890625000000000e-01 -6.553021781725469452e+01
-3.210449218750000000e-01 -6.543299502195178263e+01
-3.208007812500000000e-01 -6.533987085609709311e+01
-3.205566406250000000e-01 -6.525062934481776722e+01
-3.203125000000000000e-01 -6.516506832081739731e+01
-3.200683593750000000e-01 -6.508299880642736923e+01
-3.198242187500000000e-01 -6.500424447801887595e+01
-3.195800781250000000e-01 -6.492864120229120317e+01
-3.193359375000000000e-01 -6.485603663508267402e+01
-3.190917968750000000e-01 -6.478628987463102362e+01
-3.188476562500000000e-01 -6.471927116203166008e+01
-3.186035156250000000e-01 -6.465486162265560210e+01
-3.183593750000000000e-01 -6.459295304293067375e+01
-3.181152343750000000e-01 -6.453344767763543643e+01
-3.178710937500000000e-01 -6.447625808351672561e+01
-3.176269531250000000e-01 -6.442130697551584717e+01
-3.173828125000000000e-01 -6.436852710253673138e+01
-3.171386718750000000e-01 -6.431786114009611310e+01
-3.168945312500000000e-01 -6.426926159774801306e+01
-3.166503906250000000e-01 -6.422269073957156138e+01
-3.164062500000000000e-01 -6.417812051645009319e+01
-3.161621093750000000e-01 -6.413553250939303041e+01
-3.159179687500000000e-01 -6.409491788335853357e+01
-3.156738281250000000e-01 -6.405627735169711912e+01
-3.154296875000000000e-01 -6.401962115152454658e+01
-3.151855468750000000e-01 -6.398496903086356724e+01
-3.149414062500000000e-01 -6.395235024873009877e+01
-3.146972656250000000e-01 -6.392180358976449384e+01
-3.144531250000000000e-01 -6.389337739545160844e+01
-3.142089843750000000e-01 -6.386712961431958036e+01
-3.139648437500000000e-01 -6.384312787403696632e+01
-3.137207031250000000e-01 -6.382144957871948066e+01
-3.134765625000000000e-01 -6.380218203529523890e+01
-3.132324218750000000e-01 -6.378542261326325047e+01
-3.129882812500000000e-01 -6.377127894281073139e+01
-3.127441406250000000e-01 -6.375986915682947398e+01
-3.125000000000000000e-01 -6.375132218312043619e+01
-3.122558593750000000e-01 -6.374577809388888738e+01
-3.120117187500000000e-01 -6.374338852050905047e+01
-3.117675781250000000e-01 -6.374431714264049731e+01
-3.115234375000000000e-01 -6.374874026196681598e+01
-3.112792968750000000e-01 -6.375684747232083538e+01
-3.110351562500000000e-01 -6.376884243959562326e+01
-3.107910156250000000e-01 -6.378494380689753029e+01
-3.105468750000000000e-01 -6.380538624280450222e+01
-3.103027343750000000e-01 -6.383042165339814744e+01
-3.100585937500000000e-01 -6.386032058227988273e+01
-3.098144531250000000e-01 -6.389537382687311151e+01
-3.095703125000000000e-01 -6.393589430444666277e+01
-3.093261718750000000e-01 -6.398221920742240343e+01
-3.090820312500000000e-01 -6.403471249511653696e+01
-3.088378906250000000e-01 -6.409376777840958539e+01
-3.085937500000000000e-01 -6.415981166529579127e+01
-3.083496093750000000e-01 -6.423330764976931562e+01
-3.081054687500000000e-01 -6.431476064431548423e+01
-3.078613281250000000e-01 -6.440472227903752866e+01
-3.076171875000000000e-01 -6.450379711921065962e+01
-3.073730468750000000e-01 -6.461264998966497330e+01
-3.071289062500000000e-01 -6.473201464173510544e+01
-3.068847656250000000e-01 -6.486270405989615995e+01
-3.066406250000000000e-01 -6.500562278538659200e+01
-3.063964843750000000e-01 -6.516178174042448745e+01
-3.061523437500000000e-01 -6.533231617819305370e+01
-3.059082031250000000e-01 -6.551850757516115209e+01
-3.056640625000000000e-01 -6.572181054338153672e+01
-3.054199218750000000e-01 -6.594388620172873061e+01
-3.051757812500000000e-01 -6.618664395170075920e+01
-3.049316406250000000e-01 -6.645229432462400609e+01
-3.046875000000000000e-01 -6.674341661120340063e+01
-3.044433593750000000e-01 -6.706304652344839212e+01
-3.041992187500000000e-01 -6.741479145324663591e+01
-3.039550781250000000e-01 -6.780298445155163733e+01
-3.037109375000000000e-01 -6.823289366426979541e+01
-3.034667968750000000e-01 -6.871101306234341166e+01
-3.032226562500000000e-01 -6.924547554128831450e+01
-3.029785156250000000e-01 -6.984665592614325647e+01
-3.027343750000000000e-01 -7.052807935162581998e+01
-3.024902343750000000e-01 -7.130784173494110689e+01
-3.022460937500000000e-01 -7.221093332184966584e+01
-3.020019531250000000e-01 -7.327325602255808690e+01
-3.017578125000000000e-01 -7.454907322957929239e+01
-3.015136718750000000e-01 -7.612615139228931582e+01
-3.012695312500000000e-01 -7.816066815006003310e+01
-3.010253906250000000e-01 -8.097420361796592658e+01
-3.007812500000000000e-01 -8.542322725980173459e+01
-3.005371093750000000e-01 -9.590001078216239705e+01
-3.002929687500000000e-01 -9.266936244364529784e+01
-3.000488281250000000e-01 -8.382610396746449055e+01
-2.998046875000000000e-01 -7.938117091402708070e+01
-2.995605468750000000e-01 -7.634221363288777695e+01
-2.993164062500000000e-01 -7.400580910181433580e+01
-2.990722656250000000e-01 -7.209200362949674457e+01
-2.988281250000000000e-01 -7.046059702140809122e+01
-2.985839843750000000e-01 -6.903125913204721087e+01
-2.983398437500000000e-01 -6.775364828397528072e+01
-2.980957031250000000e-01 -6.659412068479964830e+01
-2.978515625000000000e-01 -6.552907372655491258e+01
-2.976074218750000000e-01 -6.454130796497423717e+01
-2.973632812500000000e-01 -6.361790085559002250e+01
-2.971191406250000000e-01 -6.274889592823475937e+01
-2.968750000000000000e-01 -6.192645872705206500e+01
-2.966308593750000000e-01 -6.114431326698770874e+01
-2.963867187500000000e-01 -6.039735407971336656e+01
-2.961425781250000000e-01 -5.968137203558764270e+01
-2.958984375000000000e-01 -5.899285611384621575e+01
-2.956542968750000000e-01 -5.832884719836611254e+01
-2.954101562500000000e-01 -5.768682833018969092e+01
-2.951660156250000000e-01 -5.706464102572181218e+01
-2.949218750000000000e-01 -5.646042056824045119e+01
-2.946777343750000000e-01 -5.587254533398887446e+01
-2.944335937500000000e-01 -5.529959665136097868e+01
-2.941894531250000000e-01 -5.474032666992763296e+01
-2.939453125000000000e-01 -5.419363239391127252e+01
-2.937011718750000000e-01 -5.365853451215269843e+01
-2.934570312500000000e-01 -5.313415999786633392e+01
-2.932128906250000000e-01 -5.261972769884359025e+01
-2.929687500000000000e-01 -5.211453632026353944e+01
-2.927246093750000000e-01 -5.161795433701199443e+01
-2.924804687500000000e-01 -5.112941147358802141e+01
-2.922363281250000000e-01 -5.064839146632183997e+01
-2.919921875000000000e-01 -5.017442588129689796e+01
-2.917480468750000000e-01 -4.970708880668096441e+01
-2.915039062500000000e-01 -4.924599227339251684e+01
-2.912597656250000000e-01 -4.879078228567153985e+01
-2.910156250000000000e-01 -4.834113536497233810e+01
-2.907714843750000000e-01 -4.789675552794776081e+01
-2.905273437500000000e-01 -4.745737163319471108e+01
-2.902832031250000000e-01 -4.702273504262653603e+01
-2.900390625000000000e-01 -4.659261755239452896e+01
-2.897949218750000000e-01 -4.616680955567328226e+01
-2.895507812500000000e-01 -4.574511840564199616e+01
-2.893066406250000000e-01 -4.532736695198678945e+01
-2.890625000000000000e-01 -4.491339222832607447e+01
-2.888183593750000000e-01 -4.450304427138087249e+01
-2.885742187500000000e-01 -4.409618505553812895e+01
-2.883300781250000000e-01 -4.369268752882740614e+01
-2.880859375000000000e-01 -4.329243473832168831e+01
-2.878417968750000000e-01 -4.289531903464369123e+01
-2.875976562500000000e-01 -4.250124134667842668e+01
-2.873535156250000000e-01 -4.211011051878601563e+01
-2.871093750000000000e-01 -4.172184270383281302e+01
-2.868652343750000000e-01 -4.133636080622238751e+01
-2.866210937500000000e-01 -4.095359396985112710e+01
-2.863769531250000000e-01 -4.057347710654667594e+01
-2.861328125000000000e-01 -4.019595046109277092e+01
-2.858886718750000000e-01 -3.982095920941447531e+01
-2.856445312500000000e-01 -3.944845308689672692e+01
-2.854003906250000000e-01 -3.907838604416306083e+01
-2.851562500000000000e-01 -3.871071592794059057e+01
-2.849121093750000000e-01 -3.834540418489883251e+01
-2.846679687500000000e-01 -3.798241558657983319e+01
-2.844238281250000000e-01 -3.762171797373134297e+01
-2.841796875000000000e-01 -3.726328201853131361e+01
-2.839355468750000000e-01 -3.690708100333965547e+01
-2.836914062500000000e-01 -3.655309061474790155e+01
-2.834472656250000000e-01 -3.620128875181256944e+01
-2.832031250000000000e-01 -3.585165534745863880e+01
-2.829589843750000000e-01 -3.550417220213220304e+01
-2.827148437500000000e-01 -3.515882282885908694e+01
-2.824707031250000000e-01 -3.481559230893811474e+01
-2.822265625000000000e-01 -3.447446715755697966e+01
-2.819824218750000000e-01 -3.413543519868129295e+01
-2.817382812500000000e-01 -3.379848544860915638e+01
-2.814941406250000000e-01 -3.346360800763515186e+01
-2.812500000000000000e-01 -3.313079395930364512e+01
-2.810058593750000000e-01 -3.280003527677033759e+01
-2.807617187500000000e-01 -3.247132473582212242e+01
-2.805175781250000000e-01 -3.214465583413659999e+01
-2.802734375000000000e-01 -3.182002271638877744e+01
-2.800292968750000000e-01 -3.149742010483907961e+01
-2.797851562500000000e-01 -3.117684323505757504e+01
-2.795410156250000000e-01 -3.085828779646256237e+01
-2.792968750000000000e-01 -3.054174987737000890e+01
-2.790527343750000000e-01 -3.022722591426884975e+01
-2.788085937500000000e-01 -2.991471264505401706e+01
-2.785644531250000000e-01 -2.960420706596475782e+01
-2.783203125000000000e-01 -2.929570639198993831e+01
-2.780761718750000000e-01 -2.898920802051738832e+01
-2.778320312500000000e-01 -2.868470949801488956e+01
-2.775878906250000000e-01 -2.838220848954473041e+01
-2.773437500000000000e-01 -2.808170275092395229e+01
-2.770996093750000000e-01 -2.778319010335303574e+01
-2.768554687500000000e-01 -2.748666841034739150e+01
-2.766113281250000000e-01 -2.719213555681356809e+01
-2.763671875000000000e-01 -2.689958943012315018e+01
-2.761230468750000000e-01 -2.660902790304420051e+01
-2.758789062500000000e-01 -2.632044881839996009e+01
-2.756347656250000000e-01 -2.603384997533080991e+01
-2.753906250000000000e-01 -2.574922911704339157e+01
-2.751464843750000000e-01 -2.546658391993809545e+01
-2.749023437500000000e-01 -2.518591198401208686e+01
-2.746582031250000000e-01 -2.490721082444149204e+01
-2.744140625000000000e-01 -2.463047786425237717e+01
-2.741699218750000000e-01 -2.435571042799595176e+01
-2.739257812500000000e-01 -2.408290573634759113e+01
-2.736816406250000000e-01 -2.381206090155657762e+01
-2.734375000000000000e-01 -2.354317292367545633e+01
-2.731933593750000000e-01 -2.327623868750438163e+01
-2.729492187500000000e-01 -2.301125496018963190e+01
-2.727050781250000000e-01 -2.274821838941858232e+01
-2.724609375000000000e-01 -2.248712550215885386e+01
-2.722167968750000000e-01 -2.222797270389118296e+01
-2.719726562500000000e-01 -2.197075627829046596e+01
-2.717285156250000000e-01 -2.171547238731137242e+01
-2.714843750000000000e-01 -2.146211707163888605e+01
-2.712402343750000000e-01 -2.121068625146639164e+01
-2.709960937500000000e-01 -2.096117572756683245e+01
-2.707519531250000000e-01 -2.071358118262480730e+01
-2.705078125000000000e-01 -2.046789818279992090e+01
-2.702636718750000000e-01 -2.022412217949406710e+01
-2.700195312500000000e-01 -1.998224851129710800e+01
-2.697753906250000000e-01 -1.974227240608735912e+01
-2.695312500000000000e-01 -1.950418898326566364e+01
-2.692871093750000000e-01 -1.926799325610256375e+01
-2.690429687500000000e-01 -1.903368013418076288e+01
-2.687988281250000000e-01 -1.880124442591578315e+01
-2.685546875000000000e-01 -1.857068084113925011e+01
-2.683105468750000000e-01 -1.834198399373107691e+01
-2.680664062500000000e-01 -1.811514840428715445e+01
-2.678222656250000000e-01 -1.789016850281130644e+01
-2.675781250000000000e-01 -1.766703863142011244e+01
-2.673339843750000000e-01 -1.744575304705151808e+01
-2.670898437500000000e-01 -1.722630592416803097e+01
-2.668457031250000000e-01 -1.700869135744655836e+01
-2.666015625000000000e-01 -1.679290336444781673e+01
-2.663574218750000000e-01 -1.657893588825882603e+01
-2.661132812500000000e-01 -1.636678280010261233e+01
-2.658691406250000000e-01 -1.615643790191016649e+01
-2.656250000000000000e-01 -1.594789492884984838e+01
-2.653808593750000000e-01 -1.574114755181045666e+01
-2.651367187500000000e-01 -1.553618937983437576e+01
-2.648925781250000000e-01 -1.533301396249745352e+01
-2.646484375000000000e-01 -1.513161479223351336e+01
-2.644042968750000000e-01 -1.493198530660063739e+01
-2.641601562500000000e-01 -1.473411889048772139e+01
-2.639160156250000000e-01 -1.453800887825970989e+01
-2.636718750000000000e-01 -1.434364855583983456e+01
-2.634277343750000000e-01 -1.415103116272846506e+01
-2.631835937500000000e-01 -1.396014989395728634e+01
-2.629394531250000000e-01 -1.377099790197866014e+01
-2.626953125000000000e-01 -1.358356829848952430e+01
-2.624511718750000000e-01 -1.339785415618998599e+01
-2.622070312500000000e-01 -1.321384851047662323e+01
-2.619628906250000000e-01 -1.303154436107038094e+01
-2.617187500000000000e-01 -1.285093467357998520e+01
-2.614746093750000000e-01 -1.267201238100069816e+01
-2.612304687500000000e-01 -1.249477038514948646e+01
-2.609863281250000000e-01 -1.231920155803715744e+01
-2.607421875000000000e-01 -1.214529874317809544e+01
-2.604980468750000000e-01 -1.197305475683857878e+01
-2.602539062500000000e-01 -1.180246238922469360e+01
-2.600097656250000000e-01 -1.163351440561065431e+01
-2.597656250000000000e-01 -1.146620354740866077e+01
-2.595214843750000000e-01 -1.130052253318154953e+01
-2.592773437500000000e-01 -1.113646405959896413e+01
-2.590332031250000000e-01 -1.097402080233879218e+01
-2.587890625000000000e-01 -1.081318541693450896e+01
-2.585449218750000000e-01 -1.065395053957004734e+01
-2.583007812500000000e-01 -1.049630878782328125e+01
-2.580566406250000000e-01 -1.034025276135947280e+01
-2.578125000000000000e-01 -1.018577504257580557e+01
-2.575683593750000000e-01 -1.003286819719851053e+01
-2.573242187500000000e-01 -9.881524774833664537e+00
-2.570800781250000000e-01 -9.731737309473210473e+00
-2.568359375000000000e-01 -9.583498319957236333e+00
-2.565917968750000000e-01 -9.436800310393934410e+00
-2.563476562500000000e-01 -9.291635770538682948e+00
-2.561035156250000000e-01 -9.147997176133223718e+00
-2.558593750000000000e-01 -9.005876989206505812e+00
-2.556152343750000000e-01 -8.865267658338353840e+00
-2.553710937500000000e-01 -8.726161618887239513e+00
-2.551269531250000000e-01 -8.588551293183471103e+00
-2.548828125000000000e-01 -8.452429090688958979e+00
-2.546386718750000000e-01 -8.317787408124893034e+00
-2.543945312500000000e-01 -8.184618629568547021e+00
-2.541503906250000000e-01 -8.052915126520431954e+00
-2.539062500000000000e-01 -7.922669257942871468e+00
-2.536621093750000000e-01 -7.793873370271512613e+00
-2.534179687500000000e-01 -7.666519797400667358e+00
-2.531738281250000000e-01 -7.540600860643635883e+00
-2.529296875000000000e-01 -7.416108868669610388e+00
-2.526855468750000000e-01 -7.293036117417670994e+00
-2.524414062500000000e-01 -7.171374889989536427e+00
-2.521972656250000000e-01 -7.051117456521950544e+00
-2.519531250000000000e-01 -6.932256074039827354e+00
-2.517089843750000000e-01 -6.814782986291405109e+00
-2.514648437500000000e-01 -6.698690423566276309e+00
-2.512207031250000000e-01 -6.583970602497657865e+00
-2.509765625000000000e-01 -6.470615725849668820e+00
-2.507324218750000000e-01 -6.358617982290937221e+00
-2.504882812500000000e-01 -6.247969546155502485e+00
-2.502441406250000000e-01 -6.138662577191951186e+00
-2.500000000000000000e-01 -6.030689220301994169e+00
-2.497558593750000000e-01 -5.924041605269479760e+00
-2.495117187500000000e-01 -5.818711846480766781e+00
-2.492675781250000000e-01 -5.714692042637494751e+00
-2.490234375000000000e-01 -5.611974276462944999e+00
-2.487792968750000000e-01 -5.510550614402731640e+00
-2.485351562500000000e-01 -5.410413106320945076e+00
-2.482910156250000000e-01 -5.311553785192828059e+00
-2.480468750000000000e-01 -5.213964666794694836e+00
-2.478027343750000000e-01 -5.117637749392471846e+00
-2.475585937500000000e-01 -5.022565013429414194e+00
-2.473144531250000000e-01 -4.928738421214333698e+00
-2.470703125000000000e-01 -4.836149916610949617e+00
-2.468261718750000000e-01 -4.744791424729655205e+00
-2.465820312500000000e-01 -4.654654851622538558e+00
-2.463378906250000000e-01 -4.565732083982425138e+00
-2.460937500000000000e-01 -4.478014988847220934e+00
-2.458496093750000000e-01 -4.391495413310209983e+00
-2.456054687500000000e-01 -4.306165184237485732e+00
-2.453613281250000000e-01 -4.222016107993297851e+00
-2.451171875000000000e-01 -4.139039970174252403e+00
-2.448730468750000000e-01 -4.057228535353459620e+00
-2.446289062500000000e-01 -3.976573546835354023e+00
-2.443847656250000000e-01 -3.897066726422266925e+00
-2.441406250000000000e-01 -3.818699774193618168e+00
-2.438964843750000000e-01 -3.741464368298537124e+00
-2.436523437500000000e-01 -3.665352164763163501e+00
-2.434082031250000000e-01 -3.590354797313040081e+00
-2.431640625000000000e-01 -3.516463877211990052e+00
-2.429199218750000000e-01 -3.443670993118089996e+00
-2.426757812500000000e-01 -3.371967710957690656e+00
-2.424316406250000000e-01 -3.301345573818366574e+00
-2.421875000000000000e-01 -3.231796101861903026e+00
-2.419433593750000000e-01 -3.163310792257632897e+00
-2.416992187500000000e-01 -3.095881119137800397e+00
-2.414550781250000000e-01 -3.029498533575008423e+00
-2.412109375000000000e-01 -2.964154463583156485e+00
-2.409667968750000000e-01 -2.899840314142466013e+00
-2.407226562500000000e-01 -2.836547467249516785e+00
-2.404785156250000000e-01 -2.774267281992933931e+00
-2.402343750000000000e-01 -2.712991094655848201e+00
-2.399902343750000000e-01 -2.652710218845697909e+00
-2.397460937500000000e-01 -2.593415945652111532e+00
-2.395019531250000000e-01 -2.535099543833808866e+00
-2.392578125000000000e-01 -2.477752260035146037e+00
-2.390136718750000000e-01 -2.421365319033100150e+00
-2.387695312500000000e-01 -2.365929924015404140e+00
-2.385253906250000000e-01 -2.311437256890371827e+00
-2.382812500000000000e-01 -2.257878478629280039e+00
-2.380371093750000000e-01 -2.205244729641975709e+00
-2.377929687500000000e-01 -2.153527130185992178e+00
-2.375488281250000000e-01 -2.102716780810297337e+00
-2.373046875000000000e-01 -2.052804762833702057e+00
-2.370605468750000000e-01 -2.003782138858866801e+00
-2.368164062500000000e-01 -1.955639953322275915e+00
-2.365722656250000000e-01 -1.908369233080605909e+00
-2.363281250000000000e-01 -1.861960988033956710e+00
-2.360839843750000000e-01 -1.816406211786542713e+00
-2.358398437500000000e-01 -1.771695882344886286e+00
-2.355957031250000000e-01 -1.727820962854124787e+00
-2.353515625000000000e-01 -1.684772402372658462e+00
-2.351074218750000000e-01 -1.642541136685252923e+00
-2.348632812500000000e-01 -1.601118089155121993e+00
-2.346191406250000000e-01 -1.560494171614791981e+00
-2.343750000000000000e-01 -1.520660285296116854e+00
-2.341308593750000000e-01 -1.481607321799558008e+00
-2.338867187500000000e-01 -1.443326164102444409e+00
-2.336425781250000000e-01 -1.405807687606625223e+00
-2.333984375000000000e-01 -1.369042761225060190e+00
-2.331542968750000000e-01 -1.333022248507461427e+00
-2.329101562500000000e-01 -1.297737008804688230e+00
-2.326660156250000000e-01 -1.263177898471639082e+00
-2.324218750000000000e-01 -1.229335772108555602e+00
-2.321777343750000000e-01 -1.196201483840013680e+00
-2.319335937500000000e-01 -1.163765888631530743e+00
-2.316894531250000000e-01 -1.132019843643092827e+00
-2.314453125000000000e-01 -1.100954209619217750e+00
-2.312011718750000000e-01 -1.070559852314801219e+00
-2.309570312500000000e-01 -1.040827643956205861e+00
-2.307128906250000000e-01 -1.011748464736740516e+00
-2.304687500000000000e-01 -9.833132043458903127e-01
-2.302246093750000000e-01 -9.555127635312743450e-01
-2.299804687500000000e-01 -9.283380556924498705e-01
-2.297363281250000000e-01 -9.017800085056677517e-01
-2.294921875000000000e-01 -8.758295655783996381e-01
-2.292480468750000000e-01 -8.504776881324431770e-01
-2.290039062500000000e-01 -8.257153567146247042e-01
-2.287597656250000000e-01 -8.015335729337209614e-01
-2.285156250000000000e-01 -7.779233612220934901e-01
-2.282714843750000000e-01 -7.548757706210267315e-01
-2.280273437500000000e-01 -7.323818765879082093e-01
-2.277832031250000000e-01 -7.104327828240570852e-01
-2.275390625000000000e-01 -6.890196231213252531e-01
-2.272949218750000000e-01 -6.681335632260925195e-01
-2.270507812500000000e-01 -6.477658027187089829e-01
-2.268066406250000000e-01 -6.279075769068072077e-01
-2.265625000000000000e-01 -6.085501587305230942e-01
-2.263183593750000000e-01 -5.896848606779201418e-01
-2.260742187500000000e-01 -5.713030367083717920e-01
-2.258300781250000000e-01 -5.533960841823528654e-01
-2.255859375000000000e-01 -5.359554457952384610e-01
-2.253417968750000000e-01 -5.189726115132629047e-01
-2.250976562500000000e-01 -5.024391205094360657e-01
-2.248535156250000000e-01 -4.863465630972712006e-01
-2.246093750000000000e-01 -4.706865826602069092e-01
-2.243652343750000000e-01 -4.554508775743641991e-01
-2.241210937500000000e-01 -4.406312031226491399e-01
-2.238769531250000000e-01 -4.262193733975578880e-01
-2.236328125000000000e-01 -4.122072631907940377e-01
-2.233886718750000000e-01 -3.985868098671403459e-01
-2.231445312500000000e-01 -3.853500152202826712e-01
-2.229003906250000000e-01 -3.724889473084260771e-01
-2.226562500000000000e-01 -3.599957422671877794e-01
-2.224121093750000000e-01 -3.478626060976068857e-01
-2.221679687500000000e-01 -3.360818164266987651e-01
-2.219238281250000000e-01 -3.246457242386924236e-01
-2.216796875000000000e-01 -3.135467555740518719e-01
-2.214355468750000000e-01 -3.027774131946614489e-01
-2.211914062500000000e-01 -2.923302782123613497e-01
-2.209472656250000000e-01 -2.821980116789717385e-01
-2.207031250000000000e-01 -2.723733561355174970e-01
-2.204589843750000000e-01 -2.628491371185361913e-01
-2.202148437500000000e-01 -2.536182646212239433e-01
-2.199707031250000000e-01 -2.446737345076428483e-01
-2.197265625000000000e-01 -2.360086298778298897e-01
-2.194824218750000000e-01 -2.276161223817609880e-01
-2.192382812500000000e-01 -2.194894734807348868e-01
-2.189941406250000000e-01 -2.116220356537326097e-01
-2.187500000000000000e-01 -2.040072535476866733e-01
-2.185058593750000000e-01 -1.966386650695426397e-01
-2.182617187500000000e-01 -1.895099024188056092e-01
-2.180175781250000000e-01 -1.826146930589516160e-01
-2.177734375000000000e-01 -1.759468606263823176e-01
-2.175292968750000000e-01 -1.695003257756440007e-01
-2.172851562500000000e-01 -1.632691069596887701e-01
-2.170410156250000000e-01 -1.572473211439984198e-01
-2.167968750000000000e-01 -1.514291844537467568e-01
-2.165527343750000000e-01 -1.458090127530482505e-01
-2.163085937500000000e-01 -1.403812221552982464e-01
-2.160644531250000000e-01 -1.351403294643773734e-01
-2.158203125000000000e-01 -1.300809525457395921e-01
-2.155761718750000000e-01 -1.251978106272133573e-01
-2.153320312500000000e-01 -1.204857245289900902e-01
-2.150878906250000000e-01 -1.159396168228283841e-01
-2.148437500000000000e-01 -1.115545119202039359e-01
-2.145996093750000000e-01 -1.073255360894478372e-01
-2.143554687500000000e-01 -1.032479174021432300e-01
-2.141113281250000000e-01 -9.931698560893664762e-02
-2.138671875000000000e-01 -9.552817194517615462e-02
-2.136230468750000000e-01 -9.187700886691629876e-02
-2.133789062500000000e-01 -8.835912971792936332e-02
-2.131347656250000000e-01 -8.497026832829135401e-02
-2.128906250000000000e-01 -8.170625854573643210e-02
-2.126464843750000000e-01 -7.856303370036243905e-02
-2.124023437500000000e-01 -7.553662600398070026e-02
-2.121582031250000000e-01 -7.262316588537487405e-02
-2.119140625000000000e-01 -6.981888126244939485e-02
-2.116699218750000000e-01 -6.712009675294439148e-02
-2.114257812500000000e-01 -6.452323282512395508e-02
-2.111816406250000000e-01 -6.202480488995831820e-02
-2.109375000000000000e-01 -5.962142233654788015e-02
-2.106933593750000000e-01 -5.730978751250859204e-02
-2.104492187500000000e-01 -5.508669465118032349e-02
-2.102050781250000000e-01 -5.294902874757667632e-02
-2.099609375000000000e-01 -5.089376438516524104e-02
-2.097167968750000000e-01 -4.891796451531149614e-02
-2.094726562500000000e-01 -4.701877919183061749e-02
-2.092285156250000000e-01 -4.519344426252303037e-02
-2.089843750000000000e-01 -4.343928002032271252e-02
-2.087402343750000000e-01 -4.175368981584881567e-02
-2.084960937500000000e-01 -4.013415863423119845e-02
-2.082519531250000000e-01 -3.857825163822781178e-02
-2.080078125000000000e-01 -3.708361268013504741e-02
-2.077636718750000000e-01 -3.564796278502058158e-02
-2.075195312500000000e-01 -3.426909860763771576e-02
-2.072753906250000000e-01 -3.294489086552232493e-02
-2.070312500000000000e-01 -3.167328275078773459e-02
-2.067871093750000000e-01 -3.045228832313284784e-02
-2.065429687500000000e-01 -2.927999088637989189e-02
-2.062988281250000000e-01 -2.815454135131290059e-02
-2.060546875000000000e-01 -2.707415658710488060e-02
-2.058105468750000000e-01 -2.603711776370687403e-02
-2.055664062500000000e-01 -2.504176868802687750e-02
-2.053222656250000000e-01 -2.408651413570339628e-02
-2.050781250000000000e-01 -2.316981818151475636e-02
-2.048339843750000000e-01 -2.229020253025737475e-02
-2.045898437500000000e-01 -2.144624485065094177e-02
-2.043457031250000000e-01 -2.063657711445898713e-02
-2.041015625000000000e-01 -1.985988394307014460e-02
-2.038574218750000000e-01 -1.911490096361490032e-02
-2.036132812500000000e-01 -1.840041317682050703e-02
-2.033691406250000000e-01 -1.771525333852252970e-02
-2.031250000000000000e-01 -1.705830035700728331e-02
-2.028808593750000000e-01 -1.642847770781941108e-02
-2.026367187500000000e-01 -1.582475186800991196e-02
-2.023925781250000000e-01 -1.524613077171466102e-02
-2.021484375000000000e-01 -1.469166228847029743e-02
-2.019042968750000000e-01 -1.416043272601541503e-02
-2.016601562500000000e-01 -1.365156535919709313e-02
-2.014160156250000000e-01 -1.316421898627595510e-02
-2.011718750000000000e-01 -1.269758651389452098e-02
-2.009277343750000000e-01 -1.225089357237152399e-02
-2.006835937500000000e-01 -1.182339716197589041e-02
-2.004394531250000000e-01 -1.141438433174357669e-02
-2.001953125000000000e-01 -1.102317089144833062e-02
-1.999511718750000000e-01 -1.064910015799114262e-02
-1.997070312500000000e-01 -1.029154173674839967e-02
-1.994628906250000000e-01 -9.949890338731393058e-03
-1.992187500000000000e-01 -9.623564634253511940e-03
-1.989746093750000000e-01 -9.312006143488815724e-03
-1.987304687500000000e-01 -9.014678164575684605e-03
-1.984863281250000000e-01 -8.731064739421867671e-03
-1.982421875000000000e-01 -8.460669657750941042e-03
-1.979980468750000000e-01 -8.203015499290700063e-03
-1.977539062500000000e-01 -7.957642714501389491e-03
-1.975097656250000000e-01 -7.724108743644819697e-03
-1.972656250000000000e-01 -7.501987174237001454e-03
-1.970214843750000000e-01 -7.290866936770612483e-03
-1.967773437500000000e-01 -7.090351538394656927e-03
-1.965332031250000000e-01 -6.900058334338154964e-03
-1.962890625000000000e-01 -6.719617836651536891e-03
-1.960449218750000000e-01 -6.548673059896259474e-03
-1.958007812500000000e-01 -6.386878903185788658e-03
-1.955566406250000000e-01 -6.233901567995303594e-03
-1.953125000000000000e-01 -6.089418011285374632e-03
-1.950683593750000000e-01 -5.953115432845379473e-03
-1.948242187500000000e-01 -5.824690796544018667e-03
-1.945800781250000000e-01 -5.703850384364272941e-03
-1.943359375000000000e-01 -5.590309382370151070e-03
-1.940917968750000000e-01 -5.483791497880474708e-03
-1.938476562500000000e-01 -5.384028606627566660e-03
-1.936035156250000000e-01 -5.290760429062402181e-03
-1.933593750000000000e-01 -5.203734234697776628e-03
-1.931152343750000000e-01 -5.122704573395253647e-03
-1.928710937500000000e-01 -5.047433032444814671e-03
-1.926269531250000000e-01 -4.977688018385606483e-03
-1.923828125000000000e-01 -4.913244562303020757e-03
-1.921386718750000000e-01 -4.853884147365761237e-03
-1.918945312500000000e-01 -4.799394557551295293e-03
-1.916503906250000000e-01 -4.749569746167026096e-03
-1.914062500000000000e-01 -4.704209722873997634e-03
-1.911621093750000000e-01 -4.663120458303637861e-03
-1.909179687500000000e-01 -4.626113804462761436e-03
-1.906738281250000000e-01 -4.593007430216289322e-03
-1.904296875000000000e-01 -4.563624770128171804e-03
-1.901855468750000000e-01 -4.537794985708387685e-03
-1.899414062500000000e-01 -4.515352937730199301e-03
-1.896972656250000000e-01 -4.496139168253421303e-03
-1.894531250000000000e-01 -4.479999891273678259e-03
-1.892089843750000000e-01 -4.466786990803939261e-03
-1.889648437500000000e-01 -4.456358025038298365e-03
-1.887207031250000000e-01 -4.448576235560608438e-03
-1.884765625000000000e-01 -4.443310560446889212e-03
-1.882324218750000000e-01 -4.440435649996743450e-03
-1.879882812500000000e-01 -4.439831884369027648e-03
-1.877441406250000000e-01 -4.441385391444896413e-03
-1.875000000000000000e-01 -4.444988064662425131e-03
-1.872558593750000000e-01 -4.450537579160140922e-03
-1.870117187500000000e-01 -4.457937405689449406e-03
-1.867675781250000000e-01 -4.467096821258564887e-03
-1.865234375000000000e-01 -4.477930915626870956e-03
-1.862792968750000000e-01 -4.490360592896536218e-03
-1.860351562500000000e-01 -4.504312567320312155e-03
-1.857910156250000000e-01 -4.519719352742868068e-03
-1.855468750000000000e-01 -4.536519244823011832e-03
-1.853027343750000000e-01 -4.554656295610470806e-03
-1.850585937500000000e-01 -4.574080279653003345e-03
-1.848144531250000000e-01 -4.594746651335412935e-03
-1.845703125000000000e-01 -4.616616492825187379e-03
-1.843261718750000000e-01 -4.639656452255280783e-03
-1.840820312500000000e-01 -4.663838671703501859e-03
-1.838378906250000000e-01 -4.689140704769556578e-03
-1.835937500000000000e-01 -4.715545423394473801e-03
-1.833496093750000000e-01 -4.743040913666618508e-03
-1.831054687500000000e-01 -4.771620360543238348e-03
-1.828613281250000000e-01 -4.801281921345434966e-03
-1.826171875000000000e-01 -4.832028587998138391e-03
-1.823730468750000000e-01 -4.863868037801921673e-03
-1.821289062500000000e-01 -4.896812473162981405e-03
-1.818847656250000000e-01 -4.930878450011277891e-03
-1.816406250000000000e-01 -4.966086695290528041e-03
-1.813964843750000000e-01 -5.002461913477418420e-03
-1.811523437500000000e-01 -5.040032582726894361e-03
-1.809082031250000000e-01 -5.078830740430362312e-03
-1.806640625000000000e-01 -5.118891759039456701e-03
-1.804199218750000000e-01 -5.160254112155371331e-03
-1.801757812500000000e-01 -5.202959131437978613e-03
-1.799316406250000000e-01 -5.247050754718429744e-03
-1.796875000000000000e-01 -5.292575265940513418e-03
-1.794433593750000000e-01 -5.339581027328677010e-03
-1.791992187500000000e-01 -5.388118204393776978e-03
-1.789550781250000000e-01 -5.438238484288149266e-03
-1.787109375000000000e-01 -5.489994788334229270e-03
-1.784667968750000000e-01 -5.543440979167257865e-03
-1.782226562500000000e-01 -5.598631563202616235e-03
-1.779785156250000000e-01 -5.655621389323073345e-03
-1.777343750000000000e-01 -5.714465344240693412e-03
-1.774902343750000000e-01 -5.775218045414476364e-03
-1.772460937500000000e-01 -5.837933532362171718e-03
-1.770019531250000000e-01 -5.902664956877856639e-03
-1.767578125000000000e-01 -5.969464273292146572e-03
-1.765136718750000000e-01 -6.038381929315050911e-03
-1.762695312500000000e-01 -6.109466558243070722e-03
-1.760253906250000000e-01 -6.182764673638985187e-03
-1.757812500000000000e-01 -6.258320366953284974e-03
-1.755371093750000000e-01 -6.336175009025168947e-03
-1.752929687500000000e-01 -6.416366956472074889e-03
-1.750488281250000000e-01 -6.498931263379859047e-03
-1.748046875000000000e-01 -6.583899399444703704e-03
-1.745605468750000000e-01 -6.671298975192030412e-03
-1.743164062500000000e-01 -6.761153475082437581e-03
-1.740722656250000000e-01 -6.853481999243626888e-03
-1.738281250000000000e-01 -6.948299014695180631e-03
-1.735839843750000000e-01 -7.045614116663045934e-03
-1.733398437500000000e-01 -7.145431800708479386e-03
-1.730957031250000000e-01 -7.247751246495681698e-03
-1.728515625000000000e-01 -7.352566113723923991e-03
-1.726074218750000000e-01 -7.459864350948919309e-03
-1.723632812500000000e-01 -7.569628017876084414e-03
-1.721191406250000000e-01 -7.681833121708336876e-03
-1.718750000000000000e-01 -7.796449468088439971e-03
-1.716308593750000000e-01 -7.913440527318016393e-03
-1.713867187500000000e-01 -8.032763315995339326e-03
-1.711425781250000000e-01 -8.154368294967184738e-03
-1.708984375000000000e-01 -8.278199283637377448e-03
-1.706542968750000000e-01 -8.404193391186254303e-03
-1.704101562500000000e-01 -8.532280965098948400e-03
-1.701660156250000000e-01 -8.662385557130392044e-03
-1.699218750000000000e-01 -8.794423907076520663e-03
-1.696777343750000000e-01 -8.928305944579051356e-03
-1.694335937500000000e-01 -9.063934809105944623e-03
-1.691894531250000000e-01 -9.201206888235446968e-03
-1.689453125000000000e-01 -9.340011874286346938e-03
-1.687011718750000000e-01 -9.480232839536029132e-03
-1.684570312500000000e-01 -9.621746329671054809e-03
-1.682128906250000000e-01 -9.764422475839751314e-03
-1.679687500000000000e-01 -9.908125124923117255e-03
-1.677246093750000000e-01 -1.005271198786772402e-02
-1.674804687500000000e-01 -1.019803480625114389e-02
-1.672363281250000000e-01 -1.034393953638357289e-02
-1.669921875000000000e-01 -1.049026655105933514e-02
-1.667480468750000000e-01 -1.063685085836141297e-02
-1.665039062500000000e-01 -1.078352233740531574e-02
-1.662597656250000000e-01 -1.093010599049648590e-02
-1.660156250000000000e-01 -1.107642221120386239e-02
-1.657714843750000000e-01 -1.122228706798011899e-02
-1.655273437500000000e-01 -1.136751260278856535e-02
-1.652832031250000000e-01 -1.151190714415406546e-02
-1.650390625000000000e-01 -1.165527563395585275e-02
-1.647949218750000000e-01 -1.179741996756433764e-02
-1.645507812500000000e-01 -1.193813934629872620e-02
-1.643066406250000000e-01 -1.207723064189281104e-02
-1.640625000000000000e-01 -1.221448877186048776e-02
-1.638183593750000000e-01 -1.234970708536309303e-02
-1.635742187500000000e-01 -1.248267775835643079e-02
-1.633300781250000000e-01 -1.261319219757695009e-02
-1.630859375000000000e-01 -1.274104145241494734e-02
-1.628417968750000000e-01 -1.286601663346687019e-02
-1.625976562500000000e-01 -1.298790933752513865e-02
-1.623535156250000000e-01 -1.310651207739965685e-02
-1.621093750000000000e-01 -1.322161871605942451e-02
-1.618652343750000000e-01 -1.333302490409948859e-02
-1.616210937500000000e-01 -1.344052851939636639e-02
-1.613769531250000000e-01 -1.354393010805665654e-02
-1.611328125000000000e-01 -1.364303332586302986e-02
-1.608886718750000000e-01 -1.373764537883914727e-02
-1.606445312500000000e-01 -1.382757746226559448e-02
-1.604003906250000000e-01 -1.391264519703838687e-02
-1.601562500000000000e-01 -1.399266906229001961e-02
-1.599121093750000000e-01 -1.406747482342041167e-02
-1.596679687500000000e-01 -1.413689395440087537e-02
-1.594238281250000000e-01 -1.420076405341319514e-02
-1.591796875000000000e-01 -1.425892925097116404e-02
-1.589355468750000000e-01 -1.431124060924560126e-02
-1.586914062500000000e-01 -1.435755651205283812e-02
-1.584472656250000000e-01 -1.439774304411400863e-02
-1.582031250000000000e-01 -1.443167435905934326e-02
-1.579589843750000000e-01 -1.445923303508322988e-02
-1.577148437500000000e-01 -1.448031041724107126e-02
-1.574707031250000000e-01 -1.449480694591898100e-02
-1.572265625000000000e-01 -1.450263247018312995e-02
-1.569824218750000000e-01 -1.450370654559662853e-02
-1.567382812500000000e-01 -1.449795871545234149e-02
-1.564941406250000000e-01 -1.448532877486741199e-02
-1.562500000000000000e-01 -1.446576701692947609e-02
-1.560058593750000000e-01 -1.443923446025507928e-02
-1.557617187500000000e-01 -1.440570305726396327e-02
-1.555175781250000000e-01 -1.436515588281395139e-02
-1.552734375000000000e-01 -1.431758730227272736e-02
-1.550292968750000000e-01 -1.426300311875650095e-02
-1.547851562500000000e-01 -1.420142069906660254e-02
-1.545410156250000000e-01 -1.413286907779820467e-02
-1.542968750000000000e-01 -1.405738903930853212e-02
-1.540527343750000000e-01 -1.397503317710402371e-02
-1.538085937500000000e-01 -1.388586593051854834e-02
-1.535644531250000000e-01 -1.378996359845530151e-02
-1.533203125000000000e-01 -1.368741432960973725e-02
-1.530761718750000000e-01 -1.357831808962828291e-02
-1.528320312500000000e-01 -1.346278660470545674e-02
-1.525878906250000000e-01 -1.334094328163359933e-02
-1.523437500000000000e-01 -1.321292310440469464e-02
-1.520996093750000000e-01 -1.307887250737849172e-02
-1.518554687500000000e-01 -1.293894922513061374e-02
-1.516113281250000000e-01 -1.279332211910855222e-02
-1.513671875000000000e-01 -1.264217098128028738e-02
-1.511230468750000000e-01 -1.248568631524449302e-02
-1.508789062500000000e-01 -1.232406909471706058e-02
-1.506347656250000000e-01 -1.215753050014711789e-02
-1.503906250000000000e-01 -1.198629163361886185e-02
-1.501464843750000000e-01 -1.181058321256500676e-02
-1.499023437500000000e-01 -1.163064524278922818e-02
-1.496582031250000000e-01 -1.144672667135182564e-02
-1.494140625000000000e-01 -1.125908501988703847e-02
-1.491699218750000000e-01 -1.106798599894887047e-02
-1.489257812500000000e-01 -1.087370310413859897e-02
-1.486816406250000000e-01 -1.067651719461082394e-02
-1.484375000000000000e-01 -1.047671605485334112e-02
-1.481933593750000000e-01 -1.027459394038032769e-02
-1.479492187500000000e-01 -1.007045110823412415e-02
-1.477050781250000000e-01 -9.864593333219318083e-03
-1.474609375000000000e-01 -9.657331410579672593e-03
-1.472167968750000000e-01 -9.448980646169502506e-03
-1.469726562500000000e-01 -9.239860335185312579e-03
-1.467285156250000000e-01 -9.030293230011920969e-03
-1.464843750000000000e-01 -8.820604998717840317e-03
-1.462402343750000000e-01 -8.611123674853615739e-03
-1.459960937500000000e-01 -8.402179099675777252e-03
-1.457519531250000000e-01 -8.194102357947485871e-03
-1.455078125000000000e-01 -7.987225208282211497e-03
-1.452636718750000000e-01 -7.781879509224154390e-03
-1.450195312500000000e-01 -7.578396642045959197e-03
-1.447753906250000000e-01 -7.377106931514276766e-03
-1.445312500000000000e-01 -7.178339065575300992e-03
-1.442871093750000000e-01 -6.982419515310311908e-03
-1.440429687500000000e-01 -6.789671955942822024e-03
-1.437988281250000000e-01 -6.600416690574206768e-03
-1.435546875000000000e-01 -6.414970076974668700e-03
-1.433105468750000000e-01 -6.233643959419055136e-03
-1.430664062500000000e-01 -6.056745106079119978e-03
-1.428222656250000000e-01 -5.884574653222784946e-03
-1.425781250000000000e-01 -5.717427557485166290e-03
-1.423339843750000000e-01 -5.555592056992963990e-03
-1.420898437500000000e-01 -5.399349142791720624e-03
-1.418457031250000000e-01 -5.248972041215438367e-03
-1.416015625000000000e-01 -5.104725708449109334e-03
-1.413574218750000000e-01 -4.966866338335762521e-03
-1.411132812500000000e-01 -4.835640884266467765e-03
-1.408691406250000000e-01 -4.711286596148056560e-03
-1.406250000000000000e-01 -4.594030573443319554e-03
-1.403808593750000000e-01 -4.484089335136332011e-03
-1.401367187500000000e-01 -4.381668407404504251e-03
-1.398925781250000000e-01 -4.286961930077382021e-03
-1.396484375000000000e-01 -4.200152282351155009e-03
-1.394042968750000000e-01 -4.121409728796265881e-03
-1.391601562500000000e-01 -4.050892086198132347e-03
-1.389160156250000000e-01 -3.988744412168898634e-03
-1.386718750000000000e-01 -3.935098715729168362e-03
-1.384277343750000000e-01 -3.890073690982376320e-03
-1.381835937500000000e-01 -3.853774474080751133e-03
-1.379394531250000000e-01 -3.826292424179200680e-03
-1.376953125000000000e-01 -3.807704928647126508e-03
-1.374511718750000000e-01 -3.798075233348185975e-03
-1.372070312500000000e-01 -3.797452297845893554e-03
-1.369628906250000000e-01 -3.805870676345080028e-03
-1.367187500000000000e-01 -3.823350424326577013e-03
-1.364746093750000000e-01 -3.849897031287241589e-03
-1.362304687500000000e-01 -3.885501379670586175e-03
-1.359863281250000000e-01 -3.930139730158543898e-03
-1.357421875000000000e-01 -3.983773733438056297e-03
-1.354980468750000000e-01 -4.046350468371429088e-03
-1.352539062500000000e-01 -4.117802506669931972e-03
-1.350097656250000000e-01 -4.198048003971166509e-03
-1.347656250000000000e-01 -4.286990817092828365e-03
-1.345214843750000000e-01 -4.384520647462863963e-03
-1.342773437500000000e-01 -4.490513210299695857e-03
-1.340332031250000000e-01 -4.604830429585149432e-03
-1.337890625000000000e-01 -4.727320658091116456e-03
-1.335449218750000000e-01 -4.857818922431533792e-03
-1.333007812500000000e-01 -4.996147192613875632e-03
-1.330566406250000000e-01 -5.142114675493303366e-03
-1.328125000000000000e-01 -5.295518131845255994e-03
-1.325683593750000000e-01 -5.456142216331727468e-03
-1.323242187500000000e-01 -5.623759839849640230e-03
-1.320800781250000000e-01 -5.798132553437085335e-03
-1.318359375000000000e-01 -5.979010953353736113e-03
-1.315917968750000000e-01 -6.166135106298042956e-03
-1.313476562500000000e-01 -6.359234994221196757e-03
-1.311035156250000000e-01 -6.558030977672046902e-03
-1.308593750000000000e-01 -6.762234277175593888e-03
-1.306152343750000000e-01 -6.971547471351868808e-03
-1.303710937500000000e-01 -7.185665011178343775e-03
-1.301269531250000000e-01 -7.404273749358480927e-03
-1.298828125000000000e-01 -7.627053483673762457e-03
-1.296386718750000000e-01 -7.853677513480761263e-03
-1.293945312500000000e-01 -8.083813208301648956e-03
-1.291503906250000000e-01 -8.317122587286007729e-03
-1.289062500000000000e-01 -8.553262908620240523e-03
-1.286621093750000000e-01 -8.791887267804554540e-03
-1.284179687500000000e-01 -9.032645203461697747e-03
-1.281738281250000000e-01 -9.275183309782164542e-03
-1.279296875000000000e-01 -9.519145854298471932e-03
-1.276855468750000000e-01 -9.764175399794794430e-03
-1.274414062500000000e-01 -1.000991342939983042e-02
-1.271972656250000000e-01 -1.025600097334233851e-02
-1.269531250000000000e-01 -1.050207923651669262e-02
-1.267089843750000000e-01 -1.074779022540894857e-02
-1.264648437500000000e-01 -1.099277737326076476e-02
-1.262207031250000000e-01 -1.123668616247641694e-02
-1.259765625000000000e-01 -1.147916474270971321e-02
-1.257324218750000000e-01 -1.171986454383500131e-02
-1.254882812500000000e-01 -1.195844088232433933e-02
-1.252441406250000000e-01 -1.219455356013554592e-02
-1.250000000000000000e-01 -1.242786745470425558e-02
-1.247558593750000000e-01 -1.265805309914469490e-02
-1.245117187500000000e-01 -1.288478725143704651e-02
-1.242675781250000000e-01 -1.310775345149295390e-02
-1.240234375000000000e-01 -1.332664256506177480e-02
-1.237792968750000000e-01 -1.354115331351124496e-02
-1.235351562500000000e-01 -1.375099278826041882e-02
-1.232910156250000000e-01 -1.395587694922539868e-02
-1.230468750000000000e-01 -1.415553110594203190e-02
-1.228027343750000000e-01 -1.434969038065503355e-02
-1.225585937500000000e-01 -1.453810015257772648e-02
-1.223144531250000000e-01 -1.472051648224237397e-02
-1.220703125000000000e-01 -1.489670651525898393e-02
-1.218261718750000000e-01 -1.506644886482888523e-02
-1.215820312500000000e-01 -1.522953397200410564e-02
-1.213378906250000000e-01 -1.538576444328043635e-02
-1.210937500000000000e-01 -1.553495536484206241e-02
-1.208496093750000000e-01 -1.567693459263352906e-02
-1.206054687500000000e-01 -1.581154301817377927e-02
-1.203613281250000000e-01 -1.593863480906065888e-02
-1.201171875000000000e-01 -1.605807762427957641e-02
-1.198730468750000000e-01 -1.616975280349208788e-02
-1.196289062500000000e-01 -1.627355553021914147e-02
-1.193847656250000000e-01 -1.636939496853528908e-02
-1.191406250000000000e-01 -1.645719437311754518e-02
-1.188964843750000000e-01 -1.653689117230783268e-02
-1.186523437500000000e-01 -1.660843702431691327e-02
-1.184082031250000000e-01 -1.667179784624295280e-02
-1.181640625000000000e-01 -1.672695381601840836e-02
-1.179199218750000000e-01 -1.677389934746997824e-02
-1.176757812500000000e-01 -1.681264303817897598e-02
-1.174316406250000000e-01 -1.684320759073898444e-02
-1.171875000000000000e-01 -1.686562970735394629e-02
-1.169433593750000000e-01 -1.687995995803248661e-02
-1.166992187500000000e-01 -1.688626262281900381e-02
-1.164550781250000000e-01 -1.688461550833153524e-02
-1.162109375000000000e-01 -1.687510973900430145e-02
-1.159667968750000000e-01 -1.685784952357494149e-02
-1.157226562500000000e-01 -1.683295189724276497e-02
-1.154785156250000000e-01 -1.680054644002382247e-02
-1.152343750000000000e-01 -1.676077497215544554e-02
-1.149902343750000000e-01 -1.671379122683447349e-02
-1.147460937500000000e-01 -1.665976050128392671e-02
-1.145019531250000000e-01 -1.659885928671656075e-02
-1.142578125000000000e-01 -1.653127487806216322e-02
-1.140136718750000000e-01 -1.645720496425440160e-02
-1.137695312500000000e-01 -1.637685719987302946e-02
-1.135253906250000000e-01 -1.629044875917884383e-02
-1.132812500000000000e-01 -1.619820587325193628e-02
-1.130371093750000000e-01 -1.610036335144116038e-02
-1.127929687500000000e-01 -1.599716408786377997e-02
-1.125488281250000000e-01 -1.588885855423427529e-02
-1.123046875000000000e-01 -1.577570427976127121e-02
-1.120605468750000000e-01 -1.565796531950525150e-02
-1.118164062500000000e-01 -1.553591171195023435e-02
-1.115722656250000000e-01 -1.540981892716786206e-02
-1.113281250000000000e-01 -1.527996730658287561e-02
-1.110839843750000000e-01 -1.514664149547684246e-02
-1.108398437500000000e-01 -1.501012986925331916e-02
-1.105957031250000000e-01 -1.487072395498501010e-02
-1.103515625000000000e-01 -1.472871784898188707e-02
-1.101074218750000000e-01 -1.458440763178714406e-02
-1.098632812500000000e-01 -1.443809078180890992e-02
-1.096191406250000000e-01 -1.429006558853984643e-02
-1.093750000000000000e-01 -1.414063056672887342e-02
-1.091308593750000000e-01 -1.399008387269873310e-02
-1.088867187500000000e-01 -1.383872272374730983e-02
-1.086425781250000000e-01 -1.368684282191168222e-02
-1.083984375000000000e-01 -1.353473778335967381e-02
-1.081542968750000000e-01 -1.338269857431839682e-02
-1.079101562500000000e-01 -1.323101295467665750e-02
-1.076660156250000000e-01 -1.307996493052598908e-02
-1.074218750000000000e-01 -1.292983421647875275e-02
-1.071777343750000000e-01 -1.278089570899965111e-02
-1.069335937500000000e-01 -1.263341897160330518e-02
-1.066894531250000000e-01 -1.248766773308318534e-02
-1.064453125000000000e-01 -1.234389939956770377e-02
-1.062011718750000000e-01 -1.220236458145507186e-02
-1.059570312500000000e-01 -1.206330663612220633e-02
-1.057128906250000000e-01 -1.192696122721770280e-02
-1.054687500000000000e-01 -1.179355590136310639e-02
-1.052246093750000000e-01 -1.166330968321460659e-02
-1.049804687500000000e-01 -1.153643268941095812e-02
-1.047363281250000000e-01 -1.141312576231712228e-02
-1.044921875000000000e-01 -1.129358012413206325e-02
-1.042480468750000000e-01 -1.117797705205703096e-02
-1.040039062500000000e-01 -1.106648757507855407e-02
-1.037597656250000000e-01 -1.095927219289194454e-02
-1.035156250000000000e-01 -1.085648061753374805e-02
-1.032714843750000000e-01 -1.075825153819209845e-02
-1.030273437500000000e-01 -1.066471240939392828e-02
-1.027832031250000000e-01 -1.057597926325115623e-02
-1.025390625000000000e-01 -1.049215654579427337e-02
-1.022949218750000000e-01 -1.041333697784807555e-02
-1.020507812500000000e-01 -1.033960144050638519e-02
-1.018066406250000000e-01 -1.027101888547576891e-02
-1.015625000000000000e-01 -1.020764627038772687e-02
-1.013183593750000000e-01 -1.014952851910777554e-02
-1.010742187500000000e-01 -1.009669850694194793e-02
-1.008300781250000000e-01 -1.004917707102492841e-02
-1.005859375000000000e-01 -1.000697304549191813e-02
-1.003417968750000000e-01 -9.970083321263700782e-03
-1.000976562500000000e-01 -9.938492930643860745e-03
-9.985351562500000000e-02 -9.912175156046032498e-03
-9.960937500000000000e-02 -9.891091662765916226e-03
-9.936523437500000000e-02 -9.875192655556475074e-03
-9.912109375000000000e-02 -9.864417058352614731e-03
-9.887695312500000000e-02 -9.858692717045869358e-03
-9.863281250000000000e-02 -9.857936624484864296e-03
-9.838867187500000000e-02 -9.862055167587868709e-03
-9.814453125000000000e-02 -9.870944395473202349e-03
-9.790039062500000000e-02 -9.884490308621707300e-03
-9.765625000000000000e-02 -9.902569167934416328e-03
-9.741210937500000000e-02 -9.925047823145405346e-03
-9.716796875000000000e-02 -9.951784060092450090e-03
-9.692382812500000000e-02 -9.982626965623353499e-03
-9.667968750000000000e-02 -1.001741730981109413e-02
-9.643554687500000000e-02 -1.005598794434092724e-02
-9.619140625000000000e-02 -1.009816421637310668e-02
-9.594726562500000000e-02 -1.014376439681541342e-02
-9.570312500000000000e-02 -1.019260012233758061e-02
-9.545898437500000000e-02 -1.024447684979179485e-02
-9.521484375000000000e-02 -1.029919432266979129e-02
-9.497070312500000000e-02 -1.035654704784860769e-02
-9.472656250000000000e-02 -1.041632478219867153e-02
-9.448242187500000000e-02 -1.047831302788893026e-02
-9.423828125000000000e-02 -1.054229353495372834e-02
-9.399414062500000000e-02 -1.060804481073773786e-02
-9.375000000000000000e-02 -1.067534263444258613e-02
-9.350585937500000000e-02 -1.074396057617832412e-02
-9.326171875000000000e-02 -1.081367051926918066e-02
-9.301757812500000000e-02 -1.088424318444936034e-02
-9.277343750000000000e-02 -1.095544865542308344e-02
-9.252929687500000000e-02 -1.102705690404093275e-02
-9.228515625000000000e-02 -1.109883831443880808e-02
-9.204101562500000000e-02 -1.117056420480366796e-02
-9.179687500000000000e-02 -1.124200734577129879e-02
-9.155273437500000000e-02 -1.131294247431924305e-02
-9.130859375000000000e-02 -1.138314680207486163e-02
-9.106445312500000000e-02 -1.145240051702955952e-02
-9.082031250000000000e-02 -1.152048727743704148e-02
-9.057617187500000000e-02 -1.158719469714242223e-02
-9.033203125000000000e-02 -1.165231482100637095e-02
-9.008789062500000000e-02 -1.171564458965690392e-02
-8.984375000000000000e-02 -1.177698629253143281e-02
-8.959960937500000000e-02 -1.183614800814325463e-02
-8.935546875000000000e-02 -1.189294403089036223e-02
-8.911132812500000000e-02 -1.194719528325549618e-02
-8.886718750000000000e-02 -1.199872971265847355e-02
-8.862304687500000000e-02 -1.204738267225025083e-02
-8.837890625000000000e-02 -1.209299728454027445e-02
-8.813476562500000000e-02 -1.213542478745921471e-02
-8.789062500000000000e-02 -1.217452486184811278e-02
-8.764648437500000000e-02 -1.221016593981971710e-02
-8.740234375000000000e-02 -1.224222549339515353e-02
-8.715820312500000000e-02 -1.227059030273380813e-02
-8.691406250000000000e-02 -1.229515670331693400e-02
-8.666992187500000000e-02 -1.231583081191445217e-02
-8.642578125000000000e-02 -1.233252873036860819e-02
-8.618164062500000000e-02 -1.234517672723711712e-02
-8.593750000000000000e-02 -1.235371139664209750e-02
-8.569335937500000000e-02 -1.235807979412584245e-02
-8.544921875000000000e-02 -1.235823954910131306e-02
-8.520507812500000000e-02 -1.235415895399682995e-02
-8.496093750000000000e-02 -1.234581702937020964e-02
-8.471679687500000000e-02 -1.233320356550393626e-02
-8.447265625000000000e-02 -1.231631913988451288e-02
-8.422851562500000000e-02 -1.229517511085020942e-02
-8.398437500000000000e-02 -1.226979358726509872e-02
-8.374023437500000000e-02 -1.224020737450359775e-02
-8.349609375000000000e-02 -1.220645989653235119e-02
-8.325195312500000000e-02 -1.216860509458683737e-02
-8.300781250000000000e-02 -1.212670730264164831e-02
-8.276367187500000000e-02 -1.208084109967444419e-02
-8.251953125000000000e-02 -1.203109113933464869e-02
-8.227539062500000000e-02 -1.197755195735794587e-02
-8.203125000000000000e-02 -1.192032775692553059e-02
-8.178710937500000000e-02 -1.185953217276392024e-02
-8.154296875000000000e-02 -1.179528801415585804e-02
-8.129882812500000000e-02 -1.172772698775759181e-02
-8.105468750000000000e-02 -1.165698940047832366e-02
-8.081054687500000000e-02 -1.158322384335974675e-02
-8.056640625000000000e-02 -1.150658685695304939e-02
-8.032226562500000000e-02 -1.142724257900340490e-02
-8.007812500000000000e-02 -1.134536237503880329e-02
-7.983398437500000000e-02 -1.126112445298588227e-02
-7.958984375000000000e-02 -1.117471346218223971e-02
-7.934570312500000000e-02 -1.108632007813525888e-02
-7.910156250000000000e-02 -1.099614057338271778e-02
-7.885742187500000000e-02 -1.090437637593311138e-02
-7.861328125000000000e-02 -1.081123361572622343e-02
-7.836914062500000000e-02 -1.071692266043555719e-02
-7.812500000000000000e-02 -1.062165764130895695e-02
-7.788085937500000000e-02 -1.052565597035481915e-02
-7.763671875000000000e-02 -1.042913784971233326e-02
-7.739257812500000000e-02 -1.033232577420051257e-02
-7.714843750000000000e-02 -1.023544402823972632e-02
-7.690429687500000000e-02 -1.013871817822575849e-02
-7.666015625000000000e-02 -1.004237456115220084e-02
-7.641601562500000000e-02 -9.946639771058585211e-03
-7.617187500000000000e-02 -9.851740143830056695e-03
-7.592773437500000000e-02 -9.757901241897570799e-03
-7.568359375000000000e-02 -9.665347339648633351e-03
-7.543945312500000000e-02 -9.574300910784927510e-03
-7.519531250000000000e-02 -9.484982118607376833e-03
-7.495117187500000000e-02 -9.397608310337091098e-03
-7.470703125000000000e-02 -9.312393516694328355e-03
-7.446289062500000000e-02 -9.229547957474437681e-03
-7.421875000000000000e-02 -9.149277554456602957e-03
-7.397460937500000000e-02 -9.071783452512249823e-03
-7.373046875000000000e-02 -8.997261550035773325e-03
-7.348632812500000000e-02 -8.925902039564448387e-03
-7.324218750000000000e-02 -8.857888959738602352e-03
-7.299804687500000000e-02 -8.793399759213116340e-03
-7.275390625000000000e-02 -8.732604874040816867e-03
-7.250976562500000000e-02 -8.675667318627233726e-03
-7.226562500000000000e-02 -8.622742291890972410e-03
-7.202148437500000000e-02 -8.573976798984972447e-03
-7.177734375000000000e-02 -8.529509289516568060e-03
-7.153320312500000000e-02 -8.489469313133213291e-03
-7.128906250000000000e-02 -8.453977193042305771e-03
-7.104492187500000000e-02 -8.423143718331971286e-03
-7.080078125000000000e-02 -8.397069855575978181e-03
-7.055664062500000000e-02 -8.375846480603854616e-03
-7.031250000000000000e-02 -8.359554130720425746e-03
-7.006835937500000000e-02 -8.348262778056891875e-03
-6.982421875000000000e-02 -8.342031624692936020e-03
-6.958007812500000000e-02 -8.340908919763023732e-03
-6.933593750000000000e-02 -8.344931799001642503e-03
-6.909179687500000000e-02 -8.354126147253282397e-03
-6.884765625000000000e-02 -8.368506484146109869e-03
-6.860351562500000000e-02 -8.388075873170919294e-03
-6.835937500000000000e-02 -8.412825854506422729e-03
-6.811523437500000000e-02 -8.442736401548245340e-03
-6.787109375000000000e-02 -8.477775901596373842e-03
-6.762695312500000000e-02 -8.517901160502105995e-03
-6.738281250000000000e-02 -8.563057431416609688e-03
-6.713867187500000000e-02 -8.613178467641091629e-03
-6.689453125000000000e-02 -8.668186599436467077e-03
-6.665039062500000000e-02 -8.727992834792530630e-03
-6.640625000000000000e-02 -8.792496983858200110e-03
-6.616210937500000000e-02 -8.861587806933357570e-03
-6.591796875000000000e-02 -8.935143185723859460e-03
-6.567382812500000000e-02 -9.013030317504444611e-03
-6.542968750000000000e-02 -9.095105931962166324e-03
-6.518554687500000000e-02 -9.181216530180336122e-03
-6.494140625000000000e-02 -9.271198645379286063e-03
-6.469726562500000000e-02 -9.364879124944991418e-03
-6.445312500000000000e-02 -9.462075433305017214e-03
-6.420898437500000000e-02 -9.562595974699661383e-03
-6.396484375000000000e-02 -9.666240435819872800e-03
-6.372070312500000000e-02 -9.772800147118232417e-03
-6.347656250000000000e-02 -9.882058462366671847e-03
-6.323242187500000000e-02 -9.993791155807230098e-03
-6.298828125000000000e-02 -1.010776683577319091e-02
-6.274414062500000000e-02 -1.022374737442532933e-02
-6.250000000000000000e-02 -1.034148835238113406e-02
-6.225585937500000000e-02 -1.046073951766857135e-02
-6.201171875000000000e-02 -1.058124525782488945e-02
-6.176757812500000000e-02 -1.070274508450097528e-02
-6.152343750000000000e-02 -1.082497412933491887e-02
-6.127929687500000000e-02 -1.094766365044108625e-02
-6.103515625000000000e-02 -1.107054154810782620e-02
-6.079101562500000000e-02 -1.119333288907853330e-02
-6.054687500000000000e-02 -1.131576043817972277e-02
-6.030273437500000000e-02 -1.143754519617345977e-02
-6.005859375000000000e-02 -1.155840694292464832e-02
-5.981445312500000000e-02 -1.167806478477473320e-02
-5.957031250000000000e-02 -1.179623770488547052e-02
-5.932617187500000000e-02 -1.191264511561485051e-02
-5.908203125000000000e-02 -1.202700741174567156e-02
-5.883789062500000000e-02 -1.213904652351516233e-02
-5.859375000000000000e-02 -1.224848646810983155e-02
-5.834960937500000000e-02 -1.235505389900026785e-02
-5.810546875000000000e-02 -1.245847865136795463e-02
-5.786132812500000000e-02 -1.255849428306987647e-02
-5.761718750000000000e-02 -1.265483860983351860e-02
-5.737304687500000000e-02 -1.274725423341749320e-02
-5.712890625000000000e-02 -1.283548906209830420e-02
-5.688476562500000000e-02 -1.291929682196268914e-02
-5.664062500000000000e-02 -1.299843755833762771e-02
-5.639648437500000000e-02 -1.307267812603640778e-02
-5.615234375000000000e-02 -1.314179266769599508e-02
-5.590820312500000000e-02 -1.320556307902620574e-02
-5.566406250000000000e-02 -1.326377946006118691e-02
-5.541992187500000000e-02 -1.331624055161739761e-02
-5.517578125000000000e-02 -1.336275415587806492e-02
-5.493164062500000000e-02 -1.340313754030830751e-02
-5.468750000000000000e-02 -1.343721782414775134e-02
-5.444335937500000000e-02 -1.346483234659956452e-02
-5.419921875000000000e-02 -1.348582901596273587e-02
-5.395507812500000000e-02 -1.350006663898284387e-02
-5.371093750000000000e-02 -1.350741522975340558e-02
-5.346679687500000000e-02 -1.350775629757094976e-02
-5.322265625000000000e-02 -1.350098311306169307e-02
-5.297851562500000000e-02 -1.348700095198296367e-02
-5.273437500000000000e-02 -1.346572731640094389e-02
-5.249023437500000000e-02 -1.343709213251997880e-02
-5.224609375000000000e-02 -1.340103792495028756e-02
-5.200195312500000000e-02 -1.335751996680301090e-02
-5.175781250000000000e-02 -1.330650640565522735e-02
-5.151367187500000000e-02 -1.324797836467439538e-02
-5.126953125000000000e-02 -1.318193001907275175e-02
-5.102539062500000000e-02 -1.310836864738007534e-02
-5.078125000000000000e-02 -1.302731465771955754e-02
-5.053710937500000000e-02 -1.293880158878835118e-02
-5.029296875000000000e-02 -1.284287608552858728e-02
-5.004882812500000000e-02 -1.273959784981570920e-02
-4.980468750000000000e-02 -1.262903956572358766e-02
-4.956054687500000000e-02 -1.251128679994906179e-02
-4.931640625000000000e-02 -1.238643787750959291e-02
-4.907226562500000000e-02 -1.225460373262876601e-02
-4.882812500000000000e-02 -1.211590773550597078e-02
-4.858398437500000000e-02 -1.197048549499868386e-02
-4.833984375000000000e-02 -1.181848463778578662e-02
-4.809570312500000000e-02 -1.166006456432455707e-02
-4.785156250000000000e-02 -1.149539618209871605e-02
-4.760742187500000000e-02 -1.132466161675438343e-02
-4.736328125000000000e-02 -1.114805390150763742e-02
-4.711914062500000000e-02 -1.096577664573317179e-02
-4.687500000000000000e-02 -1.077804368296142457e-02
-4.663085937500000000e-02 -1.058507869942104662e-02
-4.638671875000000000e-02 -1.038711484348198155e-02
-4.614257812500000000e-02 -1.018439431706497089e-02
-4.589843750000000000e-02 -9.977167949500653776e-03
-4.565429687500000000e-02 -9.765694755088816237e-03
-4.541015625000000000e-02 -9.550241474755694071e-03
-4.516601562500000000e-02 -9.331082103102517067e-03
-4.492187500000000000e-02 -9.108497401513204750e-03
-4.467773437500000000e-02 -8.882774398514925451e-03
-4.443359375000000000e-02 -8.654205878059428869e-03
-4.418945312500000000e-02 -8.423089856989918189e-03
-4.394531250000000000e-02 -8.189729052716643309e-03
-4.370117187500000000e-02 -7.954430341854390463e-03
-4.345703125000000000e-02 -7.717504211285586280e-03
-4.321289062500000000e-02 -7.479264202373769876e-03
-4.296875000000000000e-02 -7.240026349634831604e-03
-4.272460937500000000e-02 -7.000108614889199998e-03
-4.248046875000000000e-02 -6.759830317932369326e-03
-4.223632812500000000e-02 -6.519511564945901227e-03
-4.199218750000000000e-02 -6.279472675657871150e-03
-4.174804687500000000e-02 -6.040033610474893067e-03
-4.150390625000000000e-02 -5.801513398608904026e-03
-4.125976562500000000e-02 -5.564229568292944350e-03
-4.101562500000000000e-02 -5.328497580293856117e-03
-4.077148437500000000e-02 -5.094630265716659778e-03
-4.052734375000000000e-02 -4.862937269180633848e-03
-4.028320312500000000e-02 -4.633724498589231189e-03
-4.003906250000000000e-02 -4.407293582275428889e-03
-3.979492187500000000e-02 -4.183941334872542939e-03
-3.955078125000000000e-02 -3.963959232748948125e-03
-3.930664062500000000e-02 -3.747632899958830421e-03
-3.906250000000000000e-02 -3.535241605931105369e-03
-3.881835937500000000e-02 -3.327057775535990913e-03
-3.857421875000000000e-02 -3.123346512779789919e-03
-3.833007812500000000e-02 -2.924365138767370809e-03
-3.808593750000000000e-02 -2.730362744969738742e-03
-3.784179687500000000e-02 -2.541579762493029193e-03
-3.759765625000000000e-02 -2.358247548414738048e-03
-3.735351562500000000e-02 -2.180587989613513855e-03
-3.710937500000000000e-02 -2.008813125144115475e-03
-3.686523437500000000e-02 -1.843124787583860780e-03
-3.662109375000000000e-02 -1.683714264402169647e-03
-3.637695312500000000e-02 -1.530761979466888079e-03
-3.613281250000000000e-02 -1.384437195696364142e-03
-3.588867187500000000e-02 -1.244897739198336239e-03
-3.564453125000000000e-02 -1.112289745435646182e-03
-3.540039062500000000e-02 -9.867474279587895580e-04
-3.515625000000000000e-02 -8.683928698474119301e-04
-3.491210937500000000e-02 -7.573358386423478805e-04
-3.466796875000000000e-02 -6.536736246829377706e-04
-3.442382812500000000e-02 -5.574909034180564049e-04
-3.417968750000000000e-02 -4.688596217192753102e-04
-3.393554687500000000e-02 -3.878389085514299950e-04
-3.369140625000000000e-02 -3.144750099721704828e-04
-3.344726562500000000e-02 -2.488012485599710999e-04
-3.320312500000000000e-02 -1.908380075406057585e-04
-3.295898437500000000e-02 -1.405927392283956578e-04
-3.271484375000000000e-02 -9.805999810907906067e-05
-3.247070312500000000e-02 -6.322149803850152239e-05
-3.222656250000000000e-02 -3.604619381292195612e-05
-3.198242187500000000e-02 -1.649038671303060255e-05
-3.173828125000000000e-02 -4.497853666407536366e-06
-3.149414062500000000e-02 0.000000000000000000e+00
-3.125000000000000000e-02 -2.916035242606085376e-06
-3.100585937500000000e-02 -1.315317166472596000e-05
-3.076171875000000000e-02 -3.060684502997901291e-05
-3.051757812500000000e-02 -5.516095735913495446e-05
-3.027343750000000000e-02 -8.668814086831844179e-05
-3.002929687500000000e-02 -1.250500427119050073e-04
-2.978515625000000000e-02 -1.700976298621981186e-04
-2.954101562500000000e-02 -2.216715135716640361e-04
-2.929687500000000000e-02 -2.796022926929708774e-04
-2.905273437500000000e-02 -3.437109150752348796e-04
-2.880859375000000000e-02 -4.138090565248830899e-04
-2.856445312500000000e-02 -4.896995161942641062e-04
-2.832031250000000000e-02 -5.711766280285246467e-04
-2.807617187500000000e-02 -6.580266869917750228e-04
-2.783203125000000000e-02 -7.500283895893744557e-04
-2.758789062500000000e-02 -8.469532874784135856e-04
-2.734375000000000000e-02 -9.485662534558514380e-04
-2.709960937500000000e-02 -1.054625958843757871e-03
-2.685546875000000000e-02 -1.164885361149003984e-03
-2.661132812500000000e-02 -1.279092201258436035e-03
-2.636718750000000000e-02 -1.396989508990031936e-03
-2.612304687500000000e-02 -1.518316116062123911e-03
-2.587890625000000000e-02 -1.642807175329608071e-03
-2.563476562500000000e-02 -1.770194685491333075e-03
-2.539062500000000000e-02 -1.900208019918636637e-03
-2.514648437500000000e-02 -2.032574458723956923e-03
-2.490234375000000000e-02 -2.167019722989493857e-03
-2.465820312500000000e-02 -2.303268510019051973e-03
-2.441406250000000000e-02 -2.441045028604094114e-03
-2.416992187500000000e-02 -2.580073533152926757e-03
-2.392578125000000000e-02 -2.720078855787733119e-03
-2.368164062500000000e-02 -2.860786935073633686e-03
-2.343750000000000000e-02 -3.001925340583966317e-03
-2.319335937500000000e-02 -3.143223792136495831e-03
-2.294921875000000000e-02 -3.284414672663160673e-03
-2.270507812500000000e-02 -3.425233533675964281e-03
-2.246093750000000000e-02 -3.565419592518992431e-03
-2.221679687500000000e-02 -3.704716220042314490e-03
-2.197265625000000000e-02 -3.842871418100912706e-03
-2.172851562500000000e-02 -3.979638285784403706e-03
-2.148437500000000000e-02 -4.114775473368581515e-03
-2.124023437500000000e-02 -4.248047623320871935e-03
-2.099609375000000000e-02 -4.379225797237040751e-03
-2.075195312500000000e-02 -4.508087888041245606e-03
-2.050781250000000000e-02 -4.634419016639412803e-03
-2.026367187500000000e-02 -4.758011912173287783e-03
-2.001953125000000000e-02 -4.878667275107773094e-03
-1.977539062500000000e-02 -4.996194122711017371e-03
-1.953125000000000000e-02 -5.110410115790386953e-03
-1.928710937500000000e-02 -5.221141866655898411e-03
-1.904296875000000000e-02 -5.328225227103189354e-03
-1.879882812500000000e-02 -5.431505556387605793e-03
-1.855468750000000000e-02 -5.530837968365176494e-03
-1.831054687500000000e-02 -5.626087557530468075e-03
-1.806640625000000000e-02 -5.717129603340254107e-03
-1.782226562500000000e-02 -5.803849752723522215e-03
-1.757812500000000000e-02 -5.886144180209385013e-03
-1.733398437500000000e-02 -5.963919725431310326e-03
-1.708984375000000000e-02 -6.037094008078724983e-03
-1.684570312500000000e-02 -6.105595519557027728e-03
-1.660156250000000000e-02 -6.169363691839180319e-03
-1.635742187500000000e-02 -6.228348942912020902e-03
-1.611328125000000000e-02 -6.282512699158360192e-03
-1.586914062500000000e-02 -6.331827394404854203e-03
-1.562500000000000000e-02 -6.376276445934081494e-03
-1.538085937500000000e-02 -6.415854207361348926e-03
-1.513671875000000000e-02 -6.450565898688864763e-03
-1.489257812500000000e-02 -6.480427513679387630e-03
-1.464843750000000000e-02 -6.505465704790935888e-03
-1.440429687500000000e-02 -6.525717646042039632e-03
-1.416015625000000000e-02 -6.541230874006487284e-03
-1.391601562500000000e-02 -6.552063107534422670e-03
-1.367187500000000000e-02 -6.558282046427166279e-03
-1.342773437500000000e-02 -6.559965149705249132e-03
-1.318359375000000000e-02 -6.557199393839141521e-03
-1.293945312500000000e-02 -6.550081011795327868e-03
-1.269531250000000000e-02 -6.538715212997203707e-03
-1.245117187500000000e-02 -6.523215885337663167e-03
-1.220703125000000000e-02 -6.503705279712335141e-03
-1.196289062500000000e-02 -6.480313677727167487e-03
-1.171875000000000000e-02 -6.453179043361956246e-03
-1.147460937500000000e-02 -6.422446659556158011e-03
-1.123046875000000000e-02 -6.388268750157521936e-03
-1.098632812500000000e-02 -6.350804088484096610e-03
-1.074218750000000000e-02 -6.310217593039624262e-03
-1.049804687500000000e-02 -6.266679911377082135e-03
-1.025390625000000000e-02 -6.220366993261450261e-03
-1.000976562500000000e-02 -6.171459653501187859e-03
-9.765625000000000000e-03 -6.120143126111088350e-03
-9.521484375000000000e-03 -6.066606610190206084e-03
-9.277343750000000000e-03 -6.011042808836464246e-03
-9.033203125000000000e-03 -5.953647461964806098e-03
-8.789062500000000000e-03 -5.894618874094703642e-03
-8.544921875000000000e-03 -5.834157438115994410e-03
-8.300781250000000000e-03 -5.772465156013595333e-03
-8.056640625000000000e-03 -5.709745157673751237e-03
-7.812500000000000000e-03 -5.646201218738156058e-03
-7.568359375000000000e-03 -5.582037278600182617e-03
-7.324218750000000000e-03 -5.517456959410083073e-03
-7.080078125000000000e-03 -5.452663087453402113e-03
-6.835937500000000000e-03 -5.387857217499458784e-03
-6.591796875000000000e-03 -5.323239161569404132e-03
-6.347656250000000000e-03 -5.259006522749132273e-03
-6.103515625000000000e-03 -5.195354235297600098e-03
-5.859375000000000000e-03 -5.132474111888996049e-03
-5.615234375000000000e-03 -5.070554399068782914e-03
-5.371093750000000000e-03 -5.009779341719422519e-03
-5.126953125000000000e-03 -4.950328757587385553e-03
-4.882812500000000000e-03 -4.892377622709886964e-03
-4.638671875000000000e-03 -4.836095668636630762e-03
-4.394531250000000000e-03 -4.781646992313426381e-03
-4.150390625000000000e-03 -4.729189679395062740e-03
-3.906250000000000000e-03 -4.678875441811669589e-03
-3.662109375000000000e-03 -4.630849270427006559e-03
-3.417968750000000000e-03 -4.585249103399746673e-03
-3.173828125000000000e-03 -4.542205511015140473e-03
-2.929687500000000000e-03 -4.501841397640760079e-03
-2.685546875000000000e-03 -4.464271721417389927e-03
-2.441406250000000000e-03 -4.429603232239287536e-03
-2.197265625000000000e-03 -4.397934228833833004e-03
-1.953125000000000000e-03 -4.369354334855302113e-03
-1.708984375000000000e-03 -4.343944295200685701e-03
-1.464843750000000000e-03 -4.321775792448079301e-03
-1.220703125000000000e-03 -4.302911283986077251e-03
-9.765625000000000000e-04 -4.287403860189442639e-03
-7.324218750000000000e-04 -4.275297123868426752e-03
-4.882812500000000000e-04 -4.266625091361220257e-03
-2.441406250000000000e-04 -4.261412115312168680e-03
0.000000000000000000e+00 -4.259672829419969275e-03
2.441406250000000000e-04 -4.261412115312168680e-03
4.882812500000000000e-04 -4.266625091361220257e-03
7.324218750000000000e-04 -4.275297123868426752e-03
9.765625000000000000e-04 -4.287403860189442639e-03
1.220703125000000000e-03 -4.302911283986077251e-03
1.464843750000000000e-03 -4.321775792448079301e-03
1.708984375000000000e-03 -4.343944295200685701e-03
1.953125000000000000e-03 -4.369354334855302113e-03
2.197265625000000000e-03 -4.397934228833833004e-03
2.441406250000000000e-03 -4.429603232239287536e-03
2.685546875000000000e-03 -4.464271721403179072e-03
2.929687500000000000e-03 -4.501841397640760079e-03
3.173828125000000000e-03 -4.542205511015140473e-03
3.417968750000000000e-03 -4.585249103399746673e-03
3.662109375000000000e-03 -4.630849270427006559e-03
3.906250000000000000e-03 -4.678875441811669589e-03
4.150390625000000000e-03 -4.729189679395062740e-03
4.394531250000000000e-03 -4.781646992313426381e-03
4.638671875000000000e-03 -4.836095668636630762e-03
4.882812500000000000e-03 -4.892377622709886964e-03
5.126953125000000000e-03 -4.950328757587385553e-03
5.371093750000000000e-03 -5.009779341719422519e-03
5.615234375000000000e-03 -5.070554399068782914e-03
5.859375000000000000e-03 -5.132474111888996049e-03
6.103515625000000000e-03 -5.195354235297600098e-03
6.347656250000000000e-03 -5.259006522749132273e-03
6.591796875000000000e-03 -5.323239161569404132e-03
6.835937500000000000e-03 -5.387857217499458784e-03
7.080078125000000000e-03 -5.452663087453402113e-03
7.324218750000000000e-03 -5.517456959410083073e-03
7.568359375000000000e-03 -5.582037278600182617e-03
7.812500000000000000e-03 -5.646201218738156058e-03
8.056640625000000000e-03 -5.709745157673751237e-03
8.300781250000000000e-03 -5.772465155999384478e-03
8.544921875000000000e-03 -5.834157438115994410e-03
8.789062500000000000e-03 -5.894618874094703642e-03
9.033203125000000000e-03 -5.953647461964806098e-03
9.277343750000000000e-03 -6.011042808836464246e-03
9.521484375000000000e-03 -6.066606610190206084e-03
9.765625000000000000e-03 -6.120143126111088350e-03
1.000976562500000000e-02 -6.171459653501187859e-03
1.025390625000000000e-02 -6.220366993247239407e-03
1.049804687500000000e-02 -6.266679911377082135e-03
1.074218750000000000e-02 -6.310217593039624262e-03
1.098632812500000000e-02 -6.350804088484096610e-03
1.123046875000000000e-02 -6.388268750157521936e-03
1.147460937500000000e-02 -6.422446659556158011e-03
1.171875000000000000e-02 -6.453179043361956246e-03
1.196289062500000000e-02 -6.480313677727167487e-03
1.220703125000000000e-02 -6.503705279712335141e-03
1.245117187500000000e-02 -6.523215885323452312e-03
1.269531250000000000e-02 -6.538715212997203707e-03
1.293945312500000000e-02 -6.550081011795327868e-03
1.318359375000000000e-02 -6.557199393839141521e-03
1.342773437500000000e-02 -6.559965149705249132e-03
1.367187500000000000e-02 -6.558282046427166279e-03
1.391601562500000000e-02 -6.552063107534422670e-03
1.416015625000000000e-02 -6.541230874006487284e-03
1.440429687500000000e-02 -6.525717646042039632e-03
1.464843750000000000e-02 -6.505465704790935888e-03
1.489257812500000000e-02 -6.480427513679387630e-03
1.513671875000000000e-02 -6.450565898688864763e-03
1.538085937500000000e-02 -6.415854207361348926e-03
1.562500000000000000e-02 -6.376276445934081494e-03
1.586914062500000000e-02 -6.331827394404854203e-03
1.611328125000000000e-02 -6.282512699158360192e-03
1.635742187500000000e-02 -6.228348942912020902e-03
1.660156250000000000e-02 -6.169363691839180319e-03
1.684570312500000000e-02 -6.105595519557027728e-03
1.708984375000000000e-02 -6.037094008078724983e-03
1.733398437500000000e-02 -5.963919725431310326e-03
1.757812500000000000e-02 -5.886144180209385013e-03
1.782226562500000000e-02 -5.803849752723522215e-03
1.806640625000000000e-02 -5.717129603340254107e-03
1.831054687500000000e-02 -5.626087557530468075e-03
1.855468750000000000e-02 -5.530837968365176494e-03
1.879882812500000000e-02 -5.431505556387605793e-03
1.904296875000000000e-02 -5.328225227103189354e-03
1.928710937500000000e-02 -5.221141866655898411e-03
1.953125000000000000e-02 -5.110410115790386953e-03
1.977539062500000000e-02 -4.996194122711017371e-03
2.001953125000000000e-02 -4.878667275107773094e-03
2.026367187500000000e-02 -4.758011912173287783e-03
2.050781250000000000e-02 -4.634419016639412803e-03
2.075195312500000000e-02 -4.508087888041245606e-03
2.099609375000000000e-02 -4.379225797237040751e-03
2.124023437500000000e-02 -4.248047623320871935e-03
2.148437500000000000e-02 -4.114775473368581515e-03
2.172851562500000000e-02 -3.979638285770192851e-03
2.197265625000000000e-02 -3.842871418100912706e-03
2.221679687500000000e-02 -3.704716220028103635e-03
2.246093750000000000e-02 -3.565419592518992431e-03
2.270507812500000000e-02 -3.425233533675964281e-03
2.294921875000000000e-02 -3.284414672648949818e-03
2.319335937500000000e-02 -3.143223792136495831e-03
2.343750000000000000e-02 -3.001925340583966317e-03
2.368164062500000000e-02 -2.860786935059422831e-03
2.392578125000000000e-02 -2.720078855787733119e-03
2.416992187500000000e-02 -2.580073533152926757e-03
2.441406250000000000e-02 -2.441045028604094114e-03
2.465820312500000000e-02 -2.303268510019051973e-03
2.490234375000000000e-02 -2.167019722989493857e-03
2.514648437500000000e-02 -2.032574458723956923e-03
2.539062500000000000e-02 -1.900208019918636637e-03
2.563476562500000000e-02 -1.770194685491333075e-03
2.587890625000000000e-02 -1.642807175329608071e-03
2.612304687500000000e-02 -1.518316116062123911e-03
2.636718750000000000e-02 -1.396989508990031936e-03
2.661132812500000000e-02 -1.279092201244225180e-03
2.685546875000000000e-02 -1.164885361149003984e-03
2.709960937500000000e-02 -1.054625958843757871e-03
2.734375000000000000e-02 -9.485662534558514380e-04
2.758789062500000000e-02 -8.469532874784135856e-04
2.783203125000000000e-02 -7.500283895893744557e-04
2.807617187500000000e-02 -6.580266869917750228e-04
2.832031250000000000e-02 -5.711766280285246467e-04
2.856445312500000000e-02 -4.896995161942641062e-04
2.880859375000000000e-02 -4.138090565248830899e-04
2.905273437500000000e-02 -3.437109150752348796e-04
2.929687500000000000e-02 -2.796022926929708774e-04
2.954101562500000000e-02 -2.216715135716640361e-04
2.978515625000000000e-02 -1.700976298621981186e-04
3.002929687500000000e-02 -1.250500427119050073e-04
3.027343750000000000e-02 -8.668814086831844179e-05
3.051757812500000000e-02 -5.516095735913495446e-05
3.076171875000000000e-02 -3.060684502997901291e-05
3.100585937500000000e-02 -1.315317166472596000e-05
3.125000000000000000e-02 -2.916035242606085376e-06
3.149414062500000000e-02 0.000000000000000000e+00
3.173828125000000000e-02 -4.497853666407536366e-06
3.198242187500000000e-02 -1.649038671303060255e-05
3.222656250000000000e-02 -3.604619381292195612e-05
3.247070312500000000e-02 -6.322149803850152239e-05
3.271484375000000000e-02 -9.805999812328991538e-05
3.295898437500000000e-02 -1.405927392283956578e-04
3.320312500000000000e-02 -1.908380075406057585e-04
3.344726562500000000e-02 -2.488012485599710999e-04
3.369140625000000000e-02 -3.144750099721704828e-04
3.393554687500000000e-02 -3.878389085514299950e-04
3.417968750000000000e-02 -4.688596217192753102e-04
3.442382812500000000e-02 -5.574909034180564049e-04
3.466796875000000000e-02 -6.536736246687269158e-04
3.491210937500000000e-02 -7.573358386423478805e-04
3.515625000000000000e-02 -8.683928698474119301e-04
3.540039062500000000e-02 -9.867474279587895580e-04
3.564453125000000000e-02 -1.112289745435646182e-03
3.588867187500000000e-02 -1.244897739198336239e-03
3.613281250000000000e-02 -1.384437195696364142e-03
3.637695312500000000e-02 -1.530761979466888079e-03
3.662109375000000000e-02 -1.683714264402169647e-03
3.686523437500000000e-02 -1.843124787583860780e-03
3.710937500000000000e-02 -2.008813125144115475e-03
3.735351562500000000e-02 -2.180587989613513855e-03
3.759765625000000000e-02 -2.358247548414738048e-03
3.784179687500000000e-02 -2.541579762493029193e-03
3.808593750000000000e-02 -2.730362744969738742e-03
3.833007812500000000e-02 -2.924365138767370809e-03
3.857421875000000000e-02 -3.123346512779789919e-03
3.881835937500000000e-02 -3.327057775535990913e-03
3.906250000000000000e-02 -3.535241605931105369e-03
3.930664062500000000e-02 -3.747632899958830421e-03
3.955078125000000000e-02 -3.963959232748948125e-03
3.979492187500000000e-02 -4.183941334872542939e-03
4.003906250000000000e-02 -4.407293582275428889e-03
4.028320312500000000e-02 -4.633724498589231189e-03
4.052734375000000000e-02 -4.862937269180633848e-03
4.077148437500000000e-02 -5.094630265716659778e-03
4.101562500000000000e-02 -5.328497580293856117e-03
4.125976562500000000e-02 -5.564229568292944350e-03
4.150390625000000000e-02 -5.801513398608904026e-03
4.174804687500000000e-02 -6.040033610474893067e-03
4.199218750000000000e-02 -6.279472675657871150e-03
4.223632812500000000e-02 -6.519511564945901227e-03
4.248046875000000000e-02 -6.759830317932369326e-03
4.272460937500000000e-02 -7.000108614889199998e-03
4.296875000000000000e-02 -7.240026349634831604e-03
4.321289062500000000e-02 -7.479264202373769876e-03
4.345703125000000000e-02 -7.717504211285586280e-03
4.370117187500000000e-02 -7.954430341854390463e-03
4.394531250000000000e-02 -8.189729052716643309e-03
4.418945312500000000e-02 -8.423089857004129044e-03
4.443359375000000000e-02 -8.654205878059428869e-03
4.467773437500000000e-02 -8.882774398514925451e-03
4.492187500000000000e-02 -9.108497401513204750e-03
4.516601562500000000e-02 -9.331082103102517067e-03
4.541015625000000000e-02 -9.550241474755694071e-03
4.565429687500000000e-02 -9.765694755088816237e-03
4.589843750000000000e-02 -9.977167949500653776e-03
4.614257812500000000e-02 -1.018439431706497089e-02
4.638671875000000000e-02 -1.038711484348198155e-02
4.663085937500000000e-02 -1.058507869942104662e-02
4.687500000000000000e-02 -1.077804368296142457e-02
4.711914062500000000e-02 -1.096577664573317179e-02
4.736328125000000000e-02 -1.114805390150763742e-02
4.760742187500000000e-02 -1.132466161674017258e-02
4.785156250000000000e-02 -1.149539618209871605e-02
4.809570312500000000e-02 -1.166006456432455707e-02
4.833984375000000000e-02 -1.181848463778578662e-02
4.858398437500000000e-02 -1.197048549499868386e-02
4.882812500000000000e-02 -1.211590773550597078e-02
4.907226562500000000e-02 -1.225460373262876601e-02
4.931640625000000000e-02 -1.238643787750959291e-02
4.956054687500000000e-02 -1.251128679994906179e-02
4.980468750000000000e-02 -1.262903956570937680e-02
5.004882812500000000e-02 -1.273959784981570920e-02
5.029296875000000000e-02 -1.284287608552858728e-02
5.053710937500000000e-02 -1.293880158878835118e-02
5.078125000000000000e-02 -1.302731465771955754e-02
5.102539062500000000e-02 -1.310836864738007534e-02
5.126953125000000000e-02 -1.318193001907275175e-02
5.151367187500000000e-02 -1.324797836467439538e-02
5.175781250000000000e-02 -1.330650640565522735e-02
5.200195312500000000e-02 -1.335751996681722176e-02
5.224609375000000000e-02 -1.340103792495028756e-02
5.249023437500000000e-02 -1.343709213251997880e-02
5.273437500000000000e-02 -1.346572731640094389e-02
5.297851562500000000e-02 -1.348700095198296367e-02
5.322265625000000000e-02 -1.350098311306169307e-02
5.346679687500000000e-02 -1.350775629757094976e-02
5.371093750000000000e-02 -1.350741522975340558e-02
5.395507812500000000e-02 -1.350006663898284387e-02
5.419921875000000000e-02 -1.348582901596273587e-02
5.444335937500000000e-02 -1.346483234659956452e-02
5.468750000000000000e-02 -1.343721782414775134e-02
5.493164062500000000e-02 -1.340313754030830751e-02
5.517578125000000000e-02 -1.336275415587806492e-02
5.541992187500000000e-02 -1.331624055161739761e-02
5.566406250000000000e-02 -1.326377946006118691e-02
5.590820312500000000e-02 -1.320556307902620574e-02
5.615234375000000000e-02 -1.314179266769599508e-02
5.639648437500000000e-02 -1.307267812603640778e-02
5.664062500000000000e-02 -1.299843755833762771e-02
5.688476562500000000e-02 -1.291929682197689999e-02
5.712890625000000000e-02 -1.283548906209830420e-02
5.737304687500000000e-02 -1.274725423341749320e-02
5.761718750000000000e-02 -1.265483860983351860e-02
5.786132812500000000e-02 -1.255849428306987647e-02
5.810546875000000000e-02 -1.245847865136795463e-02
5.834960937500000000e-02 -1.235505389900026785e-02
5.859375000000000000e-02 -1.224848646810983155e-02
5.883789062500000000e-02 -1.213904652351516233e-02
5.908203125000000000e-02 -1.202700741174567156e-02
5.932617187500000000e-02 -1.191264511561485051e-02
5.957031250000000000e-02 -1.179623770488547052e-02
5.981445312500000000e-02 -1.167806478477473320e-02
6.005859375000000000e-02 -1.155840694292464832e-02
6.030273437500000000e-02 -1.143754519617345977e-02
6.054687500000000000e-02 -1.131576043817972277e-02
6.079101562500000000e-02 -1.119333288907853330e-02
6.103515625000000000e-02 -1.107054154810782620e-02
6.127929687500000000e-02 -1.094766365044108625e-02
6.152343750000000000e-02 -1.082497412933491887e-02
6.176757812500000000e-02 -1.070274508450097528e-02
6.201171875000000000e-02 -1.058124525782488945e-02
6.225585937500000000e-02 -1.046073951766857135e-02
6.250000000000000000e-02 -1.034148835238113406e-02
6.274414062500000000e-02 -1.022374737442532933e-02
6.298828125000000000e-02 -1.010776683577319091e-02
6.323242187500000000e-02 -9.993791155807230098e-03
6.347656250000000000e-02 -9.882058462366671847e-03
6.372070312500000000e-02 -9.772800147118232417e-03
6.396484375000000000e-02 -9.666240435819872800e-03
6.420898437500000000e-02 -9.562595974699661383e-03
6.445312500000000000e-02 -9.462075433305017214e-03
6.469726562500000000e-02 -9.364879124944991418e-03
6.494140625000000000e-02 -9.271198645379286063e-03
6.518554687500000000e-02 -9.181216530180336122e-03
6.542968750000000000e-02 -9.095105931962166324e-03
6.567382812500000000e-02 -9.013030317504444611e-03
6.591796875000000000e-02 -8.935143185723859460e-03
6.616210937500000000e-02 -8.861587806933357570e-03
6.640625000000000000e-02 -8.792496983858200110e-03
6.665039062500000000e-02 -8.727992834792530630e-03
6.689453125000000000e-02 -8.668186599436467077e-03
6.713867187500000000e-02 -8.613178467641091629e-03
6.738281250000000000e-02 -8.563057431416609688e-03
6.762695312500000000e-02 -8.517901160502105995e-03
6.787109375000000000e-02 -8.477775901596373842e-03
6.811523437500000000e-02 -8.442736401548245340e-03
6.835937500000000000e-02 -8.412825854506422729e-03
6.860351562500000000e-02 -8.388075873170919294e-03
6.884765625000000000e-02 -8.368506484146109869e-03
6.909179687500000000e-02 -8.354126147239071543e-03
6.933593750000000000e-02 -8.344931799001642503e-03
6.958007812500000000e-02 -8.340908919763023732e-03
6.982421875000000000e-02 -8.342031624692936020e-03
7.006835937500000000e-02 -8.348262778056891875e-03
7.031250000000000000e-02 -8.359554130720425746e-03
7.055664062500000000e-02 -8.375846480603854616e-03
7.080078125000000000e-02 -8.397069855575978181e-03
7.104492187500000000e-02 -8.423143718331971286e-03
7.128906250000000000e-02 -8.453977193042305771e-03
7.153320312500000000e-02 -8.489469313133213291e-03
7.177734375000000000e-02 -8.529509289516568060e-03
7.202148437500000000e-02 -8.573976798984972447e-03
7.226562500000000000e-02 -8.622742291890972410e-03
7.250976562500000000e-02 -8.675667318627233726e-03
7.275390625000000000e-02 -8.732604874040816867e-03
7.299804687500000000e-02 -8.793399759213116340e-03
7.324218750000000000e-02 -8.857888959738602352e-03
7.348632812500000000e-02 -8.925902039564448387e-03
7.373046875000000000e-02 -8.997261550035773325e-03
7.397460937500000000e-02 -9.071783452512249823e-03
7.421875000000000000e-02 -9.149277554456602957e-03
7.446289062500000000e-02 -9.229547957474437681e-03
7.470703125000000000e-02 -9.312393516694328355e-03
7.495117187500000000e-02 -9.397608310337091098e-03
7.519531250000000000e-02 -9.484982118607376833e-03
7.543945312500000000e-02 -9.574300910799138364e-03
7.568359375000000000e-02 -9.665347339648633351e-03
7.592773437500000000e-02 -9.757901241897570799e-03
7.617187500000000000e-02 -9.851740143844267550e-03
7.641601562500000000e-02 -9.946639771058585211e-03
7.666015625000000000e-02 -1.004237456115220084e-02
7.690429687500000000e-02 -1.013871817822575849e-02
7.714843750000000000e-02 -1.023544402823972632e-02
7.739257812500000000e-02 -1.033232577420051257e-02
7.763671875000000000e-02 -1.042913784971233326e-02
7.788085937500000000e-02 -1.052565597035481915e-02
7.812500000000000000e-02 -1.062165764129474610e-02
7.836914062500000000e-02 -1.071692266043555719e-02
7.861328125000000000e-02 -1.081123361574043429e-02
7.885742187500000000e-02 -1.090437637593311138e-02
7.910156250000000000e-02 -1.099614057338271778e-02
7.934570312500000000e-02 -1.108632007813525888e-02
7.958984375000000000e-02 -1.117471346218223971e-02
7.983398437500000000e-02 -1.126112445298588227e-02
8.007812500000000000e-02 -1.134536237503880329e-02
8.032226562500000000e-02 -1.142724257900340490e-02
8.056640625000000000e-02 -1.150658685695304939e-02
8.081054687500000000e-02 -1.158322384335974675e-02
8.105468750000000000e-02 -1.165698940047832366e-02
8.129882812500000000e-02 -1.172772698775759181e-02
8.154296875000000000e-02 -1.179528801415585804e-02
8.178710937500000000e-02 -1.185953217276392024e-02
8.203125000000000000e-02 -1.192032775692553059e-02
8.227539062500000000e-02 -1.197755195735794587e-02
8.251953125000000000e-02 -1.203109113933464869e-02
8.276367187500000000e-02 -1.208084109967444419e-02
8.300781250000000000e-02 -1.212670730264164831e-02
8.325195312500000000e-02 -1.216860509458683737e-02
8.349609375000000000e-02 -1.220645989653235119e-02
8.374023437500000000e-02 -1.224020737450359775e-02
8.398437500000000000e-02 -1.226979358726509872e-02
8.422851562500000000e-02 -1.229517511083599857e-02
8.447265625000000000e-02 -1.231631913988451288e-02
8.471679687500000000e-02 -1.233320356550393626e-02
8.496093750000000000e-02 -1.234581702937020964e-02
8.520507812500000000e-02 -1.235415895399682995e-02
8.544921875000000000e-02 -1.235823954911552391e-02
8.569335937500000000e-02 -1.235807979412584245e-02
8.593750000000000000e-02 -1.235371139664209750e-02
8.618164062500000000e-02 -1.234517672723711712e-02
8.642578125000000000e-02 -1.233252873036860819e-02
8.666992187500000000e-02 -1.231583081191445217e-02
8.691406250000000000e-02 -1.229515670331693400e-02
8.715820312500000000e-02 -1.227059030273380813e-02
8.740234375000000000e-02 -1.224222549339515353e-02
8.764648437500000000e-02 -1.221016593981971710e-02
8.789062500000000000e-02 -1.217452486184811278e-02
8.813476562500000000e-02 -1.213542478745921471e-02
8.837890625000000000e-02 -1.209299728454027445e-02
8.862304687500000000e-02 -1.204738267225025083e-02
8.886718750000000000e-02 -1.199872971265847355e-02
8.911132812500000000e-02 -1.194719528325549618e-02
8.935546875000000000e-02 -1.189294403089036223e-02
8.959960937500000000e-02 -1.183614800814325463e-02
8.984375000000000000e-02 -1.177698629253143281e-02
9.008789062500000000e-02 -1.171564458965690392e-02
9.033203125000000000e-02 -1.165231482100637095e-02
9.057617187500000000e-02 -1.158719469714242223e-02
9.082031250000000000e-02 -1.152048727743704148e-02
9.106445312500000000e-02 -1.145240051702955952e-02
9.130859375000000000e-02 -1.138314680207486163e-02
9.155273437500000000e-02 -1.131294247431924305e-02
9.179687500000000000e-02 -1.124200734577129879e-02
9.204101562500000000e-02 -1.117056420480366796e-02
9.228515625000000000e-02 -1.109883831443880808e-02
9.252929687500000000e-02 -1.102705690404093275e-02
9.277343750000000000e-02 -1.095544865542308344e-02
9.301757812500000000e-02 -1.088424318444936034e-02
9.326171875000000000e-02 -1.081367051925496980e-02
9.350585937500000000e-02 -1.074396057617832412e-02
9.375000000000000000e-02 -1.067534263444258613e-02
9.399414062500000000e-02 -1.060804481073773786e-02
9.423828125000000000e-02 -1.054229353495372834e-02
9.448242187500000000e-02 -1.047831302788893026e-02
9.472656250000000000e-02 -1.041632478219867153e-02
9.497070312500000000e-02 -1.035654704784860769e-02
9.521484375000000000e-02 -1.029919432266979129e-02
9.545898437500000000e-02 -1.024447684979179485e-02
9.570312500000000000e-02 -1.019260012233758061e-02
9.594726562500000000e-02 -1.014376439681541342e-02
9.619140625000000000e-02 -1.009816421637310668e-02
9.643554687500000000e-02 -1.005598794434092724e-02
9.667968750000000000e-02 -1.001741730981109413e-02
9.692382812500000000e-02 -9.982626965623353499e-03
9.716796875000000000e-02 -9.951784060092450090e-03
9.741210937500000000e-02 -9.925047823145405346e-03
9.765625000000000000e-02 -9.902569167934416328e-03
9.790039062500000000e-02 -9.884490308621707300e-03
9.814453125000000000e-02 -9.870944395473202349e-03
9.838867187500000000e-02 -9.862055167587868709e-03
9.863281250000000000e-02 -9.857936624499075151e-03
9.887695312500000000e-02 -9.858692717045869358e-03
9.912109375000000000e-02 -9.864417058352614731e-03
9.936523437500000000e-02 -9.875192655556475074e-03
9.960937500000000000e-02 -9.891091662765916226e-03
9.985351562500000000e-02 -9.912175156046032498e-03
1.000976562500000000e-01 -9.938492930643860745e-03
1.003417968750000000e-01 -9.970083321263700782e-03
1.005859375000000000e-01 -1.000697304549191813e-02
1.008300781250000000e-01 -1.004917707102492841e-02
1.010742187500000000e-01 -1.009669850694194793e-02
1.013183593750000000e-01 -1.014952851910777554e-02
1.015625000000000000e-01 -1.020764627038772687e-02
1.018066406250000000e-01 -1.027101888547576891e-02
1.020507812500000000e-01 -1.033960144050638519e-02
1.022949218750000000e-01 -1.041333697784807555e-02
1.025390625000000000e-01 -1.049215654580848422e-02
1.027832031250000000e-01 -1.057597926325115623e-02
1.030273437500000000e-01 -1.066471240939392828e-02
1.032714843750000000e-01 -1.075825153819209845e-02
1.035156250000000000e-01 -1.085648061753374805e-02
1.037597656250000000e-01 -1.095927219289194454e-02
1.040039062500000000e-01 -1.106648757507855407e-02
1.042480468750000000e-01 -1.117797705205703096e-02
1.044921875000000000e-01 -1.129358012413206325e-02
1.047363281250000000e-01 -1.141312576231712228e-02
1.049804687500000000e-01 -1.153643268941095812e-02
1.052246093750000000e-01 -1.166330968321460659e-02
1.054687500000000000e-01 -1.179355590136310639e-02
1.057128906250000000e-01 -1.192696122721770280e-02
1.059570312500000000e-01 -1.206330663612220633e-02
1.062011718750000000e-01 -1.220236458145507186e-02
1.064453125000000000e-01 -1.234389939956770377e-02
1.066894531250000000e-01 -1.248766773308318534e-02
1.069335937500000000e-01 -1.263341897160330518e-02
1.071777343750000000e-01 -1.278089570899965111e-02
1.074218750000000000e-01 -1.292983421647875275e-02
1.076660156250000000e-01 -1.307996493052598908e-02
1.079101562500000000e-01 -1.323101295467665750e-02
1.081542968750000000e-01 -1.338269857431839682e-02
1.083984375000000000e-01 -1.353473778335967381e-02
1.086425781250000000e-01 -1.368684282191168222e-02
1.088867187500000000e-01 -1.383872272374730983e-02
1.091308593750000000e-01 -1.399008387269873310e-02
1.093750000000000000e-01 -1.414063056672887342e-02
1.096191406250000000e-01 -1.429006558853984643e-02
1.098632812500000000e-01 -1.443809078180890992e-02
1.101074218750000000e-01 -1.458440763178714406e-02
1.103515625000000000e-01 -1.472871784898188707e-02
1.105957031250000000e-01 -1.487072395498501010e-02
1.108398437500000000e-01 -1.501012986925331916e-02
1.110839843750000000e-01 -1.514664149547684246e-02
1.113281250000000000e-01 -1.527996730658287561e-02
1.115722656250000000e-01 -1.540981892716786206e-02
1.118164062500000000e-01 -1.553591171195023435e-02
1.120605468750000000e-01 -1.565796531950525150e-02
1.123046875000000000e-01 -1.577570427976127121e-02
1.125488281250000000e-01 -1.588885855423427529e-02
1.127929687500000000e-01 -1.599716408786377997e-02
1.130371093750000000e-01 -1.610036335144116038e-02
1.132812500000000000e-01 -1.619820587325193628e-02
1.135253906250000000e-01 -1.629044875919305468e-02
1.137695312500000000e-01 -1.637685719987302946e-02
1.140136718750000000e-01 -1.645720496425440160e-02
1.142578125000000000e-01 -1.653127487806216322e-02
1.145019531250000000e-01 -1.659885928671656075e-02
1.147460937500000000e-01 -1.665976050128392671e-02
1.149902343750000000e-01 -1.671379122683447349e-02
1.152343750000000000e-01 -1.676077497215544554e-02
1.154785156250000000e-01 -1.680054644002382247e-02
1.157226562500000000e-01 -1.683295189724276497e-02
1.159667968750000000e-01 -1.685784952357494149e-02
1.162109375000000000e-01 -1.687510973900430145e-02
1.164550781250000000e-01 -1.688461550833153524e-02
1.166992187500000000e-01 -1.688626262281900381e-02
1.169433593750000000e-01 -1.687995995803248661e-02
1.171875000000000000e-01 -1.686562970735394629e-02
1.174316406250000000e-01 -1.684320759073898444e-02
1.176757812500000000e-01 -1.681264303817897598e-02
1.179199218750000000e-01 -1.677389934746997824e-02
1.181640625000000000e-01 -1.672695381601840836e-02
1.184082031250000000e-01 -1.667179784624295280e-02
1.186523437500000000e-01 -1.660843702431691327e-02
1.188964843750000000e-01 -1.653689117230783268e-02
1.191406250000000000e-01 -1.645719437311754518e-02
1.193847656250000000e-01 -1.636939496853528908e-02
1.196289062500000000e-01 -1.627355553021914147e-02
1.198730468750000000e-01 -1.616975280349208788e-02
1.201171875000000000e-01 -1.605807762427957641e-02
1.203613281250000000e-01 -1.593863480906065888e-02
1.206054687500000000e-01 -1.581154301817377927e-02
1.208496093750000000e-01 -1.567693459264773992e-02
1.210937500000000000e-01 -1.553495536484206241e-02
1.213378906250000000e-01 -1.538576444328043635e-02
1.215820312500000000e-01 -1.522953397200410564e-02
1.218261718750000000e-01 -1.506644886482888523e-02
1.220703125000000000e-01 -1.489670651525898393e-02
1.223144531250000000e-01 -1.472051648224237397e-02
1.225585937500000000e-01 -1.453810015257772648e-02
1.228027343750000000e-01 -1.434969038065503355e-02
1.230468750000000000e-01 -1.415553110594203190e-02
1.232910156250000000e-01 -1.395587694922539868e-02
1.235351562500000000e-01 -1.375099278826041882e-02
1.237792968750000000e-01 -1.354115331349703411e-02
1.240234375000000000e-01 -1.332664256507598566e-02
1.242675781250000000e-01 -1.310775345149295390e-02
1.245117187500000000e-01 -1.288478725143704651e-02
1.247558593750000000e-01 -1.265805309914469490e-02
1.250000000000000000e-01 -1.242786745470425558e-02
1.252441406250000000e-01 -1.219455356013554592e-02
1.254882812500000000e-01 -1.195844088232433933e-02
1.257324218750000000e-01 -1.171986454383500131e-02
1.259765625000000000e-01 -1.147916474270971321e-02
1.262207031250000000e-01 -1.123668616247641694e-02
1.264648437500000000e-01 -1.099277737326076476e-02
1.267089843750000000e-01 -1.074779022540894857e-02
1.269531250000000000e-01 -1.050207923651669262e-02
1.271972656250000000e-01 -1.025600097334233851e-02
1.274414062500000000e-01 -1.000991342939983042e-02
1.276855468750000000e-01 -9.764175399794794430e-03
1.279296875000000000e-01 -9.519145854298471932e-03
1.281738281250000000e-01 -9.275183309782164542e-03
1.284179687500000000e-01 -9.032645203447486892e-03
1.286621093750000000e-01 -8.791887267804554540e-03
1.289062500000000000e-01 -8.553262908620240523e-03
1.291503906250000000e-01 -8.317122587286007729e-03
1.293945312500000000e-01 -8.083813208301648956e-03
1.296386718750000000e-01 -7.853677513480761263e-03
1.298828125000000000e-01 -7.627053483673762457e-03
1.301269531250000000e-01 -7.404273749358480927e-03
1.303710937500000000e-01 -7.185665011178343775e-03
1.306152343750000000e-01 -6.971547471351868808e-03
1.308593750000000000e-01 -6.762234277175593888e-03
1.311035156250000000e-01 -6.558030977672046902e-03
1.313476562500000000e-01 -6.359234994221196757e-03
1.315917968750000000e-01 -6.166135106298042956e-03
1.318359375000000000e-01 -5.979010953353736113e-03
1.320800781250000000e-01 -5.798132553437085335e-03
1.323242187500000000e-01 -5.623759839849640230e-03
1.325683593750000000e-01 -5.456142216331727468e-03
1.328125000000000000e-01 -5.295518131845255994e-03
1.330566406250000000e-01 -5.142114675493303366e-03
1.333007812500000000e-01 -4.996147192613875632e-03
1.335449218750000000e-01 -4.857818922431533792e-03
1.337890625000000000e-01 -4.727320658091116456e-03
1.340332031250000000e-01 -4.604830429585149432e-03
1.342773437500000000e-01 -4.490513210299695857e-03
1.345214843750000000e-01 -4.384520647448653108e-03
1.347656250000000000e-01 -4.286990817092828365e-03
1.350097656250000000e-01 -4.198048003971166509e-03
1.352539062500000000e-01 -4.117802506669931972e-03
1.354980468750000000e-01 -4.046350468371429088e-03
1.357421875000000000e-01 -3.983773733438056297e-03
1.359863281250000000e-01 -3.930139730158543898e-03
1.362304687500000000e-01 -3.885501379670586175e-03
1.364746093750000000e-01 -3.849897031287241589e-03
1.367187500000000000e-01 -3.823350424326577013e-03
1.369628906250000000e-01 -3.805870676345080028e-03
1.372070312500000000e-01 -3.797452297845893554e-03
1.374511718750000000e-01 -3.798075233348185975e-03
1.376953125000000000e-01 -3.807704928647126508e-03
1.379394531250000000e-01 -3.826292424179200680e-03
1.381835937500000000e-01 -3.853774474080751133e-03
1.384277343750000000e-01 -3.890073690982376320e-03
1.386718750000000000e-01 -3.935098715729168362e-03
1.389160156250000000e-01 -3.988744412168898634e-03
1.391601562500000000e-01 -4.050892086212343202e-03
1.394042968750000000e-01 -4.121409728796265881e-03
1.396484375000000000e-01 -4.200152282351155009e-03
1.398925781250000000e-01 -4.286961930077382021e-03
1.401367187500000000e-01 -4.381668407404504251e-03
1.403808593750000000e-01 -4.484089335136332011e-03
1.406250000000000000e-01 -4.594030573443319554e-03
1.408691406250000000e-01 -4.711286596148056560e-03
1.411132812500000000e-01 -4.835640884266467765e-03
1.413574218750000000e-01 -4.966866338335762521e-03
1.416015625000000000e-01 -5.104725708449109334e-03
1.418457031250000000e-01 -5.248972041215438367e-03
1.420898437500000000e-01 -5.399349142791720624e-03
1.423339843750000000e-01 -5.555592056992963990e-03
1.425781250000000000e-01 -5.717427557485166290e-03
1.428222656250000000e-01 -5.884574653222784946e-03
1.430664062500000000e-01 -6.056745106079119978e-03
1.433105468750000000e-01 -6.233643959419055136e-03
1.435546875000000000e-01 -6.414970076974668700e-03
1.437988281250000000e-01 -6.600416690574206768e-03
1.440429687500000000e-01 -6.789671955942822024e-03
1.442871093750000000e-01 -6.982419515310311908e-03
1.445312500000000000e-01 -7.178339065575300992e-03
1.447753906250000000e-01 -7.377106931514276766e-03
1.450195312500000000e-01 -7.578396642045959197e-03
1.452636718750000000e-01 -7.781879509224154390e-03
1.455078125000000000e-01 -7.987225208282211497e-03
1.457519531250000000e-01 -8.194102357947485871e-03
1.459960937500000000e-01 -8.402179099675777252e-03
1.462402343750000000e-01 -8.611123674853615739e-03
1.464843750000000000e-01 -8.820604998717840317e-03
1.467285156250000000e-01 -9.030293229997710114e-03
1.469726562500000000e-01 -9.239860335185312579e-03
1.472167968750000000e-01 -9.448980646169502506e-03
1.474609375000000000e-01 -9.657331410579672593e-03
1.477050781250000000e-01 -9.864593333219318083e-03
1.479492187500000000e-01 -1.007045110824833500e-02
1.481933593750000000e-01 -1.027459394038032769e-02
1.484375000000000000e-01 -1.047671605485334112e-02
1.486816406250000000e-01 -1.067651719461082394e-02
1.489257812500000000e-01 -1.087370310413859897e-02
1.491699218750000000e-01 -1.106798599894887047e-02
1.494140625000000000e-01 -1.125908501988703847e-02
1.496582031250000000e-01 -1.144672667135182564e-02
1.499023437500000000e-01 -1.163064524277501732e-02
1.501464843750000000e-01 -1.181058321256500676e-02
1.503906250000000000e-01 -1.198629163361886185e-02
1.506347656250000000e-01 -1.215753050014711789e-02
1.508789062500000000e-01 -1.232406909471706058e-02
1.511230468750000000e-01 -1.248568631524449302e-02
1.513671875000000000e-01 -1.264217098128028738e-02
1.516113281250000000e-01 -1.279332211910855222e-02
1.518554687500000000e-01 -1.293894922513061374e-02
1.520996093750000000e-01 -1.307887250737849172e-02
1.523437500000000000e-01 -1.321292310440469464e-02
1.525878906250000000e-01 -1.334094328163359933e-02
1.528320312500000000e-01 -1.346278660470545674e-02
1.530761718750000000e-01 -1.357831808962828291e-02
1.533203125000000000e-01 -1.368741432959552640e-02
1.535644531250000000e-01 -1.378996359845530151e-02
1.538085937500000000e-01 -1.388586593051854834e-02
1.540527343750000000e-01 -1.397503317710402371e-02
1.542968750000000000e-01 -1.405738903930853212e-02
1.545410156250000000e-01 -1.413286907779820467e-02
1.547851562500000000e-01 -1.420142069906660254e-02
1.550292968750000000e-01 -1.426300311874229010e-02
1.552734375000000000e-01 -1.431758730227272736e-02
1.555175781250000000e-01 -1.436515588281395139e-02
1.557617187500000000e-01 -1.440570305726396327e-02
1.560058593750000000e-01 -1.443923446025507928e-02
1.562500000000000000e-01 -1.446576701692947609e-02
1.564941406250000000e-01 -1.448532877486741199e-02
1.567382812500000000e-01 -1.449795871545234149e-02
1.569824218750000000e-01 -1.450370654559662853e-02
1.572265625000000000e-01 -1.450263247018312995e-02
1.574707031250000000e-01 -1.449480694591898100e-02
1.577148437500000000e-01 -1.448031041724107126e-02
1.579589843750000000e-01 -1.445923303508322988e-02
1.582031250000000000e-01 -1.443167435905934326e-02
1.584472656250000000e-01 -1.439774304411400863e-02
1.586914062500000000e-01 -1.435755651205283812e-02
1.589355468750000000e-01 -1.431124060924560126e-02
1.591796875000000000e-01 -1.425892925095695318e-02
1.594238281250000000e-01 -1.420076405341319514e-02
1.596679687500000000e-01 -1.413689395440087537e-02
1.599121093750000000e-01 -1.406747482342041167e-02
1.601562500000000000e-01 -1.399266906229001961e-02
1.604003906250000000e-01 -1.391264519703838687e-02
1.606445312500000000e-01 -1.382757746226559448e-02
1.608886718750000000e-01 -1.373764537883914727e-02
1.611328125000000000e-01 -1.364303332586302986e-02
1.613769531250000000e-01 -1.354393010805665654e-02
1.616210937500000000e-01 -1.344052851939636639e-02
1.618652343750000000e-01 -1.333302490409948859e-02
1.621093750000000000e-01 -1.322161871605942451e-02
1.623535156250000000e-01 -1.310651207739965685e-02
1.625976562500000000e-01 -1.298790933752513865e-02
1.628417968750000000e-01 -1.286601663346687019e-02
1.630859375000000000e-01 -1.274104145241494734e-02
1.633300781250000000e-01 -1.261319219757695009e-02
1.635742187500000000e-01 -1.248267775835643079e-02
1.638183593750000000e-01 -1.234970708536309303e-02
1.640625000000000000e-01 -1.221448877186048776e-02
1.643066406250000000e-01 -1.207723064189281104e-02
1.645507812500000000e-01 -1.193813934629872620e-02
1.647949218750000000e-01 -1.179741996756433764e-02
1.650390625000000000e-01 -1.165527563395585275e-02
1.652832031250000000e-01 -1.151190714415406546e-02
1.655273437500000000e-01 -1.136751260278856535e-02
1.657714843750000000e-01 -1.122228706798011899e-02
1.660156250000000000e-01 -1.107642221120386239e-02
1.662597656250000000e-01 -1.093010599049648590e-02
1.665039062500000000e-01 -1.078352233740531574e-02
1.667480468750000000e-01 -1.063685085834720212e-02
1.669921875000000000e-01 -1.049026655105933514e-02
1.672363281250000000e-01 -1.034393953638357289e-02
1.674804687500000000e-01 -1.019803480625114389e-02
1.677246093750000000e-01 -1.005271198786772402e-02
1.679687500000000000e-01 -9.908125124923117255e-03
1.682128906250000000e-01 -9.764422475839751314e-03
1.684570312500000000e-01 -9.621746329671054809e-03
1.687011718750000000e-01 -9.480232839536029132e-03
1.689453125000000000e-01 -9.340011874286346938e-03
1.691894531250000000e-01 -9.201206888235446968e-03
1.694335937500000000e-01 -9.063934809105944623e-03
1.696777343750000000e-01 -8.928305944579051356e-03
1.699218750000000000e-01 -8.794423907076520663e-03
1.701660156250000000e-01 -8.662385557130392044e-03
1.704101562500000000e-01 -8.532280965098948400e-03
1.706542968750000000e-01 -8.404193391186254303e-03
1.708984375000000000e-01 -8.278199283637377448e-03
1.711425781250000000e-01 -8.154368294967184738e-03
1.713867187500000000e-01 -8.032763315995339326e-03
1.716308593750000000e-01 -7.913440527318016393e-03
1.718750000000000000e-01 -7.796449468102650826e-03
1.721191406250000000e-01 -7.681833121708336876e-03
1.723632812500000000e-01 -7.569628017876084414e-03
1.726074218750000000e-01 -7.459864350948919309e-03
1.728515625000000000e-01 -7.352566113723923991e-03
1.730957031250000000e-01 -7.247751246495681698e-03
1.733398437500000000e-01 -7.145431800708479386e-03
1.735839843750000000e-01 -7.045614116663045934e-03
1.738281250000000000e-01 -6.948299014695180631e-03
1.740722656250000000e-01 -6.853481999243626888e-03
1.743164062500000000e-01 -6.761153475082437581e-03
1.745605468750000000e-01 -6.671298975192030412e-03
1.748046875000000000e-01 -6.583899399444703704e-03
1.750488281250000000e-01 -6.498931263379859047e-03
1.752929687500000000e-01 -6.416366956472074889e-03
1.755371093750000000e-01 -6.336175009025168947e-03
1.757812500000000000e-01 -6.258320366953284974e-03
1.760253906250000000e-01 -6.182764673638985187e-03
1.762695312500000000e-01 -6.109466558243070722e-03
1.765136718750000000e-01 -6.038381929315050911e-03
1.767578125000000000e-01 -5.969464273292146572e-03
1.770019531250000000e-01 -5.902664956877856639e-03
1.772460937500000000e-01 -5.837933532362171718e-03
1.774902343750000000e-01 -5.775218045414476364e-03
1.777343750000000000e-01 -5.714465344240693412e-03
1.779785156250000000e-01 -5.655621389323073345e-03
1.782226562500000000e-01 -5.598631563202616235e-03
1.784667968750000000e-01 -5.543440979167257865e-03
1.787109375000000000e-01 -5.489994788334229270e-03
1.789550781250000000e-01 -5.438238484288149266e-03
1.791992187500000000e-01 -5.388118204393776978e-03
1.794433593750000000e-01 -5.339581027328677010e-03
1.796875000000000000e-01 -5.292575265940513418e-03
1.799316406250000000e-01 -5.247050754718429744e-03
1.801757812500000000e-01 -5.202959131437978613e-03
1.804199218750000000e-01 -5.160254112155371331e-03
1.806640625000000000e-01 -5.118891759039456701e-03
1.809082031250000000e-01 -5.078830740430362312e-03
1.811523437500000000e-01 -5.040032582726894361e-03
1.813964843750000000e-01 -5.002461913477418420e-03
1.816406250000000000e-01 -4.966086695290528041e-03
1.818847656250000000e-01 -4.930878450011277891e-03
1.821289062500000000e-01 -4.896812473162981405e-03
1.823730468750000000e-01 -4.863868037801921673e-03
1.826171875000000000e-01 -4.832028587998138391e-03
1.828613281250000000e-01 -4.801281921345434966e-03
1.831054687500000000e-01 -4.771620360543238348e-03
1.833496093750000000e-01 -4.743040913666618508e-03
1.835937500000000000e-01 -4.715545423394473801e-03
1.838378906250000000e-01 -4.689140704769556578e-03
1.840820312500000000e-01 -4.663838671703501859e-03
1.843261718750000000e-01 -4.639656452255280783e-03
1.845703125000000000e-01 -4.616616492825187379e-03
1.848144531250000000e-01 -4.594746651335412935e-03
1.850585937500000000e-01 -4.574080279653003345e-03
1.853027343750000000e-01 -4.554656295610470806e-03
1.855468750000000000e-01 -4.536519244823011832e-03
1.857910156250000000e-01 -4.519719352742868068e-03
1.860351562500000000e-01 -4.504312567320312155e-03
1.862792968750000000e-01 -4.490360592896536218e-03
1.865234375000000000e-01 -4.477930915626870956e-03
1.867675781250000000e-01 -4.467096821258564887e-03
1.870117187500000000e-01 -4.457937405689449406e-03
1.872558593750000000e-01 -4.450537579160140922e-03
1.875000000000000000e-01 -4.444988064662425131e-03
1.877441406250000000e-01 -4.441385391444896413e-03
1.879882812500000000e-01 -4.439831884369027648e-03
1.882324218750000000e-01 -4.440435649996743450e-03
1.884765625000000000e-01 -4.443310560446889212e-03
1.887207031250000000e-01 -4.448576235560608438e-03
1.889648437500000000e-01 -4.456358025038298365e-03
1.892089843750000000e-01 -4.466786990803939261e-03
1.894531250000000000e-01 -4.479999891273678259e-03
1.896972656250000000e-01 -4.496139168253421303e-03
1.899414062500000000e-01 -4.515352937730199301e-03
1.901855468750000000e-01 -4.537794985708387685e-03
1.904296875000000000e-01 -4.563624770128171804e-03
1.906738281250000000e-01 -4.593007430216289322e-03
1.909179687500000000e-01 -4.626113804462761436e-03
1.911621093750000000e-01 -4.663120458303637861e-03
1.914062500000000000e-01 -4.704209722873997634e-03
1.916503906250000000e-01 -4.749569746167026096e-03
1.918945312500000000e-01 -4.799394557565506148e-03
1.921386718750000000e-01 -4.853884147365761237e-03
1.923828125000000000e-01 -4.913244562303020757e-03
1.926269531250000000e-01 -4.977688018385606483e-03
1.928710937500000000e-01 -5.047433032444814671e-03
1.931152343750000000e-01 -5.122704573395253647e-03
1.933593750000000000e-01 -5.203734234697776628e-03
1.936035156250000000e-01 -5.290760429062402181e-03
1.938476562500000000e-01 -5.384028606627566660e-03
1.940917968750000000e-01 -5.483791497880474708e-03
1.943359375000000000e-01 -5.590309382370151070e-03
1.945800781250000000e-01 -5.703850384364272941e-03
1.948242187500000000e-01 -5.824690796544018667e-03
1.950683593750000000e-01 -5.953115432845379473e-03
1.953125000000000000e-01 -6.089418011285374632e-03
1.955566406250000000e-01 -6.233901567995303594e-03
1.958007812500000000e-01 -6.386878903185788658e-03
1.960449218750000000e-01 -6.548673059896259474e-03
1.962890625000000000e-01 -6.719617836651536891e-03
1.965332031250000000e-01 -6.900058334338154964e-03
1.967773437500000000e-01 -7.090351538394656927e-03
1.970214843750000000e-01 -7.290866936770612483e-03
1.972656250000000000e-01 -7.501987174237001454e-03
1.975097656250000000e-01 -7.724108743644819697e-03
1.977539062500000000e-01 -7.957642714501389491e-03
1.979980468750000000e-01 -8.203015499290700063e-03
1.982421875000000000e-01 -8.460669657750941042e-03
1.984863281250000000e-01 -8.731064739436078526e-03
1.987304687500000000e-01 -9.014678164575684605e-03
1.989746093750000000e-01 -9.312006143488815724e-03
1.992187500000000000e-01 -9.623564634253511940e-03
1.994628906250000000e-01 -9.949890338731393058e-03
1.997070312500000000e-01 -1.029154173674839967e-02
1.999511718750000000e-01 -1.064910015799114262e-02
2.001953125000000000e-01 -1.102317089144833062e-02
2.004394531250000000e-01 -1.141438433174357669e-02
2.006835937500000000e-01 -1.182339716197589041e-02
2.009277343750000000e-01 -1.225089357237152399e-02
2.011718750000000000e-01 -1.269758651389452098e-02
2.014160156250000000e-01 -1.316421898627595510e-02
2.016601562500000000e-01 -1.365156535919709313e-02
2.019042968750000000e-01 -1.416043272601541503e-02
2.021484375000000000e-01 -1.469166228847029743e-02
2.023925781250000000e-01 -1.524613077171466102e-02
2.026367187500000000e-01 -1.582475186800991196e-02
2.028808593750000000e-01 -1.642847770781941108e-02
2.031250000000000000e-01 -1.705830035700728331e-02
2.033691406250000000e-01 -1.771525333852252970e-02
2.036132812500000000e-01 -1.840041317682050703e-02
2.038574218750000000e-01 -1.911490096361490032e-02
2.041015625000000000e-01 -1.985988394307014460e-02
2.043457031250000000e-01 -2.063657711445898713e-02
2.045898437500000000e-01 -2.144624485065094177e-02
2.048339843750000000e-01 -2.229020253025737475e-02
2.050781250000000000e-01 -2.316981818150054551e-02
2.053222656250000000e-01 -2.408651413570339628e-02
2.055664062500000000e-01 -2.504176868802687750e-02
2.058105468750000000e-01 -2.603711776370687403e-02
2.060546875000000000e-01 -2.707415658710488060e-02
2.062988281250000000e-01 -2.815454135131290059e-02
2.065429687500000000e-01 -2.927999088637989189e-02
2.067871093750000000e-01 -3.045228832313284784e-02
2.070312500000000000e-01 -3.167328275078773459e-02
2.072753906250000000e-01 -3.294489086552232493e-02
2.075195312500000000e-01 -3.426909860763771576e-02
2.077636718750000000e-01 -3.564796278502058158e-02
2.080078125000000000e-01 -3.708361268013504741e-02
2.082519531250000000e-01 -3.857825163822781178e-02
2.084960937500000000e-01 -4.013415863423119845e-02
2.087402343750000000e-01 -4.175368981584881567e-02
2.089843750000000000e-01 -4.343928002032271252e-02
2.092285156250000000e-01 -4.519344426252303037e-02
2.094726562500000000e-01 -4.701877919183061749e-02
2.097167968750000000e-01 -4.891796451531149614e-02
2.099609375000000000e-01 -5.089376438516524104e-02
2.102050781250000000e-01 -5.294902874757667632e-02
2.104492187500000000e-01 -5.508669465118032349e-02
2.106933593750000000e-01 -5.730978751250859204e-02
2.109375000000000000e-01 -5.962142233654788015e-02
2.111816406250000000e-01 -6.202480488995831820e-02
2.114257812500000000e-01 -6.452323282512395508e-02
2.116699218750000000e-01 -6.712009675294439148e-02
2.119140625000000000e-01 -6.981888126244939485e-02
2.121582031250000000e-01 -7.262316588537487405e-02
2.124023437500000000e-01 -7.553662600398070026e-02
2.126464843750000000e-01 -7.856303370034822819e-02
2.128906250000000000e-01 -8.170625854573643210e-02
2.131347656250000000e-01 -8.497026832829135401e-02
2.133789062500000000e-01 -8.835912971792936332e-02
2.136230468750000000e-01 -9.187700886691629876e-02
2.138671875000000000e-01 -9.552817194517615462e-02
2.141113281250000000e-01 -9.931698560893664762e-02
2.143554687500000000e-01 -1.032479174021432300e-01
2.145996093750000000e-01 -1.073255360894478372e-01
2.148437500000000000e-01 -1.115545119202039359e-01
2.150878906250000000e-01 -1.159396168228283841e-01
2.153320312500000000e-01 -1.204857245289900902e-01
2.155761718750000000e-01 -1.251978106272133573e-01
2.158203125000000000e-01 -1.300809525457395921e-01
2.160644531250000000e-01 -1.351403294643773734e-01
2.163085937500000000e-01 -1.403812221552982464e-01
2.165527343750000000e-01 -1.458090127530482505e-01
2.167968750000000000e-01 -1.514291844537467568e-01
2.170410156250000000e-01 -1.572473211439984198e-01
2.172851562500000000e-01 -1.632691069596887701e-01
2.175292968750000000e-01 -1.695003257756440007e-01
2.177734375000000000e-01 -1.759468606263823176e-01
2.180175781250000000e-01 -1.826146930589516160e-01
2.182617187500000000e-01 -1.895099024188056092e-01
2.185058593750000000e-01 -1.966386650695426397e-01
2.187500000000000000e-01 -2.040072535476866733e-01
2.189941406250000000e-01 -2.116220356537326097e-01
2.192382812500000000e-01 -2.194894734807348868e-01
2.194824218750000000e-01 -2.276161223817609880e-01
2.197265625000000000e-01 -2.360086298778298897e-01
2.199707031250000000e-01 -2.446737345076428483e-01
2.202148437500000000e-01 -2.536182646212239433e-01
2.204589843750000000e-01 -2.628491371185361913e-01
2.207031250000000000e-01 -2.723733561355174970e-01
2.209472656250000000e-01 -2.821980116789717385e-01
2.211914062500000000e-01 -2.923302782123613497e-01
2.214355468750000000e-01 -3.027774131946614489e-01
2.216796875000000000e-01 -3.135467555740518719e-01
2.219238281250000000e-01 -3.246457242386924236e-01
2.221679687500000000e-01 -3.360818164266987651e-01
2.224121093750000000e-01 -3.478626060975926748e-01
2.226562500000000000e-01 -3.599957422671877794e-01
2.229003906250000000e-01 -3.724889473084260771e-01
2.231445312500000000e-01 -3.853500152202826712e-01
2.233886718750000000e-01 -3.985868098671403459e-01
2.236328125000000000e-01 -4.122072631907940377e-01
2.238769531250000000e-01 -4.262193733975578880e-01
2.241210937500000000e-01 -4.406312031226491399e-01
2.243652343750000000e-01 -4.554508775743784099e-01
2.246093750000000000e-01 -4.706865826601926983e-01
2.248535156250000000e-01 -4.863465630972712006e-01
2.250976562500000000e-01 -5.024391205094360657e-01
2.253417968750000000e-01 -5.189726115132629047e-01
2.255859375000000000e-01 -5.359554457952384610e-01
2.258300781250000000e-01 -5.533960841823528654e-01
2.260742187500000000e-01 -5.713030367083717920e-01
2.263183593750000000e-01 -5.896848606779201418e-01
2.265625000000000000e-01 -6.085501587305230942e-01
2.268066406250000000e-01 -6.279075769068072077e-01
2.270507812500000000e-01 -6.477658027187089829e-01
2.272949218750000000e-01 -6.681335632260925195e-01
2.275390625000000000e-01 -6.890196231213252531e-01
2.277832031250000000e-01 -7.104327828240570852e-01
2.280273437500000000e-01 -7.323818765879082093e-01
2.282714843750000000e-01 -7.548757706210125207e-01
2.285156250000000000e-01 -7.779233612220934901e-01
2.287597656250000000e-01 -8.015335729337209614e-01
2.290039062500000000e-01 -8.257153567146247042e-01
2.292480468750000000e-01 -8.504776881324431770e-01
2.294921875000000000e-01 -8.758295655783996381e-01
2.297363281250000000e-01 -9.017800085056677517e-01
2.299804687500000000e-01 -9.283380556924498705e-01
2.302246093750000000e-01 -9.555127635312743450e-01
2.304687500000000000e-01 -9.833132043458903127e-01
2.307128906250000000e-01 -1.011748464736740516e+00
2.309570312500000000e-01 -1.040827643956205861e+00
2.312011718750000000e-01 -1.070559852314801219e+00
2.314453125000000000e-01 -1.100954209619217750e+00
2.316894531250000000e-01 -1.132019843643092827e+00
2.319335937500000000e-01 -1.163765888631530743e+00
2.321777343750000000e-01 -1.196201483840013680e+00
2.324218750000000000e-01 -1.229335772108555602e+00
2.326660156250000000e-01 -1.263177898471639082e+00
2.329101562500000000e-01 -1.297737008804674019e+00
2.331542968750000000e-01 -1.333022248507461427e+00
2.333984375000000000e-01 -1.369042761225060190e+00
2.336425781250000000e-01 -1.405807687606625223e+00
2.338867187500000000e-01 -1.443326164102444409e+00
2.341308593750000000e-01 -1.481607321799558008e+00
2.343750000000000000e-01 -1.520660285296116854e+00
2.346191406250000000e-01 -1.560494171614791981e+00
2.348632812500000000e-01 -1.601118089155121993e+00
2.351074218750000000e-01 -1.642541136685252923e+00
2.353515625000000000e-01 -1.684772402372658462e+00
2.355957031250000000e-01 -1.727820962854124787e+00
2.358398437500000000e-01 -1.771695882344886286e+00
2.360839843750000000e-01 -1.816406211786542713e+00
2.363281250000000000e-01 -1.861960988033956710e+00
2.365722656250000000e-01 -1.908369233080605909e+00
2.368164062500000000e-01 -1.955639953322275915e+00
2.370605468750000000e-01 -2.003782138858866801e+00
2.373046875000000000e-01 -2.052804762833702057e+00
2.375488281250000000e-01 -2.102716780810311548e+00
2.377929687500000000e-01 -2.153527130185992178e+00
2.380371093750000000e-01 -2.205244729641975709e+00
2.382812500000000000e-01 -2.257878478629280039e+00
2.385253906250000000e-01 -2.311437256890371827e+00
2.387695312500000000e-01 -2.365929924015404140e+00
2.390136718750000000e-01 -2.421365319033100150e+00
2.392578125000000000e-01 -2.477752260035146037e+00
2.395019531250000000e-01 -2.535099543833808866e+00
2.397460937500000000e-01 -2.593415945652111532e+00
2.399902343750000000e-01 -2.652710218845697909e+00
2.402343750000000000e-01 -2.712991094655848201e+00
2.404785156250000000e-01 -2.774267281992933931e+00
2.407226562500000000e-01 -2.836547467249516785e+00
2.409667968750000000e-01 -2.899840314142480224e+00
2.412109375000000000e-01 -2.964154463583156485e+00
2.414550781250000000e-01 -3.029498533574994212e+00
2.416992187500000000e-01 -3.095881119137800397e+00
2.419433593750000000e-01 -3.163310792257632897e+00
2.421875000000000000e-01 -3.231796101861903026e+00
2.424316406250000000e-01 -3.301345573818366574e+00
2.426757812500000000e-01 -3.371967710957690656e+00
2.429199218750000000e-01 -3.443670993118089996e+00
2.431640625000000000e-01 -3.516463877211990052e+00
2.434082031250000000e-01 -3.590354797313040081e+00
2.436523437500000000e-01 -3.665352164763163501e+00
2.438964843750000000e-01 -3.741464368298537124e+00
2.441406250000000000e-01 -3.818699774193618168e+00
2.443847656250000000e-01 -3.897066726422266925e+00
2.446289062500000000e-01 -3.976573546835354023e+00
2.448730468750000000e-01 -4.057228535353459620e+00
2.451171875000000000e-01 -4.139039970174252403e+00
2.453613281250000000e-01 -4.222016107993297851e+00
2.456054687500000000e-01 -4.306165184237485732e+00
2.458496093750000000e-01 -4.391495413310209983e+00
2.460937500000000000e-01 -4.478014988847220934e+00
2.463378906250000000e-01 -4.565732083982425138e+00
2.465820312500000000e-01 -4.654654851622538558e+00
2.468261718750000000e-01 -4.744791424729655205e+00
2.470703125000000000e-01 -4.836149916610949617e+00
2.473144531250000000e-01 -4.928738421214333698e+00
2.475585937500000000e-01 -5.022565013429414194e+00
2.478027343750000000e-01 -5.117637749392457636e+00
2.480468750000000000e-01 -5.213964666794680625e+00
2.482910156250000000e-01 -5.311553785192828059e+00
2.485351562500000000e-01 -5.410413106320945076e+00
2.487792968750000000e-01 -5.510550614402731640e+00
2.490234375000000000e-01 -5.611974276462944999e+00
2.492675781250000000e-01 -5.714692042637494751e+00
2.495117187500000000e-01 -5.818711846480766781e+00
2.497558593750000000e-01 -5.924041605269479760e+00
2.500000000000000000e-01 -6.030689220301994169e+00
2.502441406250000000e-01 -6.138662577191951186e+00
2.504882812500000000e-01 -6.247969546155502485e+00
2.507324218750000000e-01 -6.358617982290937221e+00
2.509765625000000000e-01 -6.470615725849668820e+00
2.512207031250000000e-01 -6.583970602497657865e+00
2.514648437500000000e-01 -6.698690423566276309e+00
2.517089843750000000e-01 -6.814782986291405109e+00
2.519531250000000000e-01 -6.932256074039827354e+00
2.521972656250000000e-01 -7.051117456521950544e+00
2.524414062500000000e-01 -7.171374889989536427e+00
2.526855468750000000e-01 -7.293036117417670994e+00
2.529296875000000000e-01 -7.416108868669610388e+00
2.531738281250000000e-01 -7.540600860643635883e+00
2.534179687500000000e-01 -7.666519797400667358e+00
2.536621093750000000e-01 -7.793873370271512613e+00
2.539062500000000000e-01 -7.922669257942871468e+00
2.541503906250000000e-01 -8.052915126520431954e+00
2.543945312500000000e-01 -8.184618629568547021e+00
2.546386718750000000e-01 -8.317787408124893034e+00
2.548828125000000000e-01 -8.452429090688958979e+00
2.551269531250000000e-01 -8.588551293183478208e+00
2.553710937500000000e-01 -8.726161618887239513e+00
2.556152343750000000e-01 -8.865267658338353840e+00
2.558593750000000000e-01 -9.005876989206505812e+00
2.561035156250000000e-01 -9.147997176133223718e+00
2.563476562500000000e-01 -9.291635770538690053e+00
2.565917968750000000e-01 -9.436800310393934410e+00
2.568359375000000000e-01 -9.583498319957236333e+00
2.570800781250000000e-01 -9.731737309473210473e+00
2.573242187500000000e-01 -9.881524774833664537e+00
2.575683593750000000e-01 -1.003286819719851053e+01
2.578125000000000000e-01 -1.018577504257580557e+01
2.580566406250000000e-01 -1.034025276135947280e+01
2.583007812500000000e-01 -1.049630878782328125e+01
2.585449218750000000e-01 -1.065395053957003313e+01
2.587890625000000000e-01 -1.081318541693450896e+01
2.590332031250000000e-01 -1.097402080233879218e+01
2.592773437500000000e-01 -1.113646405959896413e+01
2.595214843750000000e-01 -1.130052253318153532e+01
2.597656250000000000e-01 -1.146620354740866077e+01
2.600097656250000000e-01 -1.163351440561064010e+01
2.602539062500000000e-01 -1.180246238922469360e+01
2.604980468750000000e-01 -1.197305475683857878e+01
2.607421875000000000e-01 -1.214529874317809544e+01
2.609863281250000000e-01 -1.231920155803716455e+01
2.612304687500000000e-01 -1.249477038514948646e+01
2.614746093750000000e-01 -1.267201238100069105e+01
2.617187500000000000e-01 -1.285093467357999941e+01
2.619628906250000000e-01 -1.303154436107038805e+01
2.622070312500000000e-01 -1.321384851047662323e+01
2.624511718750000000e-01 -1.339785415618999309e+01
2.626953125000000000e-01 -1.358356829848952430e+01
2.629394531250000000e-01 -1.377099790197866014e+01
2.631835937500000000e-01 -1.396014989395728634e+01
2.634277343750000000e-01 -1.415103116272845796e+01
2.636718750000000000e-01 -1.434364855583983456e+01
2.639160156250000000e-01 -1.453800887825970989e+01
2.641601562500000000e-01 -1.473411889048773560e+01
2.644042968750000000e-01 -1.493198530660062318e+01
2.646484375000000000e-01 -1.513161479223351336e+01
2.648925781250000000e-01 -1.533301396249745352e+01
2.651367187500000000e-01 -1.553618937983437576e+01
2.653808593750000000e-01 -1.574114755181045666e+01
2.656250000000000000e-01 -1.594789492884984838e+01
2.658691406250000000e-01 -1.615643790191016649e+01
2.661132812500000000e-01 -1.636678280010262654e+01
2.663574218750000000e-01 -1.657893588825882603e+01
2.666015625000000000e-01 -1.679290336444781673e+01
2.668457031250000000e-01 -1.700869135744655836e+01
2.670898437500000000e-01 -1.722630592416803097e+01
2.673339843750000000e-01 -1.744575304705151808e+01
2.675781250000000000e-01 -1.766703863142010533e+01
2.678222656250000000e-01 -1.789016850281129933e+01
2.680664062500000000e-01 -1.811514840428715445e+01
2.683105468750000000e-01 -1.834198399373105559e+01
2.685546875000000000e-01 -1.857068084113925011e+01
2.687988281250000000e-01 -1.880124442591578315e+01
2.690429687500000000e-01 -1.903368013418076998e+01
2.692871093750000000e-01 -1.926799325610254954e+01
2.695312500000000000e-01 -1.950418898326566364e+01
2.697753906250000000e-01 -1.974227240608738043e+01
2.700195312500000000e-01 -1.998224851129710089e+01
2.702636718750000000e-01 -2.022412217949407420e+01
2.705078125000000000e-01 -2.046789818279992090e+01
2.707519531250000000e-01 -2.071358118262481440e+01
2.709960937500000000e-01 -2.096117572756684666e+01
2.712402343750000000e-01 -2.121068625146639164e+01
2.714843750000000000e-01 -2.146211707163887183e+01
2.717285156250000000e-01 -2.171547238731137952e+01
2.719726562500000000e-01 -2.197075627829048727e+01
2.722167968750000000e-01 -2.222797270389118296e+01
2.724609375000000000e-01 -2.248712550215885386e+01
2.727050781250000000e-01 -2.274821838941858942e+01
2.729492187500000000e-01 -2.301125496018963901e+01
2.731933593750000000e-01 -2.327623868750438874e+01
2.734375000000000000e-01 -2.354317292367544923e+01
2.736816406250000000e-01 -2.381206090155659183e+01
2.739257812500000000e-01 -2.408290573634759113e+01
2.741699218750000000e-01 -2.435571042799593044e+01
2.744140625000000000e-01 -2.463047786425241270e+01
2.746582031250000000e-01 -2.490721082444148493e+01
2.749023437500000000e-01 -2.518591198401207976e+01
2.751464843750000000e-01 -2.546658391993807413e+01
2.753906250000000000e-01 -2.574922911704336315e+01
2.756347656250000000e-01 -2.603384997533079570e+01
2.758789062500000000e-01 -2.632044881839997430e+01
2.761230468750000000e-01 -2.660902790304419341e+01
2.763671875000000000e-01 -2.689958943012315018e+01
2.766113281250000000e-01 -2.719213555681356809e+01
2.768554687500000000e-01 -2.748666841034738439e+01
2.770996093750000000e-01 -2.778319010335302863e+01
2.773437500000000000e-01 -2.808170275092393808e+01
2.775878906250000000e-01 -2.838220848954473752e+01
2.778320312500000000e-01 -2.868470949801488246e+01
2.780761718750000000e-01 -2.898920802051738832e+01
2.783203125000000000e-01 -2.929570639198994542e+01
2.785644531250000000e-01 -2.960420706596475071e+01
2.788085937500000000e-01 -2.991471264505401706e+01
2.790527343750000000e-01 -3.022722591426881422e+01
2.792968750000000000e-01 -3.054174987736995206e+01
2.795410156250000000e-01 -3.085828779646251974e+01
2.797851562500000000e-01 -3.117684323505758925e+01
2.800292968750000000e-01 -3.149742010483909382e+01
2.802734375000000000e-01 -3.182002271638876323e+01
2.805175781250000000e-01 -3.214465583413658578e+01
2.807617187500000000e-01 -3.247132473582215084e+01
2.810058593750000000e-01 -3.280003527677033759e+01
2.812500000000000000e-01 -3.313079395930362381e+01
2.814941406250000000e-01 -3.346360800763515186e+01
2.817382812500000000e-01 -3.379848544860913506e+01
2.819824218750000000e-01 -3.413543519868124321e+01
2.822265625000000000e-01 -3.447446715755695834e+01
2.824707031250000000e-01 -3.481559230893807921e+01
2.827148437500000000e-01 -3.515882282885913668e+01
2.829589843750000000e-01 -3.550417220213209646e+01
2.832031250000000000e-01 -3.585165534745856064e+01
2.834472656250000000e-01 -3.620128875181257655e+01
2.836914062500000000e-01 -3.655309061474790866e+01
2.839355468750000000e-01 -3.690708100333958441e+01
2.841796875000000000e-01 -3.726328201853130651e+01
2.844238281250000000e-01 -3.762171797373138560e+01
2.846679687500000000e-01 -3.798241558657983319e+01
2.849121093750000000e-01 -3.834540418489876146e+01
2.851562500000000000e-01 -3.871071592794057636e+01
2.854003906250000000e-01 -3.907838604416313899e+01
2.856445312500000000e-01 -3.944845308689674113e+01
2.858886718750000000e-01 -3.982095920941441847e+01
2.861328125000000000e-01 -4.019595046109275671e+01
2.863769531250000000e-01 -4.057347710654666173e+01
2.866210937500000000e-01 -4.095359396985119105e+01
2.868652343750000000e-01 -4.133636080622235909e+01
2.871093750000000000e-01 -4.172184270383265670e+01
2.873535156250000000e-01 -4.211011051878605116e+01
2.875976562500000000e-01 -4.250124134667868248e+01
2.878417968750000000e-01 -4.289531903464380491e+01
2.880859375000000000e-01 -4.329243473832176647e+01
2.883300781250000000e-01 -4.369268752882734219e+01
2.885742187500000000e-01 -4.409618505553828527e+01
2.888183593750000000e-01 -4.450304427138098617e+01
2.890625000000000000e-01 -4.491339222832607447e+01
2.893066406250000000e-01 -4.532736695198678945e+01
2.895507812500000000e-01 -4.574511840564199616e+01
2.897949218750000000e-01 -4.616680955567312594e+01
2.900390625000000000e-01 -4.659261755239484870e+01
2.902832031250000000e-01 -4.702273504262630865e+01
2.905273437500000000e-01 -4.745737163319456897e+01
2.907714843750000000e-01 -4.789675552794733449e+01
2.910156250000000000e-01 -4.834113536497187624e+01
2.912597656250000000e-01 -4.879078228567131248e+01
2.915039062500000000e-01 -4.924599227339252394e+01
2.917480468750000000e-01 -4.970708880668095730e+01
2.919921875000000000e-01 -5.017442588129637215e+01
2.922363281250000000e-01 -5.064839146632185418e+01
2.924804687500000000e-01 -5.112941147358824878e+01
2.927246093750000000e-01 -5.161795433701173863e+01
2.929687500000000000e-01 -5.211453632026339733e+01
2.932128906250000000e-01 -5.261972769884363998e+01
2.934570312500000000e-01 -5.313415999786626287e+01
2.937011718750000000e-01 -5.365853451215245684e+01
2.939453125000000000e-01 -5.419363239391069698e+01
2.941894531250000000e-01 -5.474032666992725638e+01
2.944335937500000000e-01 -5.529959665136141211e+01
2.946777343750000000e-01 -5.587254533398850498e+01
2.949218750000000000e-01 -5.646042056823982591e+01
2.951660156250000000e-01 -5.706464102572154928e+01
2.954101562500000000e-01 -5.768682833018983303e+01
2.956542968750000000e-01 -5.832884719836618359e+01
2.958984375000000000e-01 -5.899285611384536310e+01
2.961425781250000000e-01 -5.968137203558781323e+01
2.963867187500000000e-01 -6.039735407971397763e+01
2.966308593750000000e-01 -6.114431326698657898e+01
2.968750000000000000e-01 -6.192645872705085708e+01
2.971191406250000000e-01 -6.274889592823468831e+01
2.973632812500000000e-01 -6.361790085558852326e+01
2.976074218750000000e-01 -6.454130796497251765e+01
2.978515625000000000e-01 -6.552907372655430152e+01
2.980957031250000000e-01 -6.659412068479906566e+01
2.983398437500000000e-01 -6.775364828397685812e+01
2.985839843750000000e-01 -6.903125913204398501e+01
2.988281250000000000e-01 -7.046059702140408376e+01
2.990722656250000000e-01 -7.209200362949435714e+01
2.993164062500000000e-01 -7.400580910181467686e+01
2.995605468750000000e-01 -7.634221363288318685e+01
2.998046875000000000e-01 -7.938117091402708070e+01
3.000488281250000000e-01 -8.382610396747129755e+01
3.002929687500000000e-01 -9.266936244364882214e+01
3.005371093750000000e-01 -9.590001078216897668e+01
3.007812500000000000e-01 -8.542322725980517362e+01
3.010253906250000000e-01 -8.097420361795569477e+01
3.012695312500000000e-01 -7.816066815005814306e+01
3.015136718750000000e-01 -7.612615139228350358e+01
3.017578125000000000e-01 -7.454907322957686233e+01
3.020019531250000000e-01 -7.327325602255625370e+01
3.022460937500000000e-01 -7.221093332184526048e+01
3.024902343750000000e-01 -7.130784173494221534e+01
3.027343750000000000e-01 -7.052807935162867636e+01
3.029785156250000000e-01 -6.984665592614240381e+01
3.032226562500000000e-01 -6.924547554128352544e+01
3.034667968750000000e-01 -6.871101306233994421e+01
3.037109375000000000e-01 -6.823289366426951119e+01
3.039550781250000000e-01 -6.780298445155352738e+01
3.041992187500000000e-01 -6.741479145324505851e+01
3.044433593750000000e-01 -6.706304652345062323e+01
3.046875000000000000e-01 -6.674341661120784863e+01
3.049316406250000000e-01 -6.645229432462269870e+01
3.051757812500000000e-01 -6.618664395170192449e+01
3.054199218750000000e-01 -6.594388620172954063e+01
3.056640625000000000e-01 -6.572181054338034301e+01
3.059082031250000000e-01 -6.551850757516318424e+01
3.061523437500000000e-01 -6.533231617819524217e+01
3.063964843750000000e-01 -6.516178174042603644e+01
3.066406250000000000e-01 -6.500562278538910732e+01
3.068847656250000000e-01 -6.486270405989826315e+01
3.071289062500000000e-01 -6.473201464173497754e+01
3.073730468750000000e-01 -6.461264998966252904e+01
3.076171875000000000e-01 -6.450379711921311809e+01
3.078613281250000000e-01 -6.440472227903653391e+01
3.081054687500000000e-01 -6.431476064431404893e+01
3.083496093750000000e-01 -6.423330764977130514e+01
3.085937500000000000e-01 -6.415981166529451230e+01
3.088378906250000000e-01 -6.409376777840820694e+01
3.090820312500000000e-01 -6.403471249511891017e+01
3.093261718750000000e-01 -6.398221920742408741e+01
3.095703125000000000e-01 -6.393589430444841781e+01
3.098144531250000000e-01 -6.389537382687365863e+01
3.100585937500000000e-01 -6.386032058228089170e+01
3.103027343750000000e-01 -6.383042165340071250e+01
3.105468750000000000e-01 -6.380538624280450222e+01
3.107910156250000000e-01 -6.378494380689818399e+01
3.110351562500000000e-01 -6.376884243959550247e+01
3.112792968750000000e-01 -6.375684747232136829e+01
3.115234375000000000e-01 -6.374874026196627597e+01
3.117675781250000000e-01 -6.374431714264046178e+01
3.120117187500000000e-01 -6.374338852050894388e+01
3.122558593750000000e-01 -6.374577809388945582e+01
3.125000000000000000e-01 -6.375132218312043619e+01
3.127441406250000000e-01 -6.375986915682950951e+01
3.129882812500000000e-01 -6.377127894281225906e+01
3.132324218750000000e-01 -6.378542261326401075e+01
3.134765625000000000e-01 -6.380218203529420151e+01
3.137207031250000000e-01 -6.382144957871977908e+01
3.139648437500000000e-01 -6.384312787403652578e+01
3.142089843750000000e-01 -6.386712961432172619e+01
3.144531250000000000e-01 -6.389337739545369743e+01
3.146972656250000000e-01 -6.392180358976635546e+01
3.149414062500000000e-01 -6.395235024872999219e+01
3.151855468750000000e-01 -6.398496903086517307e+01
3.154296875000000000e-01 -6.401962115152525712e+01
3.156738281250000000e-01 -6.405627735169774439e+01
3.159179687500000000e-01 -6.409491788335800777e+01
3.161621093750000000e-01 -6.413553250939510519e+01
3.164062500000000000e-01 -6.417812051645053373e+01
3.166503906250000000e-01 -6.422269073956883290e+01
3.168945312500000000e-01 -6.426926159774963310e+01
3.171386718750000000e-01 -6.431786114009618416e+01
3.173828125000000000e-01 -6.436852710253526766e+01
3.176269531250000000e-01 -6.442130697551512242e+01
3.178710937500000000e-01 -6.447625808351570242e+01
3.181152343750000000e-01 -6.453344767763478274e+01
3.183593750000000000e-01 -6.459295304292932371e+01
3.186035156250000000e-01 -6.465486162265534631e+01
3.188476562500000000e-01 -6.471927116202844843e+01
3.190917968750000000e-01 -6.478628987462916200e+01
3.193359375000000000e-01 -6.485603663508287298e+01
3.195800781250000000e-01 -6.492864120229022262e+01
3.198242187500000000e-01 -6.500424447801852068e+01
3.200683593750000000e-01 -6.508299880642755397e+01
3.203125000000000000e-01 -6.516506832081863365e+01
3.205566406250000000e-01 -6.525062934481586296e+01
3.208007812500000000e-01 -6.533987085609547307e+01
3.210449218750000000e-01 -6.543299502195647221e+01
3.212890625000000000e-01 -6.553021781725432504e+01
3.215332031250000000e-01 -6.563176973690421789e+01
3.217773437500000000e-01 -6.573789661660487127e+01
3.220214843750000000e-01 -6.584886057789802294e+01
3.222656250000000000e-01 -6.596494111590833143e+01
3.225097656250000000e-01 -6.608643635118190218e+01
3.227539062500000000e-01 -6.621366447060250948e+01
3.229980468750000000e-01 -6.634696538666320009e+01
3.232421875000000000e-01 -6.648670264962343879e+01
3.234863281250000000e-01 -6.663326565343525942e+01
3.237304687500000000e-01 -6.678707218419518199e+01
3.239746093750000000e-01 -6.694857136944463605e+01
3.242187500000000000e-01 -6.711824709864622207e+01
3.244628906250000000e-01 -6.729662200004088390e+01
3.247070312500000000e-01 -6.748426207764069318e+01
3.249511718750000000e-01 -6.768178213580537772e+01
3.251953125000000000e-01 -6.788985214853050820e+01
3.254394531250000000e-01 -6.810920476893956277e+01
3.256835937500000000e-01 -6.834064422362519053e+01
3.259277343750000000e-01 -6.858505690056300352e+01
3.261718750000000000e-01 -6.884342402322337762e+01
3.264160156250000000e-01 -6.911683691464844514e+01
3.266601562500000000e-01 -6.940651550390741420e+01
3.269042968750000000e-01 -6.971383092819947080e+01
3.271484375000000000e-01 -7.004033335896107815e+01
3.273925781250000000e-01 -7.038778656139626833e+01
3.276367187500000000e-01 -7.075821123263030188e+01
3.278808593750000000e-01 -7.115393992853726957e+01
3.281250000000000000e-01 -7.157768749923789642e+01
3.283691406250000000e-01 -7.203264259482793364e+01
3.286132812500000000e-01 -7.252258827978756983e+01
3.288574218750000000e-01 -7.305206361863943698e+01
3.291015625000000000e-01 -7.362658415096439057e+01
3.293457031250000000e-01 -7.425294904196492496e+01
3.295898437500000000e-01 -7.493967930828569024e+01
3.298339843750000000e-01 -7.569766055350655165e+01
3.300781250000000000e-01 -7.654111663876977900e+01
3.303222656250000000e-01 -7.748914248118401815e+01
3.305664062500000000e-01 -7.856823187034937916e+01
3.308105468750000000e-01 -7.981669267938463008e+01
3.310546875000000000e-01 -8.129294238783343474e+01
3.312988281250000000e-01 -8.309266708325050388e+01
3.315429687500000000e-01 -8.538938179740910073e+01
3.317871093750000000e-01 -8.855163192043420395e+01
3.320312500000000000e-01 -9.362398878423536530e+01
3.322753906250000000e-01 -1.075179139301098701e+02
3.325195312500000000e-01 -9.805961908544526295e+01
3.327636718750000000e-01 -9.066822560387015528e+01
3.330078125000000000e-01 -8.672456514886198420e+01
3.332519531250000000e-01 -8.401827133230781897e+01
3.334960937500000000e-01 -8.195683874400729962e+01
3.337402343750000000e-01 -8.029295244171701995e+01
3.339843750000000000e-01 -7.889951230942723726e+01
3.342285156250000000e-01 -7.770249671011885084e+01
3.344726562500000000e-01 -7.665500035587679406e+01
3.347167968750000000e-01 -7.572542990587695044e+01
3.349609375000000000e-01 -7.489149736338674757e+01
3.352050781250000000e-01 -7.413689780747523628e+01
3.354492187500000000e-01 -7.344934933617729200e+01
3.356933593750000000e-01 -7.281937551286105759e+01
3.359375000000000000e-01 -7.223951646255933667e+01
3.361816406250000000e-01 -7.170379940723206857e+01
3.364257812500000000e-01 -7.120737257305125922e+01
3.366699218750000000e-01 -7.074624550462229422e+01
3.369140625000000000e-01 -7.031710072936705558e+01
3.371582031250000000e-01 -6.991715449386924774e+01
3.374023437500000000e-01 -6.954405201218801835e+01
3.376464843750000000e-01 -6.919578747192490198e+01
3.378906250000000000e-01 -6.887064211882483278e+01
3.381347656250000000e-01 -6.856713575542514150e+01
3.383789062500000000e-01 -6.828398833872890350e+01
3.386230468750000000e-01 -6.802008928281097155e+01
3.388671875000000000e-01 -6.777447271285578267e+01
3.391113281250000000e-01 -6.754629736896799841e+01
3.393554687500000000e-01 -6.733483018249023644e+01
3.395996093750000000e-01 -6.713943278306044249e+01
3.398437500000000000e-01 -6.695955036811068339e+01
3.400878906250000000e-01 -6.679470249574492868e+01
3.403320312500000000e-01 -6.664447545952522489e+01
3.405761718750000000e-01 -6.650851597783621116e+01
3.408203125000000000e-01 -6.638652598806086758e+01
3.410644531250000000e-01 -6.627825838046233287e+01
3.413085937500000000e-01 -6.618351354216031268e+01
3.415527343750000000e-01 -6.610213661008637587e+01
3.417968750000000000e-01 -6.603401535497904717e+01
3.420410156250000000e-01 -6.597907863799461836e+01
3.422851562500000000e-01 -6.593729539798952999e+01
3.425292968750000000e-01 -6.590867414233477461e+01
3.427734375000000000e-01 -6.589326292744205205e+01
3.430175781250000000e-01 -6.589114982800838050e+01
3.432617187500000000e-01 -6.590246390673911492e+01
3.435058593750000000e-01 -6.592737670961162166e+01
3.437500000000000000e-01 -6.596610432612774844e+01
3.439941406250000000e-01 -6.601891007024104852e+01
3.442382812500000000e-01 -6.608610785661085174e+01
3.444824218750000000e-01 -6.616806636928778573e+01
3.447265625000000000e-01 -6.626521414755663386e+01
3.449707031250000000e-01 -6.637804574777624111e+01
3.452148437500000000e-01 -6.650712918322552980e+01
3.454589843750000000e-01 -6.665311489898584796e+01
3.457031250000000000e-01 -6.681674661020909411e+01
3.459472656250000000e-01 -6.699887442533588455e+01
3.461914062500000000e-01 -6.720047079931738665e+01
3.464355468750000000e-01 -6.742265002716916911e+01
3.466796875000000000e-01 -6.766669221240775300e+01
3.469238281250000000e-01 -6.793407295252937672e+01
3.471679687500000000e-01 -6.822650041205352522e+01
3.474121093750000000e-01 -6.854596205849584578e+01
3.476562500000000000e-01 -6.889478420473255937e+01
3.479003906250000000e-01 -6.927570876869323513e+01
3.481445312500000000e-01 -6.969199354842901073e+01
3.483886718750000000e-01 -7.014754517925055666e+01
3.486328125000000000e-01 -7.064709840617011594e+01
3.488769531250000000e-01 -7.119646244455744011e+01
3.491210937500000000e-01 -7.180286696247796385e+01
3.493652343750000000e-01 -7.247546026183886170e+01
3.496093750000000000e-01 -7.322604776510152647e+01
3.498535156250000000e-01 -7.407022484314366295e+01
3.500976562500000000e-01 -7.502918714999606209e+01
3.503417968750000000e-01 -7.613277151889654704e+01
3.505859375000000000e-01 -7.742489136051584353e+01
3.508300781250000000e-01 -7.897405959808941134e+01
3.510742187500000000e-01 -8.089605932930911081e+01
3.513183593750000000e-01 -8.341079764457458623e+01
3.515625000000000000e-01 -8.702317430755746841e+01
3.518066406250000000e-01 -9.342957293978003008e+01
3.520507812500000000e-01 -1.132774141842234457e+02
3.522949218750000000e-01 -9.175367249635843336e+01
3.525390625000000000e-01 -8.607697488992761237e+01
3.527832031250000000e-01 -8.265802744991955819e+01
3.530273437500000000e-01 -8.020322818045336533e+01
3.532714843750000000e-01 -7.828781360801337996e+01
3.535156250000000000e-01 -7.671854843574196536e+01
3.537597656250000000e-01 -7.539107023571226307e+01
3.540039062500000000e-01 -7.424257160384895826e+01
3.542480468750000000e-01 -7.323230549497253605e+01
3.544921875000000000e-01 -7.233233208456580599e+01
3.547363281250000000e-01 -7.152266037229972540e+01
3.549804687500000000e-01 -7.078849571877996993e+01
3.552246093750000000e-01 -7.011858478739662814e+01
3.554687500000000000e-01 -6.950417142449521180e+01
3.557128906250000000e-01 -6.893831138066030917e+01
3.559570312500000000e-01 -6.841540736933788480e+01
3.562011718750000000e-01 -6.793088457783433398e+01
3.564453125000000000e-01 -6.748095862050436722e+01
3.566894531250000000e-01 -6.706246604453373550e+01
3.569335937500000000e-01 -6.667273820123676842e+01
3.571777343750000000e-01 -6.630950583118493569e+01
3.574218750000000000e-01 -6.597082582076568258e+01
3.576660156250000000e-01 -6.565502423906599461e+01
3.579101562500000000e-01 -6.536065151503269988e+01
3.581542968750000000e-01 -6.508644679540225297e+01
3.583984375000000000e-01 -6.483130933493568193e+01
3.586425781250000000e-01 -6.459427533744963057e+01
3.588867187500000000e-01 -6.437449906840056713e+01
3.591308593750000000e-01 -6.417123734973557703e+01
3.593750000000000000e-01 -6.398383675908033297e+01
3.596191406250000000e-01 -6.381172301171831407e+01
3.598632812500000000e-01 -6.365439212054904772e+01
3.601074218750000000e-01 -6.351140301755587814e+01
3.603515625000000000e-01 -6.338237138777989799e+01
3.605957031250000000e-01 -6.326696451880846439e+01
3.608398437500000000e-01 -6.316489700945576402e+01
3.610839843750000000e-01 -6.307592721335598895e+01
3.613281250000000000e-01 -6.299985431869622232e+01
3.615722656250000000e-01 -6.293651598609240239e+01
3.618164062500000000e-01 -6.288578648349348299e+01
3.620605468750000000e-01 -6.284757527122931009e+01
3.623046875000000000e-01 -6.282182600249708315e+01
3.625488281250000000e-01 -6.280851591511637366e+01
3.627929687500000000e-01 -6.280765560013890081e+01
3.630371093750000000e-01 -6.281928914184457824e+01
3.632812500000000000e-01 -6.284349463248219791e+01
3.635253906250000000e-01 -6.288038507415871692e+01
3.637695312500000000e-01 -6.293010968958803630e+01
3.640136718750000000e-01 -6.299285567390603546e+01
3.642578125000000000e-01 -6.306885043145555869e+01
3.645019531250000000e-01 -6.315836435509680769e+01
3.647460937500000000e-01 -6.326171422186065740e+01
3.649902343750000000e-01 -6.337926729850879326e+01
3.652343750000000000e-01 -6.351144627487666838e+01
3.654785156250000000e-01 -6.365873517322425101e+01
3.657226562500000000e-01 -6.382168642028800321e+01
3.659667968750000000e-01 -6.400092931780345396e+01
3.662109375000000000e-01 -6.419718021076938896e+01
3.664550781250000000e-01 -6.441125473564247272e+01
3.666992187500000000e-01 -6.464408264002992155e+01
3.669433593750000000e-01 -6.489672581142146157e+01
3.671875000000000000e-01 -6.517040034954459315e+01
3.674316406250000000e-01 -6.546650378611828103e+01
3.676757812500000000e-01 -6.578664892830792610e+01
3.679199218750000000e-01 -6.613270632533402704e+01
3.681640625000000000e-01 -6.650685810326160663e+01
3.684082031250000000e-01 -6.691166699398050355e+01
3.686523437500000000e-01 -6.735016598015397449e+01
3.688964843750000000e-01 -6.782597638275812812e+01
3.691406250000000000e-01 -6.834346592368002860e+01
3.693847656250000000e-01 -6.890796415332626168e+01
3.696289062500000000e-01 -6.952606215797922573e+01
3.698730468750000000e-01 -7.020603945790580269e+01
3.701171875000000000e-01 -7.095848888485132022e+01
3.703613281250000000e-01 -7.179726093976002232e+01
3.706054687500000000e-01 -7.274094614532837966e+01
3.708496093750000000e-01 -7.381531098155926429e+01
3.710937500000000000e-01 -7.505753364480096934e+01
3.713378906250000000e-01 -7.652411660370636071e+01
3.715820312500000000e-01 -7.830712680911797463e+01
3.718261718750000000e-01 -8.057216029307728888e+01
3.720703125000000000e-01 -8.366613765385038448e+01
3.723144531250000000e-01 -8.854502865215170004e+01
3.725585937500000000e-01 -1.007906266203523558e+02
3.728027343750000000e-01 -9.434806198610502292e+01
3.730468750000000000e-01 -8.647237273194608065e+01
3.732910156250000000e-01 -8.241581066167229608e+01
3.735351562500000000e-01 -7.966854907907533345e+01
3.737792968750000000e-01 -7.759281013081604783e+01
3.740234375000000000e-01 -7.592766348937222176e+01
3.742675781250000000e-01 -7.454046823042196479e+01
3.745117187500000000e-01 -7.335450189763196249e+01
3.747558593750000000e-01 -7.232136881235969383e+01
3.750000000000000000e-01 -7.140857275452025021e+01
3.752441406250000000e-01 -7.059323626917243644e+01
3.754882812500000000e-01 -6.985864464745063174e+01
3.757324218750000000e-01 -6.919221517634633756e+01
3.759765625000000000e-01 -6.858423975575865938e+01
3.762207031250000000e-01 -6.802707234082313903e+01
3.764648437500000000e-01 -6.751458478871556679e+01
3.767089843750000000e-01 -6.704179128365947804e+01
3.769531250000000000e-01 -6.660458231333161905e+01
3.771972656250000000e-01 -6.619953195902675702e+01
3.774414062500000000e-01 -6.582375551923436774e+01
3.776855468750000000e-01 -6.547480247486633687e+01
3.779296875000000000e-01 -6.515057476882068954e+01
3.781738281250000000e-01 -6.484926354274475102e+01
3.784179687500000000e-01 -6.456929954808549610e+01
3.786621093750000000e-01 -6.430931383507649457e+01
3.789062500000000000e-01 -6.406810626900283978e+01
3.791503906250000000e-01 -6.384462007904615177e+01
3.793945312500000000e-01 -6.363792110799509771e+01
3.796386718750000000e-01 -6.344718076221940350e+01
3.798828125000000000e-01 -6.327166190173183935e+01
3.801269531250000000e-01 -6.311070708670313678e+01
3.803710937500000000e-01 -6.296372872809029531e+01
3.806152343750000000e-01 -6.283020078855129498e+01
3.808593750000000000e-01 -6.270965175470869468e+01
3.811035156250000000e-01 -6.260165865907875826e+01
3.813476562500000000e-01 -6.250584197428047872e+01
3.815917968750000000e-01 -6.242186123661917208e+01
3.818359375000000000e-01 -6.234941128326100568e+01
3.820800781250000000e-01 -6.228821900853765214e+01
3.823242187500000000e-01 -6.223804056212757985e+01
3.825683593750000000e-01 -6.219865892541799468e+01
3.828125000000000000e-01 -6.216988181349633180e+01
3.830566406250000000e-01 -6.215153985912156998e+01
3.833007812500000000e-01 -6.214348504244664895e+01
3.835449218750000000e-01 -6.214558933624073944e+01
3.837890625000000000e-01 -6.215774354144339497e+01
3.840332031250000000e-01 -6.217985629197029596e+01
3.842773437500000000e-01 -6.221185321133834378e+01
3.845214843750000000e-01 -6.225367620651421419e+01
3.847656250000000000e-01 -6.230528288710183915e+01
3.850097656250000000e-01 -6.236664610006189946e+01
3.852539062500000000e-01 -6.243775357219675470e+01
3.854980468750000000e-01 -6.251860765429793076e+01
3.857421875000000000e-01 -6.260922516247758551e+01
3.859863281250000000e-01 -6.270963731355706727e+01
3.862304687500000000e-01 -6.281988975285009502e+01
3.864746093750000000e-01 -6.294004267388149287e+01
3.867187500000000000e-01 -6.307017103095216726e+01
3.869628906250000000e-01 -6.321036484670001698e+01
3.872070312500000000e-01 -6.336072961820993044e+01
3.874511718750000000e-01 -6.352138682660221747e+01
3.876953125000000000e-01 -6.369247455660706692e+01
3.879394531250000000e-01 -6.387414823432564503e+01
3.881835937500000000e-01 -6.406658149327435581e+01
3.884277343750000000e-01 -6.426996718097565520e+01
3.886718750000000000e-01 -6.448451852085814551e+01
3.889160156250000000e-01 -6.471047044709730756e+01
3.891601562500000000e-01 -6.494808113346424250e+01
3.894042968750000000e-01 -6.519763374120026356e+01
3.896484375000000000e-01 -6.545943841582096923e+01
3.898925781250000000e-01 -6.573383456838857342e+01
3.901367187500000000e-01 -6.602119348386520414e+01
3.903808593750000000e-01 -6.632192130750341619e+01
3.906250000000000000e-01 -6.663646247069526396e+01
3.908691406250000000e-01 -6.696530363036065125e+01
3.911132812500000000e-01 -6.730897821185521934e+01
3.913574218750000000e-01 -6.766807166513180505e+01
3.916015625000000000e-01 -6.804322756868349131e+01
3.918457031250000000e-01 -6.843515474735058035e+01
3.920898437500000000e-01 -6.884463561017398092e+01
3.923339843750000000e-01 -6.927253596619262055e+01
3.925781250000000000e-01 -6.971981664317743821e+01
3.928222656250000000e-01 -7.018754732201084323e+01
3.930664062500000000e-01 -7.067692311577003750e+01
3.933105468750000000e-01 -7.118928457765827034e+01
3.935546875000000000e-01 -7.172614203184313908e+01
3.937988281250000000e-01 -7.228920540824088903e+01
3.940429687500000000e-01 -7.288042116028077544e+01
3.942871093750000000e-01 -7.350201840409107490e+01
3.945312500000000000e-01 -7.415656721674413632e+01
3.947753906250000000e-01 -7.484705319184291739e+01
3.950195312500000000e-01 -7.557697406943640317e+01
3.952636718750000000e-01 -7.635046685412757483e+01
3.955078125000000000e-01 -7.717247785177525543e+01
3.957519531250000000e-01 -7.804899443027969141e+01
3.959960937500000000e-01 -7.898736772589271027e+01
3.962402343750000000e-01 -7.999677310981158485e+01
3.964843750000000000e-01 -8.108888609569281414e+01
3.967285156250000000e-01 -8.227890796381643668e+01
3.969726562500000000e-01 -8.358718467747071657e+01
3.972167968750000000e-01 -8.504188727356005018e+01
3.974609375000000000e-01 -8.668371978612451301e+01
3.977050781250000000e-01 -8.857483423819336110e+01
3.979492187500000000e-01 -9.081747730469476210e+01
3.981933593750000000e-01 -9.359880067687517169e+01
3.984375000000000000e-01 -9.732385851030646506e+01
3.986816406250000000e-01 -1.031913746537291274e+02
3.989257812500000000e-01 -1.214117456547830329e+02
3.991699218750000000e-01 -1.067169827199671204e+02
3.994140625000000000e-01 -1.004747524169140576e+02
3.996582031250000000e-01 -9.725906384126301418e+01
3.999023437500000000e-01 -9.521746158131050208e+01
4.001464843750000000e-01 -9.382035290965558261e+01
4.003906250000000000e-01 -9.284353024454547665e+01
4.006347656250000000e-01 -9.217335221072468698e+01
4.008789062500000000e-01 -9.174686150188344413e+01
4.011230468750000000e-01 -9.152853526512880933e+01
4.013671875000000000e-01 -9.150010389266088850e+01
4.016113281250000000e-01 -9.165611308962391490e+01
4.018554687500000000e-01 -9.200270006047351501e+01
4.020996093750000000e-01 -9.255896516454873790e+01
4.023437500000000000e-01 -9.336163478541206473e+01
4.025878906250000000e-01 -9.447569929151080714e+01
4.028320312500000000e-01 -9.601880231325802129e+01
4.030761718750000000e-01 -9.822465734531667181e+01
4.033203125000000000e-01 -1.016530045576301831e+02
4.035644531250000000e-01 -1.083324992761094734e+02
4.038085937500000000e-01 -1.198404567276203352e+02
4.040527343750000000e-01 -1.040652686960536357e+02
4.042968750000000000e-01 -9.850500086580575498e+01
4.045410156250000000e-01 -9.497030748860399285e+01
4.047851562500000000e-01 -9.234675716141737212e+01
4.050292968750000000e-01 -9.024847897655692464e+01
4.052734375000000000e-01 -8.849511217121496998e+01
4.055175781250000000e-01 -8.698744382735581837e+01
4.057617187500000000e-01 -8.566489651182561715e+01
4.060058593750000000e-01 -8.448767709208746624e+01
4.062500000000000000e-01 -8.342818830409895270e+01
4.064941406250000000e-01 -8.246647217489565662e+01
4.067382812500000000e-01 -8.158760649282632471e+01
4.069824218750000000e-01 -8.078012783687657361e+01
4.072265625000000000e-01 -8.003503022460486704e+01
4.074707031250000000e-01 -7.934510395657977710e+01
4.077148437500000000e-01 -7.870448450399085516e+01
4.079589843750000000e-01 -7.810833596216993158e+01
4.082031250000000000e-01 -7.755262349001647237e+01
4.084472656250000000e-01 -7.703394623382665429e+01
4.086914062500000000e-01 -7.654941236622610745e+01
4.089355468750000000e-01 -7.609654408135095593e+01
4.091796875000000000e-01 -7.567320430734308445e+01
4.094238281250000000e-01 -7.527753943460523089e+01
4.096679687500000000e-01 -7.490793403971612463e+01
4.099121093750000000e-01 -7.456297472195298326e+01
4.101562500000000000e-01 -7.424142095297851540e+01
4.104003906250000000e-01 -7.394218138951292474e+01
4.106445312500000000e-01 -7.366429449036465371e+01
4.108886718750000000e-01 -7.340691256115779595e+01
4.111328125000000000e-01 -7.316928855774213503e+01
4.113769531250000000e-01 -7.295076513226744908e+01
4.116210937500000000e-01 -7.275076552138668262e+01
4.118652343750000000e-01 -7.256878596350898647e+01
4.121093750000000000e-01 -7.240438939935857832e+01
4.123535156250000000e-01 -7.225720026238062133e+01
4.125976562500000000e-01 -7.212690020696631166e+01
4.128417968750000000e-01 -7.201322465534946105e+01
4.130859375000000000e-01 -7.191596007108819322e+01
4.133300781250000000e-01 -7.183494188919438272e+01
4.135742187500000000e-01 -7.177005305219975639e+01
4.138183593750000000e-01 -7.172122311798692351e+01
4.140625000000000000e-01 -7.168842792060284808e+01
4.143066406250000000e-01 -7.167168977938686680e+01
4.145507812500000000e-01 -7.167107826634853041e+01
4.147949218750000000e-01 -7.168671155627507119e+01
4.150390625000000000e-01 -7.171875840015776760e+01
4.152832031250000000e-01 -7.176744078026761997e+01
4.155273437500000000e-01 -7.183303732651943108e+01
4.157714843750000000e-01 -7.191588759802159814e+01
4.160156250000000000e-01 -7.201639736465129715e+01
4.162597656250000000e-01 -7.213504506093880764e+01
4.165039062500000000e-01 -7.227238963248483117e+01
4.167480468750000000e-01 -7.242908005621886502e+01
4.169921875000000000e-01 -7.260586689521183246e+01
4.172363281250000000e-01 -7.280361635318355695e+01
4.174804687500000000e-01 -7.302332743213939636e+01
4.177246093750000000e-01 -7.326615298323162051e+01
4.179687500000000000e-01 -7.353342569461932499e+01
4.182128906250000000e-01 -7.382669041035322266e+01
4.184570312500000000e-01 -7.414774466473028269e+01
4.187011718750000000e-01 -7.449869001272286084e+01
4.189453125000000000e-01 -7.488199774406822939e+01
4.191894531250000000e-01 -7.530059404806627299e+01
4.194335937500000000e-01 -7.575797191822549337e+01
4.196777343750000000e-01 -7.625834049370824630e+01
4.199218750000000000e-01 -7.680682789445609160e+01
4.201660156250000000e-01 -7.740976227270054721e+01
4.204101562500000000e-01 -7.807507026464932665e+01
4.206542968750000000e-01 -7.881285704047755303e+01
4.208984375000000000e-01 -7.963627726372912718e+01
4.211425781250000000e-01 -8.056289169652794158e+01
4.213867187500000000e-01 -8.161687560574920042e+01
4.216308593750000000e-01 -8.283281412816340605e+01
4.218750000000000000e-01 -8.426268635366417925e+01
4.221191406250000000e-01 -8.598991495511759808e+01
4.223632812500000000e-01 -8.816128990484210703e+01
4.226074218750000000e-01 -9.107370123644253113e+01
4.228515625000000000e-01 -9.549124441309547251e+01
4.230957031250000000e-01 -1.049098998861624636e+02
4.233398437500000000e-01 -1.053568853825881604e+02
4.235839843750000000e-01 -9.569981823251660558e+01
4.238281250000000000e-01 -9.127053883472910911e+01
4.240722656250000000e-01 -8.837900815825184964e+01
4.243164062500000000e-01 -8.623967229636791387e+01
4.245605468750000000e-01 -8.454987028506670299e+01
4.248046875000000000e-01 -8.316066345084483658e+01
4.250488281250000000e-01 -8.198769025450718573e+01
4.252929687500000000e-01 -8.097853356305520833e+01
4.255371093750000000e-01 -8.009841029304506321e+01
4.257812500000000000e-01 -7.932307606705128933e+01
4.260253906250000000e-01 -7.863497711984324212e+01
4.262695312500000000e-01 -7.802101496597195762e+01
4.265136718750000000e-01 -7.747117534682116968e+01
4.267578125000000000e-01 -7.697764933792019804e+01
4.270019531250000000e-01 -7.653424900554134069e+01
4.272460937500000000e-01 -7.613600683233541133e+01
4.274902343750000000e-01 -7.577889392996432605e+01
4.277343750000000000e-01 -7.545961742549776829e+01
4.279785156250000000e-01 -7.517547206301669860e+01
4.282226562500000000e-01 -7.492422984049214563e+01
4.284667968750000000e-01 -7.470405693153814752e+01
4.287109375000000000e-01 -7.451345059672527782e+01
4.289550781250000000e-01 -7.435119104654600619e+01
4.291992187500000000e-01 -7.421630472843797577e+01
4.294433593750000000e-01 -7.410803654640142213e+01
4.296875000000000000e-01 -7.402582924964472966e+01
4.299316406250000000e-01 -7.396930875417095308e+01
4.301757812500000000e-01 -7.393827455565462969e+01
4.304199218750000000e-01 -7.393269470235043173e+01
4.306640625000000000e-01 -7.395270505518305981e+01
4.309082031250000000e-01 -7.399861279520295909e+01
4.311523437500000000e-01 -7.407090436748590889e+01
4.313964843750000000e-01 -7.417025829771996825e+01
4.316406250000000000e-01 -7.429756360618617350e+01
4.318847656250000000e-01 -7.445394490437685420e+01
4.321289062500000000e-01 -7.464079573381403065e+01
4.323730468750000000e-01 -7.485982235401870355e+01
4.326171875000000000e-01 -7.511310109916489353e+01
4.328613281250000000e-01 -7.540315374244974578e+01
4.331054687500000000e-01 -7.573304726157739708e+01
4.333496093750000000e-01 -7.610652736543573837e+01
4.335937500000000000e-01 -7.652819975933805097e+01
4.338378906250000000e-01 -7.700378051588349138e+01
4.340820312500000000e-01 -7.754044910881992791e+01
4.343261718750000000e-01 -7.814735849392614853e+01
4.345703125000000000e-01 -7.883639363865087546e+01
4.348144531250000000e-01 -7.962333882539842023e+01
4.350585937500000000e-01 -8.052974959631191609e+01
4.353027343750000000e-01 -8.158610990055572643e+01
4.355468750000000000e-01 -8.283750337935121877e+01
4.357910156250000000e-01 -8.435466353545993456e+01
4.360351562500000000e-01 -8.625798938295541518e+01
4.362792968750000000e-01 -8.877855422583519385e+01
4.365234375000000000e-01 -9.245644138847289639e+01
4.367675781250000000e-01 -9.918481728548913168e+01
4.370117187500000000e-01 -1.134618385399734279e+02
4.372558593750000000e-01 -9.621584984484260872e+01
4.375000000000000000e-01 -9.075224291886601691e+01
4.377441406250000000e-01 -8.738896324306270458e+01
4.379882812500000000e-01 -8.494840983380552757e+01
4.382324218750000000e-01 -8.303126777855322871e+01
4.384765625000000000e-01 -8.145311650983926199e+01
4.387207031250000000e-01 -8.011344932045747669e+01
4.389648437500000000e-01 -7.895140964105387127e+01
4.392089843750000000e-01 -7.792734247758136235e+01
4.394531250000000000e-01 -7.701396752344611230e+01
4.396972656250000000e-01 -7.619171716623554858e+01
4.399414062500000000e-01 -7.544608328086137305e+01
4.401855468750000000e-01 -7.476601610392557973e+01
4.404296875000000000e-01 -7.414291119727280943e+01
4.406738281250000000e-01 -7.356994299218638389e+01
4.409179687500000000e-01 -7.304161174780044519e+01
4.411621093750000000e-01 -7.255342688362368619e+01
4.414062500000000000e-01 -7.210168026739729896e+01
4.416503906250000000e-01 -7.168328049543649172e+01
4.418945312500000000e-01 -7.129562953936185465e+01
4.421386718750000000e-01 -7.093652945784054964e+01
4.423828125000000000e-01 -7.060411085722243740e+01
4.426269531250000000e-01 -7.029677736087198525e+01
4.428710937500000000e-01 -7.001316205122782321e+01
4.431152343750000000e-01 -6.975209299961687748e+01
4.433593750000000000e-01 -6.951256579161923810e+01
4.436035156250000000e-01 -6.929372151068398011e+01
4.438476562500000000e-01 -6.909482903841410462e+01
4.440917968750000000e-01 -6.891527081590128034e+01
4.443359375000000000e-01 -6.875453142076538882e+01
4.445800781250000000e-01 -6.861218847153686795e+01
4.448242187500000000e-01 -6.848790549014961471e+01
4.450683593750000000e-01 -6.838142644574051587e+01
4.453125000000000000e-01 -6.829257177617942887e+01
4.455566406250000000e-01 -6.822123574335401486e+01
4.458007812500000000e-01 -6.816738502926666854e+01
4.460449218750000000e-01 -6.813105852441050558e+01
4.462890625000000000e-01 -6.811236830228520489e+01
4.465332031250000000e-01 -6.811150181513322366e+01
4.467773437500000000e-01 -6.812872539001031669e+01
4.470214843750000000e-01 -6.816438915258703446e+01
4.472656250000000000e-01 -6.821893356298302535e+01
4.475097656250000000e-01 -6.829289781640032686e+01
4.477539062500000000e-01 -6.838693044732866611e+01
4.479980468750000000e-01 -6.850180258606089012e+01
4.482421875000000000e-01 -6.863842446075420867e+01
4.484863281250000000e-01 -6.879786593013818674e+01
4.487304687500000000e-01 -6.898138209254626929e+01
4.489746093750000000e-01 -6.919044537497303793e+01
4.492187500000000000e-01 -6.942678600655162313e+01
4.494628906250000000e-01 -6.969244349121082394e+01
4.497070312500000000e-01 -6.998983272173862247e+01
4.499511718750000000e-01 -7.032182988813151781e+01
4.501953125000000000e-01 -7.069188560329392601e+01
4.504394531250000000e-01 -7.110417615481469511e+01
4.506835937500000000e-01 -7.156380928021417276e+01
4.509277343750000000e-01 -7.207710975077161208e+01
4.511718750000000000e-01 -7.265202490419918036e+01
4.514160156250000000e-01 -7.329871601397493919e+01
4.516601562500000000e-01 -7.403044792353435355e+01
4.519042968750000000e-01 -7.486497774027249363e+01
4.521484375000000000e-01 -7.582682128034426228e+01
4.523925781250000000e-01 -7.695116042139542856e+01
4.526367187500000000e-01 -7.829106195087544506e+01
4.528808593750000000e-01 -7.993207629870505571e+01
4.531250000000000000e-01 -8.202565580127061651e+01
4.533691406250000000e-01 -8.488098908449444480e+01
4.536132812500000000e-01 -8.930780236702445052e+01
4.538574218750000000e-01 -9.922397315901000070e+01
4.541015625000000000e-01 -9.779118015366906036e+01
4.543457031250000000e-01 -8.858571411573090870e+01
4.545898437500000000e-01 -8.415327438443226526e+01
4.548339843750000000e-01 -8.119003526038824248e+01
4.550781250000000000e-01 -7.895419069229085096e+01
4.553222656250000000e-01 -7.715499078420594969e+01
4.555664062500000000e-01 -7.564800767117512237e+01
4.558105468750000000e-01 -7.435091023923200737e+01
4.560546875000000000e-01 -7.321228315582011703e+01
4.562988281250000000e-01 -7.219785211805296399e+01
4.565429687500000000e-01 -7.128361792877413450e+01
4.567871093750000000e-01 -7.045211774478349298e+01
4.570312500000000000e-01 -6.969024612330208868e+01
4.572753906250000000e-01 -6.898791475570014597e+01
4.575195312500000000e-01 -6.833719104314492654e+01
4.577636718750000000e-01 -6.773172383612343594e+01
4.580078125000000000e-01 -6.716634860411352292e+01
4.582519531250000000e-01 -6.663680869388389283e+01
4.584960937500000000e-01 -6.613955397899502486e+01
4.587402343750000000e-01 -6.567159246409578088e+01
4.589843750000000000e-01 -6.523037896106083622e+01
4.592285156250000000e-01 -6.481373024850879005e+01
4.594726562500000000e-01 -6.441975949488430331e+01
4.597167968750000000e-01 -6.404682492210235978e+01
4.599609375000000000e-01 -6.369348915156000146e+01
4.602050781250000000e-01 -6.335848667016936275e+01
4.604492187500000000e-01 -6.304069754370396339e+01
4.606933593750000000e-01 -6.273912599009588575e+01
4.609375000000000000e-01 -6.245288277190437043e+01
4.611816406250000000e-01 -6.218117061836537118e+01
4.614257812500000000e-01 -6.192327207148241541e+01
4.616699218750000000e-01 -6.167853928729892488e+01
4.619140625000000000e-01 -6.144638542597053288e+01
4.621582031250000000e-01 -6.122627734195077664e+01
4.624023437500000000e-01 -6.101772934486584887e+01
4.626464843750000000e-01 -6.082029784766604052e+01
4.628906250000000000e-01 -6.063357675409558567e+01
4.631347656250000000e-01 -6.045719346556323615e+01
4.633789062500000000e-01 -6.029080540954415568e+01
4.636230468750000000e-01 -6.013409700912301048e+01
4.638671875000000000e-01 -5.998677702736247142e+01
4.641113281250000000e-01 -5.984857623146179151e+01
4.643554687500000000e-01 -5.971924533078019692e+01
4.645996093750000000e-01 -5.959855315026874223e+01
4.648437500000000000e-01 -5.948628500689889620e+01
4.650878906250000000e-01 -5.938224126172178075e+01
4.653320312500000000e-01 -5.928623602424416106e+01
4.655761718750000000e-01 -5.919809598933554184e+01
4.658203125000000000e-01 -5.911765938961036682e+01
4.660644531250000000e-01 -5.904477504867814730e+01
4.663085937500000000e-01 -5.897930152265311676e+01
4.665527343750000000e-01 -5.892110631894874473e+01
4.667968750000000000e-01 -5.887006518282002787e+01
4.670410156250000000e-01 -5.882606144331886355e+01
4.672851562500000000e-01 -5.878898541133793287e+01
4.675292968750000000e-01 -5.875873382326365402e+01
4.677734375000000000e-01 -5.873520932449021359e+01
4.680175781250000000e-01 -5.871831998770935712e+01
4.682617187500000000e-01 -5.870797886135093080e+01
4.685058593750000000e-01 -5.870410354406783426e+01
4.687500000000000000e-01 -5.870661578147925752e+01
4.689941406250000000e-01 -5.871544108176500032e+01
4.692382812500000000e-01 -5.873050834692759281e+01
4.694824218750000000e-01 -5.875174951681983515e+01
4.697265625000000000e-01 -5.877909922316118241e+01
4.699707031250000000e-01 -5.881249445098957551e+01
4.702148437500000000e-01 -5.885187420508412259e+01
4.704589843750000000e-01 -5.889717917900719613e+01
4.707031250000000000e-01 -5.894835142448528131e+01
4.709472656250000000e-01 -5.900533401893332552e+01
4.711914062500000000e-01 -5.906807072894552846e+01
4.714355468750000000e-01 -5.913650566759763194e+01
4.716796875000000000e-01 -5.921058294345719730e+01
4.719238281250000000e-01 -5.929024629916013822e+01
4.721679687500000000e-01 -5.937543873743663880e+01
4.724121093750000000e-01 -5.946610213245572396e+01
4.726562500000000000e-01 -5.956217682431019256e+01
4.729003906250000000e-01 -5.966360119453471356e+01
4.731445312500000000e-01 -5.977031122042754419e+01
4.733886718750000000e-01 -5.988224000605968200e+01
4.736328125000000000e-01 -5.999931728776108741e+01
4.738769531250000000e-01 -6.012146891199683552e+01
4.741210937500000000e-01 -6.024861628351459331e+01
4.743652343750000000e-01 -6.038067578177579975e+01
4.746093750000000000e-01 -6.051755814379660592e+01
4.748535156250000000e-01 -6.065916781167720728e+01
4.750976562500000000e-01 -6.080540224332343513e+01
4.753417968750000000e-01 -6.095615118518487208e+01
4.755859375000000000e-01 -6.111129590619570706e+01
4.758300781250000000e-01 -6.127070839260017010e+01
4.760742187500000000e-01 -6.143425050395089215e+01
4.763183593750000000e-01 -6.160177309126962797e+01
4.765625000000000000e-01 -6.177311507931880641e+01
4.768066406250000000e-01 -6.194810251597040462e+01
4.770507812500000000e-01 -6.212654759292907869e+01
4.772949218750000000e-01 -6.230824764357487311e+01
4.775390625000000000e-01 -6.249298412543005554e+01
4.777832031250000000e-01 -6.268052159678897794e+01
4.780273437500000000e-01 -6.287060669918928824e+01
4.782714843750000000e-01 -6.306296716017230608e+01
4.785156250000000000e-01 -6.325731083333251092e+01
4.787597656250000000e-01 -6.345332479599196773e+01
4.790039062500000000e-01 -6.365067452788283475e+01
4.792480468750000000e-01 -6.384900319787751499e+01
4.794921875000000000e-01 -6.404793108920331690e+01
4.797363281250000000e-01 -6.424705519711943680e+01
4.799804687500000000e-01 -6.444594903636264860e+01
4.802246093750000000e-01 -6.464416269858189423e+01
4.804687500000000000e-01 -6.484122320227368164e+01
4.807128906250000000e-01 -6.503663517935221705e+01
4.809570312500000000e-01 -6.522988194252941696e+01
4.812011718750000000e-01 -6.542042697678046181e+01
4.814453125000000000e-01 -6.560771589492750877e+01
4.816894531250000000e-01 -6.579117889227269700e+01
4.819335937500000000e-01 -6.597023372760141058e+01
4.821777343750000000e-01 -6.614428924752124317e+01
4.824218750000000000e-01 -6.631274945810764621e+01
4.826660156250000000e-01 -6.647501813197791876e+01
4.829101562500000000e-01 -6.663050392065630945e+01
4.831542968750000000e-01 -6.677862592177612555e+01
4.833984375000000000e-01 -6.691881962896448499e+01
4.836425781250000000e-01 -6.705054317024197985e+01
4.838867187500000000e-01 -6.717328371945197318e+01
4.841308593750000000e-01 -6.728656394601762258e+01
4.843750000000000000e-01 -6.738994835266059624e+01
4.846191406250000000e-01 -6.748304933990739585e+01
4.848632812500000000e-01 -6.756553283156813450e+01
4.851074218750000000e-01 -6.763712329779920651e+01
4.853515625000000000e-01 -6.769760802249879816e+01
4.855957031250000000e-01 -6.774684047952443677e+01
4.858398437500000000e-01 -6.778474270719874539e+01
4.860839843750000000e-01 -6.781130660162055790e+01
4.863281250000000000e-01 -6.782659408479094054e+01
4.865722656250000000e-01 -6.783073614165878951e+01
4.868164062500000000e-01 -6.782393075865955723e+01
4.870605468750000000e-01 -6.780643983265358088e+01
4.873046875000000000e-01 -6.777858515206879986e+01
4.875488281250000000e-01 -6.774074357862883744e+01
4.877929687500000000e-01 -6.769334157848217615e+01
4.880371093750000000e-01 -6.763684926363143290e+01
4.882812500000000000e-01 -6.757177410954828645e+01
4.885253906250000000e-01 -6.749865451224086144e+01
4.887695312500000000e-01 -6.741805333885319840e+01
4.890136718750000000e-01 -6.733055161168891800e+01
4.892578125000000000e-01 -6.723674244721088655e+01
4.895019531250000000e-01 -6.713722535072473363e+01
4.897460937500000000e-01 -6.703260094551060888e+01
4.899902343750000000e-01 -6.692346619329559587e+01
4.902343750000000000e-01 -6.681041014210445894e+01
4.904785156250000000e-01 -6.669401021856809564e+01
4.907226562500000000e-01 -6.657482906520125709e+01
4.909667968750000000e-01 -6.645341190918269092e+01
4.912109375000000000e-01 -6.633028443811171826e+01
4.914550781250000000e-01 -6.620595114972178408e+01
4.916992187500000000e-01 -6.608089413670396084e+01
4.919433593750000000e-01 -6.595557226402272022e+01
4.921875000000000000e-01 -6.583042069444712752e+01
4.924316406250000000e-01 -6.570585071798001309e+01
4.926757812500000000e-01 -6.558224984175383554e+01
4.929199218750000000e-01 -6.545998209936429646e+01
4.931640625000000000e-01 -6.533938854108075134e+01
4.934082031250000000e-01 -6.522078786985632348e+01
4.936523437500000000e-01 -6.510447719120128340e+01
4.938964843750000000e-01 -6.499073284880199708e+01
4.941406250000000000e-01 -6.487981132098897774e+01
4.943847656250000000e-01 -6.477195015661779109e+01
4.946289062500000000e-01 -6.466736893202029535e+01
4.948730468750000000e-01 -6.456627021352686313e+01
4.951171875000000000e-01 -6.446884051269255167e+01
4.953613281250000000e-01 -6.437525122365629215e+01
4.956054687500000000e-01 -6.428565953417313494e+01
4.958496093750000000e-01 -6.420020930355151734e+01
4.960937500000000000e-01 -6.411903190227938865e+01
4.963378906250000000e-01 -6.404224700955110450e+01
4.965820312500000000e-01 -6.396996336574746067e+01
4.968261718750000000e-01 -6.390227947808858744e+01
4.970703125000000000e-01 -6.383928427820625728e+01
4.973144531250000000e-01 -6.378105773111181520e+01
4.975585937500000000e-01 -6.372767139537904768e+01
4.978027343750000000e-01 -6.367918893481277109e+01
4.980468750000000000e-01 -6.363566658203973248e+01
4.982910156250000000e-01 -6.359715355469747067e+01
4.985351562500000000e-01 -6.356369242494132266e+01
4.987792968750000000e-01 -6.353531944310408619e+01
4.990234375000000000e-01 -6.351206481627521327e+01
4.992675781250000000e-01 -6.349395294255807443e+01
4.995117187500000000e-01 -6.348100260175441889e+01
4.997558593750000000e-01 -6.347322710298533366e+01
