-5.000000000000000000e-01 6.701271216517908158e+01
-4.997558593750000000e-01 6.701270808206523100e+01
-4.995117187500000000e-01 6.701269584457406836e+01
-4.992675781250000000e-01 6.701267548822445974e+01
-4.990234375000000000e-01 6.701264707210660276e+01
-4.987792968750000000e-01 6.701261067872059130e+01
-4.985351562500000000e-01 6.701256641375080392e+01
-4.982910156250000000e-01 6.701251440577696883e+01
-4.980468750000000000e-01 6.701245480592247361e+01
-4.978027343750000000e-01 6.701238778744075830e+01
-4.975585937500000000e-01 6.701231354524117023e+01
-4.973144531250000000e-01 6.701223229535501957e+01
-4.970703125000000000e-01 6.701214427434356935e+01
-4.968261718750000000e-01 6.701204973864945202e+01
-4.965820312500000000e-01 6.701194896389283429e+01
-4.963378906250000000e-01 6.701184224411460377e+01
-4.960937500000000000e-01 6.701172989096809829e+01
-4.958496093750000000e-01 6.701161223286182178e+01
-4.956054687500000000e-01 6.701148961405503712e+01
-4.953613281250000000e-01 6.701136239370869419e+01
-4.951171875000000000e-01 6.701123094489420851e+01
-4.948730468750000000e-01 6.701109565356250641e+01
-4.946289062500000000e-01 6.701095691747613614e+01
-4.943847656250000000e-01 6.701081514510693182e+01
-4.941406250000000000e-01 6.701067075450262678e+01
-4.938964843750000000e-01 6.701052417212459034e+01
-4.936523437500000000e-01 6.701037583166051093e+01
-4.934082031250000000e-01 6.701022617281442706e+01
-4.931640625000000000e-01 6.701007564007772999e+01
-4.929199218750000000e-01 6.700992468148405123e+01
-4.926757812500000000e-01 6.700977374735151670e+01
-4.924316406250000000e-01 6.700962328901546528e+01
-4.921875000000000000e-01 6.700947375755502833e+01
-4.919433593750000000e-01 6.700932560251699499e+01
-4.916992187500000000e-01 6.700917927064021740e+01
-4.914550781250000000e-01 6.700903520458395235e+01
-4.912109375000000000e-01 6.700889384166352158e+01
-4.909667968750000000e-01 6.700875561259664437e+01
-4.907226562500000000e-01 6.700862094026375360e+01
-4.904785156250000000e-01 6.700849023848563490e+01
-4.902343750000000000e-01 6.700836391082152943e+01
-4.899902343750000000e-01 6.700824234939121027e+01
-4.897460937500000000e-01 6.700812593372377535e+01
-4.895019531250000000e-01 6.700801502963673784e+01
-4.892578125000000000e-01 6.700790998814791521e+01
-4.890136718750000000e-01 6.700781114442364128e+01
-4.887695312500000000e-01 6.700771881676567432e+01
-4.885253906250000000e-01 6.700763330563988518e+01
-4.882812500000000000e-01 6.700755489274915533e+01
-4.880371093750000000e-01 6.700748384015338388e+01
-4.877929687500000000e-01 6.700742038943859313e+01
-4.875488281250000000e-01 6.700736476093786109e+01
-4.873046875000000000e-01 6.700731715300604208e+01
-4.870605468750000000e-01 6.700727774135036441e+01
-4.868164062500000000e-01 6.700724667841889470e+01
-4.865722656250000000e-01 6.700722409284853143e+01
-4.863281250000000000e-01 6.700721008897420461e+01
-4.860839843750000000e-01 6.700720474640081648e+01
-4.858398437500000000e-01 6.700720811963896040e+01
-4.855957031250000000e-01 6.700722023780586767e+01
-4.853515625000000000e-01 6.700724110439237791e+01
-4.851074218750000000e-01 6.700727069709677153e+01
-4.848632812500000000e-01 6.700730896772599010e+01
-4.846191406250000000e-01 6.700735584216496932e+01
-4.843750000000000000e-01 6.700741122041398512e+01
-4.841308593750000000e-01 6.700747497669442510e+01
-4.838867187500000000e-01 6.700754695962280039e+01
-4.836425781250000000e-01 6.700762699245265708e+01
-4.833984375000000000e-01 6.700771487338413124e+01
-4.831542968750000000e-01 6.700781037594035183e+01
-4.829101562500000000e-01 6.700791324941009464e+01
-4.826660156250000000e-01 6.700802321935557870e+01
-4.824218750000000000e-01 6.700813998818445327e+01
-4.821777343750000000e-01 6.700826323578451138e+01
-4.819335937500000000e-01 6.700839262021978016e+01
-4.816894531250000000e-01 6.700852777848638198e+01
-4.814453125000000000e-01 6.700866832732640432e+01
-4.812011718750000000e-01 6.700881386409774620e+01
-4.809570312500000000e-01 6.700896396769815055e+01
-4.807128906250000000e-01 6.700911819954083626e+01
-4.804687500000000000e-01 6.700927610457971184e+01
-4.802246093750000000e-01 6.700943721238169815e+01
-4.799804687500000000e-01 6.700960103824320413e+01
-4.797363281250000000e-01 6.700976708434866680e+01
-4.794921875000000000e-01 6.700993484096761676e+01
-4.792480468750000000e-01 6.701010378768812359e+01
-4.790039062500000000e-01 6.701027339468288346e+01
-4.787597656250000000e-01 6.701044312400547653e+01
-4.785156250000000000e-01 6.701061243091314168e+01
-4.782714843750000000e-01 6.701078076521316973e+01
-4.780273437500000000e-01 6.701094757262941926e+01
-4.777832031250000000e-01 6.701111229618558696e+01
-4.775390625000000000e-01 6.701127437760202099e+01
-4.772949218750000000e-01 6.701143325870243928e+01
-4.770507812500000000e-01 6.701158838282709951e+01
-4.768066406250000000e-01 6.701173919624912401e+01
-4.765625000000000000e-01 6.701188514959011400e+01
-4.763183593750000000e-01 6.701202569923209751e+01
-4.760742187500000000e-01 6.701216030872166129e+01
-4.758300781250000000e-01 6.701228845016332514e+01
-4.755859375000000000e-01 6.701240960559847792e+01
-4.753417968750000000e-01 6.701252326836632278e+01
-4.750976562500000000e-01 6.701262894444380436e+01
-4.748535156250000000e-01 6.701272615376066710e+01
-4.746093750000000000e-01 6.701281443148702976e+01
-4.743652343750000000e-01 6.701289332928944020e+01
-4.741210937500000000e-01 6.701296241655310837e+01
-4.738769531250000000e-01 6.701302128156652316e+01
-4.736328125000000000e-01 6.701306953266596622e+01
-4.733886718750000000e-01 6.701310679933682479e+01
-4.731445312500000000e-01 6.701313273326879028e+01
-4.729003906250000000e-01 6.701314700936264046e+01
-4.726562500000000000e-01 6.701314932668560687e+01
-4.724121093750000000e-01 6.701313940937312452e+01
-4.721679687500000000e-01 6.701311700747461941e+01
-4.719238281250000000e-01 6.701308189774101720e+01
-4.716796875000000000e-01 6.701303388435204056e+01
-4.714355468750000000e-01 6.701297279958122033e+01
-4.711914062500000000e-01 6.701289850439709994e+01
-4.709472656250000000e-01 6.701281088899868621e+01
-4.707031250000000000e-01 6.701270987328383910e+01
-4.704589843750000000e-01 6.701259540724933572e+01
-4.702148437500000000e-01 6.701246747132130110e+01
-4.699707031250000000e-01 6.701232607661511054e+01
-4.697265625000000000e-01 6.701217126512381128e+01
-4.694824218750000000e-01 6.701200310983460895e+01
-4.692382812500000000e-01 6.701182171477259431e+01
-4.689941406250000000e-01 6.701162721497180996e+01
-4.687500000000000000e-01 6.701141977637297487e+01
-4.685058593750000000e-01 6.701119959564834971e+01
-4.682617187500000000e-01 6.701096689995370070e+01
-4.680175781250000000e-01 6.701072194660768844e+01
-4.677734375000000000e-01 6.701046502269926464e+01
-4.675292968750000000e-01 6.701019644462387248e+01
-4.672851562500000000e-01 6.700991655754916110e+01
-4.670410156250000000e-01 6.700962573481126583e+01
-4.667968750000000000e-01 6.700932437724296165e+01
-4.665527343750000000e-01 6.700901291243495450e+01
-4.663085937500000000e-01 6.700869179393194486e+01
-4.660644531250000000e-01 6.700836150036491290e+01
-4.658203125000000000e-01 6.700802253452179968e+01
-4.655761718750000000e-01 6.700767542235828955e+01
-4.653320312500000000e-01 6.700732071195089645e+01
-4.650878906250000000e-01 6.700695897239478427e+01
-4.648437500000000000e-01 6.700659079264855222e+01
-4.645996093750000000e-01 6.700621678032852913e+01
-4.643554687500000000e-01 6.700583756045541861e+01
-4.641113281250000000e-01 6.700545377415592441e+01
-4.638671875000000000e-01 6.700506607732231146e+01
-4.636230468750000000e-01 6.700467513923298668e+01
-4.633789062500000000e-01 6.700428164113702678e+01
-4.631347656250000000e-01 6.700388627480616321e+01
-4.628906250000000000e-01 6.700348974105725119e+01
-4.626464843750000000e-01 6.700309274824869021e+01
-4.624023437500000000e-01 6.700269601075426351e+01
-4.621582031250000000e-01 6.700230024741800605e+01
-4.619140625000000000e-01 6.700190617999341214e+01
-4.616699218750000000e-01 6.700151453157089065e+01
-4.614257812500000000e-01 6.700112602499690695e+01
-4.611816406250000000e-01 6.700074138128859147e+01
-4.609375000000000000e-01 6.700036131804756678e+01
-4.606933593750000000e-01 6.699998654787657415e+01
-4.604492187500000000e-01 6.699961777680273656e+01
-4.602050781250000000e-01 6.699925570271123831e+01
-4.599609375000000000e-01 6.699890101379280338e+01
-4.597167968750000000e-01 6.699855438700912202e+01
-4.594726562500000000e-01 6.699821648657939477e+01
-4.592285156250000000e-01 6.699788796249204381e+01
-4.589843750000000000e-01 6.699756944904467559e+01
-4.587402343750000000e-01 6.699726156341627359e+01
-4.584960937500000000e-01 6.699696490427457718e+01
-4.582519531250000000e-01 6.699668005042229879e+01
-4.580078125000000000e-01 6.699640755948541937e+01
-4.577636718750000000e-01 6.699614796664639016e+01
-4.575195312500000000e-01 6.699590178342589297e+01
-4.572753906250000000e-01 6.699566949651539005e+01
-4.570312500000000000e-01 6.699545156666394519e+01
-4.567871093750000000e-01 6.699524842762149035e+01
-4.565429687500000000e-01 6.699506048514153633e+01
-4.562988281250000000e-01 6.699488811604534533e+01
-4.560546875000000000e-01 6.699473166735020868e+01
-4.558105468750000000e-01 6.699459145546367722e+01
-4.555664062500000000e-01 6.699446776544579052e+01
-4.553222656250000000e-01 6.699436085034123778e+01
-4.550781250000000000e-01 6.699427093058285720e+01
-4.548339843750000000e-01 6.699419819346812233e+01
-4.545898437500000000e-01 6.699414279270970951e+01
-4.543457031250000000e-01 6.699410484806151089e+01
-4.541015625000000000e-01 6.699408444502060433e+01
-4.538574218750000000e-01 6.699408163460643095e+01
-4.536132812500000000e-01 6.699409643321713759e+01
-4.533691406250000000e-01 6.699412882256405055e+01
-4.531250000000000000e-01 6.699417874968384012e+01
-4.528808593750000000e-01 6.699424612702874526e+01
-4.526367187500000000e-01 6.699433083263463118e+01
-4.523925781250000000e-01 6.699443271036611236e+01
-4.521484375000000000e-01 6.699455157023858476e+01
-4.519042968750000000e-01 6.699468718881612972e+01
-4.516601562500000000e-01 6.699483930968426648e+01
-4.514160156250000000e-01 6.699500764399661534e+01
-4.511718750000000000e-01 6.699519187109399354e+01
-4.509277343750000000e-01 6.699539163919433804e+01
-4.506835937500000000e-01 6.699560656615207677e+01
-4.504394531250000000e-01 6.699583624028475981e+01
-4.501953125000000000e-01 6.699608022126514584e+01
-4.499511718750000000e-01 6.699633804107659785e+01
-4.497070312500000000e-01 6.699660920502920192e+01
-4.494628906250000000e-01 6.699689319283457678e+01
-4.492187500000000000e-01 6.699718945973636153e+01
-4.489746093750000000e-01 6.699749743769396559e+01
-4.487304687500000000e-01 6.699781653661642622e+01
-4.484863281250000000e-01 6.699814614564382964e+01
-4.482421875000000000e-01 6.699848563447265803e+01
-4.479980468750000000e-01 6.699883435472249005e+01
-4.477539062500000000e-01 6.699919164134024641e+01
-4.475097656250000000e-01 6.699955681403902474e+01
-4.472656250000000000e-01 6.699992917876794252e+01
-4.470214843750000000e-01 6.700030802920939266e+01
-4.467773437500000000e-01 6.700069264830045768e+01
-4.465332031250000000e-01 6.700108230977451740e+01
-4.462890625000000000e-01 6.700147627971981024e+01
-4.460449218750000000e-01 6.700187381815086951e+01
-4.458007812500000000e-01 6.700227418058966578e+01
-4.455566406250000000e-01 6.700267661965210664e+01
-4.453125000000000000e-01 6.700308038663690979e+01
-4.450683593750000000e-01 6.700348473311264286e+01
-4.448242187500000000e-01 6.700388891249944834e+01
-4.445800781250000000e-01 6.700429218164177314e+01
-4.443359375000000000e-01 6.700469380236866357e+01
-4.440917968750000000e-01 6.700509304303773206e+01
-4.438476562500000000e-01 6.700548918005951293e+01
-4.436035156250000000e-01 6.700588149939881077e+01
-4.433593750000000000e-01 6.700626929804928977e+01
-4.431152343750000000e-01 6.700665188547844764e+01
-4.428710937500000000e-01 6.700702858503942139e+01
-4.426269531250000000e-01 6.700739873534655544e+01
-4.423828125000000000e-01 6.700776169161174778e+01
-4.421386718750000000e-01 6.700811682693864668e+01
-4.418945312500000000e-01 6.700846353357162855e+01
-4.416503906250000000e-01 6.700880122409721196e+01
-4.414062500000000000e-01 6.700912933259499482e+01
-4.411621093750000000e-01 6.700944731573581237e+01
-4.409179687500000000e-01 6.700975465382475704e+01
-4.406738281250000000e-01 6.701005085178677234e+01
-4.404296875000000000e-01 6.701033544009295895e+01
-4.401855468750000000e-01 6.701060797562544735e+01
-4.399414062500000000e-01 6.701086804247925954e+01
-4.396972656250000000e-01 6.701111525269952551e+01
-4.394531250000000000e-01 6.701134924695246298e+01
-4.392089843750000000e-01 6.701156969512913975e+01
-4.389648437500000000e-01 6.701177629688052662e+01
-4.387207031250000000e-01 6.701196878208314445e+01
-4.384765625000000000e-01 6.701214691123450962e+01
-4.382324218750000000e-01 6.701231047577746835e+01
-4.379882812500000000e-01 6.701245929835339155e+01
-4.377441406250000000e-01 6.701259323298360471e+01
-4.375000000000000000e-01 6.701271216517908158e+01
-4.372558593750000000e-01 6.701281601197834448e+01
-4.370117187500000000e-01 6.701290472191399772e+01
-4.367675781250000000e-01 6.701297827490802206e+01
-4.365234375000000000e-01 6.701303668209655484e+01
-4.362792968750000000e-01 6.701307998558485224e+01
-4.360351562500000000e-01 6.701310825813320093e+01
-4.357910156250000000e-01 6.701312160277491614e+01
-4.355468750000000000e-01 6.701312015236759123e+01
-4.353027343750000000e-01 6.701310406907902006e+01
-4.350585937500000000e-01 6.701307354380909942e+01
-4.348144531250000000e-01 6.701302879554955894e+01
-4.345703125000000000e-01 6.701297007068318123e+01
-4.343261718750000000e-01 6.701289764222454437e+01
-4.340820312500000000e-01 6.701281180900421930e+01
-4.338378906250000000e-01 6.701271289479863924e+01
-4.335937500000000000e-01 6.701260124740815627e+01
-4.333496093750000000e-01 6.701247723768533149e+01
-4.331054687500000000e-01 6.701234125851640044e+01
-4.328613281250000000e-01 6.701219372375820171e+01
-4.326171875000000000e-01 6.701203506713370928e+01
-4.323730468750000000e-01 6.701186574108857030e+01
-4.321289062500000000e-01 6.701168621561193106e+01
-4.318847656250000000e-01 6.701149697702437891e+01
-4.316406250000000000e-01 6.701129852673611254e+01
-4.313964843750000000e-01 6.701109137997848109e+01
-4.311523437500000000e-01 6.701087606451210377e+01
-4.309082031250000000e-01 6.701065311931483848e+01
-4.306640625000000000e-01 6.701042309325275426e+01
-4.304199218750000000e-01 6.701018654373763184e+01
-4.301757812500000000e-01 6.700994403537420396e+01
-4.299316406250000000e-01 6.700969613860047502e+01
-4.296875000000000000e-01 6.700944342832457323e+01
-4.294433593750000000e-01 6.700918648256147492e+01
-4.291992187500000000e-01 6.700892588107294046e+01
-4.289550781250000000e-01 6.700866220401407247e+01
-4.287109375000000000e-01 6.700839603058958005e+01
-4.284667968750000000e-01 6.700812793772352904e+01
-4.282226562500000000e-01 6.700785849874515065e+01
-4.279785156250000000e-01 6.700758828209450257e+01
-4.277343750000000000e-01 6.700731785005081065e+01
-4.274902343750000000e-01 6.700704775748654640e+01
-4.272460937500000000e-01 6.700677855065036681e+01
-4.270019531250000000e-01 6.700651076598177269e+01
-4.267578125000000000e-01 6.700624492896024265e+01
-4.265136718750000000e-01 6.700598155299171310e+01
-4.262695312500000000e-01 6.700572113833484877e+01
-4.260253906250000000e-01 6.700546417106971830e+01
-4.257812500000000000e-01 6.700521112211141883e+01
-4.255371093750000000e-01 6.700496244627048270e+01
-4.252929687500000000e-01 6.700471858136273795e+01
-4.250488281250000000e-01 6.700447994737027102e+01
-4.248046875000000000e-01 6.700424694565546702e+01
-4.245605468750000000e-01 6.700401995822997492e+01
-4.243164062500000000e-01 6.700379934707981988e+01
-4.240722656250000000e-01 6.700358545354865214e+01
-4.238281250000000000e-01 6.700337859777982885e+01
-4.235839843750000000e-01 6.700317907821872154e+01
-4.233398437500000000e-01 6.700298717117630076e+01
-4.230957031250000000e-01 6.700280313045438163e+01
-4.228515625000000000e-01 6.700262718703365294e+01
-4.226074218750000000e-01 6.700245954882451827e+01
-4.223632812500000000e-01 6.700230040048118951e+01
-4.221191406250000000e-01 6.700214990327920361e+01
-4.218750000000000000e-01 6.700200819505613481e+01
-4.216308593750000000e-01 6.700187539021544580e+01
-4.213867187500000000e-01 6.700175157979292351e+01
-4.211425781250000000e-01 6.700163683158523042e+01
-4.208984375000000000e-01 6.700153119033979010e+01
-4.206542968750000000e-01 6.700143467800512553e+01
-4.204101562500000000e-01 6.700134729404064160e+01
-4.201660156250000000e-01 6.700126901578444460e+01
-4.199218750000000000e-01 6.700119979887821842e+01
-4.196777343750000000e-01 6.700113957774713924e+01
-4.194335937500000000e-01 6.700108826613359270e+01
-4.191894531250000000e-01 6.700104575768270365e+01
-4.189453125000000000e-01 6.700101192657773197e+01
-4.187011718750000000e-01 6.700098662822331619e+01
-4.184570312500000000e-01 6.700096969997440510e+01
-4.182128906250000000e-01 6.700096096190850403e+01
-4.179687500000000000e-01 6.700096021763886256e+01
-4.177246093750000000e-01 6.700096725516608842e+01
-4.174804687500000000e-01 6.700098184776551591e+01
-4.172363281250000000e-01 6.700100375490779925e+01
-4.169921875000000000e-01 6.700103272320970405e+01
-4.167480468750000000e-01 6.700106848741236831e+01
-4.165039062500000000e-01 6.700111077138417670e+01
-4.162597656250000000e-01 6.700115928914516417e+01
-4.160156250000000000e-01 6.700121374590992218e+01
-4.157714843750000000e-01 6.700127383914600898e+01
-4.155273437500000000e-01 6.700133925964468062e+01
-4.152832031250000000e-01 6.700140969260093016e+01
-4.150390625000000000e-01 6.700148481869958061e+01
-4.147949218750000000e-01 6.700156431520431966e+01
-4.145507812500000000e-01 6.700164785704659209e+01
-4.143066406250000000e-01 6.700173511791116709e+01
-4.140625000000000000e-01 6.700182577131519679e+01
-4.138183593750000000e-01 6.700191949167795258e+01
-4.135742187500000000e-01 6.700201595537770061e+01
-4.133300781250000000e-01 6.700211484179330057e+01
-4.130859375000000000e-01 6.700221583432708883e+01
-4.128417968750000000e-01 6.700231862140638839e+01
-4.125976562500000000e-01 6.700242289746083202e+01
-4.123535156250000000e-01 6.700252836387262789e+01
-4.121093750000000000e-01 6.700263472989713875e+01
-4.118652343750000000e-01 6.700274171355133035e+01
-4.116210937500000000e-01 6.700284904246734641e+01
-4.113769531250000000e-01 6.700295645470912120e+01
-4.111328125000000000e-01 6.700306369954945751e+01
-4.108886718750000000e-01 6.700317053820577939e+01
-4.106445312500000000e-01 6.700327674453208715e+01
-4.104003906250000000e-01 6.700338210566562225e+01
-4.101562500000000000e-01 6.700348642262611065e+01
-4.099121093750000000e-01 6.700358951086626291e+01
-4.096679687500000000e-01 6.700369120077174045e+01
-4.094238281250000000e-01 6.700379133810943699e+01
-4.091796875000000000e-01 6.700388978442268240e+01
-4.089355468750000000e-01 6.700398641737253058e+01
-4.086914062500000000e-01 6.700408113102395191e+01
-4.084472656250000000e-01 6.700417383607641852e+01
-4.082031250000000000e-01 6.700426446003812941e+01
-4.079589843750000000e-01 6.700435294734346314e+01
-4.077148437500000000e-01 6.700443925941348766e+01
-4.074707031250000000e-01 6.700452337465920039e+01
-4.072265625000000000e-01 6.700460528842772590e+01
-4.069824218750000000e-01 6.700468501289167023e+01
-4.067382812500000000e-01 6.700476257688183068e+01
-4.064941406250000000e-01 6.700483802566392910e+01
-4.062500000000000000e-01 6.700491142066003647e+01
-4.060058593750000000e-01 6.700498283911554154e+01
-4.057617187500000000e-01 6.700505237371245926e+01
-4.055175781250000000e-01 6.700512013213065643e+01
-4.052734375000000000e-01 6.700518623655777617e+01
-4.050292968750000000e-01 6.700525082314966596e+01
-4.047851562500000000e-01 6.700531404144281566e+01
-4.045410156250000000e-01 6.700537605372038286e+01
-4.042968750000000000e-01 6.700543703433393716e+01
-4.040527343750000000e-01 6.700549716898251518e+01
-4.038085937500000000e-01 6.700555665395165761e+01
-4.035644531250000000e-01 6.700561569531396344e+01
-4.033203125000000000e-01 6.700567450809418801e+01
-4.030761718750000000e-01 6.700573331540086031e+01
-4.028320312500000000e-01 6.700579234752710533e+01
-4.025878906250000000e-01 6.700585184102354219e+01
-4.023437500000000000e-01 6.700591203774551730e+01
-4.020996093750000000e-01 6.700597318387798396e+01
-4.018554687500000000e-01 6.700603552894058623e+01
-4.016113281250000000e-01 6.700609932477604502e+01
-4.013671875000000000e-01 6.700616482452473122e+01
-4.011230468750000000e-01 6.700623228158862332e+01
-4.008789062500000000e-01 6.700630194858770494e+01
-4.006347656250000000e-01 6.700637407631178633e+01
-4.003906250000000000e-01 6.700644891267114645e+01
-4.001464843750000000e-01 6.700652670164896563e+01
-3.999023437500000000e-01 6.700660768225873198e+01
-3.996582031250000000e-01 6.700669208751000383e+01
-3.994140625000000000e-01 6.700678014338541288e+01
-3.991699218750000000e-01 6.700687206783211991e+01
-3.989257812500000000e-01 6.700696806977107656e+01
-3.986816406250000000e-01 6.700706834812667978e+01
-3.984375000000000000e-01 6.700717309088045681e+01
-3.981933593750000000e-01 6.700728247415116812e+01
-3.979492187500000000e-01 6.700739666130459682e+01
-3.977050781250000000e-01 6.700751580209579572e+01
-3.974609375000000000e-01 6.700764003184643514e+01
-3.972167968750000000e-01 6.700776947066007949e+01
-3.969726562500000000e-01 6.700790422267785118e+01
-3.967285156250000000e-01 6.700804437537692593e+01
-3.964843750000000000e-01 6.700818999891444605e+01
-3.962402343750000000e-01 6.700834114551867060e+01
-3.959960937500000000e-01 6.700849784893007666e+01
-3.957519531250000000e-01 6.700866012389371917e+01
-3.955078125000000000e-01 6.700882796570529365e+01
-3.952636718750000000e-01 6.700900134981220901e+01
-3.950195312500000000e-01 6.700918023147144709e+01
-3.947753906250000000e-01 6.700936454546555865e+01
-3.945312500000000000e-01 6.700955420587801825e+01
-3.942871093750000000e-01 6.700974910592896094e+01
-3.940429687500000000e-01 6.700994911787250885e+01
-3.937988281250000000e-01 6.701015409295607128e+01
-3.935546875000000000e-01 6.701036386144239998e+01
-3.933105468750000000e-01 6.701057823269489688e+01
-3.930664062500000000e-01 6.701079699532620282e+01
-3.928222656250000000e-01 6.701101991741028030e+01
-3.925781250000000000e-01 6.701124674675776305e+01
-3.923339843750000000e-01 6.701147721125448697e+01
-3.920898437500000000e-01 6.701171101926234996e+01
-3.918457031250000000e-01 6.701194786008241522e+01
-3.916015625000000000e-01 6.701218740447876598e+01
-3.913574218750000000e-01 6.701242930526277064e+01
-3.911132812500000000e-01 6.701267319793606703e+01
-3.908691406250000000e-01 6.701291870139132811e+01
-3.906250000000000000e-01 6.701316541866899001e+01
-3.903808593750000000e-01 6.701341293776846442e+01
-3.901367187500000000e-01 6.701366083251207328e+01
-3.898925781250000000e-01 6.701390866345955999e+01
-3.896484375000000000e-01 6.701415597887104525e+01
-3.894042968750000000e-01 6.701440231571640993e+01
-3.891601562500000000e-01 6.701464720072843306e+01
-3.889160156250000000e-01 6.701489015149732609e+01
-3.886718750000000000e-01 6.701513067760383535e+01
-3.884277343750000000e-01 6.701536828178832650e+01
-3.881835937500000000e-01 6.701560246115280961e+01
-3.879394531250000000e-01 6.701583270839304873e+01
-3.876953125000000000e-01 6.701605851305741623e+01
-3.874511718750000000e-01 6.701627936282973508e+01
-3.872070312500000000e-01 6.701649474483230051e+01
-3.869628906250000000e-01 6.701670414694623901e+01
-3.867187500000000000e-01 6.701690705914559487e+01
-3.864746093750000000e-01 6.701710297484167711e+01
-3.862304687500000000e-01 6.701729139223408538e+01
-3.859863281250000000e-01 6.701747181566526024e+01
-3.857421875000000000e-01 6.701764375697446496e+01
-3.854980468750000000e-01 6.701780673684805834e+01
-3.852539062500000000e-01 6.701796028616217882e+01
-3.850097656250000000e-01 6.701810394731444376e+01
-3.847656250000000000e-01 6.701823727554096877e+01
-3.845214843750000000e-01 6.701835984021502668e+01
-3.842773437500000000e-01 6.701847122612424812e+01
-3.840332031250000000e-01 6.701857103472219990e+01
-3.837890625000000000e-01 6.701865888535148486e+01
-3.835449218750000000e-01 6.701873441643455465e+01
-3.833007812500000000e-01 6.701879728662918012e+01
-3.830566406250000000e-01 6.701884717594494134e+01
-3.828125000000000000e-01 6.701888378681802294e+01
-3.825683593750000000e-01 6.701890684514074792e+01
-3.823242187500000000e-01 6.701891610124314980e+01
-3.820800781250000000e-01 6.701891133082342833e+01
-3.818359375000000000e-01 6.701889233582481609e+01
-3.815917968750000000e-01 6.701885894525584320e+01
-3.813476562500000000e-01 6.701881101595157020e+01
-3.811035156250000000e-01 6.701874843327348685e+01
-3.808593750000000000e-01 6.701867111174566105e+01
-3.806152343750000000e-01 6.701857899562494936e+01
-3.803710937500000000e-01 6.701847205940350705e+01
-3.801269531250000000e-01 6.701835030824150863e+01
-3.798828125000000000e-01 6.701821377832862936e+01
-3.796386718750000000e-01 6.701806253717262507e+01
-3.793945312500000000e-01 6.701789668381381659e+01
-3.791503906250000000e-01 6.701771634896425667e+01
-3.789062500000000000e-01 6.701752169507055612e+01
-3.786621093750000000e-01 6.701731291629975829e+01
-3.784179687500000000e-01 6.701709023844746582e+01
-3.781738281250000000e-01 6.701685391876799258e+01
-3.779296875000000000e-01 6.701660424572607155e+01
-3.776855468750000000e-01 6.701634153867047416e+01
-3.774414062500000000e-01 6.701606614742925672e+01
-3.771972656250000000e-01 6.701577845182733029e+01
-3.769531250000000000e-01 6.701547886112692254e+01
-3.767089843750000000e-01 6.701516781339138618e+01
-3.764648437500000000e-01 6.701484577477360460e+01
-3.762207031250000000e-01 6.701451323873001797e+01
-3.759765625000000000e-01 6.701417072516169071e+01
-3.757324218750000000e-01 6.701381877948379895e+01
-3.754882812500000000e-01 6.701345797162544216e+01
-3.752441406250000000e-01 6.701308889496154109e+01
-3.750000000000000000e-01 6.701271216517908158e+01
-3.747558593750000000e-01 6.701232841907976479e+01
-3.745117187500000000e-01 6.701193831332165018e+01
-3.742675781250000000e-01 6.701154252310253412e+01
-3.740234375000000000e-01 6.701114174078745123e+01
-3.737792968750000000e-01 6.701073667448375204e+01
-3.735351562500000000e-01 6.701032804656642838e+01
-3.732910156250000000e-01 6.700991659215725349e+01
-3.730468750000000000e-01 6.700950305756082059e+01
-3.728027343750000000e-01 6.700908819866143062e+01
-3.725585937500000000e-01 6.700867277928398380e+01
-3.723144531250000000e-01 6.700825756952301049e+01
-3.720703125000000000e-01 6.700784334404360720e+01
-3.718261718750000000e-01 6.700743088035819994e+01
-3.715820312500000000e-01 6.700702095708329864e+01
-3.713378906250000000e-01 6.700661435218037809e+01
-3.710937500000000000e-01 6.700621184118502072e+01
-3.708496093750000000e-01 6.700581419542874073e+01
-3.706054687500000000e-01 6.700542218025776720e+01
-3.703613281250000000e-01 6.700503655325314867e+01
-3.701171875000000000e-01 6.700465806245661327e+01
-3.698730468750000000e-01 6.700428744460660369e+01
-3.696289062500000000e-01 6.700392542338899204e+01
-3.693847656250000000e-01 6.700357270770672358e+01
-3.691406250000000000e-01 6.700322998997306456e+01
-3.688964843750000000e-01 6.700289794443256142e+01
-3.686523437500000000e-01 6.700257722551432948e+01
-3.684082031250000000e-01 6.700226846622175003e+01
-3.681640625000000000e-01 6.700197227656296661e+01
-3.679199218750000000e-01 6.700168924202625931e+01
-3.676757812500000000e-01 6.700141992210434694e+01
-3.674316406250000000e-01 6.700116484887172419e+01
-3.671875000000000000e-01 6.700092452561875689e+01
-3.669433593750000000e-01 6.700069942554638658e+01
-3.666992187500000000e-01 6.700048999052501131e+01
-3.664550781250000000e-01 6.700029662992105273e+01
-3.662109375000000000e-01 6.700011971949452061e+01
-3.659667968750000000e-01 6.699995960037075804e+01
-3.657226562500000000e-01 6.699981657808936575e+01
-3.654785156250000000e-01 6.699969092173306251e+01
-3.652343750000000000e-01 6.699958286313922429e+01
-3.649902343750000000e-01 6.699949259619647535e+01
-3.647460937500000000e-01 6.699942027622851981e+01
-3.645019531250000000e-01 6.699936601946733106e+01
-3.642578125000000000e-01 6.699932990261734744e+01
-3.640136718750000000e-01 6.699931196251253596e+01
-3.637695312500000000e-01 6.699931219586730435e+01
-3.635253906250000000e-01 6.699933055912262603e+01
-3.632812500000000000e-01 6.699936696838824446e+01
-3.630371093750000000e-01 6.699942129948146885e+01
-3.627929687500000000e-01 6.699949338806311516e+01
-3.625488281250000000e-01 6.699958302987053571e+01
-3.623046875000000000e-01 6.699968998104779416e+01
-3.620605468750000000e-01 6.699981395857270172e+01
-3.618164062500000000e-01 6.699995464077986185e+01
-3.615722656250000000e-01 6.700011166797908402e+01
-3.613281250000000000e-01 6.700028464316804389e+01
-3.610839843750000000e-01 6.700047313283776873e+01
-3.608398437500000000e-01 6.700067666786952714e+01
-3.605957031250000000e-01 6.700089474452110494e+01
-3.603515625000000000e-01 6.700112682550053478e+01
-3.601074218750000000e-01 6.700137234112511919e+01
-3.598632812500000000e-01 6.700163069056297616e+01
-3.596191406250000000e-01 6.700190124315457751e+01
-3.593750000000000000e-01 6.700218333981129604e+01
-3.591308593750000000e-01 6.700247629448787734e+01
-3.588867187500000000e-01 6.700277939572538344e+01
-3.586425781250000000e-01 6.700309190826122574e+01
-3.583984375000000000e-01 6.700341307470252161e+01
-3.581542968750000000e-01 6.700374211725883811e+01
-3.579101562500000000e-01 6.700407823953048592e+01
-3.576660156250000000e-01 6.700442062834802925e+01
-3.574218750000000000e-01 6.700476845565860629e+01
-3.571777343750000000e-01 6.700512088045498160e+01
-3.569335937500000000e-01 6.700547705074224325e+01
-3.566894531250000000e-01 6.700583610553793790e+01
-3.564453125000000000e-01 6.700619717690062771e+01
-3.562011718750000000e-01 6.700655939198200883e+01
-3.559570312500000000e-01 6.700692187509781661e+01
-3.557128906250000000e-01 6.700728374981240165e+01
-3.554687500000000000e-01 6.700764414103196032e+01
-3.552246093750000000e-01 6.700800217710150264e+01
-3.549804687500000000e-01 6.700835699190011496e+01
-3.547363281250000000e-01 6.700870772692996979e+01
-3.544921875000000000e-01 6.700905353339345538e+01
-3.542480468750000000e-01 6.700939357425353649e+01
-3.540039062500000000e-01 6.700972702627255728e+01
-3.537597656250000000e-01 6.701005308202398680e+01
-3.535156250000000000e-01 6.701037095187248838e+01
-3.532714843750000000e-01 6.701067986591733927e+01
-3.530273437500000000e-01 6.701097907589434044e+01
-3.527832031250000000e-01 6.701126785703146993e+01
-3.525390625000000000e-01 6.701154550985367564e+01
-3.522949218750000000e-01 6.701181136193221732e+01
-3.520507812500000000e-01 6.701206476957426617e+01
-3.518066406250000000e-01 6.701230511944837076e+01
-3.515625000000000000e-01 6.701253183014156889e+01
-3.513183593750000000e-01 6.701274435364447868e+01
-3.510742187500000000e-01 6.701294217676006326e+01
-3.508300781250000000e-01 6.701312482243288571e+01
-3.505859375000000000e-01 6.701329185099498886e+01
-3.503417968750000000e-01 6.701344286132528794e+01
-3.500976562500000000e-01 6.701357749191942048e+01
-3.498535156250000000e-01 6.701369542186692740e+01
-3.496093750000000000e-01 6.701379637173332071e+01
-3.493652343750000000e-01 6.701388010434440901e+01
-3.491210937500000000e-01 6.701394642547063540e+01
-3.488769531250000000e-01 6.701399518440952363e+01
-3.486328125000000000e-01 6.701402627446418592e+01
-3.483886718750000000e-01 6.701403963331677005e+01
-3.481445312500000000e-01 6.701403524329494132e+01
-3.479003906250000000e-01 6.701401313153090200e+01
-3.476562500000000000e-01 6.701397337001183985e+01
-3.474121093750000000e-01 6.701391607552130836e+01
-3.471679687500000000e-01 6.701384140947121182e+01
-3.469238281250000000e-01 6.701374957762440943e+01
-3.466796875000000000e-01 6.701364082970822267e+01
-3.464355468750000000e-01 6.701351545891907335e+01
-3.461914062500000000e-01 6.701337380131934651e+01
-3.459472656250000000e-01 6.701321623512720294e+01
-3.457031250000000000e-01 6.701304317990077664e+01
-3.454589843750000000e-01 6.701285509561819254e+01
-3.452148437500000000e-01 6.701265248165520916e+01
-3.449707031250000000e-01 6.701243587566261795e+01
-3.447265625000000000e-01 6.701220585234558769e+01
-3.444824218750000000e-01 6.701196302214752620e+01
-3.442382812500000000e-01 6.701170802984131569e+01
-3.439941406250000000e-01 6.701144155303074967e+01
-3.437500000000000000e-01 6.701116430056586637e+01
-3.435058593750000000e-01 6.701087701087513437e+01
-3.432617187500000000e-01 6.701058045021862597e+01
-3.430175781250000000e-01 6.701027541086588712e+01
-3.427734375000000000e-01 6.700996270920279585e+01
-3.425292968750000000e-01 6.700964318377162954e+01
-3.422851562500000000e-01 6.700931769324891718e+01
-3.420410156250000000e-01 6.700898711436582289e+01
-3.417968750000000000e-01 6.700865233977593505e+01
-3.415527343750000000e-01 6.700831427587549172e+01
-3.413085937500000000e-01 6.700797384058114403e+01
-3.410644531250000000e-01 6.700763196107082820e+01
-3.408203125000000000e-01 6.700728957149300413e+01
-3.405761718750000000e-01 6.700694761064984561e+01
-3.403320312500000000e-01 6.700660701966016575e+01
-3.400878906250000000e-01 6.700626873960770524e+01
-3.398437500000000000e-01 6.700593370918078051e+01
-3.395996093750000000e-01 6.700560286230889062e+01
-3.393554687500000000e-01 6.700527712580257855e+01
-3.391113281250000000e-01 6.700495741700220265e+01
-3.388671875000000000e-01 6.700464464144177157e+01
-3.386230468750000000e-01 6.700433969053364081e+01
-3.383789062500000000e-01 6.700404343928029505e+01
-3.381347656250000000e-01 6.700375674401873027e+01
-3.378906250000000000e-01 6.700348044020370253e+01
-3.376464843750000000e-01 6.700321534023532877e+01
-3.374023437500000000e-01 6.700296223133697993e+01
-3.371582031250000000e-01 6.700272187348889474e+01
-3.369140625000000000e-01 6.700249499742304238e+01
-3.366699218750000000e-01 6.700228230268484708e+01
-3.364257812500000000e-01 6.700208445576649297e+01
-3.361816406250000000e-01 6.700190208831736527e+01
-3.359375000000000000e-01 6.700173579543624669e+01
-3.356933593750000000e-01 6.700158613404991570e+01
-3.354492187500000000e-01 6.700145362138272276e+01
-3.352050781250000000e-01 6.700133873352149294e+01
-3.349609375000000000e-01 6.700124190407939295e+01
-3.347167968750000000e-01 6.700116352296296895e+01
-3.344726562500000000e-01 6.700110393524566632e+01
-3.342285156250000000e-01 6.700106344015085824e+01
-3.339843750000000000e-01 6.700104229014777957e+01
-3.337402343750000000e-01 6.700104069016256858e+01
-3.334960937500000000e-01 6.700105879690711674e+01
-3.332519531250000000e-01 6.700109671832736069e+01
-3.330078125000000000e-01 6.700115451317319071e+01
-3.327636718750000000e-01 6.700123219069099889e+01
-3.325195312500000000e-01 6.700132971044000385e+01
-3.322753906250000000e-01 6.700144698223311934e+01
-3.320312500000000000e-01 6.700158386620262263e+01
-3.317871093750000000e-01 6.700174017299070783e+01
-3.315429687500000000e-01 6.700191566406451216e+01
-3.312988281250000000e-01 6.700211005215494708e+01
-3.310546875000000000e-01 6.700232300181816925e+01
-3.308105468750000000e-01 6.700255413011858252e+01
-3.305664062500000000e-01 6.700280300743112605e+01
-3.303222656250000000e-01 6.700306915836117128e+01
-3.300781250000000000e-01 6.700335206277931377e+01
-3.298339843750000000e-01 6.700365115696831708e+01
-3.295898437500000000e-01 6.700396583487911073e+01
-3.293457031250000000e-01 6.700429544949219007e+01
-3.291015625000000000e-01 6.700463931428095066e+01
-3.288574218750000000e-01 6.700499670477233849e+01
-3.286132812500000000e-01 6.700536686020099353e+01
-3.283691406250000000e-01 6.700574898525152889e+01
-3.281250000000000000e-01 6.700614225188448358e+01
-3.278808593750000000e-01 6.700654580124027859e+01
-3.276367187500000000e-01 6.700695874561580467e+01
-3.273925781250000000e-01 6.700738017050775852e+01
-3.271484375000000000e-01 6.700780913671677297e+01
-3.269042968750000000e-01 6.700824468250600319e+01
-3.266601562500000000e-01 6.700868582580757504e+01
-3.264160156250000000e-01 6.700913156647061442e+01
-3.261718750000000000e-01 6.700958088854343941e+01
-3.259277343750000000e-01 6.701003276258349217e+01
-3.256835937500000000e-01 6.701048614798732217e+01
-3.254394531250000000e-01 6.701093999533378565e+01
-3.251953125000000000e-01 6.701139324873273040e+01
-3.249511718750000000e-01 6.701184484817186160e+01
-3.247070312500000000e-01 6.701229373185407212e+01
-3.244628906250000000e-01 6.701273883851784774e+01
-3.242187500000000000e-01 6.701317910973274650e+01
-3.239746093750000000e-01 6.701361349216254837e+01
-3.237304687500000000e-01 6.701404093978821663e+01
-3.234863281250000000e-01 6.701446041608303972e+01
-3.232421875000000000e-01 6.701487089613226544e+01
-3.229980468750000000e-01 6.701527136868978118e+01
-3.227539062500000000e-01 6.701566083816392450e+01
-3.225097656250000000e-01 6.701603832652548931e+01
-3.222656250000000000e-01 6.701640287513018279e+01
-3.220214843750000000e-01 6.701675354644842741e+01
-3.217773437500000000e-01 6.701708942569558758e+01
-3.215332031250000000e-01 6.701740962235533061e+01
-3.212890625000000000e-01 6.701771327158979830e+01
-3.210449218750000000e-01 6.701799953552966826e+01
-3.208007812500000000e-01 6.701826760443796616e+01
-3.205566406250000000e-01 6.701851669774134734e+01
-3.203125000000000000e-01 6.701874606492313546e+01
-3.200683593750000000e-01 6.701895498627220604e+01
-3.198242187500000000e-01 6.701914277348259930e+01
-3.195800781250000000e-01 6.701930877009870358e+01
-3.193359375000000000e-01 6.701945235180102145e+01
-3.190917968750000000e-01 6.701957292652834042e+01
-3.188476562500000000e-01 6.701966993443195975e+01
-3.186035156250000000e-01 6.701974284765819334e+01
-3.183593750000000000e-01 6.701979116995566699e+01
-3.181152343750000000e-01 6.701981443610434042e+01
-3.178710937500000000e-01 6.701981221116356835e+01
-3.176269531250000000e-01 6.701978408953661415e+01
-3.173828125000000000e-01 6.701972969384996759e+01
-3.171386718750000000e-01 6.701964867364573308e+01
-3.168945312500000000e-01 6.701954070388588036e+01
-3.166503906250000000e-01 6.701940548326784608e+01
-3.164062500000000000e-01 6.701924273235094631e+01
-3.161621093750000000e-01 6.701905219149386994e+01
-3.159179687500000000e-01 6.701883361860383559e+01
-3.156738281250000000e-01 6.701858678669822211e+01
-3.154296875000000000e-01 6.701831148128044902e+01
-3.151855468750000000e-01 6.701800749753161313e+01
-3.149414062500000000e-01 6.701767463732059582e+01
-3.146972656250000000e-01 6.701731270603519874e+01
-3.144531250000000000e-01 6.701692150923760494e+01
-3.142089843750000000e-01 6.701650084914794547e+01
-3.139648437500000000e-01 6.701605052096002169e+01
-3.137207031250000000e-01 6.701557030899378731e+01
-3.134765625000000000e-01 6.701505998268962117e+01
-3.132324218750000000e-01 6.701451929244983319e+01
-3.129882812500000000e-01 6.701394796533334386e+01
-3.127441406250000000e-01 6.701334570060966200e+01
-3.125000000000000000e-01 6.701271216517908158e+01
-3.122558593750000000e-01 6.701204698886607503e+01
-3.120117187500000000e-01 6.701134975959320172e+01
-3.117675781250000000e-01 6.701062001844384497e+01
-3.115234375000000000e-01 6.700985725462135179e+01
-3.112792968750000000e-01 6.700906090031375584e+01
-3.110351562500000000e-01 6.700823032547236835e+01
-3.107910156250000000e-01 6.700736483251388620e+01
-3.105468750000000000e-01 6.700646365095514057e+01
-3.103027343750000000e-01 6.700552593199032003e+01
-3.100585937500000000e-01 6.700455074302065839e+01
-3.098144531250000000e-01 6.700353706214669103e+01
-3.095703125000000000e-01 6.700248377263348232e+01
-3.093261718750000000e-01 6.700138965735919783e+01
-3.090820312500000000e-01 6.700025339325810592e+01
-3.088378906250000000e-01 6.699907354576811258e+01
-3.085937500000000000e-01 6.699784856329448246e+01
-3.083496093750000000e-01 6.699657677169994940e+01
-3.081054687500000000e-01 6.699525636883267055e+01
-3.078613281250000000e-01 6.699388541910263939e+01
-3.076171875000000000e-01 6.699246184811775606e+01
-3.073730468750000000e-01 6.699098343739004235e+01
-3.071289062500000000e-01 6.698944781912304336e+01
-3.068847656250000000e-01 6.698785247109094598e+01
-3.066406250000000000e-01 6.698619471161970296e+01
-3.063964843750000000e-01 6.698447169468069262e+01
-3.061523437500000000e-01 6.698268040510674837e+01
-3.059082031250000000e-01 6.698081765394040588e+01
-3.056640625000000000e-01 6.697888007392387522e+01
-3.054199218750000000e-01 6.697686411513987537e+01
-3.051757812500000000e-01 6.697476604081234086e+01
-3.049316406250000000e-01 6.697258192327521442e+01
-3.046875000000000000e-01 6.697030764011759629e+01
-3.044433593750000000e-01 6.696793887051285310e+01
-3.041992187500000000e-01 6.696547109173890533e+01
-3.039550781250000000e-01 6.696289957589635833e+01
-3.037109375000000000e-01 6.696021938683091435e+01
-3.034667968750000000e-01 6.695742537726546573e+01
-3.032226562500000000e-01 6.695451218614752520e+01
-3.029785156250000000e-01 6.695147423621621385e+01
-3.027343750000000000e-01 6.694830573179322641e+01
-3.024902343750000000e-01 6.694500065680115597e+01
-3.022460937500000000e-01 6.694155277301204876e+01
-3.020019531250000000e-01 6.693795561852877540e+01
-3.017578125000000000e-01 6.693420250650076753e+01
-3.015136718750000000e-01 6.693028652407528512e+01
-3.012695312500000000e-01 6.692620053158489668e+01
-3.010253906250000000e-01 6.692193716197083120e+01
-3.007812500000000000e-01 6.691748882044193181e+01
-3.005371093750000000e-01 6.691284768436757702e+01
-3.002929687500000000e-01 6.690800570340276465e+01
-3.000488281250000000e-01 6.690295459984321269e+01
-2.998046875000000000e-01 6.689768586920698112e+01
-2.995605468750000000e-01 6.689219078103944582e+01
-2.993164062500000000e-01 6.688646037993713378e+01
-2.990722656250000000e-01 6.688048548678600014e+01
-2.988281250000000000e-01 6.687425670020887480e+01
-2.985839843750000000e-01 6.686776439821626639e+01
-2.983398437500000000e-01 6.686099874005454069e+01
-2.980957031250000000e-01 6.685394966824473784e+01
-2.978515625000000000e-01 6.684660691080492256e+01
-2.976074218750000000e-01 6.683895998364873492e+01
-2.973632812500000000e-01 6.683099819315222589e+01
-2.971191406250000000e-01 6.682271063888067886e+01
-2.968750000000000000e-01 6.681408621646700396e+01
-2.966308593750000000e-01 6.680511362063279535e+01
-2.963867187500000000e-01 6.679578134834297032e+01
-2.961425781250000000e-01 6.678607770208455463e+01
-2.958984375000000000e-01 6.677599079326010667e+01
-2.956542968750000000e-01 6.676550854568588989e+01
-2.954101562500000000e-01 6.675461869918508739e+01
-2.951660156250000000e-01 6.674330881326557119e+01
-2.949218750000000000e-01 6.673156627087264781e+01
-2.946777343750000000e-01 6.671937828220579547e+01
-2.944335937500000000e-01 6.670673188858978619e+01
-2.941894531250000000e-01 6.669361396638936412e+01
-2.939453125000000000e-01 6.668001123095741889e+01
-2.937011718750000000e-01 6.666591024060613790e+01
-2.934570312500000000e-01 6.665129740059120422e+01
-2.932128906250000000e-01 6.663615896709836761e+01
-2.929687500000000000e-01 6.662048105122291020e+01
-2.927246093750000000e-01 6.660424962293140538e+01
-2.924804687500000000e-01 6.658745051499650458e+01
-2.922363281250000000e-01 6.657006942689453410e+01
-2.919921875000000000e-01 6.655209192865689261e+01
-2.917480468750000000e-01 6.653350346466554299e+01
-2.915039062500000000e-01 6.651428935738360337e+01
-2.912597656250000000e-01 6.649443481101224052e+01
-2.910156250000000000e-01 6.647392491506495560e+01
-2.907714843750000000e-01 6.645274464785100577e+01
-2.905273437500000000e-01 6.643087887985961970e+01
-2.902832031250000000e-01 6.640831237703724810e+01
-2.900390625000000000e-01 6.638502980394987674e+01
-2.897949218750000000e-01 6.636101572682321148e+01
-2.895507812500000000e-01 6.633625461645362975e+01
-2.893066406250000000e-01 6.631073085098267939e+01
-2.890625000000000000e-01 6.628442871852899998e+01
-2.888183593750000000e-01 6.625733241967095921e+01
-2.885742187500000000e-01 6.622942606977412083e+01
-2.883300781250000000e-01 6.620069370115780316e+01
-2.880859375000000000e-01 6.617111926509514319e+01
-2.878417968750000000e-01 6.614068663364159306e+01
-2.875976562500000000e-01 6.610937960128656243e+01
-2.873535156250000000e-01 6.607718188642402879e+01
-2.871093750000000000e-01 6.604407713263711344e+01
-2.868652343750000000e-01 6.601004890979292838e+01
-2.866210937500000000e-01 6.597508071494337401e+01
-2.863769531250000000e-01 6.593915597302844844e+01
-2.861328125000000000e-01 6.590225803737848764e+01
-2.858886718750000000e-01 6.586437019001208171e+01
-2.856445312500000000e-01 6.582547564172668331e+01
-2.854003906250000000e-01 6.578555753197905176e+01
-2.851562500000000000e-01 6.574459892855304588e+01
-2.849121093750000000e-01 6.570258282701209396e+01
-2.846679687500000000e-01 6.565949214993435135e+01
-2.844238281250000000e-01 6.561530974592837140e+01
-2.841796875000000000e-01 6.557001838842739971e+01
-2.839355468750000000e-01 6.552360077426070006e+01
-2.836914062500000000e-01 6.547603952200003619e+01
-2.834472656250000000e-01 6.542731717008039993e+01
-2.832031250000000000e-01 6.537741617469318101e+01
-2.829589843750000000e-01 6.532631890745106773e+01
-2.827148437500000000e-01 6.527400765282349937e+01
-2.824707031250000000e-01 6.522046460534183154e+01
-2.822265625000000000e-01 6.516567186657356103e+01
-2.819824218750000000e-01 6.510961144186509841e+01
-2.817382812500000000e-01 6.505226523685234952e+01
-2.814941406250000000e-01 6.499361505373921943e+01
-2.812500000000000000e-01 6.493364258734344219e+01
-2.810058593750000000e-01 6.487232942091014820e+01
-2.807617187500000000e-01 6.480965702169272902e+01
-2.805175781250000000e-01 6.474560673630200824e+01
-2.802734375000000000e-01 6.468015978582342029e+01
-2.800292968750000000e-01 6.461329726070343327e+01
-2.797851562500000000e-01 6.454500011540577020e+01
-2.795410156250000000e-01 6.447524916283852292e+01
-2.792968750000000000e-01 6.440402506855355114e+01
-2.790527343750000000e-01 6.433130834471971582e+01
-2.788085937500000000e-01 6.425707934387185105e+01
-2.785644531250000000e-01 6.418131825243762023e+01
-2.783203125000000000e-01 6.410400508404508457e+01
-2.780761718750000000e-01 6.402511967261372661e+01
-2.778320312500000000e-01 6.394464166523259507e+01
-2.775878906250000000e-01 6.386255051482972789e+01
-2.773437500000000000e-01 6.377882547263713775e+01
-2.770996093750000000e-01 6.369344558045703053e+01
-2.768554687500000000e-01 6.360638966273502604e+01
-2.766113281250000000e-01 6.351763631844745817e+01
-2.763671875000000000e-01 6.342716391281039989e+01
-2.761230468750000000e-01 6.333495056881944407e+01
-2.758789062500000000e-01 6.324097415863019478e+01
-2.756347656250000000e-01 6.314521229479080233e+01
-2.753906250000000000e-01 6.304764232133945256e+01
-2.751464843750000000e-01 6.294824130478120594e+01
-2.749023437500000000e-01 6.284698602496045794e+01
-2.746582031250000000e-01 6.274385296584742377e+01
-2.744140625000000000e-01 6.263881830625919633e+01
-2.741699218750000000e-01 6.253185791053849130e+01
-2.739257812500000000e-01 6.242294731921617057e+01
-2.736816406250000000e-01 6.231206173968641338e+01
-2.734375000000000000e-01 6.219917603692746155e+01
-2.731933593750000000e-01 6.208426472430420517e+01
-2.729492187500000000e-01 6.196730195449357836e+01
-2.727050781250000000e-01 6.184826151057844612e+01
-2.724609375000000000e-01 6.172711679736110568e+01
-2.722167968750000000e-01 6.160384083295328139e+01
-2.719726562500000000e-01 6.147840624070659743e+01
-2.717285156250000000e-01 6.135078524155428426e+01
-2.714843750000000000e-01 6.122094964684383456e+01
-2.712402343750000000e-01 6.108887085174874443e+01
-2.709960937500000000e-01 6.095451982935823310e+01
-2.707519531250000000e-01 6.081786712555473429e+01
-2.705078125000000000e-01 6.067888285480192678e+01
-2.702636718750000000e-01 6.053753669697958628e+01
-2.700195312500000000e-01 6.039379789541765575e+01
-2.697753906250000000e-01 6.024763525629858663e+01
-2.695312500000000000e-01 6.009901714961693386e+01
-2.692871093750000000e-01 5.994791151190607792e+01
-2.690429687500000000e-01 5.979428585096586346e+01
-2.687988281250000000e-01 5.963810725285174641e+01
-2.685546875000000000e-01 5.947934239141483204e+01
-2.683105468750000000e-01 5.931795754071571025e+01
-2.680664062500000000e-01 5.915391859067078428e+01
-2.678222656250000000e-01 5.898719106633068066e+01
-2.675781250000000000e-01 5.881774015123538391e+01
-2.673339843750000000e-01 5.864553071534047746e+01
-2.670898437500000000e-01 5.847052734806544549e+01
-2.668457031250000000e-01 5.829269439707581313e+01
-2.666015625000000000e-01 5.811199601348108956e+01
-2.663574218750000000e-01 5.792839620420601676e+01
-2.661132812500000000e-01 5.774185889237828206e+01
-2.658691406250000000e-01 5.755234798667041218e+01
-2.656250000000000000e-01 5.735982746063805138e+01
-2.653808593750000000e-01 5.716426144321395242e+01
-2.651367187500000000e-01 5.696561432164543248e+01
-2.648925781250000000e-01 5.676385085830675337e+01
-2.646484375000000000e-01 5.655893632297597406e+01
-2.644042968750000000e-01 5.635083664234089440e+01
-2.641601562500000000e-01 5.613951856869279311e+01
-2.639160156250000000e-01 5.592494986997921558e+01
-2.636718750000000000e-01 5.570709954362308025e+01
-2.634277343750000000e-01 5.548593805677234769e+01
-2.631835937500000000e-01 5.526143761592899040e+01
-2.629394531250000000e-01 5.503357246921409995e+01
-2.626953125000000000e-01 5.480231924486415096e+01
-2.624511718750000000e-01 5.456765732991890872e+01
-2.622070312500000000e-01 5.432956929345755270e+01
-2.619628906250000000e-01 5.408804135916425082e+01
-2.617187500000000000e-01 5.384306393245871902e+01
-2.614746093750000000e-01 5.359463218790804717e+01
-2.612304687500000000e-01 5.334274672314031562e+01
-2.609863281250000000e-01 5.308741428600319523e+01
-2.607421875000000000e-01 5.282864858224297677e+01
-2.604980468750000000e-01 5.256647117151146631e+01
-2.602539062500000000e-01 5.230091246002295691e+01
-2.600097656250000000e-01 5.203201279866220830e+01
-2.597656250000000000e-01 5.175982369575932296e+01
-2.595214843750000000e-01 5.148440915406268914e+01
-2.592773437500000000e-01 5.120584714161633144e+01
-2.590332031250000000e-01 5.092423120622110844e+01
-2.587890625000000000e-01 5.063967224286763269e+01
-2.585449218750000000e-01 5.035230042288085173e+01
-2.583007812500000000e-01 5.006226729241328144e+01
-2.580566406250000000e-01 4.976974804623672810e+01
-2.578125000000000000e-01 4.947494398036779728e+01
-2.575683593750000000e-01 4.917808512374661944e+01
-2.573242187500000000e-01 4.887943304477671802e+01
-2.570800781250000000e-01 4.857928382280857704e+01
-2.568359375000000000e-01 4.827797116737657745e+01
-2.565917968750000000e-01 4.797586965893219713e+01
-2.563476562500000000e-01 4.767339807371814686e+01
-2.561035156250000000e-01 4.737102274208638164e+01
-2.558593750000000000e-01 4.706926087382117885e+01
-2.556152343750000000e-01 4.676868376582888942e+01
-2.553710937500000000e-01 4.646991978699296766e+01
-2.551269531250000000e-01 4.617365701237318376e+01
-2.548828125000000000e-01 4.588064535485345630e+01
-2.546386718750000000e-01 4.559169801779128761e+01
-2.543945312500000000e-01 4.530769206862751020e+01
-2.541503906250000000e-01 4.502956791274485226e+01
-2.539062500000000000e-01 4.475832743164767180e+01
-2.536621093750000000e-01 4.449503054286124382e+01
-2.534179687500000000e-01 4.424078994434623269e+01
-2.531738281250000000e-01 4.399676382746606151e+01
-2.529296875000000000e-01 4.376414638328290607e+01
-2.526855468750000000e-01 4.354415599021650962e+01
-2.524414062500000000e-01 4.333802105865031962e+01
-2.521972656250000000e-01 4.314696361968017868e+01
-2.519531250000000000e-01 4.297218087795628350e+01
-2.517089843750000000e-01 4.281482509628065714e+01
-2.514648437500000000e-01 4.267598233262975782e+01
-2.512207031250000000e-01 4.255665069571265491e+01
-2.509765625000000000e-01 4.245771890790027214e+01
-2.507324218750000000e-01 4.237994604854712577e+01
-2.504882812500000000e-01 4.232394338197990180e+01
-2.502441406250000000e-01 4.229015914219961303e+01
-2.500000000000000000e-01 4.227886704613673885e+01
-2.497558593750000000e-01 4.229015914219964856e+01
-2.495117187500000000e-01 4.232394338197991601e+01
-2.492675781250000000e-01 4.237994604854713288e+01
-2.490234375000000000e-01 4.245771890790025793e+01
-2.487792968750000000e-01 4.255665069571266201e+01
-2.485351562500000000e-01 4.267598233262979335e+01
-2.482910156250000000e-01 4.281482509628066424e+01
-2.480468750000000000e-01 4.297218087795631902e+01
-2.478027343750000000e-01 4.314696361968016447e+01
-2.475585937500000000e-01 4.333802105865033383e+01
-2.473144531250000000e-01 4.354415599021652383e+01
-2.470703125000000000e-01 4.376414638328288476e+01
-2.468261718750000000e-01 4.399676382746608283e+01
-2.465820312500000000e-01 4.424078994434621848e+01
-2.463378906250000000e-01 4.449503054286125803e+01
-2.460937500000000000e-01 4.475832743164765759e+01
-2.458496093750000000e-01 4.502956791274485937e+01
-2.456054687500000000e-01 4.530769206862753862e+01
-2.453613281250000000e-01 4.559169801779130893e+01
-2.451171875000000000e-01 4.588064535485348472e+01
-2.448730468750000000e-01 4.617365701237319797e+01
-2.446289062500000000e-01 4.646991978699298897e+01
-2.443847656250000000e-01 4.676868376582889653e+01
-2.441406250000000000e-01 4.706926087382119306e+01
-2.438964843750000000e-01 4.737102274208638875e+01
-2.436523437500000000e-01 4.767339807371813265e+01
-2.434082031250000000e-01 4.797586965893220423e+01
-2.431640625000000000e-01 4.827797116737657745e+01
-2.429199218750000000e-01 4.857928382280857704e+01
-2.426757812500000000e-01 4.887943304477672513e+01
-2.424316406250000000e-01 4.917808512374662655e+01
-2.421875000000000000e-01 4.947494398036779728e+01
-2.419433593750000000e-01 4.976974804623673521e+01
-2.416992187500000000e-01 5.006226729241330275e+01
-2.414550781250000000e-01 5.035230042288083752e+01
-2.412109375000000000e-01 5.063967224286762558e+01
-2.409667968750000000e-01 5.092423120622112265e+01
-2.407226562500000000e-01 5.120584714161634565e+01
-2.404785156250000000e-01 5.148440915406269625e+01
-2.402343750000000000e-01 5.175982369575930875e+01
-2.399902343750000000e-01 5.203201279866220830e+01
-2.397460937500000000e-01 5.230091246002294980e+01
-2.395019531250000000e-01 5.256647117151147341e+01
-2.392578125000000000e-01 5.282864858224297677e+01
-2.390136718750000000e-01 5.308741428600319523e+01
-2.387695312500000000e-01 5.334274672314032273e+01
-2.385253906250000000e-01 5.359463218790806138e+01
-2.382812500000000000e-01 5.384306393245871902e+01
-2.380371093750000000e-01 5.408804135916425793e+01
-2.377929687500000000e-01 5.432956929345755270e+01
-2.375488281250000000e-01 5.456765732991890872e+01
-2.373046875000000000e-01 5.480231924486415096e+01
-2.370605468750000000e-01 5.503357246921410706e+01
-2.368164062500000000e-01 5.526143761592899040e+01
-2.365722656250000000e-01 5.548593805677234769e+01
-2.363281250000000000e-01 5.570709954362308025e+01
-2.360839843750000000e-01 5.592494986997921558e+01
-2.358398437500000000e-01 5.613951856869278600e+01
-2.355957031250000000e-01 5.635083664234089440e+01
-2.353515625000000000e-01 5.655893632297597406e+01
-2.351074218750000000e-01 5.676385085830676758e+01
-2.348632812500000000e-01 5.696561432164542538e+01
-2.346191406250000000e-01 5.716426144321395242e+01
-2.343750000000000000e-01 5.735982746063805138e+01
-2.341308593750000000e-01 5.755234798667040508e+01
-2.338867187500000000e-01 5.774185889237828206e+01
-2.336425781250000000e-01 5.792839620420601676e+01
-2.333984375000000000e-01 5.811199601348108956e+01
-2.331542968750000000e-01 5.829269439707581313e+01
-2.329101562500000000e-01 5.847052734806545260e+01
-2.326660156250000000e-01 5.864553071534048456e+01
-2.324218750000000000e-01 5.881774015123538391e+01
-2.321777343750000000e-01 5.898719106633068066e+01
-2.319335937500000000e-01 5.915391859067077718e+01
-2.316894531250000000e-01 5.931795754071571736e+01
-2.314453125000000000e-01 5.947934239141483204e+01
-2.312011718750000000e-01 5.963810725285174641e+01
-2.309570312500000000e-01 5.979428585096586346e+01
-2.307128906250000000e-01 5.994791151190607081e+01
-2.304687500000000000e-01 6.009901714961694097e+01
-2.302246093750000000e-01 6.024763525629858663e+01
-2.299804687500000000e-01 6.039379789541765575e+01
-2.297363281250000000e-01 6.053753669697960049e+01
-2.294921875000000000e-01 6.067888285480192678e+01
-2.292480468750000000e-01 6.081786712555474139e+01
-2.290039062500000000e-01 6.095451982935823310e+01
-2.287597656250000000e-01 6.108887085174875153e+01
-2.285156250000000000e-01 6.122094964684384877e+01
-2.282714843750000000e-01 6.135078524155428426e+01
-2.280273437500000000e-01 6.147840624070659743e+01
-2.277832031250000000e-01 6.160384083295328139e+01
-2.275390625000000000e-01 6.172711679736110568e+01
-2.272949218750000000e-01 6.184826151057845323e+01
-2.270507812500000000e-01 6.196730195449357836e+01
-2.268066406250000000e-01 6.208426472430421228e+01
-2.265625000000000000e-01 6.219917603692746155e+01
-2.263183593750000000e-01 6.231206173968641338e+01
-2.260742187500000000e-01 6.242294731921617057e+01
-2.258300781250000000e-01 6.253185791053849130e+01
-2.255859375000000000e-01 6.263881830625919633e+01
-2.253417968750000000e-01 6.274385296584742377e+01
-2.250976562500000000e-01 6.284698602496045794e+01
-2.248535156250000000e-01 6.294824130478120594e+01
-2.246093750000000000e-01 6.304764232133945256e+01
-2.243652343750000000e-01 6.314521229479080233e+01
-2.241210937500000000e-01 6.324097415863018767e+01
-2.238769531250000000e-01 6.333495056881944407e+01
-2.236328125000000000e-01 6.342716391281039989e+01
-2.233886718750000000e-01 6.351763631844745817e+01
-2.231445312500000000e-01 6.360638966273502604e+01
-2.229003906250000000e-01 6.369344558045703053e+01
-2.226562500000000000e-01 6.377882547263713064e+01
-2.224121093750000000e-01 6.386255051482972789e+01
-2.221679687500000000e-01 6.394464166523259507e+01
-2.219238281250000000e-01 6.402511967261372661e+01
-2.216796875000000000e-01 6.410400508404508457e+01
-2.214355468750000000e-01 6.418131825243762023e+01
-2.211914062500000000e-01 6.425707934387185105e+01
-2.209472656250000000e-01 6.433130834471971582e+01
-2.207031250000000000e-01 6.440402506855353693e+01
-2.204589843750000000e-01 6.447524916283852292e+01
-2.202148437500000000e-01 6.454500011540577020e+01
-2.199707031250000000e-01 6.461329726070343327e+01
-2.197265625000000000e-01 6.468015978582342029e+01
-2.194824218750000000e-01 6.474560673630200824e+01
-2.192382812500000000e-01 6.480965702169272902e+01
-2.189941406250000000e-01 6.487232942091014820e+01
-2.187500000000000000e-01 6.493364258734345640e+01
-2.185058593750000000e-01 6.499361505373920522e+01
-2.182617187500000000e-01 6.505226523685234952e+01
-2.180175781250000000e-01 6.510961144186509841e+01
-2.177734375000000000e-01 6.516567186657357524e+01
-2.175292968750000000e-01 6.522046460534183154e+01
-2.172851562500000000e-01 6.527400765282349937e+01
-2.170410156250000000e-01 6.532631890745106773e+01
-2.167968750000000000e-01 6.537741617469318101e+01
-2.165527343750000000e-01 6.542731717008039993e+01
-2.163085937500000000e-01 6.547603952200003619e+01
-2.160644531250000000e-01 6.552360077426070006e+01
-2.158203125000000000e-01 6.557001838842739971e+01
-2.155761718750000000e-01 6.561530974592837140e+01
-2.153320312500000000e-01 6.565949214993435135e+01
-2.150878906250000000e-01 6.570258282701209396e+01
-2.148437500000000000e-01 6.574459892855304588e+01
-2.145996093750000000e-01 6.578555753197905176e+01
-2.143554687500000000e-01 6.582547564172668331e+01
-2.141113281250000000e-01 6.586437019001208171e+01
-2.138671875000000000e-01 6.590225803737848764e+01
-2.136230468750000000e-01 6.593915597302844844e+01
-2.133789062500000000e-01 6.597508071494337401e+01
-2.131347656250000000e-01 6.601004890979292838e+01
-2.128906250000000000e-01 6.604407713263711344e+01
-2.126464843750000000e-01 6.607718188642402879e+01
-2.124023437500000000e-01 6.610937960128656243e+01
-2.121582031250000000e-01 6.614068663364159306e+01
-2.119140625000000000e-01 6.617111926509514319e+01
-2.116699218750000000e-01 6.620069370115780316e+01
-2.114257812500000000e-01 6.622942606977412083e+01
-2.111816406250000000e-01 6.625733241967095921e+01
-2.109375000000000000e-01 6.628442871852899998e+01
-2.106933593750000000e-01 6.631073085098267939e+01
-2.104492187500000000e-01 6.633625461645362975e+01
-2.102050781250000000e-01 6.636101572682321148e+01
-2.099609375000000000e-01 6.638502980394986253e+01
-2.097167968750000000e-01 6.640831237703724810e+01
-2.094726562500000000e-01 6.643087887985961970e+01
-2.092285156250000000e-01 6.645274464785100577e+01
-2.089843750000000000e-01 6.647392491506495560e+01
-2.087402343750000000e-01 6.649443481101224052e+01
-2.084960937500000000e-01 6.651428935738360337e+01
-2.082519531250000000e-01 6.653350346466554299e+01
-2.080078125000000000e-01 6.655209192865689261e+01
-2.077636718750000000e-01 6.657006942689453410e+01
-2.075195312500000000e-01 6.658745051499650458e+01
-2.072753906250000000e-01 6.660424962293140538e+01
-2.070312500000000000e-01 6.662048105122291020e+01
-2.067871093750000000e-01 6.663615896709836761e+01
-2.065429687500000000e-01 6.665129740059120422e+01
-2.062988281250000000e-01 6.666591024060613790e+01
-2.060546875000000000e-01 6.668001123095741889e+01
-2.058105468750000000e-01 6.669361396638936412e+01
-2.055664062500000000e-01 6.670673188858978619e+01
-2.053222656250000000e-01 6.671937828220579547e+01
-2.050781250000000000e-01 6.673156627087264781e+01
-2.048339843750000000e-01 6.674330881326557119e+01
-2.045898437500000000e-01 6.675461869918507318e+01
-2.043457031250000000e-01 6.676550854568588989e+01
-2.041015625000000000e-01 6.677599079326010667e+01
-2.038574218750000000e-01 6.678607770208455463e+01
-2.036132812500000000e-01 6.679578134834297032e+01
-2.033691406250000000e-01 6.680511362063279535e+01
-2.031250000000000000e-01 6.681408621646700396e+01
-2.028808593750000000e-01 6.682271063888067886e+01
-2.026367187500000000e-01 6.683099819315222589e+01
-2.023925781250000000e-01 6.683895998364873492e+01
-2.021484375000000000e-01 6.684660691080492256e+01
-2.019042968750000000e-01 6.685394966824473784e+01
-2.016601562500000000e-01 6.686099874005455490e+01
-2.014160156250000000e-01 6.686776439821626639e+01
-2.011718750000000000e-01 6.687425670020887480e+01
-2.009277343750000000e-01 6.688048548678600014e+01
-2.006835937500000000e-01 6.688646037993713378e+01
-2.004394531250000000e-01 6.689219078103944582e+01
-2.001953125000000000e-01 6.689768586920698112e+01
-1.999511718750000000e-01 6.690295459984321269e+01
-1.997070312500000000e-01 6.690800570340276465e+01
-1.994628906250000000e-01 6.691284768436757702e+01
-1.992187500000000000e-01 6.691748882044193181e+01
-1.989746093750000000e-01 6.692193716197083120e+01
-1.987304687500000000e-01 6.692620053158489668e+01
-1.984863281250000000e-01 6.693028652407529933e+01
-1.982421875000000000e-01 6.693420250650076753e+01
-1.979980468750000000e-01 6.693795561852877540e+01
-1.977539062500000000e-01 6.694155277301204876e+01
-1.975097656250000000e-01 6.694500065680115597e+01
-1.972656250000000000e-01 6.694830573179324062e+01
-1.970214843750000000e-01 6.695147423621621385e+01
-1.967773437500000000e-01 6.695451218614751099e+01
-1.965332031250000000e-01 6.695742537726546573e+01
-1.962890625000000000e-01 6.696021938683091435e+01
-1.960449218750000000e-01 6.696289957589635833e+01
-1.958007812500000000e-01 6.696547109173890533e+01
-1.955566406250000000e-01 6.696793887051285310e+01
-1.953125000000000000e-01 6.697030764011759629e+01
-1.950683593750000000e-01 6.697258192327521442e+01
-1.948242187500000000e-01 6.697476604081234086e+01
-1.945800781250000000e-01 6.697686411513987537e+01
-1.943359375000000000e-01 6.697888007392387522e+01
-1.940917968750000000e-01 6.698081765394040588e+01
-1.938476562500000000e-01 6.698268040510674837e+01
-1.936035156250000000e-01 6.698447169468069262e+01
-1.933593750000000000e-01 6.698619471161970296e+01
-1.931152343750000000e-01 6.698785247109094598e+01
-1.928710937500000000e-01 6.698944781912304336e+01
-1.926269531250000000e-01 6.699098343739004235e+01
-1.923828125000000000e-01 6.699246184811775606e+01
-1.921386718750000000e-01 6.699388541910263939e+01
-1.918945312500000000e-01 6.699525636883267055e+01
-1.916503906250000000e-01 6.699657677169994940e+01
-1.914062500000000000e-01 6.699784856329448246e+01
-1.911621093750000000e-01 6.699907354576811258e+01
-1.909179687500000000e-01 6.700025339325810592e+01
-1.906738281250000000e-01 6.700138965735919783e+01
-1.904296875000000000e-01 6.700248377263348232e+01
-1.901855468750000000e-01 6.700353706214669103e+01
-1.899414062500000000e-01 6.700455074302065839e+01
-1.896972656250000000e-01 6.700552593199032003e+01
-1.894531250000000000e-01 6.700646365095514057e+01
-1.892089843750000000e-01 6.700736483251388620e+01
-1.889648437500000000e-01 6.700823032547236835e+01
-1.887207031250000000e-01 6.700906090031375584e+01
-1.884765625000000000e-01 6.700985725462135179e+01
-1.882324218750000000e-01 6.701062001844384497e+01
-1.879882812500000000e-01 6.701134975959320172e+01
-1.877441406250000000e-01 6.701204698886607503e+01
-1.875000000000000000e-01 6.701271216517908158e+01
-1.872558593750000000e-01 6.701334570060966200e+01
-1.870117187500000000e-01 6.701394796533334386e+01
-1.867675781250000000e-01 6.701451929244983319e+01
-1.865234375000000000e-01 6.701505998268962117e+01
-1.862792968750000000e-01 6.701557030899378731e+01
-1.860351562500000000e-01 6.701605052096002169e+01
-1.857910156250000000e-01 6.701650084914794547e+01
-1.855468750000000000e-01 6.701692150923760494e+01
-1.853027343750000000e-01 6.701731270603519874e+01
-1.850585937500000000e-01 6.701767463732059582e+01
-1.848144531250000000e-01 6.701800749753161313e+01
-1.845703125000000000e-01 6.701831148128044902e+01
-1.843261718750000000e-01 6.701858678669822211e+01
-1.840820312500000000e-01 6.701883361860382138e+01
-1.838378906250000000e-01 6.701905219149386994e+01
-1.835937500000000000e-01 6.701924273235094631e+01
-1.833496093750000000e-01 6.701940548326784608e+01
-1.831054687500000000e-01 6.701954070388588036e+01
-1.828613281250000000e-01 6.701964867364573308e+01
-1.826171875000000000e-01 6.701972969384998180e+01
-1.823730468750000000e-01 6.701978408953661415e+01
-1.821289062500000000e-01 6.701981221116356835e+01
-1.818847656250000000e-01 6.701981443610434042e+01
-1.816406250000000000e-01 6.701979116995566699e+01
-1.813964843750000000e-01 6.701974284765819334e+01
-1.811523437500000000e-01 6.701966993443195975e+01
-1.809082031250000000e-01 6.701957292652834042e+01
-1.806640625000000000e-01 6.701945235180102145e+01
-1.804199218750000000e-01 6.701930877009870358e+01
-1.801757812500000000e-01 6.701914277348259930e+01
-1.799316406250000000e-01 6.701895498627220604e+01
-1.796875000000000000e-01 6.701874606492313546e+01
-1.794433593750000000e-01 6.701851669774136155e+01
-1.791992187500000000e-01 6.701826760443796616e+01
-1.789550781250000000e-01 6.701799953552966826e+01
-1.787109375000000000e-01 6.701771327158979830e+01
-1.784667968750000000e-01 6.701740962235533061e+01
-1.782226562500000000e-01 6.701708942569558758e+01
-1.779785156250000000e-01 6.701675354644842741e+01
-1.777343750000000000e-01 6.701640287513016858e+01
-1.774902343750000000e-01 6.701603832652548931e+01
-1.772460937500000000e-01 6.701566083816392450e+01
-1.770019531250000000e-01 6.701527136868978118e+01
-1.767578125000000000e-01 6.701487089613226544e+01
-1.765136718750000000e-01 6.701446041608303972e+01
-1.762695312500000000e-01 6.701404093978821663e+01
-1.760253906250000000e-01 6.701361349216254837e+01
-1.757812500000000000e-01 6.701317910973274650e+01
-1.755371093750000000e-01 6.701273883851784774e+01
-1.752929687500000000e-01 6.701229373185407212e+01
-1.750488281250000000e-01 6.701184484817186160e+01
-1.748046875000000000e-01 6.701139324873273040e+01
-1.745605468750000000e-01 6.701093999533378565e+01
-1.743164062500000000e-01 6.701048614798732217e+01
-1.740722656250000000e-01 6.701003276258349217e+01
-1.738281250000000000e-01 6.700958088854343941e+01
-1.735839843750000000e-01 6.700913156647061442e+01
-1.733398437500000000e-01 6.700868582580757504e+01
-1.730957031250000000e-01 6.700824468250600319e+01
-1.728515625000000000e-01 6.700780913671677297e+01
-1.726074218750000000e-01 6.700738017050775852e+01
-1.723632812500000000e-01 6.700695874561580467e+01
-1.721191406250000000e-01 6.700654580124029280e+01
-1.718750000000000000e-01 6.700614225188448358e+01
-1.716308593750000000e-01 6.700574898525152889e+01
-1.713867187500000000e-01 6.700536686020099353e+01
-1.711425781250000000e-01 6.700499670477233849e+01
-1.708984375000000000e-01 6.700463931428095066e+01
-1.706542968750000000e-01 6.700429544949219007e+01
-1.704101562500000000e-01 6.700396583487911073e+01
-1.701660156250000000e-01 6.700365115696831708e+01
-1.699218750000000000e-01 6.700335206277929956e+01
-1.696777343750000000e-01 6.700306915836117128e+01
-1.694335937500000000e-01 6.700280300743112605e+01
-1.691894531250000000e-01 6.700255413011858252e+01
-1.689453125000000000e-01 6.700232300181816925e+01
-1.687011718750000000e-01 6.700211005215494708e+01
-1.684570312500000000e-01 6.700191566406452637e+01
-1.682128906250000000e-01 6.700174017299070783e+01
-1.679687500000000000e-01 6.700158386620262263e+01
-1.677246093750000000e-01 6.700144698223311934e+01
-1.674804687500000000e-01 6.700132971044000385e+01
-1.672363281250000000e-01 6.700123219069099889e+01
-1.669921875000000000e-01 6.700115451317319071e+01
-1.667480468750000000e-01 6.700109671832736069e+01
-1.665039062500000000e-01 6.700105879690711674e+01
-1.662597656250000000e-01 6.700104069016258279e+01
-1.660156250000000000e-01 6.700104229014777957e+01
-1.657714843750000000e-01 6.700106344015085824e+01
-1.655273437500000000e-01 6.700110393524566632e+01
-1.652832031250000000e-01 6.700116352296296895e+01
-1.650390625000000000e-01 6.700124190407939295e+01
-1.647949218750000000e-01 6.700133873352149294e+01
-1.645507812500000000e-01 6.700145362138272276e+01
-1.643066406250000000e-01 6.700158613404991570e+01
-1.640625000000000000e-01 6.700173579543624669e+01
-1.638183593750000000e-01 6.700190208831736527e+01
-1.635742187500000000e-01 6.700208445576649297e+01
-1.633300781250000000e-01 6.700228230268484708e+01
-1.630859375000000000e-01 6.700249499742304238e+01
-1.628417968750000000e-01 6.700272187348889474e+01
-1.625976562500000000e-01 6.700296223133699414e+01
-1.623535156250000000e-01 6.700321534023532877e+01
-1.621093750000000000e-01 6.700348044020370253e+01
-1.618652343750000000e-01 6.700375674401873027e+01
-1.616210937500000000e-01 6.700404343928029505e+01
-1.613769531250000000e-01 6.700433969053364081e+01
-1.611328125000000000e-01 6.700464464144177157e+01
-1.608886718750000000e-01 6.700495741700220265e+01
-1.606445312500000000e-01 6.700527712580257855e+01
-1.604003906250000000e-01 6.700560286230889062e+01
-1.601562500000000000e-01 6.700593370918078051e+01
-1.599121093750000000e-01 6.700626873960770524e+01
-1.596679687500000000e-01 6.700660701966016575e+01
-1.594238281250000000e-01 6.700694761064984561e+01
-1.591796875000000000e-01 6.700728957149300413e+01
-1.589355468750000000e-01 6.700763196107082820e+01
-1.586914062500000000e-01 6.700797384058112982e+01
-1.584472656250000000e-01 6.700831427587547751e+01
-1.582031250000000000e-01 6.700865233977593505e+01
-1.579589843750000000e-01 6.700898711436582289e+01
-1.577148437500000000e-01 6.700931769324890297e+01
-1.574707031250000000e-01 6.700964318377162954e+01
-1.572265625000000000e-01 6.700996270920279585e+01
-1.569824218750000000e-01 6.701027541086588712e+01
-1.567382812500000000e-01 6.701058045021862597e+01
-1.564941406250000000e-01 6.701087701087513437e+01
-1.562500000000000000e-01 6.701116430056586637e+01
-1.560058593750000000e-01 6.701144155303074967e+01
-1.557617187500000000e-01 6.701170802984131569e+01
-1.555175781250000000e-01 6.701196302214752620e+01
-1.552734375000000000e-01 6.701220585234557348e+01
-1.550292968750000000e-01 6.701243587566261795e+01
-1.547851562500000000e-01 6.701265248165520916e+01
-1.545410156250000000e-01 6.701285509561819254e+01
-1.542968750000000000e-01 6.701304317990077664e+01
-1.540527343750000000e-01 6.701321623512720294e+01
-1.538085937500000000e-01 6.701337380131934651e+01
-1.535644531250000000e-01 6.701351545891907335e+01
-1.533203125000000000e-01 6.701364082970822267e+01
-1.530761718750000000e-01 6.701374957762440943e+01
-1.528320312500000000e-01 6.701384140947121182e+01
-1.525878906250000000e-01 6.701391607552130836e+01
-1.523437500000000000e-01 6.701397337001183985e+01
-1.520996093750000000e-01 6.701401313153088779e+01
-1.518554687500000000e-01 6.701403524329494132e+01
-1.516113281250000000e-01 6.701403963331677005e+01
-1.513671875000000000e-01 6.701402627446418592e+01
-1.511230468750000000e-01 6.701399518440952363e+01
-1.508789062500000000e-01 6.701394642547063540e+01
-1.506347656250000000e-01 6.701388010434440901e+01
-1.503906250000000000e-01 6.701379637173332071e+01
-1.501464843750000000e-01 6.701369542186692740e+01
-1.499023437500000000e-01 6.701357749191942048e+01
-1.496582031250000000e-01 6.701344286132528794e+01
-1.494140625000000000e-01 6.701329185099498886e+01
-1.491699218750000000e-01 6.701312482243288571e+01
-1.489257812500000000e-01 6.701294217676006326e+01
-1.486816406250000000e-01 6.701274435364447868e+01
-1.484375000000000000e-01 6.701253183014156889e+01
-1.481933593750000000e-01 6.701230511944835655e+01
-1.479492187500000000e-01 6.701206476957426617e+01
-1.477050781250000000e-01 6.701181136193220311e+01
-1.474609375000000000e-01 6.701154550985366143e+01
-1.472167968750000000e-01 6.701126785703146993e+01
-1.469726562500000000e-01 6.701097907589434044e+01
-1.467285156250000000e-01 6.701067986591732506e+01
-1.464843750000000000e-01 6.701037095187248838e+01
-1.462402343750000000e-01 6.701005308202398680e+01
-1.459960937500000000e-01 6.700972702627255728e+01
-1.457519531250000000e-01 6.700939357425353649e+01
-1.455078125000000000e-01 6.700905353339344117e+01
-1.452636718750000000e-01 6.700870772692996979e+01
-1.450195312500000000e-01 6.700835699190010075e+01
-1.447753906250000000e-01 6.700800217710148843e+01
-1.445312500000000000e-01 6.700764414103196032e+01
-1.442871093750000000e-01 6.700728374981240165e+01
-1.440429687500000000e-01 6.700692187509781661e+01
-1.437988281250000000e-01 6.700655939198199462e+01
-1.435546875000000000e-01 6.700619717690062771e+01
-1.433105468750000000e-01 6.700583610553793790e+01
-1.430664062500000000e-01 6.700547705074224325e+01
-1.428222656250000000e-01 6.700512088045498160e+01
-1.425781250000000000e-01 6.700476845565860629e+01
-1.423339843750000000e-01 6.700442062834801504e+01
-1.420898437500000000e-01 6.700407823953048592e+01
-1.418457031250000000e-01 6.700374211725883811e+01
-1.416015625000000000e-01 6.700341307470252161e+01
-1.413574218750000000e-01 6.700309190826122574e+01
-1.411132812500000000e-01 6.700277939572538344e+01
-1.408691406250000000e-01 6.700247629448787734e+01
-1.406250000000000000e-01 6.700218333981129604e+01
-1.403808593750000000e-01 6.700190124315457751e+01
-1.401367187500000000e-01 6.700163069056297616e+01
-1.398925781250000000e-01 6.700137234112511919e+01
-1.396484375000000000e-01 6.700112682550053478e+01
-1.394042968750000000e-01 6.700089474452110494e+01
-1.391601562500000000e-01 6.700067666786952714e+01
-1.389160156250000000e-01 6.700047313283776873e+01
-1.386718750000000000e-01 6.700028464316804389e+01
-1.384277343750000000e-01 6.700011166797908402e+01
-1.381835937500000000e-01 6.699995464077986185e+01
-1.379394531250000000e-01 6.699981395857270172e+01
-1.376953125000000000e-01 6.699968998104779416e+01
-1.374511718750000000e-01 6.699958302987053571e+01
-1.372070312500000000e-01 6.699949338806311516e+01
-1.369628906250000000e-01 6.699942129948146885e+01
-1.367187500000000000e-01 6.699936696838824446e+01
-1.364746093750000000e-01 6.699933055912262603e+01
-1.362304687500000000e-01 6.699931219586730435e+01
-1.359863281250000000e-01 6.699931196251253596e+01
-1.357421875000000000e-01 6.699932990261734744e+01
-1.354980468750000000e-01 6.699936601946731685e+01
-1.352539062500000000e-01 6.699942027622851981e+01
-1.350097656250000000e-01 6.699949259619647535e+01
-1.347656250000000000e-01 6.699958286313922429e+01
-1.345214843750000000e-01 6.699969092173306251e+01
-1.342773437500000000e-01 6.699981657808936575e+01
-1.340332031250000000e-01 6.699995960037075804e+01
-1.337890625000000000e-01 6.700011971949452061e+01
-1.335449218750000000e-01 6.700029662992105273e+01
-1.333007812500000000e-01 6.700048999052501131e+01
-1.330566406250000000e-01 6.700069942554638658e+01
-1.328125000000000000e-01 6.700092452561875689e+01
-1.325683593750000000e-01 6.700116484887172419e+01
-1.323242187500000000e-01 6.700141992210434694e+01
-1.320800781250000000e-01 6.700168924202625931e+01
-1.318359375000000000e-01 6.700197227656296661e+01
-1.315917968750000000e-01 6.700226846622175003e+01
-1.313476562500000000e-01 6.700257722551432948e+01
-1.311035156250000000e-01 6.700289794443256142e+01
-1.308593750000000000e-01 6.700322998997306456e+01
-1.306152343750000000e-01 6.700357270770672358e+01
-1.303710937500000000e-01 6.700392542338899204e+01
-1.301269531250000000e-01 6.700428744460660369e+01
-1.298828125000000000e-01 6.700465806245661327e+01
-1.296386718750000000e-01 6.700503655325314867e+01
-1.293945312500000000e-01 6.700542218025776720e+01
-1.291503906250000000e-01 6.700581419542874073e+01
-1.289062500000000000e-01 6.700621184118502072e+01
-1.286621093750000000e-01 6.700661435218037809e+01
-1.284179687500000000e-01 6.700702095708329864e+01
-1.281738281250000000e-01 6.700743088035818573e+01
-1.279296875000000000e-01 6.700784334404360720e+01
-1.276855468750000000e-01 6.700825756952301049e+01
-1.274414062500000000e-01 6.700867277928398380e+01
-1.271972656250000000e-01 6.700908819866143062e+01
-1.269531250000000000e-01 6.700950305756082059e+01
-1.267089843750000000e-01 6.700991659215723928e+01
-1.264648437500000000e-01 6.701032804656642838e+01
-1.262207031250000000e-01 6.701073667448375204e+01
-1.259765625000000000e-01 6.701114174078745123e+01
-1.257324218750000000e-01 6.701154252310253412e+01
-1.254882812500000000e-01 6.701193831332165018e+01
-1.252441406250000000e-01 6.701232841907975057e+01
-1.250000000000000000e-01 6.701271216517908158e+01
-1.247558593750000000e-01 6.701308889496155530e+01
-1.245117187500000000e-01 6.701345797162544216e+01
-1.242675781250000000e-01 6.701381877948379895e+01
-1.240234375000000000e-01 6.701417072516169071e+01
-1.237792968750000000e-01 6.701451323873001797e+01
-1.235351562500000000e-01 6.701484577477360460e+01
-1.232910156250000000e-01 6.701516781339138618e+01
-1.230468750000000000e-01 6.701547886112692254e+01
-1.228027343750000000e-01 6.701577845182733029e+01
-1.225585937500000000e-01 6.701606614742925672e+01
-1.223144531250000000e-01 6.701634153867048838e+01
-1.220703125000000000e-01 6.701660424572607155e+01
-1.218261718750000000e-01 6.701685391876799258e+01
-1.215820312500000000e-01 6.701709023844746582e+01
-1.213378906250000000e-01 6.701731291629975829e+01
-1.210937500000000000e-01 6.701752169507055612e+01
-1.208496093750000000e-01 6.701771634896425667e+01
-1.206054687500000000e-01 6.701789668381383080e+01
-1.203613281250000000e-01 6.701806253717262507e+01
-1.201171875000000000e-01 6.701821377832862936e+01
-1.198730468750000000e-01 6.701835030824150863e+01
-1.196289062500000000e-01 6.701847205940350705e+01
-1.193847656250000000e-01 6.701857899562494936e+01
-1.191406250000000000e-01 6.701867111174566105e+01
-1.188964843750000000e-01 6.701874843327348685e+01
-1.186523437500000000e-01 6.701881101595157020e+01
-1.184082031250000000e-01 6.701885894525584320e+01
-1.181640625000000000e-01 6.701889233582483030e+01
-1.179199218750000000e-01 6.701891133082342833e+01
-1.176757812500000000e-01 6.701891610124314980e+01
-1.174316406250000000e-01 6.701890684514074792e+01
-1.171875000000000000e-01 6.701888378681802294e+01
-1.169433593750000000e-01 6.701884717594494134e+01
-1.166992187500000000e-01 6.701879728662918012e+01
-1.164550781250000000e-01 6.701873441643455465e+01
-1.162109375000000000e-01 6.701865888535148486e+01
-1.159667968750000000e-01 6.701857103472219990e+01
-1.157226562500000000e-01 6.701847122612424812e+01
-1.154785156250000000e-01 6.701835984021502668e+01
-1.152343750000000000e-01 6.701823727554096877e+01
-1.149902343750000000e-01 6.701810394731444376e+01
-1.147460937500000000e-01 6.701796028616217882e+01
-1.145019531250000000e-01 6.701780673684805834e+01
-1.142578125000000000e-01 6.701764375697446496e+01
-1.140136718750000000e-01 6.701747181566526024e+01
-1.137695312500000000e-01 6.701729139223408538e+01
-1.135253906250000000e-01 6.701710297484167711e+01
-1.132812500000000000e-01 6.701690705914560908e+01
-1.130371093750000000e-01 6.701670414694623901e+01
-1.127929687500000000e-01 6.701649474483230051e+01
-1.125488281250000000e-01 6.701627936282973508e+01
-1.123046875000000000e-01 6.701605851305741623e+01
-1.120605468750000000e-01 6.701583270839304873e+01
-1.118164062500000000e-01 6.701560246115280961e+01
-1.115722656250000000e-01 6.701536828178832650e+01
-1.113281250000000000e-01 6.701513067760383535e+01
-1.110839843750000000e-01 6.701489015149734030e+01
-1.108398437500000000e-01 6.701464720072844727e+01
-1.105957031250000000e-01 6.701440231571640993e+01
-1.103515625000000000e-01 6.701415597887104525e+01
-1.101074218750000000e-01 6.701390866345955999e+01
-1.098632812500000000e-01 6.701366083251207328e+01
-1.096191406250000000e-01 6.701341293776846442e+01
-1.093750000000000000e-01 6.701316541866899001e+01
-1.091308593750000000e-01 6.701291870139132811e+01
-1.088867187500000000e-01 6.701267319793608124e+01
-1.086425781250000000e-01 6.701242930526277064e+01
-1.083984375000000000e-01 6.701218740447876598e+01
-1.081542968750000000e-01 6.701194786008241522e+01
-1.079101562500000000e-01 6.701171101926236418e+01
-1.076660156250000000e-01 6.701147721125448697e+01
-1.074218750000000000e-01 6.701124674675776305e+01
-1.071777343750000000e-01 6.701101991741028030e+01
-1.069335937500000000e-01 6.701079699532621703e+01
-1.066894531250000000e-01 6.701057823269489688e+01
-1.064453125000000000e-01 6.701036386144239998e+01
-1.062011718750000000e-01 6.701015409295607128e+01
-1.059570312500000000e-01 6.700994911787250885e+01
-1.057128906250000000e-01 6.700974910592896094e+01
-1.054687500000000000e-01 6.700955420587801825e+01
-1.052246093750000000e-01 6.700936454546557286e+01
-1.049804687500000000e-01 6.700918023147144709e+01
-1.047363281250000000e-01 6.700900134981220901e+01
-1.044921875000000000e-01 6.700882796570530786e+01
-1.042480468750000000e-01 6.700866012389373338e+01
-1.040039062500000000e-01 6.700849784893007666e+01
-1.037597656250000000e-01 6.700834114551868481e+01
-1.035156250000000000e-01 6.700818999891444605e+01
-1.032714843750000000e-01 6.700804437537694014e+01
-1.030273437500000000e-01 6.700790422267785118e+01
-1.027832031250000000e-01 6.700776947066007949e+01
-1.025390625000000000e-01 6.700764003184643514e+01
-1.022949218750000000e-01 6.700751580209579572e+01
-1.020507812500000000e-01 6.700739666130459682e+01
-1.018066406250000000e-01 6.700728247415116812e+01
-1.015625000000000000e-01 6.700717309088045681e+01
-1.013183593750000000e-01 6.700706834812667978e+01
-1.010742187500000000e-01 6.700696806977107656e+01
-1.008300781250000000e-01 6.700687206783211991e+01
-1.005859375000000000e-01 6.700678014338541288e+01
-1.003417968750000000e-01 6.700669208751000383e+01
-1.000976562500000000e-01 6.700660768225873198e+01
-9.985351562500000000e-02 6.700652670164896563e+01
-9.960937500000000000e-02 6.700644891267116066e+01
-9.936523437500000000e-02 6.700637407631178633e+01
-9.912109375000000000e-02 6.700630194858770494e+01
-9.887695312500000000e-02 6.700623228158862332e+01
-9.863281250000000000e-02 6.700616482452473122e+01
-9.838867187500000000e-02 6.700609932477604502e+01
-9.814453125000000000e-02 6.700603552894058623e+01
-9.790039062500000000e-02 6.700597318387798396e+01
-9.765625000000000000e-02 6.700591203774551730e+01
-9.741210937500000000e-02 6.700585184102354219e+01
-9.716796875000000000e-02 6.700579234752710533e+01
-9.692382812500000000e-02 6.700573331540086031e+01
-9.667968750000000000e-02 6.700567450809418801e+01
-9.643554687500000000e-02 6.700561569531396344e+01
-9.619140625000000000e-02 6.700555665395165761e+01
-9.594726562500000000e-02 6.700549716898252939e+01
-9.570312500000000000e-02 6.700543703433393716e+01
-9.545898437500000000e-02 6.700537605372038286e+01
-9.521484375000000000e-02 6.700531404144281566e+01
-9.497070312500000000e-02 6.700525082314966596e+01
-9.472656250000000000e-02 6.700518623655777617e+01
-9.448242187500000000e-02 6.700512013213065643e+01
-9.423828125000000000e-02 6.700505237371245926e+01
-9.399414062500000000e-02 6.700498283911554154e+01
-9.375000000000000000e-02 6.700491142066003647e+01
-9.350585937500000000e-02 6.700483802566392910e+01
-9.326171875000000000e-02 6.700476257688183068e+01
-9.301757812500000000e-02 6.700468501289167023e+01
-9.277343750000000000e-02 6.700460528842772590e+01
-9.252929687500000000e-02 6.700452337465920039e+01
-9.228515625000000000e-02 6.700443925941350187e+01
-9.204101562500000000e-02 6.700435294734346314e+01
-9.179687500000000000e-02 6.700426446003812941e+01
-9.155273437500000000e-02 6.700417383607641852e+01
-9.130859375000000000e-02 6.700408113102395191e+01
-9.106445312500000000e-02 6.700398641737253058e+01
-9.082031250000000000e-02 6.700388978442268240e+01
-9.057617187500000000e-02 6.700379133810943699e+01
-9.033203125000000000e-02 6.700369120077174045e+01
-9.008789062500000000e-02 6.700358951086626291e+01
-8.984375000000000000e-02 6.700348642262611065e+01
-8.959960937500000000e-02 6.700338210566562225e+01
-8.935546875000000000e-02 6.700327674453210136e+01
-8.911132812500000000e-02 6.700317053820577939e+01
-8.886718750000000000e-02 6.700306369954945751e+01
-8.862304687500000000e-02 6.700295645470912120e+01
-8.837890625000000000e-02 6.700284904246734641e+01
-8.813476562500000000e-02 6.700274171355133035e+01
-8.789062500000000000e-02 6.700263472989713875e+01
-8.764648437500000000e-02 6.700252836387262789e+01
-8.740234375000000000e-02 6.700242289746083202e+01
-8.715820312500000000e-02 6.700231862140638839e+01
-8.691406250000000000e-02 6.700221583432708883e+01
-8.666992187500000000e-02 6.700211484179330057e+01
-8.642578125000000000e-02 6.700201595537770061e+01
-8.618164062500000000e-02 6.700191949167795258e+01
-8.593750000000000000e-02 6.700182577131519679e+01
-8.569335937500000000e-02 6.700173511791116709e+01
-8.544921875000000000e-02 6.700164785704659209e+01
-8.520507812500000000e-02 6.700156431520431966e+01
-8.496093750000000000e-02 6.700148481869958061e+01
-8.471679687500000000e-02 6.700140969260093016e+01
-8.447265625000000000e-02 6.700133925964468062e+01
-8.422851562500000000e-02 6.700127383914599477e+01
-8.398437500000000000e-02 6.700121374590992218e+01
-8.374023437500000000e-02 6.700115928914514996e+01
-8.349609375000000000e-02 6.700111077138417670e+01
-8.325195312500000000e-02 6.700106848741236831e+01
-8.300781250000000000e-02 6.700103272320970405e+01
-8.276367187500000000e-02 6.700100375490779925e+01
-8.251953125000000000e-02 6.700098184776551591e+01
-8.227539062500000000e-02 6.700096725516608842e+01
-8.203125000000000000e-02 6.700096021763886256e+01
-8.178710937500000000e-02 6.700096096190850403e+01
-8.154296875000000000e-02 6.700096969997440510e+01
-8.129882812500000000e-02 6.700098662822331619e+01
-8.105468750000000000e-02 6.700101192657773197e+01
-8.081054687500000000e-02 6.700104575768270365e+01
-8.056640625000000000e-02 6.700108826613359270e+01
-8.032226562500000000e-02 6.700113957774713924e+01
-8.007812500000000000e-02 6.700119979887821842e+01
-7.983398437500000000e-02 6.700126901578444460e+01
-7.958984375000000000e-02 6.700134729404064160e+01
-7.934570312500000000e-02 6.700143467800512553e+01
-7.910156250000000000e-02 6.700153119033979010e+01
-7.885742187500000000e-02 6.700163683158523042e+01
-7.861328125000000000e-02 6.700175157979292351e+01
-7.836914062500000000e-02 6.700187539021544580e+01
-7.812500000000000000e-02 6.700200819505613481e+01
-7.788085937500000000e-02 6.700214990327920361e+01
-7.763671875000000000e-02 6.700230040048118951e+01
-7.739257812500000000e-02 6.700245954882451827e+01
-7.714843750000000000e-02 6.700262718703365294e+01
-7.690429687500000000e-02 6.700280313045438163e+01
-7.666015625000000000e-02 6.700298717117630076e+01
-7.641601562500000000e-02 6.700317907821872154e+01
-7.617187500000000000e-02 6.700337859777982885e+01
-7.592773437500000000e-02 6.700358545354865214e+01
-7.568359375000000000e-02 6.700379934707981988e+01
-7.543945312500000000e-02 6.700401995822997492e+01
-7.519531250000000000e-02 6.700424694565546702e+01
-7.495117187500000000e-02 6.700447994737027102e+01
-7.470703125000000000e-02 6.700471858136273795e+01
-7.446289062500000000e-02 6.700496244627048270e+01
-7.421875000000000000e-02 6.700521112211141883e+01
-7.397460937500000000e-02 6.700546417106971830e+01
-7.373046875000000000e-02 6.700572113833484877e+01
-7.348632812500000000e-02 6.700598155299172731e+01
-7.324218750000000000e-02 6.700624492896024265e+01
-7.299804687500000000e-02 6.700651076598177269e+01
-7.275390625000000000e-02 6.700677855065036681e+01
-7.250976562500000000e-02 6.700704775748654640e+01
-7.226562500000000000e-02 6.700731785005081065e+01
-7.202148437500000000e-02 6.700758828209450257e+01
-7.177734375000000000e-02 6.700785849874515065e+01
-7.153320312500000000e-02 6.700812793772352904e+01
-7.128906250000000000e-02 6.700839603058959426e+01
-7.104492187500000000e-02 6.700866220401407247e+01
-7.080078125000000000e-02 6.700892588107294046e+01
-7.055664062500000000e-02 6.700918648256147492e+01
-7.031250000000000000e-02 6.700944342832457323e+01
-7.006835937500000000e-02 6.700969613860047502e+01
-6.982421875000000000e-02 6.700994403537420396e+01
-6.958007812500000000e-02 6.701018654373763184e+01
-6.933593750000000000e-02 6.701042309325275426e+01
-6.909179687500000000e-02 6.701065311931483848e+01
-6.884765625000000000e-02 6.701087606451210377e+01
-6.860351562500000000e-02 6.701109137997848109e+01
-6.835937500000000000e-02 6.701129852673611254e+01
-6.811523437500000000e-02 6.701149697702437891e+01
-6.787109375000000000e-02 6.701168621561193106e+01
-6.762695312500000000e-02 6.701186574108857030e+01
-6.738281250000000000e-02 6.701203506713370928e+01
-6.713867187500000000e-02 6.701219372375820171e+01
-6.689453125000000000e-02 6.701234125851638623e+01
-6.665039062500000000e-02 6.701247723768534570e+01
-6.640625000000000000e-02 6.701260124740815627e+01
-6.616210937500000000e-02 6.701271289479863924e+01
-6.591796875000000000e-02 6.701281180900421930e+01
-6.567382812500000000e-02 6.701289764222454437e+01
-6.542968750000000000e-02 6.701297007068318123e+01
-6.518554687500000000e-02 6.701302879554955894e+01
-6.494140625000000000e-02 6.701307354380909942e+01
-6.469726562500000000e-02 6.701310406907902006e+01
-6.445312500000000000e-02 6.701312015236759123e+01
-6.420898437500000000e-02 6.701312160277491614e+01
-6.396484375000000000e-02 6.701310825813320093e+01
-6.372070312500000000e-02 6.701307998558485224e+01
-6.347656250000000000e-02 6.701303668209655484e+01
-6.323242187500000000e-02 6.701297827490802206e+01
-6.298828125000000000e-02 6.701290472191399772e+01
-6.274414062500000000e-02 6.701281601197834448e+01
-6.250000000000000000e-02 6.701271216517908158e+01
-6.225585937500000000e-02 6.701259323298361892e+01
-6.201171875000000000e-02 6.701245929835339155e+01
-6.176757812500000000e-02 6.701231047577746835e+01
-6.152343750000000000e-02 6.701214691123450962e+01
-6.127929687500000000e-02 6.701196878208314445e+01
-6.103515625000000000e-02 6.701177629688052662e+01
-6.079101562500000000e-02 6.701156969512913975e+01
-6.054687500000000000e-02 6.701134924695246298e+01
-6.030273437500000000e-02 6.701111525269952551e+01
-6.005859375000000000e-02 6.701086804247925954e+01
-5.981445312500000000e-02 6.701060797562544735e+01
-5.957031250000000000e-02 6.701033544009295895e+01
-5.932617187500000000e-02 6.701005085178677234e+01
-5.908203125000000000e-02 6.700975465382474283e+01
-5.883789062500000000e-02 6.700944731573581237e+01
-5.859375000000000000e-02 6.700912933259499482e+01
-5.834960937500000000e-02 6.700880122409721196e+01
-5.810546875000000000e-02 6.700846353357162855e+01
-5.786132812500000000e-02 6.700811682693864668e+01
-5.761718750000000000e-02 6.700776169161174778e+01
-5.737304687500000000e-02 6.700739873534655544e+01
-5.712890625000000000e-02 6.700702858503942139e+01
-5.688476562500000000e-02 6.700665188547844764e+01
-5.664062500000000000e-02 6.700626929804928977e+01
-5.639648437500000000e-02 6.700588149939881077e+01
-5.615234375000000000e-02 6.700548918005951293e+01
-5.590820312500000000e-02 6.700509304303773206e+01
-5.566406250000000000e-02 6.700469380236866357e+01
-5.541992187500000000e-02 6.700429218164177314e+01
-5.517578125000000000e-02 6.700388891249944834e+01
-5.493164062500000000e-02 6.700348473311264286e+01
-5.468750000000000000e-02 6.700308038663690979e+01
-5.444335937500000000e-02 6.700267661965210664e+01
-5.419921875000000000e-02 6.700227418058966578e+01
-5.395507812500000000e-02 6.700187381815086951e+01
-5.371093750000000000e-02 6.700147627971981024e+01
-5.346679687500000000e-02 6.700108230977451740e+01
-5.322265625000000000e-02 6.700069264830045768e+01
-5.297851562500000000e-02 6.700030802920939266e+01
-5.273437500000000000e-02 6.699992917876794252e+01
-5.249023437500000000e-02 6.699955681403902474e+01
-5.224609375000000000e-02 6.699919164134024641e+01
-5.200195312500000000e-02 6.699883435472249005e+01
-5.175781250000000000e-02 6.699848563447265803e+01
-5.151367187500000000e-02 6.699814614564382964e+01
-5.126953125000000000e-02 6.699781653661642622e+01
-5.102539062500000000e-02 6.699749743769396559e+01
-5.078125000000000000e-02 6.699718945973637574e+01
-5.053710937500000000e-02 6.699689319283457678e+01
-5.029296875000000000e-02 6.699660920502920192e+01
-5.004882812500000000e-02 6.699633804107659785e+01
-4.980468750000000000e-02 6.699608022126514584e+01
-4.956054687500000000e-02 6.699583624028475981e+01
-4.931640625000000000e-02 6.699560656615207677e+01
-4.907226562500000000e-02 6.699539163919433804e+01
-4.882812500000000000e-02 6.699519187109399354e+01
-4.858398437500000000e-02 6.699500764399662955e+01
-4.833984375000000000e-02 6.699483930968426648e+01
-4.809570312500000000e-02 6.699468718881612972e+01
-4.785156250000000000e-02 6.699455157023858476e+01
-4.760742187500000000e-02 6.699443271036611236e+01
-4.736328125000000000e-02 6.699433083263463118e+01
-4.711914062500000000e-02 6.699424612702874526e+01
-4.687500000000000000e-02 6.699417874968384012e+01
-4.663085937500000000e-02 6.699412882256405055e+01
-4.638671875000000000e-02 6.699409643321713759e+01
-4.614257812500000000e-02 6.699408163460643095e+01
-4.589843750000000000e-02 6.699408444502061855e+01
-4.565429687500000000e-02 6.699410484806151089e+01
-4.541015625000000000e-02 6.699414279270972372e+01
-4.516601562500000000e-02 6.699419819346812233e+01
-4.492187500000000000e-02 6.699427093058285720e+01
-4.467773437500000000e-02 6.699436085034123778e+01
-4.443359375000000000e-02 6.699446776544579052e+01
-4.418945312500000000e-02 6.699459145546367722e+01
-4.394531250000000000e-02 6.699473166735020868e+01
-4.370117187500000000e-02 6.699488811604534533e+01
-4.345703125000000000e-02 6.699506048514153633e+01
-4.321289062500000000e-02 6.699524842762147614e+01
-4.296875000000000000e-02 6.699545156666394519e+01
-4.272460937500000000e-02 6.699566949651539005e+01
-4.248046875000000000e-02 6.699590178342590718e+01
-4.223632812500000000e-02 6.699614796664639016e+01
-4.199218750000000000e-02 6.699640755948541937e+01
-4.174804687500000000e-02 6.699668005042229879e+01
-4.150390625000000000e-02 6.699696490427457718e+01
-4.125976562500000000e-02 6.699726156341627359e+01
-4.101562500000000000e-02 6.699756944904467559e+01
-4.077148437500000000e-02 6.699788796249204381e+01
-4.052734375000000000e-02 6.699821648657939477e+01
-4.028320312500000000e-02 6.699855438700912202e+01
-4.003906250000000000e-02 6.699890101379280338e+01
-3.979492187500000000e-02 6.699925570271123831e+01
-3.955078125000000000e-02 6.699961777680273656e+01
-3.930664062500000000e-02 6.699998654787657415e+01
-3.906250000000000000e-02 6.700036131804756678e+01
-3.881835937500000000e-02 6.700074138128860568e+01
-3.857421875000000000e-02 6.700112602499690695e+01
-3.833007812500000000e-02 6.700151453157089065e+01
-3.808593750000000000e-02 6.700190617999341214e+01
-3.784179687500000000e-02 6.700230024741800605e+01
-3.759765625000000000e-02 6.700269601075426351e+01
-3.735351562500000000e-02 6.700309274824869021e+01
-3.710937500000000000e-02 6.700348974105725119e+01
-3.686523437500000000e-02 6.700388627480616321e+01
-3.662109375000000000e-02 6.700428164113701257e+01
-3.637695312500000000e-02 6.700467513923298668e+01
-3.613281250000000000e-02 6.700506607732231146e+01
-3.588867187500000000e-02 6.700545377415592441e+01
-3.564453125000000000e-02 6.700583756045541861e+01
-3.540039062500000000e-02 6.700621678032851491e+01
-3.515625000000000000e-02 6.700659079264855222e+01
-3.491210937500000000e-02 6.700695897239478427e+01
-3.466796875000000000e-02 6.700732071195089645e+01
-3.442382812500000000e-02 6.700767542235828955e+01
-3.417968750000000000e-02 6.700802253452179968e+01
-3.393554687500000000e-02 6.700836150036491290e+01
-3.369140625000000000e-02 6.700869179393194486e+01
-3.344726562500000000e-02 6.700901291243495450e+01
-3.320312500000000000e-02 6.700932437724294743e+01
-3.295898437500000000e-02 6.700962573481126583e+01
-3.271484375000000000e-02 6.700991655754916110e+01
-3.247070312500000000e-02 6.701019644462387248e+01
-3.222656250000000000e-02 6.701046502269925043e+01
-3.198242187500000000e-02 6.701072194660768844e+01
-3.173828125000000000e-02 6.701096689995370070e+01
-3.149414062500000000e-02 6.701119959564834971e+01
-3.125000000000000000e-02 6.701141977637297487e+01
-3.100585937500000000e-02 6.701162721497180996e+01
-3.076171875000000000e-02 6.701182171477259431e+01
-3.051757812500000000e-02 6.701200310983460895e+01
-3.027343750000000000e-02 6.701217126512381128e+01
-3.002929687500000000e-02 6.701232607661511054e+01
-2.978515625000000000e-02 6.701246747132130110e+01
-2.954101562500000000e-02 6.701259540724933572e+01
-2.929687500000000000e-02 6.701270987328383910e+01
-2.905273437500000000e-02 6.701281088899868621e+01
-2.880859375000000000e-02 6.701289850439709994e+01
-2.856445312500000000e-02 6.701297279958122033e+01
-2.832031250000000000e-02 6.701303388435204056e+01
-2.807617187500000000e-02 6.701308189774101720e+01
-2.783203125000000000e-02 6.701311700747461941e+01
-2.758789062500000000e-02 6.701313940937312452e+01
-2.734375000000000000e-02 6.701314932668560687e+01
-2.709960937500000000e-02 6.701314700936264046e+01
-2.685546875000000000e-02 6.701313273326879028e+01
-2.661132812500000000e-02 6.701310679933682479e+01
-2.636718750000000000e-02 6.701306953266596622e+01
-2.612304687500000000e-02 6.701302128156652316e+01
-2.587890625000000000e-02 6.701296241655310837e+01
-2.563476562500000000e-02 6.701289332928944020e+01
-2.539062500000000000e-02 6.701281443148701555e+01
-2.514648437500000000e-02 6.701272615376066710e+01
-2.490234375000000000e-02 6.701262894444380436e+01
-2.465820312500000000e-02 6.701252326836632278e+01
-2.441406250000000000e-02 6.701240960559847792e+01
-2.416992187500000000e-02 6.701228845016332514e+01
-2.392578125000000000e-02 6.701216030872166129e+01
-2.368164062500000000e-02 6.701202569923209751e+01
-2.343750000000000000e-02 6.701188514959011400e+01
-2.319335937500000000e-02 6.701173919624910980e+01
-2.294921875000000000e-02 6.701158838282709951e+01
-2.270507812500000000e-02 6.701143325870242506e+01
-2.246093750000000000e-02 6.701127437760202099e+01
-2.221679687500000000e-02 6.701111229618557275e+01
-2.197265625000000000e-02 6.701094757262941926e+01
-2.172851562500000000e-02 6.701078076521316973e+01
-2.148437500000000000e-02 6.701061243091314168e+01
-2.124023437500000000e-02 6.701044312400547653e+01
-2.099609375000000000e-02 6.701027339468288346e+01
-2.075195312500000000e-02 6.701010378768812359e+01
-2.050781250000000000e-02 6.700993484096761676e+01
-2.026367187500000000e-02 6.700976708434866680e+01
-2.001953125000000000e-02 6.700960103824320413e+01
-1.977539062500000000e-02 6.700943721238169815e+01
-1.953125000000000000e-02 6.700927610457971184e+01
-1.928710937500000000e-02 6.700911819954083626e+01
-1.904296875000000000e-02 6.700896396769815055e+01
-1.879882812500000000e-02 6.700881386409774620e+01
-1.855468750000000000e-02 6.700866832732640432e+01
-1.831054687500000000e-02 6.700852777848638198e+01
-1.806640625000000000e-02 6.700839262021978016e+01
-1.782226562500000000e-02 6.700826323578451138e+01
-1.757812500000000000e-02 6.700813998818445327e+01
-1.733398437500000000e-02 6.700802321935557870e+01
-1.708984375000000000e-02 6.700791324941009464e+01
-1.684570312500000000e-02 6.700781037594035183e+01
-1.660156250000000000e-02 6.700771487338413124e+01
-1.635742187500000000e-02 6.700762699245265708e+01
-1.611328125000000000e-02 6.700754695962280039e+01
-1.586914062500000000e-02 6.700747497669442510e+01
-1.562500000000000000e-02 6.700741122041398512e+01
-1.538085937500000000e-02 6.700735584216496932e+01
-1.513671875000000000e-02 6.700730896772599010e+01
-1.489257812500000000e-02 6.700727069709677153e+01
-1.464843750000000000e-02 6.700724110439237791e+01
-1.440429687500000000e-02 6.700722023780586767e+01
-1.416015625000000000e-02 6.700720811963896040e+01
-1.391601562500000000e-02 6.700720474640081648e+01
-1.367187500000000000e-02 6.700721008897420461e+01
-1.342773437500000000e-02 6.700722409284853143e+01
-1.318359375000000000e-02 6.700724667841889470e+01
-1.293945312500000000e-02 6.700727774135036441e+01
-1.269531250000000000e-02 6.700731715300604208e+01
-1.245117187500000000e-02 6.700736476093786109e+01
-1.220703125000000000e-02 6.700742038943859313e+01
-1.196289062500000000e-02 6.700748384015338388e+01
-1.171875000000000000e-02 6.700755489274915533e+01
-1.147460937500000000e-02 6.700763330563988518e+01
-1.123046875000000000e-02 6.700771881676567432e+01
-1.098632812500000000e-02 6.700781114442364128e+01
-1.074218750000000000e-02 6.700790998814791521e+01
-1.049804687500000000e-02 6.700801502963673784e+01
-1.025390625000000000e-02 6.700812593372377535e+01
-1.000976562500000000e-02 6.700824234939121027e+01
-9.765625000000000000e-03 6.700836391082152943e+01
-9.521484375000000000e-03 6.700849023848563490e+01
-9.277343750000000000e-03 6.700862094026375360e+01
-9.033203125000000000e-03 6.700875561259664437e+01
-8.789062500000000000e-03 6.700889384166352158e+01
-8.544921875000000000e-03 6.700903520458395235e+01
-8.300781250000000000e-03 6.700917927064021740e+01
-8.056640625000000000e-03 6.700932560251699499e+01
-7.812500000000000000e-03 6.700947375755502833e+01
-7.568359375000000000e-03 6.700962328901546528e+01
-7.324218750000000000e-03 6.700977374735151670e+01
-7.080078125000000000e-03 6.700992468148405123e+01
-6.835937500000000000e-03 6.701007564007772999e+01
-6.591796875000000000e-03 6.701022617281442706e+01
-6.347656250000000000e-03 6.701037583166051093e+01
-6.103515625000000000e-03 6.701052417212459034e+01
-5.859375000000000000e-03 6.701067075450261257e+01
-5.615234375000000000e-03 6.701081514510693182e+01
-5.371093750000000000e-03 6.701095691747612193e+01
-5.126953125000000000e-03 6.701109565356250641e+01
-4.882812500000000000e-03 6.701123094489420851e+01
-4.638671875000000000e-03 6.701136239370869419e+01
-4.394531250000000000e-03 6.701148961405503712e+01
-4.150390625000000000e-03 6.701161223286182178e+01
-3.906250000000000000e-03 6.701172989096809829e+01
-3.662109375000000000e-03 6.701184224411460377e+01
-3.417968750000000000e-03 6.701194896389284850e+01
-3.173828125000000000e-03 6.701204973864945202e+01
-2.929687500000000000e-03 6.701214427434356935e+01
-2.685546875000000000e-03 6.701223229535501957e+01
-2.441406250000000000e-03 6.701231354524117023e+01
-2.197265625000000000e-03 6.701238778744075830e+01
-1.953125000000000000e-03 6.701245480592247361e+01
-1.708984375000000000e-03 6.701251440577696883e+01
-1.464843750000000000e-03 6.701256641375080392e+01
-1.220703125000000000e-03 6.701261067872059130e+01
-9.765625000000000000e-04 6.701264707210660276e+01
-7.324218750000000000e-04 6.701267548822445974e+01
-4.882812500000000000e-04 6.701269584457406836e+01
-2.441406250000000000e-04 6.701270808206523100e+01
0.000000000000000000e+00 6.701271216517908158e+01
2.441406250000000000e-04 6.701270808206523100e+01
4.882812500000000000e-04 6.701269584457406836e+01
7.324218750000000000e-04 6.701267548822445974e+01
9.765625000000000000e-04 6.701264707210660276e+01
1.220703125000000000e-03 6.701261067872059130e+01
1.464843750000000000e-03 6.701256641375080392e+01
1.708984375000000000e-03 6.701251440577696883e+01
1.953125000000000000e-03 6.701245480592247361e+01
2.197265625000000000e-03 6.701238778744075830e+01
2.441406250000000000e-03 6.701231354524117023e+01
2.685546875000000000e-03 6.701223229535501957e+01
2.929687500000000000e-03 6.701214427434356935e+01
3.173828125000000000e-03 6.701204973864945202e+01
3.417968750000000000e-03 6.701194896389283429e+01
3.662109375000000000e-03 6.701184224411460377e+01
3.906250000000000000e-03 6.701172989096809829e+01
4.150390625000000000e-03 6.701161223286182178e+01
4.394531250000000000e-03 6.701148961405503712e+01
4.638671875000000000e-03 6.701136239370869419e+01
4.882812500000000000e-03 6.701123094489420851e+01
5.126953125000000000e-03 6.701109565356250641e+01
5.371093750000000000e-03 6.701095691747613614e+01
5.615234375000000000e-03 6.701081514510693182e+01
5.859375000000000000e-03 6.701067075450262678e+01
6.103515625000000000e-03 6.701052417212459034e+01
6.347656250000000000e-03 6.701037583166051093e+01
6.591796875000000000e-03 6.701022617281442706e+01
6.835937500000000000e-03 6.701007564007772999e+01
7.080078125000000000e-03 6.700992468148405123e+01
7.324218750000000000e-03 6.700977374735151670e+01
7.568359375000000000e-03 6.700962328901546528e+01
7.812500000000000000e-03 6.700947375755502833e+01
8.056640625000000000e-03 6.700932560251699499e+01
8.300781250000000000e-03 6.700917927064021740e+01
8.544921875000000000e-03 6.700903520458395235e+01
8.789062500000000000e-03 6.700889384166352158e+01
9.033203125000000000e-03 6.700875561259664437e+01
9.277343750000000000e-03 6.700862094026375360e+01
9.521484375000000000e-03 6.700849023848563490e+01
9.765625000000000000e-03 6.700836391082152943e+01
1.000976562500000000e-02 6.700824234939121027e+01
1.025390625000000000e-02 6.700812593372377535e+01
1.049804687500000000e-02 6.700801502963673784e+01
1.074218750000000000e-02 6.700790998814791521e+01
1.098632812500000000e-02 6.700781114442364128e+01
1.123046875000000000e-02 6.700771881676567432e+01
1.147460937500000000e-02 6.700763330563988518e+01
1.171875000000000000e-02 6.700755489274915533e+01
1.196289062500000000e-02 6.700748384015338388e+01
1.220703125000000000e-02 6.700742038943859313e+01
1.245117187500000000e-02 6.700736476093786109e+01
1.269531250000000000e-02 6.700731715300604208e+01
1.293945312500000000e-02 6.700727774135036441e+01
1.318359375000000000e-02 6.700724667841889470e+01
1.342773437500000000e-02 6.700722409284853143e+01
1.367187500000000000e-02 6.700721008897420461e+01
1.391601562500000000e-02 6.700720474640081648e+01
1.416015625000000000e-02 6.700720811963896040e+01
1.440429687500000000e-02 6.700722023780586767e+01
1.464843750000000000e-02 6.700724110439237791e+01
1.489257812500000000e-02 6.700727069709677153e+01
1.513671875000000000e-02 6.700730896772599010e+01
1.538085937500000000e-02 6.700735584216496932e+01
1.562500000000000000e-02 6.700741122041398512e+01
1.586914062500000000e-02 6.700747497669442510e+01
1.611328125000000000e-02 6.700754695962280039e+01
1.635742187500000000e-02 6.700762699245265708e+01
1.660156250000000000e-02 6.700771487338413124e+01
1.684570312500000000e-02 6.700781037594035183e+01
1.708984375000000000e-02 6.700791324941009464e+01
1.733398437500000000e-02 6.700802321935557870e+01
1.757812500000000000e-02 6.700813998818445327e+01
1.782226562500000000e-02 6.700826323578451138e+01
1.806640625000000000e-02 6.700839262021978016e+01
1.831054687500000000e-02 6.700852777848638198e+01
1.855468750000000000e-02 6.700866832732640432e+01
1.879882812500000000e-02 6.700881386409774620e+01
1.904296875000000000e-02 6.700896396769815055e+01
1.928710937500000000e-02 6.700911819954083626e+01
1.953125000000000000e-02 6.700927610457971184e+01
1.977539062500000000e-02 6.700943721238169815e+01
2.001953125000000000e-02 6.700960103824320413e+01
2.026367187500000000e-02 6.700976708434866680e+01
2.050781250000000000e-02 6.700993484096761676e+01
2.075195312500000000e-02 6.701010378768812359e+01
2.099609375000000000e-02 6.701027339468288346e+01
2.124023437500000000e-02 6.701044312400547653e+01
2.148437500000000000e-02 6.701061243091314168e+01
2.172851562500000000e-02 6.701078076521316973e+01
2.197265625000000000e-02 6.701094757262941926e+01
2.221679687500000000e-02 6.701111229618558696e+01
2.246093750000000000e-02 6.701127437760202099e+01
2.270507812500000000e-02 6.701143325870243928e+01
2.294921875000000000e-02 6.701158838282709951e+01
2.319335937500000000e-02 6.701173919624912401e+01
2.343750000000000000e-02 6.701188514959011400e+01
2.368164062500000000e-02 6.701202569923209751e+01
2.392578125000000000e-02 6.701216030872166129e+01
2.416992187500000000e-02 6.701228845016332514e+01
2.441406250000000000e-02 6.701240960559847792e+01
2.465820312500000000e-02 6.701252326836632278e+01
2.490234375000000000e-02 6.701262894444380436e+01
2.514648437500000000e-02 6.701272615376066710e+01
2.539062500000000000e-02 6.701281443148702976e+01
2.563476562500000000e-02 6.701289332928944020e+01
2.587890625000000000e-02 6.701296241655310837e+01
2.612304687500000000e-02 6.701302128156652316e+01
2.636718750000000000e-02 6.701306953266596622e+01
2.661132812500000000e-02 6.701310679933682479e+01
2.685546875000000000e-02 6.701313273326879028e+01
2.709960937500000000e-02 6.701314700936264046e+01
2.734375000000000000e-02 6.701314932668560687e+01
2.758789062500000000e-02 6.701313940937312452e+01
2.783203125000000000e-02 6.701311700747461941e+01
2.807617187500000000e-02 6.701308189774101720e+01
2.832031250000000000e-02 6.701303388435204056e+01
2.856445312500000000e-02 6.701297279958122033e+01
2.880859375000000000e-02 6.701289850439709994e+01
2.905273437500000000e-02 6.701281088899868621e+01
2.929687500000000000e-02 6.701270987328383910e+01
2.954101562500000000e-02 6.701259540724933572e+01
2.978515625000000000e-02 6.701246747132130110e+01
3.002929687500000000e-02 6.701232607661511054e+01
3.027343750000000000e-02 6.701217126512381128e+01
3.051757812500000000e-02 6.701200310983460895e+01
3.076171875000000000e-02 6.701182171477259431e+01
3.100585937500000000e-02 6.701162721497180996e+01
3.125000000000000000e-02 6.701141977637297487e+01
3.149414062500000000e-02 6.701119959564834971e+01
3.173828125000000000e-02 6.701096689995370070e+01
3.198242187500000000e-02 6.701072194660768844e+01
3.222656250000000000e-02 6.701046502269926464e+01
3.247070312500000000e-02 6.701019644462387248e+01
3.271484375000000000e-02 6.700991655754916110e+01
3.295898437500000000e-02 6.700962573481126583e+01
3.320312500000000000e-02 6.700932437724296165e+01
3.344726562500000000e-02 6.700901291243495450e+01
3.369140625000000000e-02 6.700869179393194486e+01
3.393554687500000000e-02 6.700836150036491290e+01
3.417968750000000000e-02 6.700802253452179968e+01
3.442382812500000000e-02 6.700767542235828955e+01
3.466796875000000000e-02 6.700732071195089645e+01
3.491210937500000000e-02 6.700695897239478427e+01
3.515625000000000000e-02 6.700659079264855222e+01
3.540039062500000000e-02 6.700621678032852913e+01
3.564453125000000000e-02 6.700583756045541861e+01
3.588867187500000000e-02 6.700545377415592441e+01
3.613281250000000000e-02 6.700506607732231146e+01
3.637695312500000000e-02 6.700467513923298668e+01
3.662109375000000000e-02 6.700428164113702678e+01
3.686523437500000000e-02 6.700388627480616321e+01
3.710937500000000000e-02 6.700348974105725119e+01
3.735351562500000000e-02 6.700309274824869021e+01
3.759765625000000000e-02 6.700269601075426351e+01
3.784179687500000000e-02 6.700230024741800605e+01
3.808593750000000000e-02 6.700190617999341214e+01
3.833007812500000000e-02 6.700151453157089065e+01
3.857421875000000000e-02 6.700112602499690695e+01
3.881835937500000000e-02 6.700074138128859147e+01
3.906250000000000000e-02 6.700036131804756678e+01
3.930664062500000000e-02 6.699998654787657415e+01
3.955078125000000000e-02 6.699961777680273656e+01
3.979492187500000000e-02 6.699925570271123831e+01
4.003906250000000000e-02 6.699890101379280338e+01
4.028320312500000000e-02 6.699855438700912202e+01
4.052734375000000000e-02 6.699821648657939477e+01
4.077148437500000000e-02 6.699788796249204381e+01
4.101562500000000000e-02 6.699756944904467559e+01
4.125976562500000000e-02 6.699726156341627359e+01
4.150390625000000000e-02 6.699696490427457718e+01
4.174804687500000000e-02 6.699668005042229879e+01
4.199218750000000000e-02 6.699640755948541937e+01
4.223632812500000000e-02 6.699614796664639016e+01
4.248046875000000000e-02 6.699590178342589297e+01
4.272460937500000000e-02 6.699566949651539005e+01
4.296875000000000000e-02 6.699545156666394519e+01
4.321289062500000000e-02 6.699524842762149035e+01
4.345703125000000000e-02 6.699506048514153633e+01
4.370117187500000000e-02 6.699488811604534533e+01
4.394531250000000000e-02 6.699473166735020868e+01
4.418945312500000000e-02 6.699459145546367722e+01
4.443359375000000000e-02 6.699446776544579052e+01
4.467773437500000000e-02 6.699436085034123778e+01
4.492187500000000000e-02 6.699427093058285720e+01
4.516601562500000000e-02 6.699419819346812233e+01
4.541015625000000000e-02 6.699414279270970951e+01
4.565429687500000000e-02 6.699410484806151089e+01
4.589843750000000000e-02 6.699408444502060433e+01
4.614257812500000000e-02 6.699408163460643095e+01
4.638671875000000000e-02 6.699409643321713759e+01
4.663085937500000000e-02 6.699412882256405055e+01
4.687500000000000000e-02 6.699417874968384012e+01
4.711914062500000000e-02 6.699424612702874526e+01
4.736328125000000000e-02 6.699433083263463118e+01
4.760742187500000000e-02 6.699443271036611236e+01
4.785156250000000000e-02 6.699455157023858476e+01
4.809570312500000000e-02 6.699468718881612972e+01
4.833984375000000000e-02 6.699483930968426648e+01
4.858398437500000000e-02 6.699500764399661534e+01
4.882812500000000000e-02 6.699519187109399354e+01
4.907226562500000000e-02 6.699539163919433804e+01
4.931640625000000000e-02 6.699560656615207677e+01
4.956054687500000000e-02 6.699583624028475981e+01
4.980468750000000000e-02 6.699608022126514584e+01
5.004882812500000000e-02 6.699633804107659785e+01
5.029296875000000000e-02 6.699660920502920192e+01
5.053710937500000000e-02 6.699689319283457678e+01
5.078125000000000000e-02 6.699718945973636153e+01
5.102539062500000000e-02 6.699749743769396559e+01
5.126953125000000000e-02 6.699781653661642622e+01
5.151367187500000000e-02 6.699814614564382964e+01
5.175781250000000000e-02 6.699848563447265803e+01
5.200195312500000000e-02 6.699883435472249005e+01
5.224609375000000000e-02 6.699919164134024641e+01
5.249023437500000000e-02 6.699955681403902474e+01
5.273437500000000000e-02 6.699992917876794252e+01
5.297851562500000000e-02 6.700030802920939266e+01
5.322265625000000000e-02 6.700069264830045768e+01
5.346679687500000000e-02 6.700108230977451740e+01
5.371093750000000000e-02 6.700147627971981024e+01
5.395507812500000000e-02 6.700187381815086951e+01
5.419921875000000000e-02 6.700227418058966578e+01
5.444335937500000000e-02 6.700267661965210664e+01
5.468750000000000000e-02 6.700308038663690979e+01
5.493164062500000000e-02 6.700348473311264286e+01
5.517578125000000000e-02 6.700388891249944834e+01
5.541992187500000000e-02 6.700429218164177314e+01
5.566406250000000000e-02 6.700469380236866357e+01
5.590820312500000000e-02 6.700509304303773206e+01
5.615234375000000000e-02 6.700548918005951293e+01
5.639648437500000000e-02 6.700588149939881077e+01
5.664062500000000000e-02 6.700626929804928977e+01
5.688476562500000000e-02 6.700665188547844764e+01
5.712890625000000000e-02 6.700702858503942139e+01
5.737304687500000000e-02 6.700739873534655544e+01
5.761718750000000000e-02 6.700776169161174778e+01
5.786132812500000000e-02 6.700811682693864668e+01
5.810546875000000000e-02 6.700846353357162855e+01
5.834960937500000000e-02 6.700880122409721196e+01
5.859375000000000000e-02 6.700912933259499482e+01
5.883789062500000000e-02 6.700944731573581237e+01
5.908203125000000000e-02 6.700975465382475704e+01
5.932617187500000000e-02 6.701005085178677234e+01
5.957031250000000000e-02 6.701033544009295895e+01
5.981445312500000000e-02 6.701060797562544735e+01
6.005859375000000000e-02 6.701086804247925954e+01
6.030273437500000000e-02 6.701111525269952551e+01
6.054687500000000000e-02 6.701134924695246298e+01
6.079101562500000000e-02 6.701156969512913975e+01
6.103515625000000000e-02 6.701177629688052662e+01
6.127929687500000000e-02 6.701196878208314445e+01
6.152343750000000000e-02 6.701214691123450962e+01
6.176757812500000000e-02 6.701231047577746835e+01
6.201171875000000000e-02 6.701245929835339155e+01
6.225585937500000000e-02 6.701259323298360471e+01
6.250000000000000000e-02 6.701271216517908158e+01
6.274414062500000000e-02 6.701281601197834448e+01
6.298828125000000000e-02 6.701290472191399772e+01
6.323242187500000000e-02 6.701297827490802206e+01
6.347656250000000000e-02 6.701303668209655484e+01
6.372070312500000000e-02 6.701307998558485224e+01
6.396484375000000000e-02 6.701310825813320093e+01
6.420898437500000000e-02 6.701312160277491614e+01
6.445312500000000000e-02 6.701312015236759123e+01
6.469726562500000000e-02 6.701310406907902006e+01
6.494140625000000000e-02 6.701307354380909942e+01
6.518554687500000000e-02 6.701302879554955894e+01
6.542968750000000000e-02 6.701297007068318123e+01
6.567382812500000000e-02 6.701289764222454437e+01
6.591796875000000000e-02 6.701281180900421930e+01
6.616210937500000000e-02 6.701271289479863924e+01
6.640625000000000000e-02 6.701260124740815627e+01
6.665039062500000000e-02 6.701247723768533149e+01
6.689453125000000000e-02 6.701234125851640044e+01
6.713867187500000000e-02 6.701219372375820171e+01
6.738281250000000000e-02 6.701203506713370928e+01
6.762695312500000000e-02 6.701186574108857030e+01
6.787109375000000000e-02 6.701168621561193106e+01
6.811523437500000000e-02 6.701149697702437891e+01
6.835937500000000000e-02 6.701129852673611254e+01
6.860351562500000000e-02 6.701109137997848109e+01
6.884765625000000000e-02 6.701087606451210377e+01
6.909179687500000000e-02 6.701065311931483848e+01
6.933593750000000000e-02 6.701042309325275426e+01
6.958007812500000000e-02 6.701018654373763184e+01
6.982421875000000000e-02 6.700994403537420396e+01
7.006835937500000000e-02 6.700969613860047502e+01
7.031250000000000000e-02 6.700944342832457323e+01
7.055664062500000000e-02 6.700918648256147492e+01
7.080078125000000000e-02 6.700892588107294046e+01
7.104492187500000000e-02 6.700866220401407247e+01
7.128906250000000000e-02 6.700839603058958005e+01
7.153320312500000000e-02 6.700812793772352904e+01
7.177734375000000000e-02 6.700785849874515065e+01
7.202148437500000000e-02 6.700758828209450257e+01
7.226562500000000000e-02 6.700731785005081065e+01
7.250976562500000000e-02 6.700704775748654640e+01
7.275390625000000000e-02 6.700677855065036681e+01
7.299804687500000000e-02 6.700651076598177269e+01
7.324218750000000000e-02 6.700624492896024265e+01
7.348632812500000000e-02 6.700598155299171310e+01
7.373046875000000000e-02 6.700572113833484877e+01
7.397460937500000000e-02 6.700546417106971830e+01
7.421875000000000000e-02 6.700521112211141883e+01
7.446289062500000000e-02 6.700496244627048270e+01
7.470703125000000000e-02 6.700471858136273795e+01
7.495117187500000000e-02 6.700447994737027102e+01
7.519531250000000000e-02 6.700424694565546702e+01
7.543945312500000000e-02 6.700401995822997492e+01
7.568359375000000000e-02 6.700379934707981988e+01
7.592773437500000000e-02 6.700358545354865214e+01
7.617187500000000000e-02 6.700337859777982885e+01
7.641601562500000000e-02 6.700317907821872154e+01
7.666015625000000000e-02 6.700298717117630076e+01
7.690429687500000000e-02 6.700280313045438163e+01
7.714843750000000000e-02 6.700262718703365294e+01
7.739257812500000000e-02 6.700245954882451827e+01
7.763671875000000000e-02 6.700230040048118951e+01
7.788085937500000000e-02 6.700214990327920361e+01
7.812500000000000000e-02 6.700200819505613481e+01
7.836914062500000000e-02 6.700187539021544580e+01
7.861328125000000000e-02 6.700175157979292351e+01
7.885742187500000000e-02 6.700163683158523042e+01
7.910156250000000000e-02 6.700153119033979010e+01
7.934570312500000000e-02 6.700143467800512553e+01
7.958984375000000000e-02 6.700134729404064160e+01
7.983398437500000000e-02 6.700126901578444460e+01
8.007812500000000000e-02 6.700119979887821842e+01
8.032226562500000000e-02 6.700113957774713924e+01
8.056640625000000000e-02 6.700108826613359270e+01
8.081054687500000000e-02 6.700104575768270365e+01
8.105468750000000000e-02 6.700101192657773197e+01
8.129882812500000000e-02 6.700098662822331619e+01
8.154296875000000000e-02 6.700096969997440510e+01
8.178710937500000000e-02 6.700096096190850403e+01
8.203125000000000000e-02 6.700096021763886256e+01
8.227539062500000000e-02 6.700096725516608842e+01
8.251953125000000000e-02 6.700098184776551591e+01
8.276367187500000000e-02 6.700100375490779925e+01
8.300781250000000000e-02 6.700103272320970405e+01
8.325195312500000000e-02 6.700106848741236831e+01
8.349609375000000000e-02 6.700111077138417670e+01
8.374023437500000000e-02 6.700115928914516417e+01
8.398437500000000000e-02 6.700121374590992218e+01
8.422851562500000000e-02 6.700127383914600898e+01
8.447265625000000000e-02 6.700133925964468062e+01
8.471679687500000000e-02 6.700140969260093016e+01
8.496093750000000000e-02 6.700148481869958061e+01
8.520507812500000000e-02 6.700156431520431966e+01
8.544921875000000000e-02 6.700164785704659209e+01
8.569335937500000000e-02 6.700173511791116709e+01
8.593750000000000000e-02 6.700182577131519679e+01
8.618164062500000000e-02 6.700191949167795258e+01
8.642578125000000000e-02 6.700201595537770061e+01
8.666992187500000000e-02 6.700211484179330057e+01
8.691406250000000000e-02 6.700221583432708883e+01
8.715820312500000000e-02 6.700231862140638839e+01
8.740234375000000000e-02 6.700242289746083202e+01
8.764648437500000000e-02 6.700252836387262789e+01
8.789062500000000000e-02 6.700263472989713875e+01
8.813476562500000000e-02 6.700274171355133035e+01
8.837890625000000000e-02 6.700284904246734641e+01
8.862304687500000000e-02 6.700295645470912120e+01
8.886718750000000000e-02 6.700306369954945751e+01
8.911132812500000000e-02 6.700317053820577939e+01
8.935546875000000000e-02 6.700327674453208715e+01
8.959960937500000000e-02 6.700338210566562225e+01
8.984375000000000000e-02 6.700348642262611065e+01
9.008789062500000000e-02 6.700358951086626291e+01
9.033203125000000000e-02 6.700369120077174045e+01
9.057617187500000000e-02 6.700379133810943699e+01
9.082031250000000000e-02 6.700388978442268240e+01
9.106445312500000000e-02 6.700398641737253058e+01
9.130859375000000000e-02 6.700408113102395191e+01
9.155273437500000000e-02 6.700417383607641852e+01
9.179687500000000000e-02 6.700426446003812941e+01
9.204101562500000000e-02 6.700435294734346314e+01
9.228515625000000000e-02 6.700443925941348766e+01
9.252929687500000000e-02 6.700452337465920039e+01
9.277343750000000000e-02 6.700460528842772590e+01
9.301757812500000000e-02 6.700468501289167023e+01
9.326171875000000000e-02 6.700476257688183068e+01
9.350585937500000000e-02 6.700483802566392910e+01
9.375000000000000000e-02 6.700491142066003647e+01
9.399414062500000000e-02 6.700498283911554154e+01
9.423828125000000000e-02 6.700505237371245926e+01
9.448242187500000000e-02 6.700512013213065643e+01
9.472656250000000000e-02 6.700518623655777617e+01
9.497070312500000000e-02 6.700525082314966596e+01
9.521484375000000000e-02 6.700531404144281566e+01
9.545898437500000000e-02 6.700537605372038286e+01
9.570312500000000000e-02 6.700543703433393716e+01
9.594726562500000000e-02 6.700549716898251518e+01
9.619140625000000000e-02 6.700555665395165761e+01
9.643554687500000000e-02 6.700561569531396344e+01
9.667968750000000000e-02 6.700567450809418801e+01
9.692382812500000000e-02 6.700573331540086031e+01
9.716796875000000000e-02 6.700579234752710533e+01
9.741210937500000000e-02 6.700585184102354219e+01
9.765625000000000000e-02 6.700591203774551730e+01
9.790039062500000000e-02 6.700597318387798396e+01
9.814453125000000000e-02 6.700603552894058623e+01
9.838867187500000000e-02 6.700609932477604502e+01
9.863281250000000000e-02 6.700616482452473122e+01
9.887695312500000000e-02 6.700623228158862332e+01
9.912109375000000000e-02 6.700630194858770494e+01
9.936523437500000000e-02 6.700637407631178633e+01
9.960937500000000000e-02 6.700644891267114645e+01
9.985351562500000000e-02 6.700652670164896563e+01
1.000976562500000000e-01 6.700660768225873198e+01
1.003417968750000000e-01 6.700669208751000383e+01
1.005859375000000000e-01 6.700678014338541288e+01
1.008300781250000000e-01 6.700687206783211991e+01
1.010742187500000000e-01 6.700696806977107656e+01
1.013183593750000000e-01 6.700706834812667978e+01
1.015625000000000000e-01 6.700717309088045681e+01
1.018066406250000000e-01 6.700728247415116812e+01
1.020507812500000000e-01 6.700739666130459682e+01
1.022949218750000000e-01 6.700751580209579572e+01
1.025390625000000000e-01 6.700764003184643514e+01
1.027832031250000000e-01 6.700776947066007949e+01
1.030273437500000000e-01 6.700790422267785118e+01
1.032714843750000000e-01 6.700804437537692593e+01
1.035156250000000000e-01 6.700818999891444605e+01
1.037597656250000000e-01 6.700834114551867060e+01
1.040039062500000000e-01 6.700849784893007666e+01
1.042480468750000000e-01 6.700866012389371917e+01
1.044921875000000000e-01 6.700882796570529365e+01
1.047363281250000000e-01 6.700900134981220901e+01
1.049804687500000000e-01 6.700918023147144709e+01
1.052246093750000000e-01 6.700936454546555865e+01
1.054687500000000000e-01 6.700955420587801825e+01
1.057128906250000000e-01 6.700974910592896094e+01
1.059570312500000000e-01 6.700994911787250885e+01
1.062011718750000000e-01 6.701015409295607128e+01
1.064453125000000000e-01 6.701036386144239998e+01
1.066894531250000000e-01 6.701057823269489688e+01
1.069335937500000000e-01 6.701079699532620282e+01
1.071777343750000000e-01 6.701101991741028030e+01
1.074218750000000000e-01 6.701124674675776305e+01
1.076660156250000000e-01 6.701147721125448697e+01
1.079101562500000000e-01 6.701171101926234996e+01
1.081542968750000000e-01 6.701194786008241522e+01
1.083984375000000000e-01 6.701218740447876598e+01
1.086425781250000000e-01 6.701242930526277064e+01
1.088867187500000000e-01 6.701267319793606703e+01
1.091308593750000000e-01 6.701291870139132811e+01
1.093750000000000000e-01 6.701316541866899001e+01
1.096191406250000000e-01 6.701341293776846442e+01
1.098632812500000000e-01 6.701366083251207328e+01
1.101074218750000000e-01 6.701390866345955999e+01
1.103515625000000000e-01 6.701415597887104525e+01
1.105957031250000000e-01 6.701440231571640993e+01
1.108398437500000000e-01 6.701464720072843306e+01
1.110839843750000000e-01 6.701489015149732609e+01
1.113281250000000000e-01 6.701513067760383535e+01
1.115722656250000000e-01 6.701536828178832650e+01
1.118164062500000000e-01 6.701560246115280961e+01
1.120605468750000000e-01 6.701583270839304873e+01
1.123046875000000000e-01 6.701605851305741623e+01
1.125488281250000000e-01 6.701627936282973508e+01
1.127929687500000000e-01 6.701649474483230051e+01
1.130371093750000000e-01 6.701670414694623901e+01
1.132812500000000000e-01 6.701690705914559487e+01
1.135253906250000000e-01 6.701710297484167711e+01
1.137695312500000000e-01 6.701729139223408538e+01
1.140136718750000000e-01 6.701747181566526024e+01
1.142578125000000000e-01 6.701764375697446496e+01
1.145019531250000000e-01 6.701780673684805834e+01
1.147460937500000000e-01 6.701796028616217882e+01
1.149902343750000000e-01 6.701810394731444376e+01
1.152343750000000000e-01 6.701823727554096877e+01
1.154785156250000000e-01 6.701835984021502668e+01
1.157226562500000000e-01 6.701847122612424812e+01
1.159667968750000000e-01 6.701857103472219990e+01
1.162109375000000000e-01 6.701865888535148486e+01
1.164550781250000000e-01 6.701873441643455465e+01
1.166992187500000000e-01 6.701879728662918012e+01
1.169433593750000000e-01 6.701884717594494134e+01
1.171875000000000000e-01 6.701888378681802294e+01
1.174316406250000000e-01 6.701890684514074792e+01
1.176757812500000000e-01 6.701891610124314980e+01
1.179199218750000000e-01 6.701891133082342833e+01
1.181640625000000000e-01 6.701889233582481609e+01
1.184082031250000000e-01 6.701885894525584320e+01
1.186523437500000000e-01 6.701881101595157020e+01
1.188964843750000000e-01 6.701874843327348685e+01
1.191406250000000000e-01 6.701867111174566105e+01
1.193847656250000000e-01 6.701857899562494936e+01
1.196289062500000000e-01 6.701847205940350705e+01
1.198730468750000000e-01 6.701835030824150863e+01
1.201171875000000000e-01 6.701821377832862936e+01
1.203613281250000000e-01 6.701806253717262507e+01
1.206054687500000000e-01 6.701789668381381659e+01
1.208496093750000000e-01 6.701771634896425667e+01
1.210937500000000000e-01 6.701752169507055612e+01
1.213378906250000000e-01 6.701731291629975829e+01
1.215820312500000000e-01 6.701709023844746582e+01
1.218261718750000000e-01 6.701685391876799258e+01
1.220703125000000000e-01 6.701660424572607155e+01
1.223144531250000000e-01 6.701634153867047416e+01
1.225585937500000000e-01 6.701606614742925672e+01
1.228027343750000000e-01 6.701577845182733029e+01
1.230468750000000000e-01 6.701547886112692254e+01
1.232910156250000000e-01 6.701516781339138618e+01
1.235351562500000000e-01 6.701484577477360460e+01
1.237792968750000000e-01 6.701451323873001797e+01
1.240234375000000000e-01 6.701417072516169071e+01
1.242675781250000000e-01 6.701381877948379895e+01
1.245117187500000000e-01 6.701345797162544216e+01
1.247558593750000000e-01 6.701308889496154109e+01
1.250000000000000000e-01 6.701271216517908158e+01
1.252441406250000000e-01 6.701232841907976479e+01
1.254882812500000000e-01 6.701193831332165018e+01
1.257324218750000000e-01 6.701154252310253412e+01
1.259765625000000000e-01 6.701114174078745123e+01
1.262207031250000000e-01 6.701073667448375204e+01
1.264648437500000000e-01 6.701032804656642838e+01
1.267089843750000000e-01 6.700991659215725349e+01
1.269531250000000000e-01 6.700950305756082059e+01
1.271972656250000000e-01 6.700908819866143062e+01
1.274414062500000000e-01 6.700867277928398380e+01
1.276855468750000000e-01 6.700825756952301049e+01
1.279296875000000000e-01 6.700784334404360720e+01
1.281738281250000000e-01 6.700743088035819994e+01
1.284179687500000000e-01 6.700702095708329864e+01
1.286621093750000000e-01 6.700661435218037809e+01
1.289062500000000000e-01 6.700621184118502072e+01
1.291503906250000000e-01 6.700581419542874073e+01
1.293945312500000000e-01 6.700542218025776720e+01
1.296386718750000000e-01 6.700503655325314867e+01
1.298828125000000000e-01 6.700465806245661327e+01
1.301269531250000000e-01 6.700428744460660369e+01
1.303710937500000000e-01 6.700392542338899204e+01
1.306152343750000000e-01 6.700357270770672358e+01
1.308593750000000000e-01 6.700322998997306456e+01
1.311035156250000000e-01 6.700289794443256142e+01
1.313476562500000000e-01 6.700257722551432948e+01
1.315917968750000000e-01 6.700226846622175003e+01
1.318359375000000000e-01 6.700197227656296661e+01
1.320800781250000000e-01 6.700168924202625931e+01
1.323242187500000000e-01 6.700141992210434694e+01
1.325683593750000000e-01 6.700116484887172419e+01
1.328125000000000000e-01 6.700092452561875689e+01
1.330566406250000000e-01 6.700069942554638658e+01
1.333007812500000000e-01 6.700048999052501131e+01
1.335449218750000000e-01 6.700029662992105273e+01
1.337890625000000000e-01 6.700011971949452061e+01
1.340332031250000000e-01 6.699995960037075804e+01
1.342773437500000000e-01 6.699981657808936575e+01
1.345214843750000000e-01 6.699969092173306251e+01
1.347656250000000000e-01 6.699958286313922429e+01
1.350097656250000000e-01 6.699949259619647535e+01
1.352539062500000000e-01 6.699942027622851981e+01
1.354980468750000000e-01 6.699936601946733106e+01
1.357421875000000000e-01 6.699932990261734744e+01
1.359863281250000000e-01 6.699931196251253596e+01
1.362304687500000000e-01 6.699931219586730435e+01
1.364746093750000000e-01 6.699933055912262603e+01
1.367187500000000000e-01 6.699936696838824446e+01
1.369628906250000000e-01 6.699942129948146885e+01
1.372070312500000000e-01 6.699949338806311516e+01
1.374511718750000000e-01 6.699958302987053571e+01
1.376953125000000000e-01 6.699968998104779416e+01
1.379394531250000000e-01 6.699981395857270172e+01
1.381835937500000000e-01 6.699995464077986185e+01
1.384277343750000000e-01 6.700011166797908402e+01
1.386718750000000000e-01 6.700028464316804389e+01
1.389160156250000000e-01 6.700047313283776873e+01
1.391601562500000000e-01 6.700067666786952714e+01
1.394042968750000000e-01 6.700089474452110494e+01
1.396484375000000000e-01 6.700112682550053478e+01
1.398925781250000000e-01 6.700137234112511919e+01
1.401367187500000000e-01 6.700163069056297616e+01
1.403808593750000000e-01 6.700190124315457751e+01
1.406250000000000000e-01 6.700218333981129604e+01
1.408691406250000000e-01 6.700247629448787734e+01
1.411132812500000000e-01 6.700277939572538344e+01
1.413574218750000000e-01 6.700309190826122574e+01
1.416015625000000000e-01 6.700341307470252161e+01
1.418457031250000000e-01 6.700374211725883811e+01
1.420898437500000000e-01 6.700407823953048592e+01
1.423339843750000000e-01 6.700442062834802925e+01
1.425781250000000000e-01 6.700476845565860629e+01
1.428222656250000000e-01 6.700512088045498160e+01
1.430664062500000000e-01 6.700547705074224325e+01
1.433105468750000000e-01 6.700583610553793790e+01
1.435546875000000000e-01 6.700619717690062771e+01
1.437988281250000000e-01 6.700655939198200883e+01
1.440429687500000000e-01 6.700692187509781661e+01
1.442871093750000000e-01 6.700728374981240165e+01
1.445312500000000000e-01 6.700764414103196032e+01
1.447753906250000000e-01 6.700800217710150264e+01
1.450195312500000000e-01 6.700835699190011496e+01
1.452636718750000000e-01 6.700870772692996979e+01
1.455078125000000000e-01 6.700905353339345538e+01
1.457519531250000000e-01 6.700939357425353649e+01
1.459960937500000000e-01 6.700972702627255728e+01
1.462402343750000000e-01 6.701005308202398680e+01
1.464843750000000000e-01 6.701037095187248838e+01
1.467285156250000000e-01 6.701067986591733927e+01
1.469726562500000000e-01 6.701097907589434044e+01
1.472167968750000000e-01 6.701126785703146993e+01
1.474609375000000000e-01 6.701154550985367564e+01
1.477050781250000000e-01 6.701181136193221732e+01
1.479492187500000000e-01 6.701206476957426617e+01
1.481933593750000000e-01 6.701230511944837076e+01
1.484375000000000000e-01 6.701253183014156889e+01
1.486816406250000000e-01 6.701274435364447868e+01
1.489257812500000000e-01 6.701294217676006326e+01
1.491699218750000000e-01 6.701312482243288571e+01
1.494140625000000000e-01 6.701329185099498886e+01
1.496582031250000000e-01 6.701344286132528794e+01
1.499023437500000000e-01 6.701357749191942048e+01
1.501464843750000000e-01 6.701369542186692740e+01
1.503906250000000000e-01 6.701379637173332071e+01
1.506347656250000000e-01 6.701388010434440901e+01
1.508789062500000000e-01 6.701394642547063540e+01
1.511230468750000000e-01 6.701399518440952363e+01
1.513671875000000000e-01 6.701402627446418592e+01
1.516113281250000000e-01 6.701403963331677005e+01
1.518554687500000000e-01 6.701403524329494132e+01
1.520996093750000000e-01 6.701401313153090200e+01
1.523437500000000000e-01 6.701397337001183985e+01
1.525878906250000000e-01 6.701391607552130836e+01
1.528320312500000000e-01 6.701384140947121182e+01
1.530761718750000000e-01 6.701374957762440943e+01
1.533203125000000000e-01 6.701364082970822267e+01
1.535644531250000000e-01 6.701351545891907335e+01
1.538085937500000000e-01 6.701337380131934651e+01
1.540527343750000000e-01 6.701321623512720294e+01
1.542968750000000000e-01 6.701304317990077664e+01
1.545410156250000000e-01 6.701285509561819254e+01
1.547851562500000000e-01 6.701265248165520916e+01
1.550292968750000000e-01 6.701243587566261795e+01
1.552734375000000000e-01 6.701220585234558769e+01
1.555175781250000000e-01 6.701196302214752620e+01
1.557617187500000000e-01 6.701170802984131569e+01
1.560058593750000000e-01 6.701144155303074967e+01
1.562500000000000000e-01 6.701116430056586637e+01
1.564941406250000000e-01 6.701087701087513437e+01
1.567382812500000000e-01 6.701058045021862597e+01
1.569824218750000000e-01 6.701027541086588712e+01
1.572265625000000000e-01 6.700996270920279585e+01
1.574707031250000000e-01 6.700964318377162954e+01
1.577148437500000000e-01 6.700931769324891718e+01
1.579589843750000000e-01 6.700898711436582289e+01
1.582031250000000000e-01 6.700865233977593505e+01
1.584472656250000000e-01 6.700831427587549172e+01
1.586914062500000000e-01 6.700797384058114403e+01
1.589355468750000000e-01 6.700763196107082820e+01
1.591796875000000000e-01 6.700728957149300413e+01
1.594238281250000000e-01 6.700694761064984561e+01
1.596679687500000000e-01 6.700660701966016575e+01
1.599121093750000000e-01 6.700626873960770524e+01
1.601562500000000000e-01 6.700593370918078051e+01
1.604003906250000000e-01 6.700560286230889062e+01
1.606445312500000000e-01 6.700527712580257855e+01
1.608886718750000000e-01 6.700495741700220265e+01
1.611328125000000000e-01 6.700464464144177157e+01
1.613769531250000000e-01 6.700433969053364081e+01
1.616210937500000000e-01 6.700404343928029505e+01
1.618652343750000000e-01 6.700375674401873027e+01
1.621093750000000000e-01 6.700348044020370253e+01
1.623535156250000000e-01 6.700321534023532877e+01
1.625976562500000000e-01 6.700296223133697993e+01
1.628417968750000000e-01 6.700272187348889474e+01
1.630859375000000000e-01 6.700249499742304238e+01
1.633300781250000000e-01 6.700228230268484708e+01
1.635742187500000000e-01 6.700208445576649297e+01
1.638183593750000000e-01 6.700190208831736527e+01
1.640625000000000000e-01 6.700173579543624669e+01
1.643066406250000000e-01 6.700158613404991570e+01
1.645507812500000000e-01 6.700145362138272276e+01
1.647949218750000000e-01 6.700133873352149294e+01
1.650390625000000000e-01 6.700124190407939295e+01
1.652832031250000000e-01 6.700116352296296895e+01
1.655273437500000000e-01 6.700110393524566632e+01
1.657714843750000000e-01 6.700106344015085824e+01
1.660156250000000000e-01 6.700104229014777957e+01
1.662597656250000000e-01 6.700104069016256858e+01
1.665039062500000000e-01 6.700105879690711674e+01
1.667480468750000000e-01 6.700109671832736069e+01
1.669921875000000000e-01 6.700115451317319071e+01
1.672363281250000000e-01 6.700123219069099889e+01
1.674804687500000000e-01 6.700132971044000385e+01
1.677246093750000000e-01 6.700144698223311934e+01
1.679687500000000000e-01 6.700158386620262263e+01
1.682128906250000000e-01 6.700174017299070783e+01
1.684570312500000000e-01 6.700191566406451216e+01
1.687011718750000000e-01 6.700211005215494708e+01
1.689453125000000000e-01 6.700232300181816925e+01
1.691894531250000000e-01 6.700255413011858252e+01
1.694335937500000000e-01 6.700280300743112605e+01
1.696777343750000000e-01 6.700306915836117128e+01
1.699218750000000000e-01 6.700335206277931377e+01
1.701660156250000000e-01 6.700365115696831708e+01
1.704101562500000000e-01 6.700396583487911073e+01
1.706542968750000000e-01 6.700429544949219007e+01
1.708984375000000000e-01 6.700463931428095066e+01
1.711425781250000000e-01 6.700499670477233849e+01
1.713867187500000000e-01 6.700536686020099353e+01
1.716308593750000000e-01 6.700574898525152889e+01
1.718750000000000000e-01 6.700614225188448358e+01
1.721191406250000000e-01 6.700654580124027859e+01
1.723632812500000000e-01 6.700695874561580467e+01
1.726074218750000000e-01 6.700738017050775852e+01
1.728515625000000000e-01 6.700780913671677297e+01
1.730957031250000000e-01 6.700824468250600319e+01
1.733398437500000000e-01 6.700868582580757504e+01
1.735839843750000000e-01 6.700913156647061442e+01
1.738281250000000000e-01 6.700958088854343941e+01
1.740722656250000000e-01 6.701003276258349217e+01
1.743164062500000000e-01 6.701048614798732217e+01
1.745605468750000000e-01 6.701093999533378565e+01
1.748046875000000000e-01 6.701139324873273040e+01
1.750488281250000000e-01 6.701184484817186160e+01
1.752929687500000000e-01 6.701229373185407212e+01
1.755371093750000000e-01 6.701273883851784774e+01
1.757812500000000000e-01 6.701317910973274650e+01
1.760253906250000000e-01 6.701361349216254837e+01
1.762695312500000000e-01 6.701404093978821663e+01
1.765136718750000000e-01 6.701446041608303972e+01
1.767578125000000000e-01 6.701487089613226544e+01
1.770019531250000000e-01 6.701527136868978118e+01
1.772460937500000000e-01 6.701566083816392450e+01
1.774902343750000000e-01 6.701603832652548931e+01
1.777343750000000000e-01 6.701640287513018279e+01
1.779785156250000000e-01 6.701675354644842741e+01
1.782226562500000000e-01 6.701708942569558758e+01
1.784667968750000000e-01 6.701740962235533061e+01
1.787109375000000000e-01 6.701771327158979830e+01
1.789550781250000000e-01 6.701799953552966826e+01
1.791992187500000000e-01 6.701826760443796616e+01
1.794433593750000000e-01 6.701851669774134734e+01
1.796875000000000000e-01 6.701874606492313546e+01
1.799316406250000000e-01 6.701895498627220604e+01
1.801757812500000000e-01 6.701914277348259930e+01
1.804199218750000000e-01 6.701930877009870358e+01
1.806640625000000000e-01 6.701945235180102145e+01
1.809082031250000000e-01 6.701957292652834042e+01
1.811523437500000000e-01 6.701966993443195975e+01
1.813964843750000000e-01 6.701974284765819334e+01
1.816406250000000000e-01 6.701979116995566699e+01
1.818847656250000000e-01 6.701981443610434042e+01
1.821289062500000000e-01 6.701981221116356835e+01
1.823730468750000000e-01 6.701978408953661415e+01
1.826171875000000000e-01 6.701972969384996759e+01
1.828613281250000000e-01 6.701964867364573308e+01
1.831054687500000000e-01 6.701954070388588036e+01
1.833496093750000000e-01 6.701940548326784608e+01
1.835937500000000000e-01 6.701924273235094631e+01
1.838378906250000000e-01 6.701905219149386994e+01
1.840820312500000000e-01 6.701883361860383559e+01
1.843261718750000000e-01 6.701858678669822211e+01
1.845703125000000000e-01 6.701831148128044902e+01
1.848144531250000000e-01 6.701800749753161313e+01
1.850585937500000000e-01 6.701767463732059582e+01
1.853027343750000000e-01 6.701731270603519874e+01
1.855468750000000000e-01 6.701692150923760494e+01
1.857910156250000000e-01 6.701650084914794547e+01
1.860351562500000000e-01 6.701605052096002169e+01
1.862792968750000000e-01 6.701557030899378731e+01
1.865234375000000000e-01 6.701505998268962117e+01
1.867675781250000000e-01 6.701451929244983319e+01
1.870117187500000000e-01 6.701394796533334386e+01
1.872558593750000000e-01 6.701334570060966200e+01
1.875000000000000000e-01 6.701271216517908158e+01
1.877441406250000000e-01 6.701204698886607503e+01
1.879882812500000000e-01 6.701134975959320172e+01
1.882324218750000000e-01 6.701062001844384497e+01
1.884765625000000000e-01 6.700985725462135179e+01
1.887207031250000000e-01 6.700906090031375584e+01
1.889648437500000000e-01 6.700823032547236835e+01
1.892089843750000000e-01 6.700736483251388620e+01
1.894531250000000000e-01 6.700646365095514057e+01
1.896972656250000000e-01 6.700552593199032003e+01
1.899414062500000000e-01 6.700455074302065839e+01
1.901855468750000000e-01 6.700353706214669103e+01
1.904296875000000000e-01 6.700248377263348232e+01
1.906738281250000000e-01 6.700138965735919783e+01
1.909179687500000000e-01 6.700025339325810592e+01
1.911621093750000000e-01 6.699907354576811258e+01
1.914062500000000000e-01 6.699784856329448246e+01
1.916503906250000000e-01 6.699657677169994940e+01
1.918945312500000000e-01 6.699525636883267055e+01
1.921386718750000000e-01 6.699388541910263939e+01
1.923828125000000000e-01 6.699246184811775606e+01
1.926269531250000000e-01 6.699098343739004235e+01
1.928710937500000000e-01 6.698944781912304336e+01
1.931152343750000000e-01 6.698785247109094598e+01
1.933593750000000000e-01 6.698619471161970296e+01
1.936035156250000000e-01 6.698447169468069262e+01
1.938476562500000000e-01 6.698268040510674837e+01
1.940917968750000000e-01 6.698081765394040588e+01
1.943359375000000000e-01 6.697888007392387522e+01
1.945800781250000000e-01 6.697686411513987537e+01
1.948242187500000000e-01 6.697476604081234086e+01
1.950683593750000000e-01 6.697258192327521442e+01
1.953125000000000000e-01 6.697030764011759629e+01
1.955566406250000000e-01 6.696793887051285310e+01
1.958007812500000000e-01 6.696547109173890533e+01
1.960449218750000000e-01 6.696289957589635833e+01
1.962890625000000000e-01 6.696021938683091435e+01
1.965332031250000000e-01 6.695742537726546573e+01
1.967773437500000000e-01 6.695451218614752520e+01
1.970214843750000000e-01 6.695147423621621385e+01
1.972656250000000000e-01 6.694830573179322641e+01
1.975097656250000000e-01 6.694500065680115597e+01
1.977539062500000000e-01 6.694155277301204876e+01
1.979980468750000000e-01 6.693795561852877540e+01
1.982421875000000000e-01 6.693420250650076753e+01
1.984863281250000000e-01 6.693028652407528512e+01
1.987304687500000000e-01 6.692620053158489668e+01
1.989746093750000000e-01 6.692193716197083120e+01
1.992187500000000000e-01 6.691748882044193181e+01
1.994628906250000000e-01 6.691284768436757702e+01
1.997070312500000000e-01 6.690800570340276465e+01
1.999511718750000000e-01 6.690295459984321269e+01
2.001953125000000000e-01 6.689768586920698112e+01
2.004394531250000000e-01 6.689219078103944582e+01
2.006835937500000000e-01 6.688646037993713378e+01
2.009277343750000000e-01 6.688048548678600014e+01
2.011718750000000000e-01 6.687425670020887480e+01
2.014160156250000000e-01 6.686776439821626639e+01
2.016601562500000000e-01 6.686099874005454069e+01
2.019042968750000000e-01 6.685394966824473784e+01
2.021484375000000000e-01 6.684660691080492256e+01
2.023925781250000000e-01 6.683895998364873492e+01
2.026367187500000000e-01 6.683099819315222589e+01
2.028808593750000000e-01 6.682271063888067886e+01
2.031250000000000000e-01 6.681408621646700396e+01
2.033691406250000000e-01 6.680511362063279535e+01
2.036132812500000000e-01 6.679578134834297032e+01
2.038574218750000000e-01 6.678607770208455463e+01
2.041015625000000000e-01 6.677599079326010667e+01
2.043457031250000000e-01 6.676550854568588989e+01
2.045898437500000000e-01 6.675461869918508739e+01
2.048339843750000000e-01 6.674330881326557119e+01
2.050781250000000000e-01 6.673156627087264781e+01
2.053222656250000000e-01 6.671937828220579547e+01
2.055664062500000000e-01 6.670673188858978619e+01
2.058105468750000000e-01 6.669361396638936412e+01
2.060546875000000000e-01 6.668001123095741889e+01
2.062988281250000000e-01 6.666591024060613790e+01
2.065429687500000000e-01 6.665129740059120422e+01
2.067871093750000000e-01 6.663615896709836761e+01
2.070312500000000000e-01 6.662048105122291020e+01
2.072753906250000000e-01 6.660424962293140538e+01
2.075195312500000000e-01 6.658745051499650458e+01
2.077636718750000000e-01 6.657006942689453410e+01
2.080078125000000000e-01 6.655209192865689261e+01
2.082519531250000000e-01 6.653350346466554299e+01
2.084960937500000000e-01 6.651428935738360337e+01
2.087402343750000000e-01 6.649443481101224052e+01
2.089843750000000000e-01 6.647392491506495560e+01
2.092285156250000000e-01 6.645274464785100577e+01
2.094726562500000000e-01 6.643087887985961970e+01
2.097167968750000000e-01 6.640831237703724810e+01
2.099609375000000000e-01 6.638502980394987674e+01
2.102050781250000000e-01 6.636101572682321148e+01
2.104492187500000000e-01 6.633625461645362975e+01
2.106933593750000000e-01 6.631073085098267939e+01
2.109375000000000000e-01 6.628442871852899998e+01
2.111816406250000000e-01 6.625733241967095921e+01
2.114257812500000000e-01 6.622942606977412083e+01
2.116699218750000000e-01 6.620069370115780316e+01
2.119140625000000000e-01 6.617111926509514319e+01
2.121582031250000000e-01 6.614068663364159306e+01
2.124023437500000000e-01 6.610937960128656243e+01
2.126464843750000000e-01 6.607718188642402879e+01
2.128906250000000000e-01 6.604407713263711344e+01
2.131347656250000000e-01 6.601004890979292838e+01
2.133789062500000000e-01 6.597508071494337401e+01
2.136230468750000000e-01 6.593915597302844844e+01
2.138671875000000000e-01 6.590225803737848764e+01
2.141113281250000000e-01 6.586437019001208171e+01
2.143554687500000000e-01 6.582547564172668331e+01
2.145996093750000000e-01 6.578555753197905176e+01
2.148437500000000000e-01 6.574459892855304588e+01
2.150878906250000000e-01 6.570258282701209396e+01
2.153320312500000000e-01 6.565949214993435135e+01
2.155761718750000000e-01 6.561530974592837140e+01
2.158203125000000000e-01 6.557001838842739971e+01
2.160644531250000000e-01 6.552360077426070006e+01
2.163085937500000000e-01 6.547603952200003619e+01
2.165527343750000000e-01 6.542731717008039993e+01
2.167968750000000000e-01 6.537741617469318101e+01
2.170410156250000000e-01 6.532631890745106773e+01
2.172851562500000000e-01 6.527400765282349937e+01
2.175292968750000000e-01 6.522046460534183154e+01
2.177734375000000000e-01 6.516567186657356103e+01
2.180175781250000000e-01 6.510961144186509841e+01
2.182617187500000000e-01 6.505226523685234952e+01
2.185058593750000000e-01 6.499361505373921943e+01
2.187500000000000000e-01 6.493364258734344219e+01
2.189941406250000000e-01 6.487232942091014820e+01
2.192382812500000000e-01 6.480965702169272902e+01
2.194824218750000000e-01 6.474560673630200824e+01
2.197265625000000000e-01 6.468015978582342029e+01
2.199707031250000000e-01 6.461329726070343327e+01
2.202148437500000000e-01 6.454500011540577020e+01
2.204589843750000000e-01 6.447524916283852292e+01
2.207031250000000000e-01 6.440402506855355114e+01
2.209472656250000000e-01 6.433130834471971582e+01
2.211914062500000000e-01 6.425707934387185105e+01
2.214355468750000000e-01 6.418131825243762023e+01
2.216796875000000000e-01 6.410400508404508457e+01
2.219238281250000000e-01 6.402511967261372661e+01
2.221679687500000000e-01 6.394464166523259507e+01
2.224121093750000000e-01 6.386255051482972789e+01
2.226562500000000000e-01 6.377882547263713775e+01
2.229003906250000000e-01 6.369344558045703053e+01
2.231445312500000000e-01 6.360638966273502604e+01
2.233886718750000000e-01 6.351763631844745817e+01
2.236328125000000000e-01 6.342716391281039989e+01
2.238769531250000000e-01 6.333495056881944407e+01
2.241210937500000000e-01 6.324097415863019478e+01
2.243652343750000000e-01 6.314521229479080233e+01
2.246093750000000000e-01 6.304764232133945256e+01
2.248535156250000000e-01 6.294824130478120594e+01
2.250976562500000000e-01 6.284698602496045794e+01
2.253417968750000000e-01 6.274385296584742377e+01
2.255859375000000000e-01 6.263881830625919633e+01
2.258300781250000000e-01 6.253185791053849130e+01
2.260742187500000000e-01 6.242294731921617057e+01
2.263183593750000000e-01 6.231206173968641338e+01
2.265625000000000000e-01 6.219917603692746155e+01
2.268066406250000000e-01 6.208426472430420517e+01
2.270507812500000000e-01 6.196730195449357836e+01
2.272949218750000000e-01 6.184826151057844612e+01
2.275390625000000000e-01 6.172711679736110568e+01
2.277832031250000000e-01 6.160384083295328139e+01
2.280273437500000000e-01 6.147840624070659743e+01
2.282714843750000000e-01 6.135078524155428426e+01
2.285156250000000000e-01 6.122094964684383456e+01
2.287597656250000000e-01 6.108887085174874443e+01
2.290039062500000000e-01 6.095451982935823310e+01
2.292480468750000000e-01 6.081786712555473429e+01
2.294921875000000000e-01 6.067888285480192678e+01
2.297363281250000000e-01 6.053753669697958628e+01
2.299804687500000000e-01 6.039379789541765575e+01
2.302246093750000000e-01 6.024763525629858663e+01
2.304687500000000000e-01 6.009901714961693386e+01
2.307128906250000000e-01 5.994791151190607792e+01
2.309570312500000000e-01 5.979428585096586346e+01
2.312011718750000000e-01 5.963810725285174641e+01
2.314453125000000000e-01 5.947934239141483204e+01
2.316894531250000000e-01 5.931795754071571025e+01
2.319335937500000000e-01 5.915391859067078428e+01
2.321777343750000000e-01 5.898719106633068066e+01
2.324218750000000000e-01 5.881774015123538391e+01
2.326660156250000000e-01 5.864553071534047746e+01
2.329101562500000000e-01 5.847052734806544549e+01
2.331542968750000000e-01 5.829269439707581313e+01
2.333984375000000000e-01 5.811199601348108956e+01
2.336425781250000000e-01 5.792839620420601676e+01
2.338867187500000000e-01 5.774185889237828206e+01
2.341308593750000000e-01 5.755234798667041218e+01
2.343750000000000000e-01 5.735982746063805138e+01
2.346191406250000000e-01 5.716426144321395242e+01
2.348632812500000000e-01 5.696561432164543248e+01
2.351074218750000000e-01 5.676385085830675337e+01
2.353515625000000000e-01 5.655893632297597406e+01
2.355957031250000000e-01 5.635083664234089440e+01
2.358398437500000000e-01 5.613951856869279311e+01
2.360839843750000000e-01 5.592494986997921558e+01
2.363281250000000000e-01 5.570709954362308025e+01
2.365722656250000000e-01 5.548593805677234769e+01
2.368164062500000000e-01 5.526143761592899040e+01
2.370605468750000000e-01 5.503357246921409995e+01
2.373046875000000000e-01 5.480231924486415096e+01
2.375488281250000000e-01 5.456765732991890872e+01
2.377929687500000000e-01 5.432956929345755270e+01
2.380371093750000000e-01 5.408804135916425082e+01
2.382812500000000000e-01 5.384306393245871902e+01
2.385253906250000000e-01 5.359463218790804717e+01
2.387695312500000000e-01 5.334274672314031562e+01
2.390136718750000000e-01 5.308741428600319523e+01
2.392578125000000000e-01 5.282864858224297677e+01
2.395019531250000000e-01 5.256647117151146631e+01
2.397460937500000000e-01 5.230091246002295691e+01
2.399902343750000000e-01 5.203201279866220830e+01
2.402343750000000000e-01 5.175982369575932296e+01
2.404785156250000000e-01 5.148440915406268914e+01
2.407226562500000000e-01 5.120584714161633144e+01
2.409667968750000000e-01 5.092423120622110844e+01
2.412109375000000000e-01 5.063967224286763269e+01
2.414550781250000000e-01 5.035230042288085173e+01
2.416992187500000000e-01 5.006226729241328144e+01
2.419433593750000000e-01 4.976974804623672810e+01
2.421875000000000000e-01 4.947494398036779728e+01
2.424316406250000000e-01 4.917808512374661944e+01
2.426757812500000000e-01 4.887943304477671802e+01
2.429199218750000000e-01 4.857928382280857704e+01
2.431640625000000000e-01 4.827797116737657745e+01
2.434082031250000000e-01 4.797586965893219713e+01
2.436523437500000000e-01 4.767339807371814686e+01
2.438964843750000000e-01 4.737102274208638164e+01
2.441406250000000000e-01 4.706926087382117885e+01
2.443847656250000000e-01 4.676868376582888942e+01
2.446289062500000000e-01 4.646991978699296766e+01
2.448730468750000000e-01 4.617365701237318376e+01
2.451171875000000000e-01 4.588064535485345630e+01
2.453613281250000000e-01 4.559169801779128761e+01
2.456054687500000000e-01 4.530769206862751020e+01
2.458496093750000000e-01 4.502956791274485226e+01
2.460937500000000000e-01 4.475832743164767180e+01
2.463378906250000000e-01 4.449503054286124382e+01
2.465820312500000000e-01 4.424078994434623269e+01
2.468261718750000000e-01 4.399676382746606151e+01
2.470703125000000000e-01 4.376414638328290607e+01
2.473144531250000000e-01 4.354415599021650962e+01
2.475585937500000000e-01 4.333802105865031962e+01
2.478027343750000000e-01 4.314696361968017868e+01
2.480468750000000000e-01 4.297218087795628350e+01
2.482910156250000000e-01 4.281482509628065714e+01
2.485351562500000000e-01 4.267598233262975782e+01
2.487792968750000000e-01 4.255665069571265491e+01
2.490234375000000000e-01 4.245771890790027214e+01
2.492675781250000000e-01 4.237994604854712577e+01
2.495117187500000000e-01 4.232394338197990180e+01
2.497558593750000000e-01 4.229015914219961303e+01
2.500000000000000000e-01 4.227886704613673885e+01
2.502441406250000000e-01 4.229015914219964856e+01
2.504882812500000000e-01 4.232394338197991601e+01
2.507324218750000000e-01 4.237994604854713288e+01
2.509765625000000000e-01 4.245771890790025793e+01
2.512207031250000000e-01 4.255665069571266201e+01
2.514648437500000000e-01 4.267598233262979335e+01
2.517089843750000000e-01 4.281482509628066424e+01
2.519531250000000000e-01 4.297218087795631902e+01
2.521972656250000000e-01 4.314696361968016447e+01
2.524414062500000000e-01 4.333802105865033383e+01
2.526855468750000000e-01 4.354415599021652383e+01
2.529296875000000000e-01 4.376414638328288476e+01
2.531738281250000000e-01 4.399676382746608283e+01
2.534179687500000000e-01 4.424078994434621848e+01
2.536621093750000000e-01 4.449503054286125803e+01
2.539062500000000000e-01 4.475832743164765759e+01
2.541503906250000000e-01 4.502956791274485937e+01
2.543945312500000000e-01 4.530769206862753862e+01
2.546386718750000000e-01 4.559169801779130893e+01
2.548828125000000000e-01 4.588064535485348472e+01
2.551269531250000000e-01 4.617365701237319797e+01
2.553710937500000000e-01 4.646991978699298897e+01
2.556152343750000000e-01 4.676868376582889653e+01
2.558593750000000000e-01 4.706926087382119306e+01
2.561035156250000000e-01 4.737102274208638875e+01
2.563476562500000000e-01 4.767339807371813265e+01
2.565917968750000000e-01 4.797586965893220423e+01
2.568359375000000000e-01 4.827797116737657745e+01
2.570800781250000000e-01 4.857928382280857704e+01
2.573242187500000000e-01 4.887943304477672513e+01
2.575683593750000000e-01 4.917808512374662655e+01
2.578125000000000000e-01 4.947494398036779728e+01
2.580566406250000000e-01 4.976974804623673521e+01
2.583007812500000000e-01 5.006226729241330275e+01
2.585449218750000000e-01 5.035230042288083752e+01
2.587890625000000000e-01 5.063967224286762558e+01
2.590332031250000000e-01 5.092423120622112265e+01
2.592773437500000000e-01 5.120584714161634565e+01
2.595214843750000000e-01 5.148440915406269625e+01
2.597656250000000000e-01 5.175982369575930875e+01
2.600097656250000000e-01 5.203201279866220830e+01
2.602539062500000000e-01 5.230091246002294980e+01
2.604980468750000000e-01 5.256647117151147341e+01
2.607421875000000000e-01 5.282864858224297677e+01
2.609863281250000000e-01 5.308741428600319523e+01
2.612304687500000000e-01 5.334274672314032273e+01
2.614746093750000000e-01 5.359463218790806138e+01
2.617187500000000000e-01 5.384306393245871902e+01
2.619628906250000000e-01 5.408804135916425793e+01
2.622070312500000000e-01 5.432956929345755270e+01
2.624511718750000000e-01 5.456765732991890872e+01
2.626953125000000000e-01 5.480231924486415096e+01
2.629394531250000000e-01 5.503357246921410706e+01
2.631835937500000000e-01 5.526143761592899040e+01
2.634277343750000000e-01 5.548593805677234769e+01
2.636718750000000000e-01 5.570709954362308025e+01
2.639160156250000000e-01 5.592494986997921558e+01
2.641601562500000000e-01 5.613951856869278600e+01
2.644042968750000000e-01 5.635083664234089440e+01
2.646484375000000000e-01 5.655893632297597406e+01
2.648925781250000000e-01 5.676385085830676758e+01
2.651367187500000000e-01 5.696561432164542538e+01
2.653808593750000000e-01 5.716426144321395242e+01
2.656250000000000000e-01 5.735982746063805138e+01
2.658691406250000000e-01 5.755234798667040508e+01
2.661132812500000000e-01 5.774185889237828206e+01
2.663574218750000000e-01 5.792839620420601676e+01
2.666015625000000000e-01 5.811199601348108956e+01
2.668457031250000000e-01 5.829269439707581313e+01
2.670898437500000000e-01 5.847052734806545260e+01
2.673339843750000000e-01 5.864553071534048456e+01
2.675781250000000000e-01 5.881774015123538391e+01
2.678222656250000000e-01 5.898719106633068066e+01
2.680664062500000000e-01 5.915391859067077718e+01
2.683105468750000000e-01 5.931795754071571736e+01
2.685546875000000000e-01 5.947934239141483204e+01
2.687988281250000000e-01 5.963810725285174641e+01
2.690429687500000000e-01 5.979428585096586346e+01
2.692871093750000000e-01 5.994791151190607081e+01
2.695312500000000000e-01 6.009901714961694097e+01
2.697753906250000000e-01 6.024763525629858663e+01
2.700195312500000000e-01 6.039379789541765575e+01
2.702636718750000000e-01 6.053753669697960049e+01
2.705078125000000000e-01 6.067888285480192678e+01
2.707519531250000000e-01 6.081786712555474139e+01
2.709960937500000000e-01 6.095451982935823310e+01
2.712402343750000000e-01 6.108887085174875153e+01
2.714843750000000000e-01 6.122094964684384877e+01
2.717285156250000000e-01 6.135078524155428426e+01
2.719726562500000000e-01 6.147840624070659743e+01
2.722167968750000000e-01 6.160384083295328139e+01
2.724609375000000000e-01 6.172711679736110568e+01
2.727050781250000000e-01 6.184826151057845323e+01
2.729492187500000000e-01 6.196730195449357836e+01
2.731933593750000000e-01 6.208426472430421228e+01
2.734375000000000000e-01 6.219917603692746155e+01
2.736816406250000000e-01 6.231206173968641338e+01
2.739257812500000000e-01 6.242294731921617057e+01
2.741699218750000000e-01 6.253185791053849130e+01
2.744140625000000000e-01 6.263881830625919633e+01
2.746582031250000000e-01 6.274385296584742377e+01
2.749023437500000000e-01 6.284698602496045794e+01
2.751464843750000000e-01 6.294824130478120594e+01
2.753906250000000000e-01 6.304764232133945256e+01
2.756347656250000000e-01 6.314521229479080233e+01
2.758789062500000000e-01 6.324097415863018767e+01
2.761230468750000000e-01 6.333495056881944407e+01
2.763671875000000000e-01 6.342716391281039989e+01
2.766113281250000000e-01 6.351763631844745817e+01
2.768554687500000000e-01 6.360638966273502604e+01
2.770996093750000000e-01 6.369344558045703053e+01
2.773437500000000000e-01 6.377882547263713064e+01
2.775878906250000000e-01 6.386255051482972789e+01
2.778320312500000000e-01 6.394464166523259507e+01
2.780761718750000000e-01 6.402511967261372661e+01
2.783203125000000000e-01 6.410400508404508457e+01
2.785644531250000000e-01 6.418131825243762023e+01
2.788085937500000000e-01 6.425707934387185105e+01
2.790527343750000000e-01 6.433130834471971582e+01
2.792968750000000000e-01 6.440402506855353693e+01
2.795410156250000000e-01 6.447524916283852292e+01
2.797851562500000000e-01 6.454500011540577020e+01
2.800292968750000000e-01 6.461329726070343327e+01
2.802734375000000000e-01 6.468015978582342029e+01
2.805175781250000000e-01 6.474560673630200824e+01
2.807617187500000000e-01 6.480965702169272902e+01
2.810058593750000000e-01 6.487232942091014820e+01
2.812500000000000000e-01 6.493364258734345640e+01
2.814941406250000000e-01 6.499361505373920522e+01
2.817382812500000000e-01 6.505226523685234952e+01
2.819824218750000000e-01 6.510961144186509841e+01
2.822265625000000000e-01 6.516567186657357524e+01
2.824707031250000000e-01 6.522046460534183154e+01
2.827148437500000000e-01 6.527400765282349937e+01
2.829589843750000000e-01 6.532631890745106773e+01
2.832031250000000000e-01 6.537741617469318101e+01
2.834472656250000000e-01 6.542731717008039993e+01
2.836914062500000000e-01 6.547603952200003619e+01
2.839355468750000000e-01 6.552360077426070006e+01
2.841796875000000000e-01 6.557001838842739971e+01
2.844238281250000000e-01 6.561530974592837140e+01
2.846679687500000000e-01 6.565949214993435135e+01
2.849121093750000000e-01 6.570258282701209396e+01
2.851562500000000000e-01 6.574459892855304588e+01
2.854003906250000000e-01 6.578555753197905176e+01
2.856445312500000000e-01 6.582547564172668331e+01
2.858886718750000000e-01 6.586437019001208171e+01
2.861328125000000000e-01 6.590225803737848764e+01
2.863769531250000000e-01 6.593915597302844844e+01
2.866210937500000000e-01 6.597508071494337401e+01
2.868652343750000000e-01 6.601004890979292838e+01
2.871093750000000000e-01 6.604407713263711344e+01
2.873535156250000000e-01 6.607718188642402879e+01
2.875976562500000000e-01 6.610937960128656243e+01
2.878417968750000000e-01 6.614068663364159306e+01
2.880859375000000000e-01 6.617111926509514319e+01
2.883300781250000000e-01 6.620069370115780316e+01
2.885742187500000000e-01 6.622942606977412083e+01
2.888183593750000000e-01 6.625733241967095921e+01
2.890625000000000000e-01 6.628442871852899998e+01
2.893066406250000000e-01 6.631073085098267939e+01
2.895507812500000000e-01 6.633625461645362975e+01
2.897949218750000000e-01 6.636101572682321148e+01
2.900390625000000000e-01 6.638502980394986253e+01
2.902832031250000000e-01 6.640831237703724810e+01
2.905273437500000000e-01 6.643087887985961970e+01
2.907714843750000000e-01 6.645274464785100577e+01
2.910156250000000000e-01 6.647392491506495560e+01
2.912597656250000000e-01 6.649443481101224052e+01
2.915039062500000000e-01 6.651428935738360337e+01
2.917480468750000000e-01 6.653350346466554299e+01
2.919921875000000000e-01 6.655209192865689261e+01
2.922363281250000000e-01 6.657006942689453410e+01
2.924804687500000000e-01 6.658745051499650458e+01
2.927246093750000000e-01 6.660424962293140538e+01
2.929687500000000000e-01 6.662048105122291020e+01
2.932128906250000000e-01 6.663615896709836761e+01
2.934570312500000000e-01 6.665129740059120422e+01
2.937011718750000000e-01 6.666591024060613790e+01
2.939453125000000000e-01 6.668001123095741889e+01
2.941894531250000000e-01 6.669361396638936412e+01
2.944335937500000000e-01 6.670673188858978619e+01
2.946777343750000000e-01 6.671937828220579547e+01
2.949218750000000000e-01 6.673156627087264781e+01
2.951660156250000000e-01 6.674330881326557119e+01
2.954101562500000000e-01 6.675461869918507318e+01
2.956542968750000000e-01 6.676550854568588989e+01
2.958984375000000000e-01 6.677599079326010667e+01
2.961425781250000000e-01 6.678607770208455463e+01
2.963867187500000000e-01 6.679578134834297032e+01
2.966308593750000000e-01 6.680511362063279535e+01
2.968750000000000000e-01 6.681408621646700396e+01
2.971191406250000000e-01 6.682271063888067886e+01
2.973632812500000000e-01 6.683099819315222589e+01
2.976074218750000000e-01 6.683895998364873492e+01
2.978515625000000000e-01 6.684660691080492256e+01
2.980957031250000000e-01 6.685394966824473784e+01
2.983398437500000000e-01 6.686099874005455490e+01
2.985839843750000000e-01 6.686776439821626639e+01
2.988281250000000000e-01 6.687425670020887480e+01
2.990722656250000000e-01 6.688048548678600014e+01
2.993164062500000000e-01 6.688646037993713378e+01
2.995605468750000000e-01 6.689219078103944582e+01
2.998046875000000000e-01 6.689768586920698112e+01
3.000488281250000000e-01 6.690295459984321269e+01
3.002929687500000000e-01 6.690800570340276465e+01
3.005371093750000000e-01 6.691284768436757702e+01
3.007812500000000000e-01 6.691748882044193181e+01
3.010253906250000000e-01 6.692193716197083120e+01
3.012695312500000000e-01 6.692620053158489668e+01
3.015136718750000000e-01 6.693028652407529933e+01
3.017578125000000000e-01 6.693420250650076753e+01
3.020019531250000000e-01 6.693795561852877540e+01
3.022460937500000000e-01 6.694155277301204876e+01
3.024902343750000000e-01 6.694500065680115597e+01
3.027343750000000000e-01 6.694830573179324062e+01
3.029785156250000000e-01 6.695147423621621385e+01
3.032226562500000000e-01 6.695451218614751099e+01
3.034667968750000000e-01 6.695742537726546573e+01
3.037109375000000000e-01 6.696021938683091435e+01
3.039550781250000000e-01 6.696289957589635833e+01
3.041992187500000000e-01 6.696547109173890533e+01
3.044433593750000000e-01 6.696793887051285310e+01
3.046875000000000000e-01 6.697030764011759629e+01
3.049316406250000000e-01 6.697258192327521442e+01
3.051757812500000000e-01 6.697476604081234086e+01
3.054199218750000000e-01 6.697686411513987537e+01
3.056640625000000000e-01 6.697888007392387522e+01
3.059082031250000000e-01 6.698081765394040588e+01
3.061523437500000000e-01 6.698268040510674837e+01
3.063964843750000000e-01 6.698447169468069262e+01
3.066406250000000000e-01 6.698619471161970296e+01
3.068847656250000000e-01 6.698785247109094598e+01
3.071289062500000000e-01 6.698944781912304336e+01
3.073730468750000000e-01 6.699098343739004235e+01
3.076171875000000000e-01 6.699246184811775606e+01
3.078613281250000000e-01 6.699388541910263939e+01
3.081054687500000000e-01 6.699525636883267055e+01
3.083496093750000000e-01 6.699657677169994940e+01
3.085937500000000000e-01 6.699784856329448246e+01
3.088378906250000000e-01 6.699907354576811258e+01
3.090820312500000000e-01 6.700025339325810592e+01
3.093261718750000000e-01 6.700138965735919783e+01
3.095703125000000000e-01 6.700248377263348232e+01
3.098144531250000000e-01 6.700353706214669103e+01
3.100585937500000000e-01 6.700455074302065839e+01
3.103027343750000000e-01 6.700552593199032003e+01
3.105468750000000000e-01 6.700646365095514057e+01
3.107910156250000000e-01 6.700736483251388620e+01
3.110351562500000000e-01 6.700823032547236835e+01
3.112792968750000000e-01 6.700906090031375584e+01
3.115234375000000000e-01 6.700985725462135179e+01
3.117675781250000000e-01 6.701062001844384497e+01
3.120117187500000000e-01 6.701134975959320172e+01
3.122558593750000000e-01 6.701204698886607503e+01
3.125000000000000000e-01 6.701271216517908158e+01
3.127441406250000000e-01 6.701334570060966200e+01
3.129882812500000000e-01 6.701394796533334386e+01
3.132324218750000000e-01 6.701451929244983319e+01
3.134765625000000000e-01 6.701505998268962117e+01
3.137207031250000000e-01 6.701557030899378731e+01
3.139648437500000000e-01 6.701605052096002169e+01
3.142089843750000000e-01 6.701650084914794547e+01
3.144531250000000000e-01 6.701692150923760494e+01
3.146972656250000000e-01 6.701731270603519874e+01
3.149414062500000000e-01 6.701767463732059582e+01
3.151855468750000000e-01 6.701800749753161313e+01
3.154296875000000000e-01 6.701831148128044902e+01
3.156738281250000000e-01 6.701858678669822211e+01
3.159179687500000000e-01 6.701883361860382138e+01
3.161621093750000000e-01 6.701905219149386994e+01
3.164062500000000000e-01 6.701924273235094631e+01
3.166503906250000000e-01 6.701940548326784608e+01
3.168945312500000000e-01 6.701954070388588036e+01
3.171386718750000000e-01 6.701964867364573308e+01
3.173828125000000000e-01 6.701972969384998180e+01
3.176269531250000000e-01 6.701978408953661415e+01
3.178710937500000000e-01 6.701981221116356835e+01
3.181152343750000000e-01 6.701981443610434042e+01
3.183593750000000000e-01 6.701979116995566699e+01
3.186035156250000000e-01 6.701974284765819334e+01
3.188476562500000000e-01 6.701966993443195975e+01
3.190917968750000000e-01 6.701957292652834042e+01
3.193359375000000000e-01 6.701945235180102145e+01
3.195800781250000000e-01 6.701930877009870358e+01
3.198242187500000000e-01 6.701914277348259930e+01
3.200683593750000000e-01 6.701895498627220604e+01
3.203125000000000000e-01 6.701874606492313546e+01
3.205566406250000000e-01 6.701851669774136155e+01
3.208007812500000000e-01 6.701826760443796616e+01
3.210449218750000000e-01 6.701799953552966826e+01
3.212890625000000000e-01 6.701771327158979830e+01
3.215332031250000000e-01 6.701740962235533061e+01
3.217773437500000000e-01 6.701708942569558758e+01
3.220214843750000000e-01 6.701675354644842741e+01
3.222656250000000000e-01 6.701640287513016858e+01
3.225097656250000000e-01 6.701603832652548931e+01
3.227539062500000000e-01 6.701566083816392450e+01
3.229980468750000000e-01 6.701527136868978118e+01
3.232421875000000000e-01 6.701487089613226544e+01
3.234863281250000000e-01 6.701446041608303972e+01
3.237304687500000000e-01 6.701404093978821663e+01
3.239746093750000000e-01 6.701361349216254837e+01
3.242187500000000000e-01 6.701317910973274650e+01
3.244628906250000000e-01 6.701273883851784774e+01
3.247070312500000000e-01 6.701229373185407212e+01
3.249511718750000000e-01 6.701184484817186160e+01
3.251953125000000000e-01 6.701139324873273040e+01
3.254394531250000000e-01 6.701093999533378565e+01
3.256835937500000000e-01 6.701048614798732217e+01
3.259277343750000000e-01 6.701003276258349217e+01
3.261718750000000000e-01 6.700958088854343941e+01
3.264160156250000000e-01 6.700913156647061442e+01
3.266601562500000000e-01 6.700868582580757504e+01
3.269042968750000000e-01 6.700824468250600319e+01
3.271484375000000000e-01 6.700780913671677297e+01
3.273925781250000000e-01 6.700738017050775852e+01
3.276367187500000000e-01 6.700695874561580467e+01
3.278808593750000000e-01 6.700654580124029280e+01
3.281250000000000000e-01 6.700614225188448358e+01
3.283691406250000000e-01 6.700574898525152889e+01
3.286132812500000000e-01 6.700536686020099353e+01
3.288574218750000000e-01 6.700499670477233849e+01
3.291015625000000000e-01 6.700463931428095066e+01
3.293457031250000000e-01 6.700429544949219007e+01
3.295898437500000000e-01 6.700396583487911073e+01
3.298339843750000000e-01 6.700365115696831708e+01
3.300781250000000000e-01 6.700335206277929956e+01
3.303222656250000000e-01 6.700306915836117128e+01
3.305664062500000000e-01 6.700280300743112605e+01
3.308105468750000000e-01 6.700255413011858252e+01
3.310546875000000000e-01 6.700232300181816925e+01
3.312988281250000000e-01 6.700211005215494708e+01
3.315429687500000000e-01 6.700191566406452637e+01
3.317871093750000000e-01 6.700174017299070783e+01
3.320312500000000000e-01 6.700158386620262263e+01
3.322753906250000000e-01 6.700144698223311934e+01
3.325195312500000000e-01 6.700132971044000385e+01
3.327636718750000000e-01 6.700123219069099889e+01
3.330078125000000000e-01 6.700115451317319071e+01
3.332519531250000000e-01 6.700109671832736069e+01
3.334960937500000000e-01 6.700105879690711674e+01
3.337402343750000000e-01 6.700104069016258279e+01
3.339843750000000000e-01 6.700104229014777957e+01
3.342285156250000000e-01 6.700106344015085824e+01
3.344726562500000000e-01 6.700110393524566632e+01
3.347167968750000000e-01 6.700116352296296895e+01
3.349609375000000000e-01 6.700124190407939295e+01
3.352050781250000000e-01 6.700133873352149294e+01
3.354492187500000000e-01 6.700145362138272276e+01
3.356933593750000000e-01 6.700158613404991570e+01
3.359375000000000000e-01 6.700173579543624669e+01
3.361816406250000000e-01 6.700190208831736527e+01
3.364257812500000000e-01 6.700208445576649297e+01
3.366699218750000000e-01 6.700228230268484708e+01
3.369140625000000000e-01 6.700249499742304238e+01
3.371582031250000000e-01 6.700272187348889474e+01
3.374023437500000000e-01 6.700296223133699414e+01
3.376464843750000000e-01 6.700321534023532877e+01
3.378906250000000000e-01 6.700348044020370253e+01
3.381347656250000000e-01 6.700375674401873027e+01
3.383789062500000000e-01 6.700404343928029505e+01
3.386230468750000000e-01 6.700433969053364081e+01
3.388671875000000000e-01 6.700464464144177157e+01
3.391113281250000000e-01 6.700495741700220265e+01
3.393554687500000000e-01 6.700527712580257855e+01
3.395996093750000000e-01 6.700560286230889062e+01
3.398437500000000000e-01 6.700593370918078051e+01
3.400878906250000000e-01 6.700626873960770524e+01
3.403320312500000000e-01 6.700660701966016575e+01
3.405761718750000000e-01 6.700694761064984561e+01
3.408203125000000000e-01 6.700728957149300413e+01
3.410644531250000000e-01 6.700763196107082820e+01
3.413085937500000000e-01 6.700797384058112982e+01
3.415527343750000000e-01 6.700831427587547751e+01
3.417968750000000000e-01 6.700865233977593505e+01
3.420410156250000000e-01 6.700898711436582289e+01
3.422851562500000000e-01 6.700931769324890297e+01
3.425292968750000000e-01 6.700964318377162954e+01
3.427734375000000000e-01 6.700996270920279585e+01
3.430175781250000000e-01 6.701027541086588712e+01
3.432617187500000000e-01 6.701058045021862597e+01
3.435058593750000000e-01 6.701087701087513437e+01
3.437500000000000000e-01 6.701116430056586637e+01
3.439941406250000000e-01 6.701144155303074967e+01
3.442382812500000000e-01 6.701170802984131569e+01
3.444824218750000000e-01 6.701196302214752620e+01
3.447265625000000000e-01 6.701220585234557348e+01
3.449707031250000000e-01 6.701243587566261795e+01
3.452148437500000000e-01 6.701265248165520916e+01
3.454589843750000000e-01 6.701285509561819254e+01
3.457031250000000000e-01 6.701304317990077664e+01
3.459472656250000000e-01 6.701321623512720294e+01
3.461914062500000000e-01 6.701337380131934651e+01
3.464355468750000000e-01 6.701351545891907335e+01
3.466796875000000000e-01 6.701364082970822267e+01
3.469238281250000000e-01 6.701374957762440943e+01
3.471679687500000000e-01 6.701384140947121182e+01
3.474121093750000000e-01 6.701391607552130836e+01
3.476562500000000000e-01 6.701397337001183985e+01
3.479003906250000000e-01 6.701401313153088779e+01
3.481445312500000000e-01 6.701403524329494132e+01
3.483886718750000000e-01 6.701403963331677005e+01
3.486328125000000000e-01 6.701402627446418592e+01
3.488769531250000000e-01 6.701399518440952363e+01
3.491210937500000000e-01 6.701394642547063540e+01
3.493652343750000000e-01 6.701388010434440901e+01
3.496093750000000000e-01 6.701379637173332071e+01
3.498535156250000000e-01 6.701369542186692740e+01
3.500976562500000000e-01 6.701357749191942048e+01
3.503417968750000000e-01 6.701344286132528794e+01
3.505859375000000000e-01 6.701329185099498886e+01
3.508300781250000000e-01 6.701312482243288571e+01
3.510742187500000000e-01 6.701294217676006326e+01
3.513183593750000000e-01 6.701274435364447868e+01
3.515625000000000000e-01 6.701253183014156889e+01
3.518066406250000000e-01 6.701230511944835655e+01
3.520507812500000000e-01 6.701206476957426617e+01
3.522949218750000000e-01 6.701181136193220311e+01
3.525390625000000000e-01 6.701154550985366143e+01
3.527832031250000000e-01 6.701126785703146993e+01
3.530273437500000000e-01 6.701097907589434044e+01
3.532714843750000000e-01 6.701067986591732506e+01
3.535156250000000000e-01 6.701037095187248838e+01
3.537597656250000000e-01 6.701005308202398680e+01
3.540039062500000000e-01 6.700972702627255728e+01
3.542480468750000000e-01 6.700939357425353649e+01
3.544921875000000000e-01 6.700905353339344117e+01
3.547363281250000000e-01 6.700870772692996979e+01
3.549804687500000000e-01 6.700835699190010075e+01
3.552246093750000000e-01 6.700800217710148843e+01
3.554687500000000000e-01 6.700764414103196032e+01
3.557128906250000000e-01 6.700728374981240165e+01
3.559570312500000000e-01 6.700692187509781661e+01
3.562011718750000000e-01 6.700655939198199462e+01
3.564453125000000000e-01 6.700619717690062771e+01
3.566894531250000000e-01 6.700583610553793790e+01
3.569335937500000000e-01 6.700547705074224325e+01
3.571777343750000000e-01 6.700512088045498160e+01
3.574218750000000000e-01 6.700476845565860629e+01
3.576660156250000000e-01 6.700442062834801504e+01
3.579101562500000000e-01 6.700407823953048592e+01
3.581542968750000000e-01 6.700374211725883811e+01
3.583984375000000000e-01 6.700341307470252161e+01
3.586425781250000000e-01 6.700309190826122574e+01
3.588867187500000000e-01 6.700277939572538344e+01
3.591308593750000000e-01 6.700247629448787734e+01
3.593750000000000000e-01 6.700218333981129604e+01
3.596191406250000000e-01 6.700190124315457751e+01
3.598632812500000000e-01 6.700163069056297616e+01
3.601074218750000000e-01 6.700137234112511919e+01
3.603515625000000000e-01 6.700112682550053478e+01
3.605957031250000000e-01 6.700089474452110494e+01
3.608398437500000000e-01 6.700067666786952714e+01
3.610839843750000000e-01 6.700047313283776873e+01
3.613281250000000000e-01 6.700028464316804389e+01
3.615722656250000000e-01 6.700011166797908402e+01
3.618164062500000000e-01 6.699995464077986185e+01
3.620605468750000000e-01 6.699981395857270172e+01
3.623046875000000000e-01 6.699968998104779416e+01
3.625488281250000000e-01 6.699958302987053571e+01
3.627929687500000000e-01 6.699949338806311516e+01
3.630371093750000000e-01 6.699942129948146885e+01
3.632812500000000000e-01 6.699936696838824446e+01
3.635253906250000000e-01 6.699933055912262603e+01
3.637695312500000000e-01 6.699931219586730435e+01
3.640136718750000000e-01 6.699931196251253596e+01
3.642578125000000000e-01 6.699932990261734744e+01
3.645019531250000000e-01 6.699936601946731685e+01
3.647460937500000000e-01 6.699942027622851981e+01
3.649902343750000000e-01 6.699949259619647535e+01
3.652343750000000000e-01 6.699958286313922429e+01
3.654785156250000000e-01 6.699969092173306251e+01
3.657226562500000000e-01 6.699981657808936575e+01
3.659667968750000000e-01 6.699995960037075804e+01
3.662109375000000000e-01 6.700011971949452061e+01
3.664550781250000000e-01 6.700029662992105273e+01
3.666992187500000000e-01 6.700048999052501131e+01
3.669433593750000000e-01 6.700069942554638658e+01
3.671875000000000000e-01 6.700092452561875689e+01
3.674316406250000000e-01 6.700116484887172419e+01
3.676757812500000000e-01 6.700141992210434694e+01
3.679199218750000000e-01 6.700168924202625931e+01
3.681640625000000000e-01 6.700197227656296661e+01
3.684082031250000000e-01 6.700226846622175003e+01
3.686523437500000000e-01 6.700257722551432948e+01
3.688964843750000000e-01 6.700289794443256142e+01
3.691406250000000000e-01 6.700322998997306456e+01
3.693847656250000000e-01 6.700357270770672358e+01
3.696289062500000000e-01 6.700392542338899204e+01
3.698730468750000000e-01 6.700428744460660369e+01
3.701171875000000000e-01 6.700465806245661327e+01
3.703613281250000000e-01 6.700503655325314867e+01
3.706054687500000000e-01 6.700542218025776720e+01
3.708496093750000000e-01 6.700581419542874073e+01
3.710937500000000000e-01 6.700621184118502072e+01
3.713378906250000000e-01 6.700661435218037809e+01
3.715820312500000000e-01 6.700702095708329864e+01
3.718261718750000000e-01 6.700743088035818573e+01
3.720703125000000000e-01 6.700784334404360720e+01
3.723144531250000000e-01 6.700825756952301049e+01
3.725585937500000000e-01 6.700867277928398380e+01
3.728027343750000000e-01 6.700908819866143062e+01
3.730468750000000000e-01 6.700950305756082059e+01
3.732910156250000000e-01 6.700991659215723928e+01
3.735351562500000000e-01 6.701032804656642838e+01
3.737792968750000000e-01 6.701073667448375204e+01
3.740234375000000000e-01 6.701114174078745123e+01
3.742675781250000000e-01 6.701154252310253412e+01
3.745117187500000000e-01 6.701193831332165018e+01
3.747558593750000000e-01 6.701232841907975057e+01
3.750000000000000000e-01 6.701271216517908158e+01
3.752441406250000000e-01 6.701308889496155530e+01
3.754882812500000000e-01 6.701345797162544216e+01
3.757324218750000000e-01 6.701381877948379895e+01
3.759765625000000000e-01 6.701417072516169071e+01
3.762207031250000000e-01 6.701451323873001797e+01
3.764648437500000000e-01 6.701484577477360460e+01
3.767089843750000000e-01 6.701516781339138618e+01
3.769531250000000000e-01 6.701547886112692254e+01
3.771972656250000000e-01 6.701577845182733029e+01
3.774414062500000000e-01 6.701606614742925672e+01
3.776855468750000000e-01 6.701634153867048838e+01
3.779296875000000000e-01 6.701660424572607155e+01
3.781738281250000000e-01 6.701685391876799258e+01
3.784179687500000000e-01 6.701709023844746582e+01
3.786621093750000000e-01 6.701731291629975829e+01
3.789062500000000000e-01 6.701752169507055612e+01
3.791503906250000000e-01 6.701771634896425667e+01
3.793945312500000000e-01 6.701789668381383080e+01
3.796386718750000000e-01 6.701806253717262507e+01
3.798828125000000000e-01 6.701821377832862936e+01
3.801269531250000000e-01 6.701835030824150863e+01
3.803710937500000000e-01 6.701847205940350705e+01
3.806152343750000000e-01 6.701857899562494936e+01
3.808593750000000000e-01 6.701867111174566105e+01
3.811035156250000000e-01 6.701874843327348685e+01
3.813476562500000000e-01 6.701881101595157020e+01
3.815917968750000000e-01 6.701885894525584320e+01
3.818359375000000000e-01 6.701889233582483030e+01
3.820800781250000000e-01 6.701891133082342833e+01
3.823242187500000000e-01 6.701891610124314980e+01
3.825683593750000000e-01 6.701890684514074792e+01
3.828125000000000000e-01 6.701888378681802294e+01
3.830566406250000000e-01 6.701884717594494134e+01
3.833007812500000000e-01 6.701879728662918012e+01
3.835449218750000000e-01 6.701873441643455465e+01
3.837890625000000000e-01 6.701865888535148486e+01
3.840332031250000000e-01 6.701857103472219990e+01
3.842773437500000000e-01 6.701847122612424812e+01
3.845214843750000000e-01 6.701835984021502668e+01
3.847656250000000000e-01 6.701823727554096877e+01
3.850097656250000000e-01 6.701810394731444376e+01
3.852539062500000000e-01 6.701796028616217882e+01
3.854980468750000000e-01 6.701780673684805834e+01
3.857421875000000000e-01 6.701764375697446496e+01
3.859863281250000000e-01 6.701747181566526024e+01
3.862304687500000000e-01 6.701729139223408538e+01
3.864746093750000000e-01 6.701710297484167711e+01
3.867187500000000000e-01 6.701690705914560908e+01
3.869628906250000000e-01 6.701670414694623901e+01
3.872070312500000000e-01 6.701649474483230051e+01
3.874511718750000000e-01 6.701627936282973508e+01
3.876953125000000000e-01 6.701605851305741623e+01
3.879394531250000000e-01 6.701583270839304873e+01
3.881835937500000000e-01 6.701560246115280961e+01
3.884277343750000000e-01 6.701536828178832650e+01
3.886718750000000000e-01 6.701513067760383535e+01
3.889160156250000000e-01 6.701489015149734030e+01
3.891601562500000000e-01 6.701464720072844727e+01
3.894042968750000000e-01 6.701440231571640993e+01
3.896484375000000000e-01 6.701415597887104525e+01
3.898925781250000000e-01 6.701390866345955999e+01
3.901367187500000000e-01 6.701366083251207328e+01
3.903808593750000000e-01 6.701341293776846442e+01
3.906250000000000000e-01 6.701316541866899001e+01
3.908691406250000000e-01 6.701291870139132811e+01
3.911132812500000000e-01 6.701267319793608124e+01
3.913574218750000000e-01 6.701242930526277064e+01
3.916015625000000000e-01 6.701218740447876598e+01
3.918457031250000000e-01 6.701194786008241522e+01
3.920898437500000000e-01 6.701171101926236418e+01
3.923339843750000000e-01 6.701147721125448697e+01
3.925781250000000000e-01 6.701124674675776305e+01
3.928222656250000000e-01 6.701101991741028030e+01
3.930664062500000000e-01 6.701079699532621703e+01
3.933105468750000000e-01 6.701057823269489688e+01
3.935546875000000000e-01 6.701036386144239998e+01
3.937988281250000000e-01 6.701015409295607128e+01
3.940429687500000000e-01 6.700994911787250885e+01
3.942871093750000000e-01 6.700974910592896094e+01
3.945312500000000000e-01 6.700955420587801825e+01
3.947753906250000000e-01 6.700936454546557286e+01
3.950195312500000000e-01 6.700918023147144709e+01
3.952636718750000000e-01 6.700900134981220901e+01
3.955078125000000000e-01 6.700882796570530786e+01
3.957519531250000000e-01 6.700866012389373338e+01
3.959960937500000000e-01 6.700849784893007666e+01
3.962402343750000000e-01 6.700834114551868481e+01
3.964843750000000000e-01 6.700818999891444605e+01
3.967285156250000000e-01 6.700804437537694014e+01
3.969726562500000000e-01 6.700790422267785118e+01
3.972167968750000000e-01 6.700776947066007949e+01
3.974609375000000000e-01 6.700764003184643514e+01
3.977050781250000000e-01 6.700751580209579572e+01
3.979492187500000000e-01 6.700739666130459682e+01
3.981933593750000000e-01 6.700728247415116812e+01
3.984375000000000000e-01 6.700717309088045681e+01
3.986816406250000000e-01 6.700706834812667978e+01
3.989257812500000000e-01 6.700696806977107656e+01
3.991699218750000000e-01 6.700687206783211991e+01
3.994140625000000000e-01 6.700678014338541288e+01
3.996582031250000000e-01 6.700669208751000383e+01
3.999023437500000000e-01 6.700660768225873198e+01
4.001464843750000000e-01 6.700652670164896563e+01
4.003906250000000000e-01 6.700644891267116066e+01
4.006347656250000000e-01 6.700637407631178633e+01
4.008789062500000000e-01 6.700630194858770494e+01
4.011230468750000000e-01 6.700623228158862332e+01
4.013671875000000000e-01 6.700616482452473122e+01
4.016113281250000000e-01 6.700609932477604502e+01
4.018554687500000000e-01 6.700603552894058623e+01
4.020996093750000000e-01 6.700597318387798396e+01
4.023437500000000000e-01 6.700591203774551730e+01
4.025878906250000000e-01 6.700585184102354219e+01
4.028320312500000000e-01 6.700579234752710533e+01
4.030761718750000000e-01 6.700573331540086031e+01
4.033203125000000000e-01 6.700567450809418801e+01
4.035644531250000000e-01 6.700561569531396344e+01
4.038085937500000000e-01 6.700555665395165761e+01
4.040527343750000000e-01 6.700549716898252939e+01
4.042968750000000000e-01 6.700543703433393716e+01
4.045410156250000000e-01 6.700537605372038286e+01
4.047851562500000000e-01 6.700531404144281566e+01
4.050292968750000000e-01 6.700525082314966596e+01
4.052734375000000000e-01 6.700518623655777617e+01
4.055175781250000000e-01 6.700512013213065643e+01
4.057617187500000000e-01 6.700505237371245926e+01
4.060058593750000000e-01 6.700498283911554154e+01
4.062500000000000000e-01 6.700491142066003647e+01
4.064941406250000000e-01 6.700483802566392910e+01
4.067382812500000000e-01 6.700476257688183068e+01
4.069824218750000000e-01 6.700468501289167023e+01
4.072265625000000000e-01 6.700460528842772590e+01
4.074707031250000000e-01 6.700452337465920039e+01
4.077148437500000000e-01 6.700443925941350187e+01
4.079589843750000000e-01 6.700435294734346314e+01
4.082031250000000000e-01 6.700426446003812941e+01
4.084472656250000000e-01 6.700417383607641852e+01
4.086914062500000000e-01 6.700408113102395191e+01
4.089355468750000000e-01 6.700398641737253058e+01
4.091796875000000000e-01 6.700388978442268240e+01
4.094238281250000000e-01 6.700379133810943699e+01
4.096679687500000000e-01 6.700369120077174045e+01
4.099121093750000000e-01 6.700358951086626291e+01
4.101562500000000000e-01 6.700348642262611065e+01
4.104003906250000000e-01 6.700338210566562225e+01
4.106445312500000000e-01 6.700327674453210136e+01
4.108886718750000000e-01 6.700317053820577939e+01
4.111328125000000000e-01 6.700306369954945751e+01
4.113769531250000000e-01 6.700295645470912120e+01
4.116210937500000000e-01 6.700284904246734641e+01
4.118652343750000000e-01 6.700274171355133035e+01
4.121093750000000000e-01 6.700263472989713875e+01
4.123535156250000000e-01 6.700252836387262789e+01
4.125976562500000000e-01 6.700242289746083202e+01
4.128417968750000000e-01 6.700231862140638839e+01
4.130859375000000000e-01 6.700221583432708883e+01
4.133300781250000000e-01 6.700211484179330057e+01
4.135742187500000000e-01 6.700201595537770061e+01
4.138183593750000000e-01 6.700191949167795258e+01
4.140625000000000000e-01 6.700182577131519679e+01
4.143066406250000000e-01 6.700173511791116709e+01
4.145507812500000000e-01 6.700164785704659209e+01
4.147949218750000000e-01 6.700156431520431966e+01
4.150390625000000000e-01 6.700148481869958061e+01
4.152832031250000000e-01 6.700140969260093016e+01
4.155273437500000000e-01 6.700133925964468062e+01
4.157714843750000000e-01 6.700127383914599477e+01
4.160156250000000000e-01 6.700121374590992218e+01
4.162597656250000000e-01 6.700115928914514996e+01
4.165039062500000000e-01 6.700111077138417670e+01
4.167480468750000000e-01 6.700106848741236831e+01
4.169921875000000000e-01 6.700103272320970405e+01
4.172363281250000000e-01 6.700100375490779925e+01
4.174804687500000000e-01 6.700098184776551591e+01
4.177246093750000000e-01 6.700096725516608842e+01
4.179687500000000000e-01 6.700096021763886256e+01
4.182128906250000000e-01 6.700096096190850403e+01
4.184570312500000000e-01 6.700096969997440510e+01
4.187011718750000000e-01 6.700098662822331619e+01
4.189453125000000000e-01 6.700101192657773197e+01
4.191894531250000000e-01 6.700104575768270365e+01
4.194335937500000000e-01 6.700108826613359270e+01
4.196777343750000000e-01 6.700113957774713924e+01
4.199218750000000000e-01 6.700119979887821842e+01
4.201660156250000000e-01 6.700126901578444460e+01
4.204101562500000000e-01 6.700134729404064160e+01
4.206542968750000000e-01 6.700143467800512553e+01
4.208984375000000000e-01 6.700153119033979010e+01
4.211425781250000000e-01 6.700163683158523042e+01
4.213867187500000000e-01 6.700175157979292351e+01
4.216308593750000000e-01 6.700187539021544580e+01
4.218750000000000000e-01 6.700200819505613481e+01
4.221191406250000000e-01 6.700214990327920361e+01
4.223632812500000000e-01 6.700230040048118951e+01
4.226074218750000000e-01 6.700245954882451827e+01
4.228515625000000000e-01 6.700262718703365294e+01
4.230957031250000000e-01 6.700280313045438163e+01
4.233398437500000000e-01 6.700298717117630076e+01
4.235839843750000000e-01 6.700317907821872154e+01
4.238281250000000000e-01 6.700337859777982885e+01
4.240722656250000000e-01 6.700358545354865214e+01
4.243164062500000000e-01 6.700379934707981988e+01
4.245605468750000000e-01 6.700401995822997492e+01
4.248046875000000000e-01 6.700424694565546702e+01
4.250488281250000000e-01 6.700447994737027102e+01
4.252929687500000000e-01 6.700471858136273795e+01
4.255371093750000000e-01 6.700496244627048270e+01
4.257812500000000000e-01 6.700521112211141883e+01
4.260253906250000000e-01 6.700546417106971830e+01
4.262695312500000000e-01 6.700572113833484877e+01
4.265136718750000000e-01 6.700598155299172731e+01
4.267578125000000000e-01 6.700624492896024265e+01
4.270019531250000000e-01 6.700651076598177269e+01
4.272460937500000000e-01 6.700677855065036681e+01
4.274902343750000000e-01 6.700704775748654640e+01
4.277343750000000000e-01 6.700731785005081065e+01
4.279785156250000000e-01 6.700758828209450257e+01
4.282226562500000000e-01 6.700785849874515065e+01
4.284667968750000000e-01 6.700812793772352904e+01
4.287109375000000000e-01 6.700839603058959426e+01
4.289550781250000000e-01 6.700866220401407247e+01
4.291992187500000000e-01 6.700892588107294046e+01
4.294433593750000000e-01 6.700918648256147492e+01
4.296875000000000000e-01 6.700944342832457323e+01
4.299316406250000000e-01 6.700969613860047502e+01
4.301757812500000000e-01 6.700994403537420396e+01
4.304199218750000000e-01 6.701018654373763184e+01
4.306640625000000000e-01 6.701042309325275426e+01
4.309082031250000000e-01 6.701065311931483848e+01
4.311523437500000000e-01 6.701087606451210377e+01
4.313964843750000000e-01 6.701109137997848109e+01
4.316406250000000000e-01 6.701129852673611254e+01
4.318847656250000000e-01 6.701149697702437891e+01
4.321289062500000000e-01 6.701168621561193106e+01
4.323730468750000000e-01 6.701186574108857030e+01
4.326171875000000000e-01 6.701203506713370928e+01
4.328613281250000000e-01 6.701219372375820171e+01
4.331054687500000000e-01 6.701234125851638623e+01
4.333496093750000000e-01 6.701247723768534570e+01
4.335937500000000000e-01 6.701260124740815627e+01
4.338378906250000000e-01 6.701271289479863924e+01
4.340820312500000000e-01 6.701281180900421930e+01
4.343261718750000000e-01 6.701289764222454437e+01
4.345703125000000000e-01 6.701297007068318123e+01
4.348144531250000000e-01 6.701302879554955894e+01
4.350585937500000000e-01 6.701307354380909942e+01
4.353027343750000000e-01 6.701310406907902006e+01
4.355468750000000000e-01 6.701312015236759123e+01
4.357910156250000000e-01 6.701312160277491614e+01
4.360351562500000000e-01 6.701310825813320093e+01
4.362792968750000000e-01 6.701307998558485224e+01
4.365234375000000000e-01 6.701303668209655484e+01
4.367675781250000000e-01 6.701297827490802206e+01
4.370117187500000000e-01 6.701290472191399772e+01
4.372558593750000000e-01 6.701281601197834448e+01
4.375000000000000000e-01 6.701271216517908158e+01
4.377441406250000000e-01 6.701259323298361892e+01
4.379882812500000000e-01 6.701245929835339155e+01
4.382324218750000000e-01 6.701231047577746835e+01
4.384765625000000000e-01 6.701214691123450962e+01
4.387207031250000000e-01 6.701196878208314445e+01
4.389648437500000000e-01 6.701177629688052662e+01
4.392089843750000000e-01 6.701156969512913975e+01
4.394531250000000000e-01 6.701134924695246298e+01
4.396972656250000000e-01 6.701111525269952551e+01
4.399414062500000000e-01 6.701086804247925954e+01
4.401855468750000000e-01 6.701060797562544735e+01
4.404296875000000000e-01 6.701033544009295895e+01
4.406738281250000000e-01 6.701005085178677234e+01
4.409179687500000000e-01 6.700975465382474283e+01
4.411621093750000000e-01 6.700944731573581237e+01
4.414062500000000000e-01 6.700912933259499482e+01
4.416503906250000000e-01 6.700880122409721196e+01
4.418945312500000000e-01 6.700846353357162855e+01
4.421386718750000000e-01 6.700811682693864668e+01
4.423828125000000000e-01 6.700776169161174778e+01
4.426269531250000000e-01 6.700739873534655544e+01
4.428710937500000000e-01 6.700702858503942139e+01
4.431152343750000000e-01 6.700665188547844764e+01
4.433593750000000000e-01 6.700626929804928977e+01
4.436035156250000000e-01 6.700588149939881077e+01
4.438476562500000000e-01 6.700548918005951293e+01
4.440917968750000000e-01 6.700509304303773206e+01
4.443359375000000000e-01 6.700469380236866357e+01
4.445800781250000000e-01 6.700429218164177314e+01
4.448242187500000000e-01 6.700388891249944834e+01
4.450683593750000000e-01 6.700348473311264286e+01
4.453125000000000000e-01 6.700308038663690979e+01
4.455566406250000000e-01 6.700267661965210664e+01
4.458007812500000000e-01 6.700227418058966578e+01
4.460449218750000000e-01 6.700187381815086951e+01
4.462890625000000000e-01 6.700147627971981024e+01
4.465332031250000000e-01 6.700108230977451740e+01
4.467773437500000000e-01 6.700069264830045768e+01
4.470214843750000000e-01 6.700030802920939266e+01
4.472656250000000000e-01 6.699992917876794252e+01
4.475097656250000000e-01 6.699955681403902474e+01
4.477539062500000000e-01 6.699919164134024641e+01
4.479980468750000000e-01 6.699883435472249005e+01
4.482421875000000000e-01 6.699848563447265803e+01
4.484863281250000000e-01 6.699814614564382964e+01
4.487304687500000000e-01 6.699781653661642622e+01
4.489746093750000000e-01 6.699749743769396559e+01
4.492187500000000000e-01 6.699718945973637574e+01
4.494628906250000000e-01 6.699689319283457678e+01
4.497070312500000000e-01 6.699660920502920192e+01
4.499511718750000000e-01 6.699633804107659785e+01
4.501953125000000000e-01 6.699608022126514584e+01
4.504394531250000000e-01 6.699583624028475981e+01
4.506835937500000000e-01 6.699560656615207677e+01
4.509277343750000000e-01 6.699539163919433804e+01
4.511718750000000000e-01 6.699519187109399354e+01
4.514160156250000000e-01 6.699500764399662955e+01
4.516601562500000000e-01 6.699483930968426648e+01
4.519042968750000000e-01 6.699468718881612972e+01
4.521484375000000000e-01 6.699455157023858476e+01
4.523925781250000000e-01 6.699443271036611236e+01
4.526367187500000000e-01 6.699433083263463118e+01
4.528808593750000000e-01 6.699424612702874526e+01
4.531250000000000000e-01 6.699417874968384012e+01
4.533691406250000000e-01 6.699412882256405055e+01
4.536132812500000000e-01 6.699409643321713759e+01
4.538574218750000000e-01 6.699408163460643095e+01
4.541015625000000000e-01 6.699408444502061855e+01
4.543457031250000000e-01 6.699410484806151089e+01
4.545898437500000000e-01 6.699414279270972372e+01
4.548339843750000000e-01 6.699419819346812233e+01
4.550781250000000000e-01 6.699427093058285720e+01
4.553222656250000000e-01 6.699436085034123778e+01
4.555664062500000000e-01 6.699446776544579052e+01
4.558105468750000000e-01 6.699459145546367722e+01
4.560546875000000000e-01 6.699473166735020868e+01
4.562988281250000000e-01 6.699488811604534533e+01
4.565429687500000000e-01 6.699506048514153633e+01
4.567871093750000000e-01 6.699524842762147614e+01
4.570312500000000000e-01 6.699545156666394519e+01
4.572753906250000000e-01 6.699566949651539005e+01
4.575195312500000000e-01 6.699590178342590718e+01
4.577636718750000000e-01 6.699614796664639016e+01
4.580078125000000000e-01 6.699640755948541937e+01
4.582519531250000000e-01 6.699668005042229879e+01
4.584960937500000000e-01 6.699696490427457718e+01
4.587402343750000000e-01 6.699726156341627359e+01
4.589843750000000000e-01 6.699756944904467559e+01
4.592285156250000000e-01 6.699788796249204381e+01
4.594726562500000000e-01 6.699821648657939477e+01
4.597167968750000000e-01 6.699855438700912202e+01
4.599609375000000000e-01 6.699890101379280338e+01
4.602050781250000000e-01 6.699925570271123831e+01
4.604492187500000000e-01 6.699961777680273656e+01
4.606933593750000000e-01 6.699998654787657415e+01
4.609375000000000000e-01 6.700036131804756678e+01
4.611816406250000000e-01 6.700074138128860568e+01
4.614257812500000000e-01 6.700112602499690695e+01
4.616699218750000000e-01 6.700151453157089065e+01
4.619140625000000000e-01 6.700190617999341214e+01
4.621582031250000000e-01 6.700230024741800605e+01
4.624023437500000000e-01 6.700269601075426351e+01
4.626464843750000000e-01 6.700309274824869021e+01
4.628906250000000000e-01 6.700348974105725119e+01
4.631347656250000000e-01 6.700388627480616321e+01
4.633789062500000000e-01 6.700428164113701257e+01
4.636230468750000000e-01 6.700467513923298668e+01
4.638671875000000000e-01 6.700506607732231146e+01
4.641113281250000000e-01 6.700545377415592441e+01
4.643554687500000000e-01 6.700583756045541861e+01
4.645996093750000000e-01 6.700621678032851491e+01
4.648437500000000000e-01 6.700659079264855222e+01
4.650878906250000000e-01 6.700695897239478427e+01
4.653320312500000000e-01 6.700732071195089645e+01
4.655761718750000000e-01 6.700767542235828955e+01
4.658203125000000000e-01 6.700802253452179968e+01
4.660644531250000000e-01 6.700836150036491290e+01
4.663085937500000000e-01 6.700869179393194486e+01
4.665527343750000000e-01 6.700901291243495450e+01
4.667968750000000000e-01 6.700932437724294743e+01
4.670410156250000000e-01 6.700962573481126583e+01
4.672851562500000000e-01 6.700991655754916110e+01
4.675292968750000000e-01 6.701019644462387248e+01
4.677734375000000000e-01 6.701046502269925043e+01
4.680175781250000000e-01 6.701072194660768844e+01
4.682617187500000000e-01 6.701096689995370070e+01
4.685058593750000000e-01 6.701119959564834971e+01
4.687500000000000000e-01 6.701141977637297487e+01
4.689941406250000000e-01 6.701162721497180996e+01
4.692382812500000000e-01 6.701182171477259431e+01
4.694824218750000000e-01 6.701200310983460895e+01
4.697265625000000000e-01 6.701217126512381128e+01
4.699707031250000000e-01 6.701232607661511054e+01
4.702148437500000000e-01 6.701246747132130110e+01
4.704589843750000000e-01 6.701259540724933572e+01
4.707031250000000000e-01 6.701270987328383910e+01
4.709472656250000000e-01 6.701281088899868621e+01
4.711914062500000000e-01 6.701289850439709994e+01
4.714355468750000000e-01 6.701297279958122033e+01
4.716796875000000000e-01 6.701303388435204056e+01
4.719238281250000000e-01 6.701308189774101720e+01
4.721679687500000000e-01 6.701311700747461941e+01
4.724121093750000000e-01 6.701313940937312452e+01
4.726562500000000000e-01 6.701314932668560687e+01
4.729003906250000000e-01 6.701314700936264046e+01
4.731445312500000000e-01 6.701313273326879028e+01
4.733886718750000000e-01 6.701310679933682479e+01
4.736328125000000000e-01 6.701306953266596622e+01
4.738769531250000000e-01 6.701302128156652316e+01
4.741210937500000000e-01 6.701296241655310837e+01
4.743652343750000000e-01 6.701289332928944020e+01
4.746093750000000000e-01 6.701281443148701555e+01
4.748535156250000000e-01 6.701272615376066710e+01
4.750976562500000000e-01 6.701262894444380436e+01
4.753417968750000000e-01 6.701252326836632278e+01
4.755859375000000000e-01 6.701240960559847792e+01
4.758300781250000000e-01 6.701228845016332514e+01
4.760742187500000000e-01 6.701216030872166129e+01
4.763183593750000000e-01 6.701202569923209751e+01
4.765625000000000000e-01 6.701188514959011400e+01
4.768066406250000000e-01 6.701173919624910980e+01
4.770507812500000000e-01 6.701158838282709951e+01
4.772949218750000000e-01 6.701143325870242506e+01
4.775390625000000000e-01 6.701127437760202099e+01
4.777832031250000000e-01 6.701111229618557275e+01
4.780273437500000000e-01 6.701094757262941926e+01
4.782714843750000000e-01 6.701078076521316973e+01
4.785156250000000000e-01 6.701061243091314168e+01
4.787597656250000000e-01 6.701044312400547653e+01
4.790039062500000000e-01 6.701027339468288346e+01
4.792480468750000000e-01 6.701010378768812359e+01
4.794921875000000000e-01 6.700993484096761676e+01
4.797363281250000000e-01 6.700976708434866680e+01
4.799804687500000000e-01 6.700960103824320413e+01
4.802246093750000000e-01 6.700943721238169815e+01
4.804687500000000000e-01 6.700927610457971184e+01
4.807128906250000000e-01 6.700911819954083626e+01
4.809570312500000000e-01 6.700896396769815055e+01
4.812011718750000000e-01 6.700881386409774620e+01
4.814453125000000000e-01 6.700866832732640432e+01
4.816894531250000000e-01 6.700852777848638198e+01
4.819335937500000000e-01 6.700839262021978016e+01
4.821777343750000000e-01 6.700826323578451138e+01
4.824218750000000000e-01 6.700813998818445327e+01
4.826660156250000000e-01 6.700802321935557870e+01
4.829101562500000000e-01 6.700791324941009464e+01
4.831542968750000000e-01 6.700781037594035183e+01
4.833984375000000000e-01 6.700771487338413124e+01
4.836425781250000000e-01 6.700762699245265708e+01
4.838867187500000000e-01 6.700754695962280039e+01
4.841308593750000000e-01 6.700747497669442510e+01
4.843750000000000000e-01 6.700741122041398512e+01
4.846191406250000000e-01 6.700735584216496932e+01
4.848632812500000000e-01 6.700730896772599010e+01
4.851074218750000000e-01 6.700727069709677153e+01
4.853515625000000000e-01 6.700724110439237791e+01
4.855957031250000000e-01 6.700722023780586767e+01
4.858398437500000000e-01 6.700720811963896040e+01
4.860839843750000000e-01 6.700720474640081648e+01
4.863281250000000000e-01 6.700721008897420461e+01
4.865722656250000000e-01 6.700722409284853143e+01
4.868164062500000000e-01 6.700724667841889470e+01
4.870605468750000000e-01 6.700727774135036441e+01
4.873046875000000000e-01 6.700731715300604208e+01
4.875488281250000000e-01 6.700736476093786109e+01
4.877929687500000000e-01 6.700742038943859313e+01
4.880371093750000000e-01 6.700748384015338388e+01
4.882812500000000000e-01 6.700755489274915533e+01
4.885253906250000000e-01 6.700763330563988518e+01
4.887695312500000000e-01 6.700771881676567432e+01
4.890136718750000000e-01 6.700781114442364128e+01
4.892578125000000000e-01 6.700790998814791521e+01
4.895019531250000000e-01 6.700801502963673784e+01
4.897460937500000000e-01 6.700812593372377535e+01
4.899902343750000000e-01 6.700824234939121027e+01
4.902343750000000000e-01 6.700836391082152943e+01
4.904785156250000000e-01 6.700849023848563490e+01
4.907226562500000000e-01 6.700862094026375360e+01
4.909667968750000000e-01 6.700875561259664437e+01
4.912109375000000000e-01 6.700889384166352158e+01
4.914550781250000000e-01 6.700903520458395235e+01
4.916992187500000000e-01 6.700917927064021740e+01
4.919433593750000000e-01 6.700932560251699499e+01
4.921875000000000000e-01 6.700947375755502833e+01
4.924316406250000000e-01 6.700962328901546528e+01
4.926757812500000000e-01 6.700977374735151670e+01
4.929199218750000000e-01 6.700992468148405123e+01
4.931640625000000000e-01 6.701007564007772999e+01
4.934082031250000000e-01 6.701022617281442706e+01
4.936523437500000000e-01 6.701037583166051093e+01
4.938964843750000000e-01 6.701052417212459034e+01
4.941406250000000000e-01 6.701067075450261257e+01
4.943847656250000000e-01 6.701081514510693182e+01
4.946289062500000000e-01 6.701095691747612193e+01
4.948730468750000000e-01 6.701109565356250641e+01
4.951171875000000000e-01 6.701123094489420851e+01
4.953613281250000000e-01 6.701136239370869419e+01
4.956054687500000000e-01 6.701148961405503712e+01
4.958496093750000000e-01 6.701161223286182178e+01
4.960937500000000000e-01 6.701172989096809829e+01
4.963378906250000000e-01 6.701184224411460377e+01
4.965820312500000000e-01 6.701194896389284850e+01
4.968261718750000000e-01 6.701204973864945202e+01
4.970703125000000000e-01 6.701214427434356935e+01
4.973144531250000000e-01 6.701223229535501957e+01
4.975585937500000000e-01 6.701231354524117023e+01
4.978027343750000000e-01 6.701238778744075830e+01
4.980468750000000000e-01 6.701245480592247361e+01
4.982910156250000000e-01 6.701251440577696883e+01
4.985351562500000000e-01 6.701256641375080392e+01
4.987792968750000000e-01 6.701261067872059130e+01
4.990234375000000000e-01 6.701264707210660276e+01
4.992675781250000000e-01 6.701267548822445974e+01
4.995117187500000000e-01 6.701269584457406836e+01
4.997558593750000000e-01 6.701270808206523100e+01
