-5.000000000000000000e-01 -7.031908800621673095e+01
-4.997558593750000000e-01 -7.032165743768385369e+01
-4.995117187500000000e-01 -7.032936911443138683e+01
-4.992675781250000000e-01 -7.034223319995372492e+01
-4.990234375000000000e-01 -7.036026668840277409e+01
-4.987792968750000000e-01 -7.038349348770154279e+01
-4.985351562500000000e-01 -7.041194453717412216e+01
-4.982910156250000000e-01 -7.044565796084674503e+01
-4.980468750000000000e-01 -7.048467925822765778e+01
-4.978027343750000000e-01 -7.052906153454300409e+01
-4.975585937500000000e-01 -7.057886577305858111e+01
-4.973144531250000000e-01 -7.063416115255292027e+01
-4.970703125000000000e-01 -7.069502541358886560e+01
-4.968261718750000000e-01 -7.076154527795827676e+01
-4.965820312500000000e-01 -7.083381692630369741e+01
-4.963378906250000000e-01 -7.091194653989931851e+01
-4.960937500000000000e-01 -7.099605091345985386e+01
-4.958496093750000000e-01 -7.108625814705619916e+01
-4.956054687500000000e-01 -7.118270842645742391e+01
-4.953613281250000000e-01 -7.128555490293913977e+01
-4.951171875000000000e-01 -7.139496468521961958e+01
-4.948730468750000000e-01 -7.151111995859186266e+01
-4.946289062500000000e-01 -7.163421924865097878e+01
-4.943847656250000000e-01 -7.176447885035935315e+01
-4.941406250000000000e-01 -7.190213444667116960e+01
-4.938964843750000000e-01 -7.204744294555952422e+01
-4.936523437500000000e-01 -7.220068456958335901e+01
-4.934082031250000000e-01 -7.236216523877729401e+01
-4.931640625000000000e-01 -7.253221929568435655e+01
-4.929199218750000000e-01 -7.271121263122044809e+01
-4.926757812500000000e-01 -7.289954628236010592e+01
-4.924316406250000000e-01 -7.309766058785565690e+01
-4.921875000000000000e-01 -7.330604000742252424e+01
-4.919433593750000000e-01 -7.352521873364649707e+01
-4.916992187500000000e-01 -7.375578725687853421e+01
-4.914550781250000000e-01 -7.399840008210094311e+01
-4.912109375000000000e-01 -7.425378484758262232e+01
-4.909667968750000000e-01 -7.452275316044323006e+01
-4.907226562500000000e-01 -7.480621355074059409e+01
-4.904785156250000000e-01 -7.510518705924506833e+01
-4.902343750000000000e-01 -7.542082612725828028e+01
-4.899902343750000000e-01 -7.575443766309223292e+01
-4.897460937500000000e-01 -7.610751144306306060e+01
-4.895019531250000000e-01 -7.648175539739506235e+01
-4.892578125000000000e-01 -7.687913988469614424e+01
-4.890136718750000000e-01 -7.730195384840951078e+01
-4.887695312500000000e-01 -7.775287689798038571e+01
-4.885253906250000000e-01 -7.823507305899906328e+01
-4.882812500000000000e-01 -7.875231450981323178e+01
-4.880371093750000000e-01 -7.930914760289714138e+01
-4.877929687500000000e-01 -7.991111978893503931e+01
-4.875488281250000000e-01 -8.056509638788482164e+01
-4.873046875000000000e-01 -8.127971359136859064e+01
-4.870605468750000000e-01 -8.206604467097696443e+01
-4.868164062500000000e-01 -8.293861243368687042e+01
-4.865722656250000000e-01 -8.391698918193092993e+01
-4.863281250000000000e-01 -8.502844763600757005e+01
-4.860839843750000000e-01 -8.631261829496529003e+01
-4.858398437500000000e-01 -8.783030620573001102e+01
-4.855957031250000000e-01 -8.968191475025348325e+01
-4.853515625000000000e-01 -9.205163755695299699e+01
-4.851074218750000000e-01 -9.533816792594018352e+01
-4.848632812500000000e-01 -1.007164197058160369e+02
-4.846191406250000000e-01 -1.177999765504357441e+02
-4.843750000000000000e-01 -1.035414505557972404e+02
-4.841308593750000000e-01 -9.670904323633189392e+01
-4.838867187500000000e-01 -9.292869926578241291e+01
-4.836425781250000000e-01 -9.030195968180892407e+01
-4.833984375000000000e-01 -8.828776088200076799e+01
-4.831542968750000000e-01 -8.665466119759226160e+01
-4.829101562500000000e-01 -8.528205106481844666e+01
-4.826660156250000000e-01 -8.409903732648827202e+01
-4.824218750000000000e-01 -8.306039282181174599e+01
-4.821777343750000000e-01 -8.213549221844068882e+01
-4.819335937500000000e-01 -8.130263402377771342e+01
-4.816894531250000000e-01 -8.054587965470196309e+01
-4.814453125000000000e-01 -7.985317897388723907e+01
-4.812011718750000000e-01 -7.921520102365182936e+01
-4.809570312500000000e-01 -7.862457375328912690e+01
-4.807128906250000000e-01 -7.807537223699891626e+01
-4.804687500000000000e-01 -7.756276387452312804e+01
-4.802246093750000000e-01 -7.708275611788872084e+01
-4.799804687500000000e-01 -7.663201310775166064e+01
-4.797363281250000000e-01 -7.620771979828946030e+01
-4.794921875000000000e-01 -7.580747953774165637e+01
-4.792480468750000000e-01 -7.542923568294192194e+01
-4.790039062500000000e-01 -7.507121078378936829e+01
-4.787597656250000000e-01 -7.473185881531651376e+01
-4.785156250000000000e-01 -7.440982723727044856e+01
-4.782714843750000000e-01 -7.410392655201719947e+01
-4.780273437500000000e-01 -7.381310565136678292e+01
-4.777832031250000000e-01 -7.353643168082115267e+01
-4.775390625000000000e-01 -7.327307346463277327e+01
-4.772949218750000000e-01 -7.302228776301853941e+01
-4.770507812500000000e-01 -7.278340780158994505e+01
-4.768066406250000000e-01 -7.255583363799776464e+01
-4.765625000000000000e-01 -7.233902402512852348e+01
-4.763183593750000000e-01 -7.213248950188746278e+01
-4.760742187500000000e-01 -7.193578649739100683e+01
-4.758300781250000000e-01 -7.174851227680758825e+01
-4.755859375000000000e-01 -7.157030059053732884e+01
-4.753417968750000000e-01 -7.140081791401689770e+01
-4.750976562500000000e-01 -7.123976018638627750e+01
-4.748535156250000000e-01 -7.108684997240069947e+01
-4.746093750000000000e-01 -7.094183398538136487e+01
-4.743652343750000000e-01 -7.080448091932295540e+01
-4.741210937500000000e-01 -7.067457954716708457e+01
-4.738769531250000000e-01 -7.055193704912693420e+01
-4.736328125000000000e-01 -7.043637754071419010e+01
-4.733886718750000000e-01 -7.032774077489210640e+01
-4.731445312500000000e-01 -7.022588099686288388e+01
-4.729003906250000000e-01 -7.013066593293883955e+01
-4.726562500000000000e-01 -7.004197589813445290e+01
-4.724121093750000000e-01 -6.995970300901589667e+01
-4.721679687500000000e-01 -6.988375049060084621e+01
-4.719238281250000000e-01 -6.981403206766333369e+01
-4.716796875000000000e-01 -6.975047143213255652e+01
-4.714355468750000000e-01 -6.969300177960101905e+01
-4.711914062500000000e-01 -6.964156540910356341e+01
-4.709472656250000000e-01 -6.959611338099260536e+01
-4.707031250000000000e-01 -6.955660522881019858e+01
-4.704589843750000000e-01 -6.952300872168737556e+01
-4.702148437500000000e-01 -6.949529967436137667e+01
-4.699707031250000000e-01 -6.947346180270039895e+01
-4.697265625000000000e-01 -6.945748662297107501e+01
-4.694824218750000000e-01 -6.944737339373232032e+01
-4.692382812500000000e-01 -6.944312909966753011e+01
-4.689941406250000000e-01 -6.944476847719279533e+01
-4.687500000000000000e-01 -6.945231408211925839e+01
-4.685058593750000000e-01 -6.946579640012824086e+01
-4.682617187500000000e-01 -6.948525400133247842e+01
-4.680175781250000000e-01 -6.951073374075905065e+01
-4.677734375000000000e-01 -6.954229100705725841e+01
-4.675292968750000000e-01 -6.957999002236290664e+01
-4.672851562500000000e-01 -6.962390419706547107e+01
-4.670410156250000000e-01 -6.967411654369387009e+01
-4.667968750000000000e-01 -6.973072015524924439e+01
-4.665527343750000000e-01 -6.979381875407597136e+01
-4.663085937500000000e-01 -6.986352731857701315e+01
-4.660644531250000000e-01 -6.993997279625106955e+01
-4.658203125000000000e-01 -7.002329491308860554e+01
-4.655761718750000000e-01 -7.011364709103298765e+01
-4.653320312500000000e-01 -7.021119748720795428e+01
-4.650878906250000000e-01 -7.031613017114332820e+01
-4.648437500000000000e-01 -7.042864645895346598e+01
-4.645996093750000000e-01 -7.054896642684229846e+01
-4.643554687500000000e-01 -7.067733063061236010e+01
-4.641113281250000000e-01 -7.081400206246473772e+01
-4.638671875000000000e-01 -7.095926838275519799e+01
-4.636230468750000000e-01 -7.111344447147502024e+01
-4.633789062500000000e-01 -7.127687535333087965e+01
-4.631347656250000000e-01 -7.144993956138043245e+01
-4.628906250000000000e-01 -7.163305301808378545e+01
-4.626464843750000000e-01 -7.182667352965526675e+01
-4.624023437500000000e-01 -7.203130601153927159e+01
-4.621582031250000000e-01 -7.224750858997124681e+01
-4.619140625000000000e-01 -7.247589975980488930e+01
-4.616699218750000000e-01 -7.271716682339842919e+01
-4.614257812500000000e-01 -7.297207589384902349e+01
-4.611816406250000000e-01 -7.324148382144116454e+01
-4.609375000000000000e-01 -7.352635250280755486e+01
-4.606933593750000000e-01 -7.382776616530274794e+01
-4.604492187500000000e-01 -7.414695239928397541e+01
-4.602050781250000000e-01 -7.448530795523242887e+01
-4.599609375000000000e-01 -7.484443066082118889e+01
-4.597167968750000000e-01 -7.522615928466430546e+01
-4.594726562500000000e-01 -7.563262384377664205e+01
-4.592285156250000000e-01 -7.606630981778042155e+01
-4.589843750000000000e-01 -7.653014115212539537e+01
-4.587402343750000000e-01 -7.702758905690015467e+01
-4.584960937500000000e-01 -7.756281685997527120e+01
-4.582519531250000000e-01 -7.814087627293555727e+01
-4.580078125000000000e-01 -7.876797864936384030e+01
-4.577636718750000000e-01 -7.945187848264455965e+01
-4.575195312500000000e-01 -8.020242993962141043e+01
-4.572753906250000000e-01 -8.103241949163421509e+01
-4.570312500000000000e-01 -8.195885729302455047e+01
-4.567871093750000000e-01 -8.300506859356707423e+01
-4.565429687500000000e-01 -8.420426516804684525e+01
-4.562988281250000000e-01 -8.560606402595681175e+01
-4.560546875000000000e-01 -8.728946000945779815e+01
-4.558105468750000000e-01 -8.939185965520627519e+01
-4.555664062500000000e-01 -9.218616238645643080e+01
-4.553222656250000000e-01 -9.635118194631212418e+01
-4.550781250000000000e-01 -1.046913948287641034e+02
-4.548339843750000000e-01 -1.088991774212292540e+02
-4.545898437500000000e-01 -9.770673451302216961e+01
-4.543457031250000000e-01 -9.297079782313760177e+01
-4.541015625000000000e-01 -8.992254399486961347e+01
-4.538574218750000000e-01 -8.767149779514537045e+01
-4.536132812500000000e-01 -8.588726597745679214e+01
-4.533691406250000000e-01 -8.441036074568339131e+01
-4.531250000000000000e-01 -8.315148973009006284e+01
-4.528808593750000000e-01 -8.205558631721443419e+01
-4.526367187500000000e-01 -8.108628436833599551e+01
-4.523925781250000000e-01 -8.021830616691860882e+01
-4.521484375000000000e-01 -7.943336829228137219e+01
-4.519042968750000000e-01 -7.871781847996295767e+01
-4.516601562500000000e-01 -7.806119331453200516e+01
-4.514160156250000000e-01 -7.745529713725849774e+01
-4.511718750000000000e-01 -7.689359130202086590e+01
-4.509277343750000000e-01 -7.637077618404664747e+01
-4.506835937500000000e-01 -7.588249725775399668e+01
-4.504394531250000000e-01 -7.542513351937229515e+01
-4.501953125000000000e-01 -7.499564203547770092e+01
-4.499511718750000000e-01 -7.459144164939982602e+01
-4.497070312500000000e-01 -7.421032457618898093e+01
-4.494628906250000000e-01 -7.385038822844165907e+01
-4.492187500000000000e-01 -7.350998196134699469e+01
-4.489746093750000000e-01 -7.318766498445040725e+01
-4.487304687500000000e-01 -7.288217274492303943e+01
-4.484863281250000000e-01 -7.259238981677248148e+01
-4.482421875000000000e-01 -7.231732784290510097e+01
-4.479980468750000000e-01 -7.205610744225515418e+01
-4.477539062500000000e-01 -7.180794325791030985e+01
-4.475097656250000000e-01 -7.157213151574056553e+01
-4.472656250000000000e-01 -7.134803960568272885e+01
-4.470214843750000000e-01 -7.113509730546330445e+01
-4.467773437500000000e-01 -7.093278934727351270e+01
-4.465332031250000000e-01 -7.074064909008660607e+01
-4.462890625000000000e-01 -7.055825310786525506e+01
-4.460449218750000000e-01 -7.038521654102596870e+01
-4.458007812500000000e-01 -7.022118908764055334e+01
-4.455566406250000000e-01 -7.006585153356505202e+01
-4.453125000000000000e-01 -6.991891273917087801e+01
-4.450683593750000000e-01 -6.978010701453823117e+01
-4.448242187500000000e-01 -6.964919182706807987e+01
-4.445800781250000000e-01 -6.952594579454536472e+01
-4.443359375000000000e-01 -6.941016692476401317e+01
-4.440917968750000000e-01 -6.930167106888647766e+01
-4.438476562500000000e-01 -6.920029056101485310e+01
-4.436035156250000000e-01 -6.910587302073334115e+01
-4.433593750000000000e-01 -6.901828029896152827e+01
-4.431152343750000000e-01 -6.893738755044441291e+01
-4.428710937500000000e-01 -6.886308241869033964e+01
-4.426269531250000000e-01 -6.879526432137654979e+01
-4.423828125000000000e-01 -6.873384382593611974e+01
-4.421386718750000000e-01 -6.867874210668378510e+01
-4.418945312500000000e-01 -6.862989047609308102e+01
-4.416503906250000000e-01 -6.858722998406150850e+01
-4.414062500000000000e-01 -6.855071107997152069e+01
-4.411621093750000000e-01 -6.852029333319958937e+01
-4.409179687500000000e-01 -6.849594520869972314e+01
-4.406738281250000000e-01 -6.847764389475261737e+01
-4.404296875000000000e-01 -6.846537518090636354e+01
-4.401855468750000000e-01 -6.845913338450887409e+01
-4.399414062500000000e-01 -6.845892132504276617e+01
-4.396972656250000000e-01 -6.846475034589580844e+01
-4.394531250000000000e-01 -6.847664038378175633e+01
-4.392089843750000000e-01 -6.849462008667505586e+01
-4.389648437500000000e-01 -6.851872698168129716e+01
-4.387207031250000000e-01 -6.854900769475894151e+01
-4.384765625000000000e-01 -6.858551822511346074e+01
-4.382324218750000000e-01 -6.862832427752302067e+01
-4.379882812500000000e-01 -6.867750165686480557e+01
-4.377441406250000000e-01 -6.873313672987035261e+01
-4.375000000000000000e-01 -6.879532696016596560e+01
-4.372558593750000000e-01 -6.886418152380211666e+01
-4.370117187500000000e-01 -6.893982201374409158e+01
-4.367675781250000000e-01 -6.902238324338065922e+01
-4.365234375000000000e-01 -6.911201416078849036e+01
-4.362792968750000000e-01 -6.920887888759381212e+01
-4.360351562500000000e-01 -6.931315789887653978e+01
-4.357910156250000000e-01 -6.942504936317659769e+01
-4.355468750000000000e-01 -6.954477066547735831e+01
-4.353027343750000000e-01 -6.967256014002846598e+01
-4.350585937500000000e-01 -6.980867904502753163e+01
-4.348144531250000000e-01 -6.995341381732251307e+01
-4.345703125000000000e-01 -7.010707865275888651e+01
-4.343261718750000000e-01 -7.027001846712094846e+01
-4.340820312500000000e-01 -7.044261230382984706e+01
-4.338378906250000000e-01 -7.062527726891664770e+01
-4.335937500000000000e-01 -7.081847309123327250e+01
-4.333496093750000000e-01 -7.102270742818129179e+01
-4.331054687500000000e-01 -7.123854206541452072e+01
-4.328613281250000000e-01 -7.146660019471786995e+01
-4.326171875000000000e-01 -7.170757500054764932e+01
-4.323730468750000000e-01 -7.196223984545187591e+01
-4.321289062500000000e-01 -7.223146042284352575e+01
-4.318847656250000000e-01 -7.251620934877901448e+01
-4.316406250000000000e-01 -7.281758380227907423e+01
-4.313964843750000000e-01 -7.313682700912055168e+01
-4.311523437500000000e-01 -7.347535461732785222e+01
-4.309082031250000000e-01 -7.383478736233226414e+01
-4.306640625000000000e-01 -7.421699190925420453e+01
-4.304199218750000000e-01 -7.462413245618635926e+01
-4.301757812500000000e-01 -7.505873668785037012e+01
-4.299316406250000000e-01 -7.552378114919653740e+01
-4.296875000000000000e-01 -7.602280332939537288e+01
-4.294433593750000000e-01 -7.656005115430716046e+01
-4.291992187500000000e-01 -7.714068594484618302e+01
-4.289550781250000000e-01 -7.777106356406093823e+01
-4.287109375000000000e-01 -7.845913293539942401e+01
-4.284667968750000000e-01 -7.921501612759728062e+01
-4.282226562500000000e-01 -8.005187931137358248e+01
-4.279785156250000000e-01 -8.098728931235314121e+01
-4.277343750000000000e-01 -8.204542189041754341e+01
-4.274902343750000000e-01 -8.326085684715414459e+01
-4.272460937500000000e-01 -8.468556158316677340e+01
-4.270019531250000000e-01 -8.640293955311514651e+01
-4.267578125000000000e-01 -8.855975091221466755e+01
-4.265136718750000000e-01 -9.145283509920894005e+01
-4.262695312500000000e-01 -9.584616613192834222e+01
-4.260253906250000000e-01 -1.052348974332910103e+02
-4.257812500000000000e-01 -1.056518855023827541e+02
-4.255371093750000000e-01 -9.595510056171619340e+01
-4.252929687500000000e-01 -9.148215925534955772e+01
-4.250488281250000000e-01 -8.854210121924720056e+01
-4.248046875000000000e-01 -8.634920745540833309e+01
-4.245605468750000000e-01 -8.460071189777586653e+01
-4.243164062500000000e-01 -8.314757798264128041e+01
-4.240722656250000000e-01 -8.190534257555890463e+01
-4.238281250000000000e-01 -8.082147960995730784e+01
-4.235839843750000000e-01 -7.986108795253623782e+01
-4.233398437500000000e-01 -7.899979484312598288e+01
-4.230957031250000000e-01 -7.821990674427665624e+01
-4.228515625000000000e-01 -7.750817296146499302e+01
-4.226074218750000000e-01 -7.685441348047832832e+01
-4.223632812500000000e-01 -7.625063886173322203e+01
-4.221191406250000000e-01 -7.569046454967099180e+01
-4.218750000000000000e-01 -7.516870878865933037e+01
-4.216308593750000000e-01 -7.468110913430184894e+01
-4.213867187500000000e-01 -7.422411791441494699e+01
-4.211425781250000000e-01 -7.379475164379398677e+01
-4.208984375000000000e-01 -7.339047816897253540e+01
-4.206542968750000000e-01 -7.300913074016574456e+01
-4.204101562500000000e-01 -7.264884165258773407e+01
-4.201660156250000000e-01 -7.230799034339253240e+01
-4.199218750000000000e-01 -7.198516232458780451e+01
-4.196777343750000000e-01 -7.167911634788376318e+01
-4.194335937500000000e-01 -7.138875789944108874e+01
-4.191894531250000000e-01 -7.111311761657448471e+01
-4.189453125000000000e-01 -7.085133357086839112e+01
-4.187011718750000000e-01 -7.060263661738746066e+01
-4.184570312500000000e-01 -7.036633819674513290e+01
-4.182128906250000000e-01 -7.014182011529493366e+01
-4.179687500000000000e-01 -6.992852593294759345e+01
-4.177246093750000000e-01 -6.972595366664945971e+01
-4.174804687500000000e-01 -6.953364957793218082e+01
-4.172363281250000000e-01 -6.935120285929052386e+01
-4.169921875000000000e-01 -6.917824107028117453e+01
-4.167480468750000000e-01 -6.901442620248735693e+01
-4.165039062500000000e-01 -6.885945127498749230e+01
-4.162597656250000000e-01 -6.871303737959036084e+01
-4.160156250000000000e-01 -6.857493110933683056e+01
-4.157714843750000000e-01 -6.844490231528202173e+01
-4.155273437500000000e-01 -6.832274214587374672e+01
-4.152832031250000000e-01 -6.820826133060958796e+01
-4.150390625000000000e-01 -6.810128867612220915e+01
-4.147949218750000000e-01 -6.800166974780293572e+01
-4.145507812500000000e-01 -6.790926571427054625e+01
-4.143066406250000000e-01 -6.782395233562847636e+01
-4.140625000000000000e-01 -6.774561907939832395e+01
-4.138183593750000000e-01 -6.767416835041116485e+01
-4.135742187500000000e-01 -6.760951482321074479e+01
-4.133300781250000000e-01 -6.755158486718526945e+01
-4.130859375000000000e-01 -6.750031605636067411e+01
-4.128417968750000000e-01 -6.745565675700149200e+01
-4.125976562500000000e-01 -6.741756578746945650e+01
-4.123535156250000000e-01 -6.738601214578181953e+01
-4.121093750000000000e-01 -6.736097480132113446e+01
-4.118652343750000000e-01 -6.734244254796654161e+01
-4.116210937500000000e-01 -6.733041391680835375e+01
-4.113769531250000000e-01 -6.732489714728940555e+01
-4.111328125000000000e-01 -6.732591021642235773e+01
-4.108886718750000000e-01 -6.733348092647912608e+01
-4.106445312500000000e-01 -6.734764705228276682e+01
-4.104003906250000000e-01 -6.736845654993634014e+01
-4.101562500000000000e-01 -6.739596782981067236e+01
-4.099121093750000000e-01 -6.743025009727868735e+01
-4.096679687500000000e-01 -6.747138376581325758e+01
-4.094238281250000000e-01 -6.751946094805570908e+01
-4.091796875000000000e-01 -6.757458603161343547e+01
-4.089355468750000000e-01 -6.763687634783038050e+01
-4.086914062500000000e-01 -6.770646294322970959e+01
-4.084472656250000000e-01 -6.778349146519836665e+01
-4.082031250000000000e-01 -6.786812317559952135e+01
-4.079589843750000000e-01 -6.796053610849938309e+01
-4.077148437500000000e-01 -6.806092639117856891e+01
-4.074707031250000000e-01 -6.816950975113630307e+01
-4.072265625000000000e-01 -6.828652323600704221e+01
-4.069824218750000000e-01 -6.841222717851469781e+01
-4.067382812500000000e-01 -6.854690744472088682e+01
-4.064941406250000000e-01 -6.869087801151795247e+01
-4.062500000000000000e-01 -6.884448392848682374e+01
-4.060058593750000000e-01 -6.900810473089906338e+01
-4.057617187500000000e-01 -6.918215838479895297e+01
-4.055175781250000000e-01 -6.936710586294023528e+01
-4.052734375000000000e-01 -6.956345647301075985e+01
-4.050292968750000000e-01 -6.977177408748015353e+01
-4.047851562500000000e-01 -6.999268446145070754e+01
-4.045410156250000000e-01 -7.022688387075891114e+01
-4.042968750000000000e-01 -7.047514936364143523e+01
-4.040527343750000000e-01 -7.073835099806754556e+01
-4.038085937500000000e-01 -7.101746654160926653e+01
-4.035644531250000000e-01 -7.131359924991058108e+01
-4.033203125000000000e-01 -7.162799952804844850e+01
-4.030761718750000000e-01 -7.196209153560799621e+01
-4.028320312500000000e-01 -7.231750615085246636e+01
-4.025878906250000000e-01 -7.269612220646078526e+01
-4.023437500000000000e-01 -7.310011861600909810e+01
-4.020996093750000000e-01 -7.353204103247820456e+01
-4.018554687500000000e-01 -7.399488818523605005e+01
-4.016113281250000000e-01 -7.449222530249669205e+01
-4.013671875000000000e-01 -7.502833549847133554e+01
-4.011230468750000000e-01 -7.560842547099051103e+01
-4.008789062500000000e-01 -7.623891070553703742e+01
-4.006347656250000000e-01 -7.692782017051094101e+01
-4.003906250000000000e-01 -7.768538611388306947e+01
-4.001464843750000000e-01 -7.852493087287788853e+01
-3.999023437500000000e-01 -7.946425048399612479e+01
-3.996582031250000000e-01 -8.052787169283985236e+01
-3.994140625000000000e-01 -8.175094083867483619e+01
-3.991699218750000000e-01 -8.318640366142815878e+01
-3.989257812500000000e-01 -8.491951220353905683e+01
-3.986816406250000000e-01 -8.710099186419365935e+01
-3.984375000000000000e-01 -9.003801276316616509e+01
-3.981933593750000000e-01 -9.453259423414520768e+01
-3.979492187500000000e-01 -1.044281630982682998e+02
-3.977050781250000000e-01 -1.033697051404854790e+02
-3.974609375000000000e-01 -9.415700208035237040e+01
-3.972167968750000000e-01 -8.978490702465818174e+01
-3.969726562500000000e-01 -8.689047615546688519e+01
-3.967285156250000000e-01 -8.472498113695175448e+01
-3.964843750000000000e-01 -8.299578777269512386e+01
-3.962402343750000000e-01 -8.155776578422731404e+01
-3.959960937500000000e-01 -8.032827833254823702e+01
-3.957519531250000000e-01 -7.925576794402110181e+01
-3.955078125000000000e-01 -7.830589540396898940e+01
-3.952636718750000000e-01 -7.745463671123034999e+01
-3.950195312500000000e-01 -7.668452655720686550e+01
-3.947753906250000000e-01 -7.598247014646382524e+01
-3.945312500000000000e-01 -7.533839782783951478e+01
-3.942871093750000000e-01 -7.474440070426470584e+01
-3.940429687500000000e-01 -7.419415457925560986e+01
-3.937988281250000000e-01 -7.368252400967769233e+01
-3.935546875000000000e-01 -7.320528285268447632e+01
-3.933105468750000000e-01 -7.275891245624107739e+01
-3.930664062500000000e-01 -7.234045296610626963e+01
-3.928222656250000000e-01 -7.194739181132622718e+01
-3.925781250000000000e-01 -7.157757874523160524e+01
-3.923339843750000000e-01 -7.122916019985416369e+01
-3.920898437500000000e-01 -7.090052791628633599e+01
-3.918457031250000000e-01 -7.059027828311521091e+01
-3.916015625000000000e-01 -7.029717981387467773e+01
-3.913574218750000000e-01 -7.002014688649421714e+01
-3.911132812500000000e-01 -6.975821835412679661e+01
-3.908691406250000000e-01 -6.951053998453525651e+01
-3.906250000000000000e-01 -6.927634993697492405e+01
-3.903808593750000000e-01 -6.905496667006241296e+01
-3.901367187500000000e-01 -6.884577881110143949e+01
-3.898925781250000000e-01 -6.864823662027606588e+01
-3.896484375000000000e-01 -6.846184476058238033e+01
-3.894042968750000000e-01 -6.828615614448652593e+01
-3.891601562500000000e-01 -6.812076667359441728e+01
-3.889160156250000000e-01 -6.796531072393715078e+01
-3.886718750000000000e-01 -6.781945725716232687e+01
-3.884277343750000000e-01 -6.768290646011294598e+01
-3.881835937500000000e-01 -6.755538683307341330e+01
-3.879394531250000000e-01 -6.743665266079699450e+01
-3.876953125000000000e-01 -6.732648181203435911e+01
-3.874511718750000000e-01 -6.722467382236361289e+01
-3.872070312500000000e-01 -6.713104822267753491e+01
-3.869628906250000000e-01 -6.704544308189545632e+01
-3.867187500000000000e-01 -6.696771373754600631e+01
-3.864746093750000000e-01 -6.689773169209543369e+01
-3.862304687500000000e-01 -6.683538365645908641e+01
-3.859863281250000000e-01 -6.678057072513742298e+01
-3.857421875000000000e-01 -6.673320766993583675e+01
-3.854980468750000000e-01 -6.669322234137200667e+01
-3.852539062500000000e-01 -6.666055516881803555e+01
-3.850097656250000000e-01 -6.663515875204620897e+01
-3.847656250000000000e-01 -6.661699753822296088e+01
-3.845214843750000000e-01 -6.660604757981349167e+01
-3.842773437500000000e-01 -6.660229636995474323e+01
-3.840332031250000000e-01 -6.660574275307496350e+01
-3.837890625000000000e-01 -6.661639690941990466e+01
-3.835449218750000000e-01 -6.663428041336653962e+01
-3.833007812500000000e-01 -6.665942636626031970e+01
-3.830566406250000000e-01 -6.669187960566422646e+01
-3.828125000000000000e-01 -6.673169699391011989e+01
-3.825683593750000000e-01 -6.677894779004289205e+01
-3.823242187500000000e-01 -6.683371411050725897e+01
-3.820800781250000000e-01 -6.689609148522637838e+01
-3.818359375000000000e-01 -6.696618951742904358e+01
-3.815917968750000000e-01 -6.704413265718888226e+01
-3.813476562500000000e-01 -6.713006110079973610e+01
-3.811035156250000000e-01 -6.722413183040939089e+01
-3.808593750000000000e-01 -6.732651981119452955e+01
-3.806152343750000000e-01 -6.743741936656547864e+01
-3.803710937500000000e-01 -6.755704575587712668e+01
-3.801269531250000000e-01 -6.768563698389300498e+01
-3.798828125000000000e-01 -6.782345587675160914e+01
-3.796386718750000000e-01 -6.797079246637987637e+01
-3.793945312500000000e-01 -6.812796673345937393e+01
-3.791503906250000000e-01 -6.829533176970765851e+01
-3.789062500000000000e-01 -6.847327743295701907e+01
-3.786621093750000000e-01 -6.866223458449418615e+01
-3.784179687500000000e-01 -6.886268001843352238e+01
-3.781738281250000000e-01 -6.907514221794662035e+01
-3.779296875000000000e-01 -6.930020810568223055e+01
-3.776855468750000000e-01 -6.953853099674937255e+01
-3.774414062500000000e-01 -6.979084001613726684e+01
-3.771972656250000000e-01 -7.005795131178095403e+01
-3.769531250000000000e-01 -7.034078148578755929e+01
-3.767089843750000000e-01 -7.064036378747557876e+01
-3.764648437500000000e-01 -7.095786777450261695e+01
-3.762207031250000000e-01 -7.129462336866907890e+01
-3.759765625000000000e-01 -7.165215053612291740e+01
-3.757324218750000000e-01 -7.203219624281283018e+01
-3.754882812500000000e-01 -7.243678093139783414e+01
-3.752441406250000000e-01 -7.286825761925796030e+01
-3.750000000000000000e-01 -7.332938796285731087e+01
-3.747558593750000000e-01 -7.382344148616725477e+01
-3.745117187500000000e-01 -7.435432698532507345e+01
-3.742675781250000000e-01 -7.492676949762281424e+01
-3.740234375000000000e-01 -7.554655321054961803e+01
-3.737792968750000000e-01 -7.622086217945951603e+01
-3.735351562500000000e-01 -7.695877027861430975e+01
-3.732910156250000000e-01 -7.777196641101984653e+01
-3.730468750000000000e-01 -7.867586506519698730e+01
-3.728027343750000000e-01 -7.969137745509925708e+01
-3.725585937500000000e-01 -8.084787921250484999e+01
-3.723144531250000000e-01 -8.218849843962475177e+01
-3.720703125000000000e-01 -8.378031189923386535e+01
-3.718261718750000000e-01 -8.573619001615043089e+01
-3.715820312500000000e-01 -8.826913423270022463e+01
-3.713378906250000000e-01 -9.186280611579736899e+01
-3.710937500000000000e-01 -9.810096440290240594e+01
-3.708496093750000000e-01 -1.241870407390424305e+02
-3.706054687500000000e-01 -9.729498963088394703e+01
-3.703613281250000000e-01 -9.148491981414169061e+01
-3.701171875000000000e-01 -8.804486843877045033e+01
-3.698730468750000000e-01 -8.559700316031592138e+01
-3.696289062500000000e-01 -8.369879005164037267e+01
-3.693847656250000000e-01 -8.215093069492527889e+01
-3.691406250000000000e-01 -8.084642540510685649e+01
-3.688964843750000000e-01 -7.972113160124074227e+01
-3.686523437500000000e-01 -7.873355035310424910e+01
-3.684082031250000000e-01 -7.785528272911705017e+01
-3.681640625000000000e-01 -7.706603832836731272e+01
-3.679199218750000000e-01 -7.635081587183944407e+01
-3.676757812500000000e-01 -7.569821190386068110e+01
-3.674316406250000000e-01 -7.509935585672465663e+01
-3.671875000000000000e-01 -7.454721221235325856e+01
-3.669433593750000000e-01 -7.403610765726877219e+01
-3.666992187500000000e-01 -7.356140143254641828e+01
-3.664550781250000000e-01 -7.311924980229352400e+01
-3.662109375000000000e-01 -7.270643413152502887e+01
-3.659667968750000000e-01 -7.232023301351568989e+01
-3.657226562500000000e-01 -7.195832556327222562e+01
-3.654785156250000000e-01 -7.161871718654009555e+01
-3.652343750000000000e-01 -7.129968183596236031e+01
-3.649902343750000000e-01 -7.099971654893420236e+01
-3.647460937500000000e-01 -7.071750526241481793e+01
-3.645019531250000000e-01 -7.045188972442370812e+01
-3.642578125000000000e-01 -7.020184589735576708e+01
-3.640136718750000000e-01 -6.996646465674805881e+01
-3.637695312500000000e-01 -6.974493588254512133e+01
-3.635253906250000000e-01 -6.953653525431559501e+01
-3.632812500000000000e-01 -6.934061321967793390e+01
-3.630371093750000000e-01 -6.915658572319898667e+01
-3.627929687500000000e-01 -6.898392637187930632e+01
-3.625488281250000000e-01 -6.882215978107655019e+01
-3.623046875000000000e-01 -6.867085589670813306e+01
-3.620605468750000000e-01 -6.852962512986415788e+01
-3.618164062500000000e-01 -6.839811417151378237e+01
-3.615722656250000000e-01 -6.827600237970835906e+01
-3.613281250000000000e-01 -6.816299865138218195e+01
-3.610839843750000000e-01 -6.805883870646870548e+01
-3.608398437500000000e-01 -6.796328272476992538e+01
-3.605957031250000000e-01 -6.787611328604576499e+01
-3.603515625000000000e-01 -6.779713357222084369e+01
-3.601074218750000000e-01 -6.772616579730498643e+01
-3.598632812500000000e-01 -6.766304983618525171e+01
-3.596191406250000000e-01 -6.760764202818971569e+01
-3.593750000000000000e-01 -6.755981413498419386e+01
-3.591308593750000000e-01 -6.751945243578479960e+01
-3.588867187500000000e-01 -6.748645694544563867e+01
-3.586425781250000000e-01 -6.746074074337474258e+01
-3.583984375000000000e-01 -6.744222940319330917e+01
-3.581542968750000000e-01 -6.743086051479411935e+01
-3.579101562500000000e-01 -6.742658329186286892e+01
-3.576660156250000000e-01 -6.742935825948381989e+01
-3.574218750000000000e-01 -6.743915701730389856e+01
-3.571777343750000000e-01 -6.745596207517714049e+01
-3.569335937500000000e-01 -6.747976675896151733e+01
-3.566894531250000000e-01 -6.751057518523768408e+01
-3.564453125000000000e-01 -6.754840230460844452e+01
-3.562011718750000000e-01 -6.759327401415704628e+01
-3.559570312500000000e-01 -6.764522734059875120e+01
-3.557128906250000000e-01 -6.770431069664635970e+01
-3.554687500000000000e-01 -6.777058421404217370e+01
-3.552246093750000000e-01 -6.784412015802558926e+01
-3.549804687500000000e-01 -6.792500342900055443e+01
-3.547363281250000000e-01 -6.801333215870484139e+01
-3.544921875000000000e-01 -6.810921840971415975e+01
-3.542480468750000000e-01 -6.821278898879241126e+01
-3.540039062500000000e-01 -6.832418638682275969e+01
-3.537597656250000000e-01 -6.844356986037887225e+01
-3.535156250000000000e-01 -6.857111667285799683e+01
-3.532714843750000000e-01 -6.870702351646555428e+01
-3.530273437500000000e-01 -6.885150814050300028e+01
-3.527832031250000000e-01 -6.900481121600924439e+01
-3.525390625000000000e-01 -6.916719847304705127e+01
-3.522949218750000000e-01 -6.933896315370945729e+01
-3.520507812500000000e-01 -6.952042883300681808e+01
-3.518066406250000000e-01 -6.971195267026973852e+01
-3.515625000000000000e-01 -6.991392916743275521e+01
-3.513183593750000000e-01 -7.012679452678516157e+01
-3.510742187500000000e-01 -7.035103172214212464e+01
-3.508300781250000000e-01 -7.058717642343400200e+01
-3.505859375000000000e-01 -7.083582394866910192e+01
-3.503417968750000000e-01 -7.109763746013226182e+01
-3.500976562500000000e-01 -7.137335767772574968e+01
-3.498535156250000000e-01 -7.166381445498005576e+01
-3.496093750000000000e-01 -7.196994065941802887e+01
-3.493652343750000000e-01 -7.229278892619016972e+01
-3.491210937500000000e-01 -7.263355202549372791e+01
-3.488769531250000000e-01 -7.299358781731658041e+01
-3.486328125000000000e-01 -7.337445008767420518e+01
-3.483886718750000000e-01 -7.377792700820748450e+01
-3.481445312500000000e-01 -7.420608959440295394e+01
-3.479003906250000000e-01 -7.466135344930184203e+01
-3.476562500000000000e-01 -7.514655841368950462e+01
-3.474121093750000000e-01 -7.566507273567081882e+01
-3.471679687500000000e-01 -7.622093140993392524e+01
-3.469238281250000000e-01 -7.681902308161886594e+01
-3.466796875000000000e-01 -7.746534752347616859e+01
-3.464355468750000000e-01 -7.816737828858946102e+01
-3.461914062500000000e-01 -7.893458671134496285e+01
-3.459472656250000000e-01 -7.977922188028952633e+01
-3.457031250000000000e-01 -8.071751303167727087e+01
-3.454589843750000000e-01 -8.177160260778296674e+01
-3.452148437500000000e-01 -8.297281744007229065e+01
-3.449707031250000000e-01 -8.436757092679091841e+01
-3.447265625000000000e-01 -8.602893126419377268e+01
-3.444824218750000000e-01 -8.808197050633378922e+01
-3.442382812500000000e-01 -9.076895561002984891e+01
-3.439941406250000000e-01 -9.466575264954724389e+01
-3.437500000000000000e-01 -1.018783897343454896e+02
-3.435058593750000000e-01 -1.126748655948618136e+02
-3.432617187500000000e-01 -9.795817894251422331e+01
-3.430175781250000000e-01 -9.279766405908267757e+01
-3.427734375000000000e-01 -8.960053024016701784e+01
-3.425292968750000000e-01 -8.728401386898502778e+01
-3.422851562500000000e-01 -8.547058792881151135e+01
-3.420410156250000000e-01 -8.398355414978698263e+01
-3.417968750000000000e-01 -8.272583677755241638e+01
-3.415527343750000000e-01 -8.163833423374160247e+01
-3.413085937500000000e-01 -8.068237878046143408e+01
-3.410644531250000000e-01 -7.983128317108719330e+01
-3.408203125000000000e-01 -7.906585190075784908e+01
-3.405761718750000000e-01 -7.837181592601444891e+01
-3.403320312500000000e-01 -7.773827939981923407e+01
-3.400878906250000000e-01 -7.715673417280869728e+01
-3.398437500000000000e-01 -7.662040989763079324e+01
-3.395996093750000000e-01 -7.612383129674500992e+01
-3.393554687500000000e-01 -7.566250807925800359e+01
-3.391113281250000000e-01 -7.523271250107669061e+01
-3.388671875000000000e-01 -7.483131642796175242e+01
-3.386230468750000000e-01 -7.445566976900499867e+01
-3.383789062500000000e-01 -7.410350828450752658e+01
-3.381347656250000000e-01 -7.377288264393880013e+01
-3.378906250000000000e-01 -7.346210311639110557e+01
-3.376464843750000000e-01 -7.316969593569264418e+01
-3.374023437500000000e-01 -7.289436850436236170e+01
-3.371582031250000000e-01 -7.263498137327601967e+01
-3.369140625000000000e-01 -7.239052547476984500e+01
-3.366699218750000000e-01 -7.216010347191769370e+01
-3.364257812500000000e-01 -7.194291436391097250e+01
-3.361816406250000000e-01 -7.173824069041440055e+01
-3.359375000000000000e-01 -7.154543782746432612e+01
-3.356933593750000000e-01 -7.136392497984095940e+01
-3.354492187500000000e-01 -7.119317755905767342e+01
-3.352050781250000000e-01 -7.103272070117455428e+01
-3.349609375000000000e-01 -7.088212372786175308e+01
-3.347167968750000000e-01 -7.074099539306560303e+01
-3.344726562500000000e-01 -7.060897978748647574e+01
-3.342285156250000000e-01 -7.048575279709044139e+01
-3.339843750000000000e-01 -7.037101903048808538e+01
-3.337402343750000000e-01 -7.026450914534392211e+01
-3.334960937500000000e-01 -7.016597751580383147e+01
-3.332519531250000000e-01 -7.007520019303046865e+01
-3.330078125000000000e-01 -6.999197311856872261e+01
-3.327636718750000000e-01 -6.991611055712628797e+01
-3.325195312500000000e-01 -6.984744372043158478e+01
-3.322753906250000000e-01 -6.978581955844626350e+01
-3.320312500000000000e-01 -6.973109969783460826e+01
-3.317871093750000000e-01 -6.968315951069888570e+01
-3.315429687500000000e-01 -6.964188729910340214e+01
-3.312988281250000000e-01 -6.960718358330214528e+01
-3.310546875000000000e-01 -6.957896048314813697e+01
-3.308105468750000000e-01 -6.955714118413669667e+01
-3.305664062500000000e-01 -6.954165948055768354e+01
-3.303222656250000000e-01 -6.953245938968673556e+01
-3.300781250000000000e-01 -6.952949483189721036e+01
-3.298339843750000000e-01 -6.953272937251428232e+01
-3.295898437500000000e-01 -6.954213602214994694e+01
-3.293457031250000000e-01 -6.955769709295671532e+01
-3.291015625000000000e-01 -6.957940410897593608e+01
-3.288574218750000000e-01 -6.960725776949288957e+01
-3.286132812500000000e-01 -6.964126796490356242e+01
-3.283691406250000000e-01 -6.968145384527335295e+01
-3.281250000000000000e-01 -6.972784394237964989e+01
-3.278808593750000000e-01 -6.978047634686413403e+01
-3.276367187500000000e-01 -6.983939894246955760e+01
-3.273925781250000000e-01 -6.990466970059024732e+01
-3.271484375000000000e-01 -6.997635703863457479e+01
-3.269042968750000000e-01 -7.005454024702980576e+01
-3.266601562500000000e-01 -7.013930999049986781e+01
-3.264160156250000000e-01 -7.023076889033077919e+01
-3.261718750000000000e-01 -7.032903219586060573e+01
-3.259277343750000000e-01 -7.043422855465290411e+01
-3.256835937500000000e-01 -7.054650089282947079e+01
-3.254394531250000000e-01 -7.066600741878066572e+01
-3.251953125000000000e-01 -7.079292276621535507e+01
-3.249511718750000000e-01 -7.092743929503453160e+01
-3.247070312500000000e-01 -7.106976857219640920e+01
-3.244628906250000000e-01 -7.122014305858473904e+01
-3.242187500000000000e-01 -7.137881803304155426e+01
-3.239746093750000000e-01 -7.154607379048876226e+01
-3.237304687500000000e-01 -7.172221815850720361e+01
-3.234863281250000000e-01 -7.190758938559388014e+01
-3.232421875000000000e-01 -7.210255946526135062e+01
-3.229980468750000000e-01 -7.230753797397370874e+01
-3.227539062500000000e-01 -7.252297651775539578e+01
-3.225097656250000000e-01 -7.274937390386246250e+01
-3.222656250000000000e-01 -7.298728218086326081e+01
-3.220214843750000000e-01 -7.323731372514907889e+01
-3.217773437500000000e-01 -7.350014959602913223e+01
-3.215332031250000000e-01 -7.377654943898988904e+01
-3.212890625000000000e-01 -7.406736329167479482e+01
-3.210449218750000000e-01 -7.437354574575029176e+01
-3.208007812500000000e-01 -7.469617304926936185e+01
-3.205566406250000000e-01 -7.503646391116755865e+01
-3.203125000000000000e-01 -7.539580500993575640e+01
-3.200683593750000000e-01 -7.577578254079247699e+01
-3.198242187500000000e-01 -7.617822159900326540e+01
-3.195800781250000000e-01 -7.660523585447391781e+01
-3.193359375000000000e-01 -7.705929092048329210e+01
-3.190917968750000000e-01 -7.754328620868452049e+01
-3.188476562500000000e-01 -7.806066214196378894e+01
-3.186035156250000000e-01 -7.861554277398965951e+01
-3.183593750000000000e-01 -7.921292884196337525e+01
-3.181152343750000000e-01 -7.985896428940039016e+01
-3.178710937500000000e-01 -8.056131259097580255e+01
-3.176269531250000000e-01 -8.132970207318659561e+01
-3.173828125000000000e-01 -8.217674035933350751e+01
-3.171386718750000000e-01 -8.311917494374961279e+01
-3.168945312500000000e-01 -8.417992962708797222e+01
-3.166503906250000000e-01 -8.539157133327884708e+01
-3.164062500000000000e-01 -8.680261302217327568e+01
-3.161621093750000000e-01 -8.848999175621769098e+01
-3.159179687500000000e-01 -9.058679401843593837e+01
-3.156738281250000000e-01 -9.335506008153947732e+01
-3.154296875000000000e-01 -9.743632867118066088e+01
-3.151855468750000000e-01 -1.053664960305301577e+02
-3.149414062500000000e-01 -1.115989743264449885e+02
-3.146972656250000000e-01 -9.947261829177244863e+01
-3.144531250000000000e-01 -9.461464181480133107e+01
-3.142089843750000000e-01 -9.152998791397249079e+01
-3.139648437500000000e-01 -8.926920655595706933e+01
-3.137207031250000000e-01 -8.748699327545534743e+01
-3.134765625000000000e-01 -8.601833970466999801e+01
-3.132324218750000000e-01 -8.477143921932848514e+01
-3.129882812500000000e-01 -8.368991814344111901e+01
-3.127441406250000000e-01 -8.273666532704292820e+01
-3.125000000000000000e-01 -8.188594878927979437e+01
-3.122558593750000000e-01 -8.111919365348396127e+01
-3.120117187500000000e-01 -8.042255320299121024e+01
-3.117675781250000000e-01 -7.978543033546986862e+01
-3.115234375000000000e-01 -7.919953537975013091e+01
-3.112792968750000000e-01 -7.865826250335722136e+01
-3.110351562500000000e-01 -7.815626358727278955e+01
-3.107910156250000000e-01 -7.768914898299921390e+01
-3.105468750000000000e-01 -7.725327235479220178e+01
-3.103027343750000000e-01 -7.684557275886145078e+01
-3.100585937500000000e-01 -7.646345660951381262e+01
-3.098144531250000000e-01 -7.610470802435612825e+01
-3.095703125000000000e-01 -7.576741973710227285e+01
-3.093261718750000000e-01 -7.544993916583926818e+01
-3.090820312500000000e-01 -7.515082581637703640e+01
-3.088378906250000000e-01 -7.486881727933709385e+01
-3.085937500000000000e-01 -7.460280182292295592e+01
-3.083496093750000000e-01 -7.435179610580142651e+01
-3.081054687500000000e-01 -7.411492690567219199e+01
-3.078613281250000000e-01 -7.389141602780620133e+01
-3.076171875000000000e-01 -7.368056775415223569e+01
-3.073730468750000000e-01 -7.348175833888386421e+01
-3.071289062500000000e-01 -7.329442716508877709e+01
-3.068847656250000000e-01 -7.311806925971917792e+01
-3.066406250000000000e-01 -7.295222892643703005e+01
-3.063964843750000000e-01 -7.279649430468525395e+01
-3.061523437500000000e-01 -7.265049270060953290e+01
-3.059082031250000000e-01 -7.251388656512180830e+01
-3.056640625000000000e-01 -7.238637001733013676e+01
-3.054199218750000000e-01 -7.226766583027418278e+01
-3.051757812500000000e-01 -7.215752281035662463e+01
-3.049316406250000000e-01 -7.205571351394574720e+01
-3.046875000000000000e-01 -7.196203225404478587e+01
-3.044433593750000000e-01 -7.187629335791348240e+01
-3.041992187500000000e-01 -7.179832964276597806e+01
-3.039550781250000000e-01 -7.172799108202318052e+01
-3.037109375000000000e-01 -7.166514363905434948e+01
-3.034667968750000000e-01 -7.160966824880479464e+01
-3.032226562500000000e-01 -7.156145993089631929e+01
-3.029785156250000000e-01 -7.152042702039607036e+01
-3.027343750000000000e-01 -7.148649050451913922e+01
-3.024902343750000000e-01 -7.145958345545055579e+01
-3.022460937500000000e-01 -7.143965055125582353e+01
-3.020019531250000000e-01 -7.142664767796317449e+01
-3.017578125000000000e-01 -7.142054160748709535e+01
-3.015136718750000000e-01 -7.142130974687083267e+01
-3.012695312500000000e-01 -7.142893995560099540e+01
-3.010253906250000000e-01 -7.144343042853674319e+01
-3.007812500000000000e-01 -7.146478964284730750e+01
-3.005371093750000000e-01 -7.149303636841767684e+01
-3.002929687500000000e-01 -7.152819974166058614e+01
-3.000488281250000000e-01 -7.157031940394547576e+01
-2.998046875000000000e-01 -7.161944570620295281e+01
-2.995605468750000000e-01 -7.167563998269113767e+01
-2.993164062500000000e-01 -7.173897489744452116e+01
-2.990722656250000000e-01 -7.180953486820442322e+01
-2.988281250000000000e-01 -7.188741657371291183e+01
-2.985839843750000000e-01 -7.197272955160245544e+01
-2.983398437500000000e-01 -7.206559689549987979e+01
-2.980957031250000000e-01 -7.216615606178990561e+01
-2.978515625000000000e-01 -7.227455979835288247e+01
-2.976074218750000000e-01 -7.239097721004185360e+01
-2.973632812500000000e-01 -7.251559497816830913e+01
-2.971191406250000000e-01 -7.264861875477062370e+01
-2.968750000000000000e-01 -7.279027475614012133e+01
-2.966308593750000000e-01 -7.294081158479376370e+01
-2.963867187500000000e-01 -7.310050231464266801e+01
-2.961425781250000000e-01 -7.326964688109823953e+01
-2.958984375000000000e-01 -7.344857482604724908e+01
-2.956542968750000000e-01 -7.363764845805518178e+01
-2.954101562500000000e-01 -7.383726650077720421e+01
-2.951660156250000000e-01 -7.404786831858021401e+01
-2.949218750000000000e-01 -7.426993882806753788e+01
-2.946777343750000000e-01 -7.450401422949303765e+01
-2.944335937500000000e-01 -7.475068872374288276e+01
-2.941894531250000000e-01 -7.501062242160180915e+01
-2.939453125000000000e-01 -7.528455070465061283e+01
-2.937011718750000000e-01 -7.557329536574405893e+01
-2.934570312500000000e-01 -7.587777794739596970e+01
-2.932128906250000000e-01 -7.619903581612420851e+01
-2.929687500000000000e-01 -7.653824167092268738e+01
-2.927246093750000000e-01 -7.689672740251809557e+01
-2.924804687500000000e-01 -7.727601351790087847e+01
-2.922363281250000000e-01 -7.767784576102688732e+01
-2.919921875000000000e-01 -7.810424114663324247e+01
-2.917480468750000000e-01 -7.855754646475180891e+01
-2.915039062500000000e-01 -7.904051353925792966e+01
-2.912597656250000000e-01 -7.955639734563661136e+01
-2.910156250000000000e-01 -8.010908585717433539e+01
-2.907714843750000000e-01 -8.070327478400729149e+01
-2.905273437500000000e-01 -8.134470721830078332e+01
-2.902832031250000000e-01 -8.204050944975911364e+01
-2.900390625000000000e-01 -8.279967333170156962e+01
-2.897949218750000000e-01 -8.363376933950232228e+01
-2.895507812500000000e-01 -8.455803684829771782e+01
-2.893066406250000000e-01 -8.559311973016087904e+01
-2.890625000000000000e-01 -8.676796791858571112e+01
-2.888183593750000000e-01 -8.812499290538517016e+01
-2.885742187500000000e-01 -8.972997144979872530e+01
-2.883300781250000000e-01 -9.169315641965087593e+01
-2.880859375000000000e-01 -9.422139844083950777e+01
-2.878417968750000000e-01 -9.777972181098786564e+01
-2.875976562500000000e-01 -1.038566012484088077e+02
-2.873535156250000000e-01 -1.485211246200744597e+02
-2.871093750000000000e-01 -1.038253665847160363e+02
-2.868652343750000000e-01 -9.786927320266917718e+01
-2.866210937500000000e-01 -9.439798877664156862e+01
-2.863769531250000000e-01 -9.194838924132560010e+01
-2.861328125000000000e-01 -9.006053319710864002e+01
-2.858886718750000000e-01 -8.852927505061353486e+01
-2.856445312500000000e-01 -8.724510188485427875e+01
-2.854003906250000000e-01 -8.614261500475240041e+01
-2.851562500000000000e-01 -8.517962016315192386e+01
-2.849121093750000000e-01 -8.432730428106262366e+01
-2.846679687500000000e-01 -8.356511651180947808e+01
-2.844238281250000000e-01 -8.287788495927395616e+01
-2.841796875000000000e-01 -8.225409092719257842e+01
-2.839355468750000000e-01 -8.168478426995800135e+01
-2.836914062500000000e-01 -8.116287371287020846e+01
-2.834472656250000000e-01 -8.068264659942227013e+01
-2.832031250000000000e-01 -8.023943444484025633e+01
-2.829589843750000000e-01 -7.982937420483719393e+01
-2.827148437500000000e-01 -7.944923416332792954e+01
-2.824707031250000000e-01 -7.909628452632983908e+01
-2.822265625000000000e-01 -7.876819961955368399e+01
-2.819824218750000000e-01 -7.846298286043996484e+01
-2.817382812500000000e-01 -7.817890842507087257e+01
-2.814941406250000000e-01 -7.791447534402321651e+01
-2.812500000000000000e-01 -7.766837098106162784e+01
-2.810058593750000000e-01 -7.743944168591004029e+01
-2.807617187500000000e-01 -7.722666899616497460e+01
-2.805175781250000000e-01 -7.702915017734029846e+01
-2.802734375000000000e-01 -7.684608218796100232e+01
-2.800292968750000000e-01 -7.667674837331072979e+01
-2.797851562500000000e-01 -7.652050735136685944e+01
-2.795410156250000000e-01 -7.637678367404407709e+01
-2.792968750000000000e-01 -7.624505993639020573e+01
-2.790527343750000000e-01 -7.612487007523898797e+01
-2.788085937500000000e-01 -7.601579365113161657e+01
-2.785644531250000000e-01 -7.591745094801943594e+01
-2.783203125000000000e-01 -7.582949875734337297e+01
-2.780761718750000000e-01 -7.575162673773930067e+01
-2.778320312500000000e-01 -7.568355426172482225e+01
-2.775878906250000000e-01 -7.562502767644767232e+01
-2.773437500000000000e-01 -7.557581791815616157e+01
-2.770996093750000000e-01 -7.553571843056668911e+01
-2.768554687500000000e-01 -7.550454334540518175e+01
-2.766113281250000000e-01 -7.548212589030569575e+01
-2.763671875000000000e-01 -7.546831699497826662e+01
-2.761230468750000000e-01 -7.546298407083895654e+01
-2.758789062500000000e-01 -7.546600994362195536e+01
-2.756347656250000000e-01 -7.547729192133132869e+01
-2.753906250000000000e-01 -7.549674098271350431e+01
-2.751464843750000000e-01 -7.552428107378629818e+01
-2.749023437500000000e-01 -7.555984850186206359e+01
-2.746582031250000000e-01 -7.560339141816342590e+01
-2.744140625000000000e-01 -7.565486938150735341e+01
-2.741699218750000000e-01 -7.571425299706105250e+01
-2.739257812500000000e-01 -7.578152362485559479e+01
-2.736816406250000000e-01 -7.585667315422674051e+01
-2.734375000000000000e-01 -7.593970384080486724e+01
-2.731933593750000000e-01 -7.603062820387448539e+01
-2.729492187500000000e-01 -7.612946898239984250e+01
-2.727050781250000000e-01 -7.623625914892930666e+01
-2.724609375000000000e-01 -7.635104198138346021e+01
-2.722167968750000000e-01 -7.647387119309264847e+01
-2.719726562500000000e-01 -7.660481112262287695e+01
-2.717285156250000000e-01 -7.674393698540143305e+01
-2.714843750000000000e-01 -7.689133519000985473e+01
-2.712402343750000000e-01 -7.704710372288320741e+01
-2.709960937500000000e-01 -7.721135260616840412e+01
-2.707519531250000000e-01 -7.738420443445409092e+01
-2.705078125000000000e-01 -7.756579499717651061e+01
-2.702636718750000000e-01 -7.775627399517385641e+01
-2.700195312500000000e-01 -7.795580586106260057e+01
-2.697753906250000000e-01 -7.816457069499404042e+01
-2.695312500000000000e-01 -7.838276532974869326e+01
-2.692871093750000000e-01 -7.861060454099586536e+01
-2.690429687500000000e-01 -7.884832242208483422e+01
-2.687988281250000000e-01 -7.909617394600830664e+01
-2.685546875000000000e-01 -7.935443674091423816e+01
-2.683105468750000000e-01 -7.962341311156190216e+01
-2.680664062500000000e-01 -7.990343234418521945e+01
-2.678222656250000000e-01 -8.019485334035739754e+01
-2.675781250000000000e-01 -8.049806763433829815e+01
-2.673339843750000000e-01 -8.081350285960733970e+01
-2.670898437500000000e-01 -8.114162674444756362e+01
-2.668457031250000000e-01 -8.148295173348687115e+01
-2.666015625000000000e-01 -8.183804035455212045e+01
-2.663574218750000000e-01 -8.220751147736035591e+01
-2.661132812500000000e-01 -8.259204764632727347e+01
-2.658691406250000000e-01 -8.299240371475538325e+01
-2.656250000000000000e-01 -8.340941706669947564e+01
-2.653808593750000000e-01 -8.384401978962053192e+01
-2.651367187500000000e-01 -8.429725326174468591e+01
-2.648925781250000000e-01 -8.477028575352643713e+01
-2.646484375000000000e-01 -8.526443382384688618e+01
-2.644042968750000000e-01 -8.578118853903623631e+01
-2.641601562500000000e-01 -8.632224788468543863e+01
-2.639160156250000000e-01 -8.688955721723324643e+01
-2.636718750000000000e-01 -8.748536028070414261e+01
-2.634277343750000000e-01 -8.811226429270423921e+01
-2.631835937500000000e-01 -8.877332404026921608e+01
-2.629394531250000000e-01 -8.947215208117422947e+01
-2.626953125000000000e-01 -9.021306544443356756e+01
-2.624511718750000000e-01 -9.100128440136263919e+01
-2.622070312500000000e-01 -9.184320723291372701e+01
-2.619628906250000000e-01 -9.274679882205857950e+01
-2.617187500000000000e-01 -9.372215488488212998e+01
-2.614746093750000000e-01 -9.478234676165965311e+01
-2.612304687500000000e-01 -9.594473300182266939e+01
-2.609863281250000000e-01 -9.723308637539152244e+01
-2.607421875000000000e-01 -9.868123253181229870e+01
-2.604980468750000000e-01 -1.003397069749579487e+02
-2.602539062500000000e-01 -1.022890448408176809e+02
-2.600097656250000000e-01 -1.046696582480379902e+02
-2.597656250000000000e-01 -1.077617024350582540e+02
-2.595214843750000000e-01 -1.122687027586277395e+02
-2.592773437500000000e-01 -1.211819956880532629e+02
-2.590332031250000000e-01 -1.245022780881696747e+02
-2.587890625000000000e-01 -1.141143644074083738e+02
-2.585449218750000000e-01 -1.097674320003270054e+02
-2.583007812500000000e-01 -1.070672777980002337e+02
-2.580566406250000000e-01 -1.051576582361592784e+02
-2.578125000000000000e-01 -1.037174230697446973e+02
-2.575683593750000000e-01 -1.025909074348208634e+02
-2.573242187500000000e-01 -1.016909224788707888e+02
-2.570800781250000000e-01 -1.009638472913641465e+02
-2.568359375000000000e-01 -1.003744929881113137e+02
-2.565917968750000000e-01 -9.989866144881055732e+01
-2.563476562500000000e-01 -9.951913887686713167e+01
-2.561035156250000000e-01 -9.922338559368986921e+01
-2.558593750000000000e-01 -9.900213176242471036e+01
-2.556152343750000000e-01 -9.884848870187067860e+01
-2.553710937500000000e-01 -9.875736996298712711e+01
-2.551269531250000000e-01 -9.872510789862525371e+01
-2.548828125000000000e-01 -9.874919981163800742e+01
-2.546386718750000000e-01 -9.882814481853385757e+01
-2.543945312500000000e-01 -9.896134864119849794e+01
-2.541503906250000000e-01 -9.914908386711501009e+01
-2.539062500000000000e-01 -9.939250064833035481e+01
-2.536621093750000000e-01 -9.969368912708246455e+01
-2.534179687500000000e-01 -1.000558014750826317e+02
-2.531738281250000000e-01 -1.004832498021469718e+02
-2.529296875000000000e-01 -1.009820084530532114e+02
-2.526855468750000000e-01 -1.015600689872873943e+02
-2.524414062500000000e-01 -1.022281302927427475e+02
-2.521972656250000000e-01 -1.030006687933526450e+02
-2.519531250000000000e-01 -1.038976550610272795e+02
-2.517089843750000000e-01 -1.049474347495359723e+02
-2.514648437500000000e-01 -1.061918564089241670e+02
-2.512207031250000000e-01 -1.076961272683777793e+02
-2.509765625000000000e-01 -1.095698171046780942e+02
-2.507324218750000000e-01 -1.120186723298352831e+02
-2.504882812500000000e-01 -1.155049761005967781e+02
-2.502441406250000000e-01 -1.215043169335910420e+02
-2.500000000000000000e-01 -inf
-2.497558593750000000e-01 -1.215043169329778152e+02
-2.495117187500000000e-01 -1.155049761006178386e+02
-2.492675781250000000e-01 -1.120186723296688740e+02
-2.490234375000000000e-01 -1.095698171047412188e+02
-2.487792968750000000e-01 -1.076961272682687820e+02
-2.485351562500000000e-01 -1.061918564089661743e+02
-2.482910156250000000e-01 -1.049474347496310145e+02
-2.480468750000000000e-01 -1.038976550611110952e+02
-2.478027343750000000e-01 -1.030006687934180718e+02
-2.475585937500000000e-01 -1.022281302926548250e+02
-2.473144531250000000e-01 -1.015600689872873943e+02
-2.470703125000000000e-01 -1.009820084529089002e+02
-2.468261718750000000e-01 -1.004832498022495884e+02
-2.465820312500000000e-01 -1.000558014751491385e+02
-2.463378906250000000e-01 -9.969368912709263952e+01
-2.460937500000000000e-01 -9.939250064819876229e+01
-2.458496093750000000e-01 -9.914908386708076193e+01
-2.456054687500000000e-01 -9.896134864119849794e+01
-2.453613281250000000e-01 -9.882814481857172950e+01
-2.451171875000000000e-01 -9.874919981156114090e+01
-2.448730468750000000e-01 -9.872510789858317537e+01
-2.446289062500000000e-01 -9.875736996298610393e+01
-2.443847656250000000e-01 -9.884848870190481307e+01
-2.441406250000000000e-01 -9.900213176252148628e+01
-2.438964843750000000e-01 -9.922338559367813104e+01
-2.436523437500000000e-01 -9.951913887681655524e+01
-2.434082031250000000e-01 -9.989866144881055732e+01
-2.431640625000000000e-01 -1.003744929881143833e+02
-2.429199218750000000e-01 -1.009638472913330673e+02
-2.426757812500000000e-01 -1.016909224788290942e+02
-2.424316406250000000e-01 -1.025909074348386838e+02
-2.421875000000000000e-01 -1.037174230698491897e+02
-2.419433593750000000e-01 -1.051576582362492616e+02
-2.416992187500000000e-01 -1.070672777979453372e+02
-2.414550781250000000e-01 -1.097674320004397259e+02
-2.412109375000000000e-01 -1.141143644073656134e+02
-2.409667968750000000e-01 -1.245022780875941777e+02
-2.407226562500000000e-01 -1.211819956882391693e+02
-2.404785156250000000e-01 -1.122687027588446966e+02
-2.402343750000000000e-01 -1.077617024348733139e+02
-2.399902343750000000e-01 -1.046696582480278863e+02
-2.397460937500000000e-01 -1.022890448407581516e+02
-2.395019531250000000e-01 -1.003397069749561012e+02
-2.392578125000000000e-01 -9.868123253198309897e+01
-2.390136718750000000e-01 -9.723308637540350219e+01
-2.387695312500000000e-01 -9.594473300185563858e+01
-2.385253906250000000e-01 -9.478234676168035833e+01
-2.382812500000000000e-01 -9.372215488492980739e+01
-2.380371093750000000e-01 -9.274679882210541848e+01
-2.377929687500000000e-01 -9.184320723293151900e+01
-2.375488281250000000e-01 -9.100128440140456121e+01
-2.373046875000000000e-01 -9.021306544444561837e+01
-2.370605468750000000e-01 -8.947215208114828044e+01
-2.368164062500000000e-01 -8.877332404025052881e+01
-2.365722656250000000e-01 -8.811226429270965355e+01
-2.363281250000000000e-01 -8.748536028072946635e+01
-2.360839843750000000e-01 -8.688955721725299952e+01
-2.358398437500000000e-01 -8.632224788471674515e+01
-2.355957031250000000e-01 -8.578118853905542096e+01
-2.353515625000000000e-01 -8.526443382386173653e+01
-2.351074218750000000e-01 -8.477028575350468032e+01
-2.348632812500000000e-01 -8.429725326175017130e+01
-2.346191406250000000e-01 -8.384401978960529789e+01
-2.343750000000000000e-01 -8.340941706670660949e+01
-2.341308593750000000e-01 -8.299240371474760991e+01
-2.338867187500000000e-01 -8.259204764632323759e+01
-2.336425781250000000e-01 -8.220751147735293785e+01
-2.333984375000000000e-01 -8.183804035453243841e+01
-2.331542968750000000e-01 -8.148295173349097809e+01
-2.329101562500000000e-01 -8.114162674443412016e+01
-2.326660156250000000e-01 -8.081350285962506064e+01
-2.324218750000000000e-01 -8.049806763433122114e+01
-2.321777343750000000e-01 -8.019485334034830259e+01
-2.319335937500000000e-01 -7.990343234417143492e+01
-2.316894531250000000e-01 -7.962341311156207269e+01
-2.314453125000000000e-01 -7.935443674090777222e+01
-2.312011718750000000e-01 -7.909617394599285944e+01
-2.309570312500000000e-01 -7.884832242209532183e+01
-2.307128906250000000e-01 -7.861060454098580408e+01
-2.304687500000000000e-01 -7.838276532974639110e+01
-2.302246093750000000e-01 -7.816457069499834631e+01
-2.299804687500000000e-01 -7.795580586105197085e+01
-2.297363281250000000e-01 -7.775627399517959759e+01
-2.294921875000000000e-01 -7.756579499716545456e+01
-2.292480468750000000e-01 -7.738420443445053820e+01
-2.290039062500000000e-01 -7.721135260617529639e+01
-2.287597656250000000e-01 -7.704710372287766518e+01
-2.285156250000000000e-01 -7.689133519000291983e+01
-2.282714843750000000e-01 -7.674393698540551156e+01
-2.280273437500000000e-01 -7.660481112261675207e+01
-2.277832031250000000e-01 -7.647387119308483250e+01
-2.275390625000000000e-01 -7.635104198137973697e+01
-2.272949218750000000e-01 -7.623625914893669631e+01
-2.270507812500000000e-01 -7.612946898239680138e+01
-2.268066406250000000e-01 -7.603062820387711440e+01
-2.265625000000000000e-01 -7.593970384080060398e+01
-2.263183593750000000e-01 -7.585667315422509205e+01
-2.260742187500000000e-01 -7.578152362485674587e+01
-2.258300781250000000e-01 -7.571425299706039880e+01
-2.255859375000000000e-01 -7.565486938151113350e+01
-2.253417968750000000e-01 -7.560339141815987318e+01
-2.250976562500000000e-01 -7.555984850186847268e+01
-2.248535156250000000e-01 -7.552428107378744926e+01
-2.246093750000000000e-01 -7.549674098271799494e+01
-2.243652343750000000e-01 -7.547729192133915888e+01
-2.241210937500000000e-01 -7.546600994361888581e+01
-2.238769531250000000e-01 -7.546298407083334325e+01
-2.236328125000000000e-01 -7.546831699498083879e+01
-2.233886718750000000e-01 -7.548212589030617892e+01
-2.231445312500000000e-01 -7.550454334539648471e+01
-2.229003906250000000e-01 -7.553571843057171975e+01
-2.226562500000000000e-01 -7.557581791815348993e+01
-2.224121093750000000e-01 -7.562502767644116375e+01
-2.221679687500000000e-01 -7.568355426172080058e+01
-2.219238281250000000e-01 -7.575162673774440236e+01
-2.216796875000000000e-01 -7.582949875734443879e+01
-2.214355468750000000e-01 -7.591745094801933647e+01
-2.211914062500000000e-01 -7.601579365112816333e+01
-2.209472656250000000e-01 -7.612487007523708371e+01
-2.207031250000000000e-01 -7.624505993638240398e+01
-2.204589843750000000e-01 -7.637678367404136281e+01
-2.202148437500000000e-01 -7.652050735137545701e+01
-2.199707031250000000e-01 -7.667674837331310300e+01
-2.197265625000000000e-01 -7.684608218795391110e+01
-2.194824218750000000e-01 -7.702915017733437253e+01
-2.192382812500000000e-01 -7.722666899616420721e+01
-2.189941406250000000e-01 -7.743944168590647337e+01
-2.187500000000000000e-01 -7.766837098105426662e+01
-2.185058593750000000e-01 -7.791447534403091879e+01
-2.182617187500000000e-01 -7.817890842507172522e+01
-2.180175781250000000e-01 -7.846298286043558790e+01
-2.177734375000000000e-01 -7.876819961955004601e+01
-2.175292968750000000e-01 -7.909628452633296547e+01
-2.172851562500000000e-01 -7.944923416333082855e+01
-2.170410156250000000e-01 -7.982937420482431889e+01
-2.167968750000000000e-01 -8.023943444483201404e+01
-2.165527343750000000e-01 -8.068264659943280037e+01
-2.163085937500000000e-01 -8.116287371287020846e+01
-2.160644531250000000e-01 -8.168478426995800135e+01
-2.158203125000000000e-01 -8.225409092718687987e+01
-2.155761718750000000e-01 -8.287788495927233612e+01
-2.153320312500000000e-01 -8.356511651182194100e+01
-2.150878906250000000e-01 -8.432730428105728038e+01
-2.148437500000000000e-01 -8.517962016315526341e+01
-2.145996093750000000e-01 -8.614261500473240574e+01
-2.143554687500000000e-01 -8.724510188486638640e+01
-2.141113281250000000e-01 -8.852927505060196722e+01
-2.138671875000000000e-01 -9.006053319707510241e+01
-2.136230468750000000e-01 -9.194838924132653801e+01
-2.133789062500000000e-01 -9.439798877663908172e+01
-2.131347656250000000e-01 -9.786927320266687502e+01
-2.128906250000000000e-01 -1.038253665845984841e+02
-2.126464843750000000e-01 -1.485211245953143475e+02
-2.124023437500000000e-01 -1.038566012484036207e+02
-2.121582031250000000e-01 -9.777972181096887994e+01
-2.119140625000000000e-01 -9.422139844073615222e+01
-2.116699218750000000e-01 -9.169315641968213981e+01
-2.114257812500000000e-01 -8.972997144977540529e+01
-2.111816406250000000e-01 -8.812499290539574304e+01
-2.109375000000000000e-01 -8.676796791863024794e+01
-2.106933593750000000e-01 -8.559311973017189246e+01
-2.104492187500000000e-01 -8.455803684831394662e+01
-2.102050781250000000e-01 -8.363376933948273972e+01
-2.099609375000000000e-01 -8.279967333169454946e+01
-2.097167968750000000e-01 -8.204050944976962967e+01
-2.094726562500000000e-01 -8.134470721829454476e+01
-2.092285156250000000e-01 -8.070327478401092947e+01
-2.089843750000000000e-01 -8.010908585717433539e+01
-2.087402343750000000e-01 -7.955639734564030618e+01
-2.084960937500000000e-01 -7.904051353926675461e+01
-2.082519531250000000e-01 -7.855754646474778724e+01
-2.080078125000000000e-01 -7.810424114664189688e+01
-2.077636718750000000e-01 -7.767784576102624783e+01
-2.075195312500000000e-01 -7.727601351789404305e+01
-2.072753906250000000e-01 -7.689672740251755556e+01
-2.070312500000000000e-01 -7.653824167092392372e+01
-2.067871093750000000e-01 -7.619903581612631172e+01
-2.065429687500000000e-01 -7.587777794740368620e+01
-2.062988281250000000e-01 -7.557329536574711426e+01
-2.060546875000000000e-01 -7.528455070465454924e+01
-2.058105468750000000e-01 -7.501062242159788696e+01
-2.055664062500000000e-01 -7.475068872374288276e+01
-2.053222656250000000e-01 -7.450401422949101971e+01
-2.050781250000000000e-01 -7.426993882807583702e+01
-2.048339843750000000e-01 -7.404786831857842344e+01
-2.045898437500000000e-01 -7.383726650077821319e+01
-2.043457031250000000e-01 -7.363764845805434334e+01
-2.041015625000000000e-01 -7.344857482604574273e+01
-2.038574218750000000e-01 -7.326964688109366364e+01
-2.036132812500000000e-01 -7.310050231464235537e+01
-2.033691406250000000e-01 -7.294081158479400528e+01
-2.031250000000000000e-01 -7.279027475614431353e+01
-2.028808593750000000e-01 -7.264861875476849207e+01
-2.026367187500000000e-01 -7.251559497817017075e+01
-2.023925781250000000e-01 -7.239097721004229413e+01
-2.021484375000000000e-01 -7.227455979835724520e+01
-2.019042968750000000e-01 -7.216615606178731923e+01
-2.016601562500000000e-01 -7.206559689550235248e+01
-2.014160156250000000e-01 -7.197272955160578078e+01
-2.011718750000000000e-01 -7.188741657371186022e+01
-2.009277343750000000e-01 -7.180953486819980469e+01
-2.006835937500000000e-01 -7.173897489744301481e+01
-2.004394531250000000e-01 -7.167563998269241665e+01
-2.001953125000000000e-01 -7.161944570620696027e+01
-1.999511718750000000e-01 -7.157031940394846004e+01
-1.997070312500000000e-01 -7.152819974166526151e+01
-1.994628906250000000e-01 -7.149303636841281673e+01
-1.992187500000000000e-01 -7.146478964285134339e+01
-1.989746093750000000e-01 -7.144343042853391523e+01
-1.987304687500000000e-01 -7.142893995560295650e+01
-1.984863281250000000e-01 -7.142130974686683942e+01
-1.982421875000000000e-01 -7.142054160748683955e+01
-1.979980468750000000e-01 -7.142664767796333081e+01
-1.977539062500000000e-01 -7.143965055125588037e+01
-1.975097656250000000e-01 -7.145958345545446377e+01
-1.972656250000000000e-01 -7.148649050452073084e+01
-1.970214843750000000e-01 -7.152042702040354527e+01
-1.967773437500000000e-01 -7.156145993089258184e+01
-1.965332031250000000e-01 -7.160966824880293302e+01
-1.962890625000000000e-01 -7.166514363905598373e+01
-1.960449218750000000e-01 -7.172799108202161733e+01
-1.958007812500000000e-01 -7.179832964277160556e+01
-1.955566406250000000e-01 -7.187629335791882568e+01
-1.953125000000000000e-01 -7.196203225404748594e+01
-1.950683593750000000e-01 -7.205571351394952728e+01
-1.948242187500000000e-01 -7.215752281036012050e+01
-1.945800781250000000e-01 -7.226766583027206536e+01
-1.943359375000000000e-01 -7.238637001733272314e+01
-1.940917968750000000e-01 -7.251388656511829822e+01
-1.938476562500000000e-01 -7.265049270061057030e+01
-1.936035156250000000e-01 -7.279649430468384708e+01
-1.933593750000000000e-01 -7.295222892643997170e+01
-1.931152343750000000e-01 -7.311806925972094007e+01
-1.928710937500000000e-01 -7.329442716509305455e+01
-1.926269531250000000e-01 -7.348175833887937358e+01
-1.923828125000000000e-01 -7.368056775415928428e+01
-1.921386718750000000e-01 -7.389141602780070173e+01
-1.918945312500000000e-01 -7.411492690567249042e+01
-1.916503906250000000e-01 -7.435179610579746168e+01
-1.914062500000000000e-01 -7.460280182292395068e+01
-1.911621093750000000e-01 -7.486881727933591435e+01
-1.909179687500000000e-01 -7.515082581637986436e+01
-1.906738281250000000e-01 -7.544993916584721205e+01
-1.904296875000000000e-01 -7.576741973710456080e+01
-1.901855468750000000e-01 -7.610470802434956283e+01
-1.899414062500000000e-01 -7.646345660951618584e+01
-1.896972656250000000e-01 -7.684557275886821515e+01
-1.894531250000000000e-01 -7.725327235479511501e+01
-1.892089843750000000e-01 -7.768914898299370009e+01
-1.889648437500000000e-01 -7.815626358727445222e+01
-1.887207031250000000e-01 -7.865826250335945247e+01
-1.884765625000000000e-01 -7.919953537975598579e+01
-1.882324218750000000e-01 -7.978543033546019103e+01
-1.879882812500000000e-01 -8.042255320299121024e+01
-1.877441406250000000e-01 -8.111919365348275335e+01
-1.875000000000000000e-01 -8.188594878927979437e+01
-1.872558593750000000e-01 -8.273666532703586540e+01
-1.870117187500000000e-01 -8.368991814344785496e+01
-1.867675781250000000e-01 -8.477143921932665194e+01
-1.865234375000000000e-01 -8.601833970464794277e+01
-1.862792968750000000e-01 -8.748699327545702431e+01
-1.860351562500000000e-01 -8.926920655596441634e+01
-1.857910156250000000e-01 -9.152998791397459399e+01
-1.855468750000000000e-01 -9.461464181483012226e+01
-1.853027343750000000e-01 -9.947261829177244863e+01
-1.850585937500000000e-01 -1.115989743259150799e+02
-1.848144531250000000e-01 -1.053664960305948455e+02
-1.845703125000000000e-01 -9.743632867123608321e+01
-1.843261718750000000e-01 -9.335506008150825608e+01
-1.840820312500000000e-01 -9.058679401846944756e+01
-1.838378906250000000e-01 -8.848999175619769630e+01
-1.835937500000000000e-01 -8.680261302214977093e+01
-1.833496093750000000e-01 -8.539157133327174165e+01
-1.831054687500000000e-01 -8.417992962708228788e+01
-1.828613281250000000e-01 -8.311917494373601301e+01
-1.826171875000000000e-01 -8.217674035935107213e+01
-1.823730468750000000e-01 -8.132970207317558220e+01
-1.821289062500000000e-01 -8.056131259099682040e+01
-1.818847656250000000e-01 -7.985896428939301472e+01
-1.816406250000000000e-01 -7.921292884197802664e+01
-1.813964843750000000e-01 -7.861554277398569468e+01
-1.811523437500000000e-01 -7.806066214196249575e+01
-1.809082031250000000e-01 -7.754328620868636790e+01
-1.806640625000000000e-01 -7.705929092047924200e+01
-1.804199218750000000e-01 -7.660523585448841288e+01
-1.801757812500000000e-01 -7.617822159900269696e+01
-1.799316406250000000e-01 -7.577578254079634235e+01
-1.796875000000000000e-01 -7.539580500992373402e+01
-1.794433593750000000e-01 -7.503646391116784287e+01
-1.791992187500000000e-01 -7.469617304927619728e+01
-1.789550781250000000e-01 -7.437354574574624166e+01
-1.787109375000000000e-01 -7.406736329167908650e+01
-1.784667968750000000e-01 -7.377654943898988904e+01
-1.782226562500000000e-01 -7.350014959603495868e+01
-1.779785156250000000e-01 -7.323731372515304372e+01
-1.777343750000000000e-01 -7.298728218086388608e+01
-1.774902343750000000e-01 -7.274937390386297409e+01
-1.772460937500000000e-01 -7.252297651775153042e+01
-1.770019531250000000e-01 -7.230753797397368032e+01
-1.767578125000000000e-01 -7.210255946525748527e+01
-1.765136718750000000e-01 -7.190758938559388014e+01
-1.762695312500000000e-01 -7.172221815850720361e+01
-1.760253906250000000e-01 -7.154607379048587745e+01
-1.757812500000000000e-01 -7.137881803304058792e+01
-1.755371093750000000e-01 -7.122014305858515115e+01
-1.752929687500000000e-01 -7.106976857219315491e+01
-1.750488281250000000e-01 -7.092743929503176048e+01
-1.748046875000000000e-01 -7.079292276621922042e+01
-1.745605468750000000e-01 -7.066600741878060887e+01
-1.743164062500000000e-01 -7.054650089283306613e+01
-1.740722656250000000e-01 -7.043422855465472310e+01
-1.738281250000000000e-01 -7.032903219585972465e+01
-1.735839843750000000e-01 -7.023076889033504244e+01
-1.733398437500000000e-01 -7.013930999050192838e+01
-1.730957031250000000e-01 -7.005454024703151106e+01
-1.728515625000000000e-01 -6.997635703863392109e+01
-1.726074218750000000e-01 -6.990466970058876939e+01
-1.723632812500000000e-01 -6.983939894246648805e+01
-1.721191406250000000e-01 -6.978047634686282663e+01
-1.718750000000000000e-01 -6.972784394238260575e+01
-1.716308593750000000e-01 -6.968145384527312558e+01
-1.713867187500000000e-01 -6.964126796490489824e+01
-1.711425781250000000e-01 -6.960725776948909527e+01
-1.708984375000000000e-01 -6.957940410897273864e+01
-1.706542968750000000e-01 -6.955769709295994119e+01
-1.704101562500000000e-01 -6.954213602214932166e+01
-1.701660156250000000e-01 -6.953272937251608710e+01
-1.699218750000000000e-01 -6.952949483190280944e+01
-1.696777343750000000e-01 -6.953245938969305939e+01
-1.694335937500000000e-01 -6.954165948055748459e+01
-1.691894531250000000e-01 -6.955714118413564506e+01
-1.689453125000000000e-01 -6.957896048314813697e+01
-1.687011718750000000e-01 -6.960718358330164790e+01
-1.684570312500000000e-01 -6.964188729910992492e+01
-1.682128906250000000e-01 -6.968315951069921255e+01
-1.679687500000000000e-01 -6.973109969783408246e+01
-1.677246093750000000e-01 -6.978581955844768459e+01
-1.674804687500000000e-01 -6.984744372042649729e+01
-1.672363281250000000e-01 -6.991611055712752432e+01
-1.669921875000000000e-01 -6.999197311857130899e+01
-1.667480468750000000e-01 -7.007520019303044023e+01
-1.665039062500000000e-01 -7.016597751580704312e+01
-1.662597656250000000e-01 -7.026450914534402159e+01
-1.660156250000000000e-01 -7.037101903048933593e+01
-1.657714843750000000e-01 -7.048575279709001506e+01
-1.655273437500000000e-01 -7.060897978748674575e+01
-1.652832031250000000e-01 -7.074099539306122608e+01
-1.650390625000000000e-01 -7.088212372786095727e+01
-1.647949218750000000e-01 -7.103272070117363057e+01
-1.645507812500000000e-01 -7.119317755906256195e+01
-1.643066406250000000e-01 -7.136392497983979410e+01
-1.640625000000000000e-01 -7.154543782746432612e+01
-1.638183593750000000e-01 -7.173824069041560847e+01
-1.635742187500000000e-01 -7.194291436391404204e+01
-1.633300781250000000e-01 -7.216010347191290464e+01
-1.630859375000000000e-01 -7.239052547477562882e+01
-1.628417968750000000e-01 -7.263498137327142956e+01
-1.625976562500000000e-01 -7.289436850436435122e+01
-1.623535156250000000e-01 -7.316969593568418873e+01
-1.621093750000000000e-01 -7.346210311639666202e+01
-1.618652343750000000e-01 -7.377288264393851591e+01
-1.616210937500000000e-01 -7.410350828451247196e+01
-1.613769531250000000e-01 -7.445566976900764189e+01
-1.611328125000000000e-01 -7.483131642795646599e+01
-1.608886718750000000e-01 -7.523271250107990227e+01
-1.606445312500000000e-01 -7.566250807925764832e+01
-1.604003906250000000e-01 -7.612383129674063298e+01
-1.601562500000000000e-01 -7.662040989763806920e+01
-1.599121093750000000e-01 -7.715673417281024626e+01
-1.596679687500000000e-01 -7.773827939981605084e+01
-1.594238281250000000e-01 -7.837181592600792612e+01
-1.591796875000000000e-01 -7.906585190074447667e+01
-1.589355468750000000e-01 -7.983128317109371608e+01
-1.586914062500000000e-01 -8.068237878045444234e+01
-1.584472656250000000e-01 -8.163833423374617837e+01
-1.582031250000000000e-01 -8.272583677753782183e+01
-1.579589843750000000e-01 -8.398355414975307554e+01
-1.577148437500000000e-01 -8.547058792880334011e+01
-1.574707031250000000e-01 -8.728401386899305692e+01
-1.572265625000000000e-01 -8.960053024013707557e+01
-1.569824218750000000e-01 -9.279766405907368210e+01
-1.567382812500000000e-01 -9.795817894251982239e+01
-1.564941406250000000e-01 -1.126748655950837303e+02
-1.562500000000000000e-01 -1.018783897344650597e+02
-1.560058593750000000e-01 -9.466575264954532543e+01
-1.557617187500000000e-01 -9.076895561009690994e+01
-1.555175781250000000e-01 -8.808197050634569791e+01
-1.552734375000000000e-01 -8.602893126418734937e+01
-1.550292968750000000e-01 -8.436757092680863934e+01
-1.547851562500000000e-01 -8.297281744007229065e+01
-1.545410156250000000e-01 -8.177160260779247380e+01
-1.542968750000000000e-01 -8.071751303167727087e+01
-1.540527343750000000e-01 -7.977922188030107975e+01
-1.538085937500000000e-01 -7.893458671134811766e+01
-1.535644531250000000e-01 -7.816737828858663306e+01
-1.533203125000000000e-01 -7.746534752348956943e+01
-1.530761718750000000e-01 -7.681902308163282100e+01
-1.528320312500000000e-01 -7.622093140993071358e+01
-1.525878906250000000e-01 -7.566507273567864900e+01
-1.523437500000000000e-01 -7.514655841368335132e+01
-1.520996093750000000e-01 -7.466135344930552264e+01
-1.518554687500000000e-01 -7.420608959440235708e+01
-1.516113281250000000e-01 -7.377792700820940297e+01
-1.513671875000000000e-01 -7.337445008767377885e+01
-1.511230468750000000e-01 -7.299358781731226031e+01
-1.508789062500000000e-01 -7.263355202549784906e+01
-1.506347656250000000e-01 -7.229278892618832231e+01
-1.503906250000000000e-01 -7.196994065942514851e+01
-1.501464843750000000e-01 -7.166381445497600566e+01
-1.499023437500000000e-01 -7.137335767772407280e+01
-1.496582031250000000e-01 -7.109763746013543084e+01
-1.494140625000000000e-01 -7.083582394866682819e+01
-1.491699218750000000e-01 -7.058717642343125931e+01
-1.489257812500000000e-01 -7.035103172214184042e+01
-1.486816406250000000e-01 -7.012679452678735004e+01
-1.484375000000000000e-01 -6.991392916742849195e+01
-1.481933593750000000e-01 -6.971195267027196962e+01
-1.479492187500000000e-01 -6.952042883300480014e+01
-1.477050781250000000e-01 -6.933896315370826358e+01
-1.474609375000000000e-01 -6.916719847304582913e+01
-1.472167968750000000e-01 -6.900481121601089285e+01
-1.469726562500000000e-01 -6.885150814049936230e+01
-1.467285156250000000e-01 -6.870702351646612271e+01
-1.464843750000000000e-01 -6.857111667285317935e+01
-1.462402343750000000e-01 -6.844356986037649904e+01
-1.459960937500000000e-01 -6.832418638682266021e+01
-1.457519531250000000e-01 -6.821278898879251074e+01
-1.455078125000000000e-01 -6.810921840971300867e+01
-1.452636718750000000e-01 -6.801333215870701565e+01
-1.450195312500000000e-01 -6.792500342899822385e+01
-1.447753906250000000e-01 -6.784412015801937912e+01
-1.445312500000000000e-01 -6.777058421404306898e+01
-1.442871093750000000e-01 -6.770431069664584811e+01
-1.440429687500000000e-01 -6.764522734059954701e+01
-1.437988281250000000e-01 -6.759327401415987424e+01
-1.435546875000000000e-01 -6.754840230461653050e+01
-1.433105468750000000e-01 -6.751057518523850831e+01
-1.430664062500000000e-01 -6.747976675896312315e+01
-1.428222656250000000e-01 -6.745596207517971266e+01
-1.425781250000000000e-01 -6.743915701730641388e+01
-1.423339843750000000e-01 -6.742935825948381989e+01
-1.420898437500000000e-01 -6.742658329186534161e+01
-1.418457031250000000e-01 -6.743086051479220089e+01
-1.416015625000000000e-01 -6.744222940319488657e+01
-1.413574218750000000e-01 -6.746074074337326465e+01
-1.411132812500000000e-01 -6.748645694544693185e+01
-1.408691406250000000e-01 -6.751945243578272482e+01
-1.406250000000000000e-01 -6.755981413498649601e+01
-1.403808593750000000e-01 -6.760764202818722879e+01
-1.401367187500000000e-01 -6.766304983618755386e+01
-1.398925781250000000e-01 -6.772616579729965736e+01
-1.396484375000000000e-01 -6.779713357222084369e+01
-1.394042968750000000e-01 -6.787611328604508287e+01
-1.391601562500000000e-01 -6.796328272476884536e+01
-1.389160156250000000e-01 -6.805883870647021183e+01
-1.386718750000000000e-01 -6.816299865138388725e+01
-1.384277343750000000e-01 -6.827600237970737851e+01
-1.381835937500000000e-01 -6.839811417151190653e+01
-1.379394531250000000e-01 -6.852962512986135835e+01
-1.376953125000000000e-01 -6.867085589671134471e+01
-1.374511718750000000e-01 -6.882215978107437593e+01
-1.372070312500000000e-01 -6.898392637187791365e+01
-1.369628906250000000e-01 -6.915658572319897246e+01
-1.367187500000000000e-01 -6.934061321968027869e+01
-1.364746093750000000e-01 -6.953653525431286653e+01
-1.362304687500000000e-01 -6.974493588254674137e+01
-1.359863281250000000e-01 -6.996646465674480453e+01
-1.357421875000000000e-01 -7.020184589735694658e+01
-1.354980468750000000e-01 -7.045188972442382180e+01
-1.352539062500000000e-01 -7.071750526242146861e+01
-1.350097656250000000e-01 -7.099971654893610662e+01
-1.347656250000000000e-01 -7.129968183596601250e+01
-1.345214843750000000e-01 -7.161871718653831920e+01
-1.342773437500000000e-01 -7.195832556327056295e+01
-1.340332031250000000e-01 -7.232023301351468092e+01
-1.337890625000000000e-01 -7.270643413153200640e+01
-1.335449218750000000e-01 -7.311924980229585458e+01
-1.333007812500000000e-01 -7.356140143254778252e+01
-1.330566406250000000e-01 -7.403610765726402576e+01
-1.328125000000000000e-01 -7.454721221235325856e+01
-1.325683593750000000e-01 -7.509935585672852199e+01
-1.323242187500000000e-01 -7.569821190386181797e+01
-1.320800781250000000e-01 -7.635081587184211571e+01
-1.318359375000000000e-01 -7.706603832837558343e+01
-1.315917968750000000e-01 -7.785528272911705017e+01
-1.313476562500000000e-01 -7.873355035310494543e+01
-1.311035156250000000e-01 -7.972113160122913200e+01
-1.308593750000000000e-01 -8.084642540510999709e+01
-1.306152343750000000e-01 -8.215093069492264988e+01
-1.303710937500000000e-01 -8.369879005163372199e+01
-1.301269531250000000e-01 -8.559700316031580769e+01
-1.298828125000000000e-01 -8.804486843879405455e+01
-1.296386718750000000e-01 -9.148491981409682694e+01
-1.293945312500000000e-01 -9.729498963086258811e+01
-1.291503906250000000e-01 -1.241870407402788601e+02
-1.289062500000000000e-01 -9.810096440295298237e+01
-1.286621093750000000e-01 -9.186280611583532618e+01
-1.284179687500000000e-01 -8.826913423267669145e+01
-1.281738281250000000e-01 -8.573619001616116009e+01
-1.279296875000000000e-01 -8.378031189922913313e+01
-1.276855468750000000e-01 -8.218849843964675017e+01
-1.274414062500000000e-01 -8.084787921249734666e+01
-1.271972656250000000e-01 -7.969137745509193849e+01
-1.269531250000000000e-01 -7.867586506520960654e+01
-1.267089843750000000e-01 -7.777196641100827890e+01
-1.264648437500000000e-01 -7.695877027862189834e+01
-1.262207031250000000e-01 -7.622086217945303588e+01
-1.259765625000000000e-01 -7.554655321055555817e+01
-1.257324218750000000e-01 -7.492676949761727201e+01
-1.254882812500000000e-01 -7.435432698533060147e+01
-1.252441406250000000e-01 -7.382344148616978430e+01
-1.250000000000000000e-01 -7.332938796285954197e+01
-1.247558593750000000e-01 -7.286825761925388178e+01
-1.245117187500000000e-01 -7.243678093139016028e+01
-1.242675781250000000e-01 -7.203219624280950484e+01
-1.240234375000000000e-01 -7.165215053612413953e+01
-1.237792968750000000e-01 -7.129462336866907890e+01
-1.235351562500000000e-01 -7.095786777449683314e+01
-1.232910156250000000e-01 -7.064036378747721301e+01
-1.230468750000000000e-01 -7.034078148579018830e+01
-1.228027343750000000e-01 -7.005795131178336987e+01
-1.225585937500000000e-01 -6.979084001613826160e+01
-1.223144531250000000e-01 -6.953853099675136207e+01
-1.220703125000000000e-01 -6.930020810568400691e+01
-1.218261718750000000e-01 -6.907514221794853881e+01
-1.215820312500000000e-01 -6.886268001843444608e+01
-1.213378906250000000e-01 -6.866223458449799466e+01
-1.210937500000000000e-01 -6.847327743295701907e+01
-1.208496093750000000e-01 -6.829533176971102648e+01
-1.206054687500000000e-01 -6.812796673345847864e+01
-1.203613281250000000e-01 -6.797079246637879635e+01
-1.201171875000000000e-01 -6.782345587675379761e+01
-1.198730468750000000e-01 -6.768563698389303340e+01
-1.196289062500000000e-01 -6.755704575587706984e+01
-1.193847656250000000e-01 -6.743741936656576286e+01
-1.191406250000000000e-01 -6.732651981119585116e+01
-1.188964843750000000e-01 -6.722413183041059881e+01
-1.186523437500000000e-01 -6.713006110079834343e+01
-1.184082031250000000e-01 -6.704413265718964965e+01
-1.181640625000000000e-01 -6.696618951742627246e+01
-1.179199218750000000e-01 -6.689609148522433202e+01
-1.176757812500000000e-01 -6.683371411050536892e+01
-1.174316406250000000e-01 -6.677894779004425629e+01
-1.171875000000000000e-01 -6.673169699390716403e+01
-1.169433593750000000e-01 -6.669187960566500806e+01
-1.166992187500000000e-01 -6.665942636626321871e+01
-1.164550781250000000e-01 -6.663428041336685226e+01
-1.162109375000000000e-01 -6.661639690941973413e+01
-1.159667968750000000e-01 -6.660574275307475034e+01
-1.157226562500000000e-01 -6.660229636995457270e+01
-1.154785156250000000e-01 -6.660604757981136004e+01
-1.152343750000000000e-01 -6.661699753822499304e+01
-1.149902343750000000e-01 -6.663515875204812744e+01
-1.147460937500000000e-01 -6.666055516881607446e+01
-1.145019531250000000e-01 -6.669322234136997452e+01
-1.142578125000000000e-01 -6.673320766993901998e+01
-1.140136718750000000e-01 -6.678057072513864512e+01
-1.137695312500000000e-01 -6.683538365645806323e+01
-1.135253906250000000e-01 -6.689773169209728110e+01
-1.132812500000000000e-01 -6.696771373754819479e+01
-1.130371093750000000e-01 -6.704544308189738899e+01
-1.127929687500000000e-01 -6.713104822267715122e+01
-1.125488281250000000e-01 -6.722467382236452238e+01
-1.123046875000000000e-01 -6.732648181203492754e+01
-1.120605468750000000e-01 -6.743665266079460707e+01
-1.118164062500000000e-01 -6.755538683307409542e+01
-1.115722656250000000e-01 -6.768290646011406864e+01
-1.113281250000000000e-01 -6.781945725716232687e+01
-1.110839843750000000e-01 -6.796531072393624129e+01
-1.108398437500000000e-01 -6.812076667358920190e+01
-1.105957031250000000e-01 -6.828615614448351323e+01
-1.103515625000000000e-01 -6.846184476058463986e+01
-1.101074218750000000e-01 -6.864823662027308160e+01
-1.098632812500000000e-01 -6.884577881110681119e+01
-1.096191406250000000e-01 -6.905496667005832023e+01
-1.093750000000000000e-01 -6.927634993697492405e+01
-1.091308593750000000e-01 -6.951053998453510019e+01
-1.088867187500000000e-01 -6.975821835412691030e+01
-1.086425781250000000e-01 -7.002014688649835250e+01
-1.083984375000000000e-01 -7.029717981387480563e+01
-1.081542968750000000e-01 -7.059027828311369035e+01
-1.079101562500000000e-01 -7.090052791629361195e+01
-1.076660156250000000e-01 -7.122916019985588321e+01
-1.074218750000000000e-01 -7.157757874523565533e+01
-1.071777343750000000e-01 -7.194739181132571559e+01
-1.069335937500000000e-01 -7.234045296610881337e+01
-1.066894531250000000e-01 -7.275891245624698911e+01
-1.064453125000000000e-01 -7.320528285268338209e+01
-1.062011718750000000e-01 -7.368252400967523386e+01
-1.059570312500000000e-01 -7.419415457925603619e+01
-1.057128906250000000e-01 -7.474440070426703642e+01
-1.054687500000000000e-01 -7.533839782783161354e+01
-1.052246093750000000e-01 -7.598247014645806985e+01
-1.049804687500000000e-01 -7.668452655720207645e+01
-1.047363281250000000e-01 -7.745463671123066263e+01
-1.044921875000000000e-01 -7.830589540397589587e+01
-1.042480468750000000e-01 -7.925576794403441738e+01
-1.040039062500000000e-01 -8.032827833255822725e+01
-1.037597656250000000e-01 -8.155776578422624823e+01
-1.035156250000000000e-01 -8.299578777269313434e+01
-1.032714843750000000e-01 -8.472498113696553901e+01
-1.030273437500000000e-01 -8.689047615549874592e+01
-1.027832031250000000e-01 -8.978490702459180284e+01
-1.025390625000000000e-01 -9.415700208033649687e+01
-1.022949218750000000e-01 -1.033697051402835712e+02
-1.020507812500000000e-01 -1.044281630982205229e+02
-1.018066406250000000e-01 -9.453259423408690054e+01
-1.015625000000000000e-01 -9.003801276318780822e+01
-1.013183593750000000e-01 -8.710099186419253670e+01
-1.010742187500000000e-01 -8.491951220351532470e+01
-1.008300781250000000e-01 -8.318640366142443554e+01
-1.005859375000000000e-01 -8.175094083867828942e+01
-1.003417968750000000e-01 -8.052787169283153901e+01
-1.000976562500000000e-01 -7.946425048399733271e+01
-9.985351562500000000e-02 -7.852493087288127072e+01
-9.960937500000000000e-02 -7.768538611387836568e+01
-9.936523437500000000e-02 -7.692782017051094101e+01
-9.912109375000000000e-02 -7.623891070553999327e+01
-9.887695312500000000e-02 -7.560842547099046840e+01
-9.863281250000000000e-02 -7.502833549846809547e+01
-9.838867187500000000e-02 -7.449222530250008845e+01
-9.814453125000000000e-02 -7.399488818523985856e+01
-9.790039062500000000e-02 -7.353204103247963985e+01
-9.765625000000000000e-02 -7.310011861600625593e+01
-9.741210937500000000e-02 -7.269612220645893785e+01
-9.716796875000000000e-02 -7.231750615085042000e+01
-9.692382812500000000e-02 -7.196209153559846072e+01
-9.667968750000000000e-02 -7.162799952805180226e+01
-9.643554687500000000e-02 -7.131359924990563570e+01
-9.619140625000000000e-02 -7.101746654160788808e+01
-9.594726562500000000e-02 -7.073835099807349991e+01
-9.570312500000000000e-02 -7.047514936364098048e+01
-9.545898437500000000e-02 -7.022688387076627237e+01
-9.521484375000000000e-02 -6.999268446144843381e+01
-9.497070312500000000e-02 -6.977177408747712661e+01
-9.472656250000000000e-02 -6.956345647300744872e+01
-9.448242187500000000e-02 -6.936710586294529435e+01
-9.423828125000000000e-02 -6.918215838479494550e+01
-9.399414062500000000e-02 -6.900810473089900654e+01
-9.375000000000000000e-02 -6.884448392848682374e+01
-9.350585937500000000e-02 -6.869087801151925987e+01
-9.326171875000000000e-02 -6.854690744472432584e+01
-9.301757812500000000e-02 -6.841222717851221091e+01
-9.277343750000000000e-02 -6.828652323600657326e+01
-9.252929687500000000e-02 -6.816950975113883260e+01
-9.228515625000000000e-02 -6.806092639117940735e+01
-9.204101562500000000e-02 -6.796053610850026416e+01
-9.179687500000000000e-02 -6.786812317559754604e+01
-9.155273437500000000e-02 -6.778349146520054092e+01
-9.130859375000000000e-02 -6.770646294323042014e+01
-9.106445312500000000e-02 -6.763687634782873204e+01
-9.082031250000000000e-02 -6.757458603161521182e+01
-9.057617187500000000e-02 -6.751946094805401799e+01
-9.033203125000000000e-02 -6.747138376581267494e+01
-9.008789062500000000e-02 -6.743025009727639940e+01
-8.984375000000000000e-02 -6.739596782981293188e+01
-8.959960937500000000e-02 -6.736845654994256449e+01
-8.935546875000000000e-02 -6.734764705228005255e+01
-8.911132812500000000e-02 -6.733348092648031979e+01
-8.886718750000000000e-02 -6.732591021642213036e+01
-8.862304687500000000e-02 -6.732489714729051400e+01
-8.837890625000000000e-02 -6.733041391680720267e+01
-8.813476562500000000e-02 -6.734244254796529106e+01
-8.789062500000000000e-02 -6.736097480131870441e+01
-8.764648437500000000e-02 -6.738601214578275744e+01
-8.740234375000000000e-02 -6.741756578747120443e+01
-8.715820312500000000e-02 -6.745565675700241570e+01
-8.691406250000000000e-02 -6.750031605635892618e+01
-8.666992187500000000e-02 -6.755158486718499944e+01
-8.642578125000000000e-02 -6.760951482321212325e+01
-8.618164062500000000e-02 -6.767416835041204592e+01
-8.593750000000000000e-02 -6.774561907940329775e+01
-8.569335937500000000e-02 -6.782395233562911585e+01
-8.544921875000000000e-02 -6.790926571426693670e+01
-8.520507812500000000e-02 -6.800166974780164253e+01
-8.496093750000000000e-02 -6.810128867612171177e+01
-8.471679687500000000e-02 -6.820826133060782581e+01
-8.447265625000000000e-02 -6.832274214587590677e+01
-8.422851562500000000e-02 -6.844490231528497759e+01
-8.398437500000000000e-02 -6.857493110933543790e+01
-8.374023437500000000e-02 -6.871303737959044611e+01
-8.349609375000000000e-02 -6.885945127498756335e+01
-8.325195312500000000e-02 -6.901442620248877802e+01
-8.300781250000000000e-02 -6.917824107028538094e+01
-8.276367187500000000e-02 -6.935120285929470185e+01
-8.251953125000000000e-02 -6.953364957793007761e+01
-8.227539062500000000e-02 -6.972595366664455696e+01
-8.203125000000000000e-02 -6.992852593294701080e+01
-8.178710937500000000e-02 -7.014182011530117222e+01
-8.154296875000000000e-02 -7.036633819674267443e+01
-8.129882812500000000e-02 -7.060263661738518692e+01
-8.105468750000000000e-02 -7.085133357087097750e+01
-8.081054687500000000e-02 -7.111311761657806585e+01
-8.056640625000000000e-02 -7.138875789944096084e+01
-8.032226562500000000e-02 -7.167911634788585218e+01
-8.007812500000000000e-02 -7.198516232459310515e+01
-7.983398437500000000e-02 -7.230799034339622722e+01
-7.958984375000000000e-02 -7.264884165258631299e+01
-7.934570312500000000e-02 -7.300913074016133919e+01
-7.910156250000000000e-02 -7.339047816896790266e+01
-7.885742187500000000e-02 -7.379475164379707053e+01
-7.861328125000000000e-02 -7.422411791440968898e+01
-7.836914062500000000e-02 -7.468110913430463427e+01
-7.812500000000000000e-02 -7.516870878866210148e+01
-7.788085937500000000e-02 -7.569046454967370607e+01
-7.763671875000000000e-02 -7.625063886173035144e+01
-7.739257812500000000e-02 -7.685441348047869781e+01
-7.714843750000000000e-02 -7.750817296147107527e+01
-7.690429687500000000e-02 -7.821990674427946999e+01
-7.666015625000000000e-02 -7.899979484312414968e+01
-7.641601562500000000e-02 -7.986108795254268955e+01
-7.617187500000000000e-02 -8.082147960995730784e+01
-7.592773437500000000e-02 -8.190534257556997488e+01
-7.568359375000000000e-02 -8.314757798264594157e+01
-7.543945312500000000e-02 -8.460071189775274547e+01
-7.519531250000000000e-02 -8.634920745541606379e+01
-7.495117187500000000e-02 -8.854210121926826105e+01
-7.470703125000000000e-02 -9.148215925540220894e+01
-7.446289062500000000e-02 -9.595510056174981628e+01
-7.421875000000000000e-02 -1.056518855024357322e+02
-7.397460937500000000e-02 -1.052348974335968563e+02
-7.373046875000000000e-02 -9.584616613194641843e+01
-7.348632812500000000e-02 -9.145283509919120490e+01
-7.324218750000000000e-02 -8.855975091219025330e+01
-7.299804687500000000e-02 -8.640293955312496621e+01
-7.275390625000000000e-02 -8.468556158315873006e+01
-7.250976562500000000e-02 -8.326085684713413571e+01
-7.226562500000000000e-02 -8.204542189042292932e+01
-7.202148437500000000e-02 -8.098728931235618234e+01
-7.177734375000000000e-02 -8.005187931137243140e+01
-7.153320312500000000e-02 -7.921501612760130229e+01
-7.128906250000000000e-02 -7.845913293540654365e+01
-7.104492187500000000e-02 -7.777106356405579390e+01
-7.080078125000000000e-02 -7.714068594484609775e+01
-7.055664062500000000e-02 -7.656005115430504304e+01
-7.031250000000000000e-02 -7.602280332939967877e+01
-7.006835937500000000e-02 -7.552378114919466157e+01
-6.982421875000000000e-02 -7.505873668785085329e+01
-6.958007812500000000e-02 -7.462413245618934354e+01
-6.933593750000000000e-02 -7.421699190925201606e+01
-6.909179687500000000e-02 -7.383478736232649453e+01
-6.884765625000000000e-02 -7.347535461732395845e+01
-6.860351562500000000e-02 -7.313682700911873269e+01
-6.835937500000000000e-02 -7.281758380227948635e+01
-6.811523437500000000e-02 -7.251620934877621494e+01
-6.787109375000000000e-02 -7.223146042283758561e+01
-6.762695312500000000e-02 -7.196223984545197538e+01
-6.738281250000000000e-02 -7.170757500054386924e+01
-6.713867187500000000e-02 -7.146660019472027159e+01
-6.689453125000000000e-02 -7.123854206541878398e+01
-6.665039062500000000e-02 -7.102270742818372185e+01
-6.640625000000000000e-02 -7.081847309123044454e+01
-6.616210937500000000e-02 -7.062527726892177782e+01
-6.591796875000000000e-02 -7.044261230382572592e+01
-6.567382812500000000e-02 -7.027001846711785049e+01
-6.542968750000000000e-02 -7.010707865276008022e+01
-6.518554687500000000e-02 -6.995341381732356467e+01
-6.494140625000000000e-02 -6.980867904502352417e+01
-6.469726562500000000e-02 -6.967256014002936126e+01
-6.445312500000000000e-02 -6.954477066547694619e+01
-6.420898437500000000e-02 -6.942504936317889985e+01
-6.396484375000000000e-02 -6.931315789887690926e+01
-6.372070312500000000e-02 -6.920887888759430950e+01
-6.347656250000000000e-02 -6.911201416078526449e+01
-6.323242187500000000e-02 -6.902238324338405562e+01
-6.298828125000000000e-02 -6.893982201374409158e+01
-6.274414062500000000e-02 -6.886418152380221613e+01
-6.250000000000000000e-02 -6.879532696016596560e+01
-6.225585937500000000e-02 -6.873313672986515144e+01
-6.201171875000000000e-02 -6.867750165686638297e+01
-6.176757812500000000e-02 -6.862832427752188380e+01
-6.152343750000000000e-02 -6.858551822511508078e+01
-6.127929687500000000e-02 -6.854900769476374478e+01
-6.103515625000000000e-02 -6.851872698167930764e+01
-6.079101562500000000e-02 -6.849462008667616431e+01
-6.054687500000000000e-02 -6.847664038377821782e+01
-6.030273437500000000e-02 -6.846475034589637687e+01
-6.005859375000000000e-02 -6.845892132504447147e+01
-5.981445312500000000e-02 -6.845913338450534980e+01
-5.957031250000000000e-02 -6.846537518090600827e+01
-5.932617187500000000e-02 -6.847764389475858593e+01
-5.908203125000000000e-02 -6.849594520870039105e+01
-5.883789062500000000e-02 -6.852029333320130888e+01
-5.859375000000000000e-02 -6.855071107997439128e+01
-5.834960937500000000e-02 -6.858722998406520333e+01
-5.810546875000000000e-02 -6.862989047609245574e+01
-5.786132812500000000e-02 -6.867874210668797730e+01
-5.761718750000000000e-02 -6.873384382593593500e+01
-5.737304687500000000e-02 -6.879526432137515712e+01
-5.712890625000000000e-02 -6.886308241869151914e+01
-5.688476562500000000e-02 -6.893738755044205391e+01
-5.664062500000000000e-02 -6.901828029896445571e+01
-5.639648437500000000e-02 -6.910587302073086846e+01
-5.615234375000000000e-02 -6.920029056101093090e+01
-5.590820312500000000e-02 -6.930167106888647766e+01
-5.566406250000000000e-02 -6.941016692476443950e+01
-5.541992187500000000e-02 -6.952594579454171253e+01
-5.517578125000000000e-02 -6.964919182706807987e+01
-5.493164062500000000e-02 -6.978010701453598585e+01
-5.468750000000000000e-02 -6.991891273917087801e+01
-5.444335937500000000e-02 -7.006585153356289197e+01
-5.419921875000000000e-02 -7.022118908763400214e+01
-5.395507812500000000e-02 -7.038521654102596870e+01
-5.371093750000000000e-02 -7.055825310786525506e+01
-5.346679687500000000e-02 -7.074064909007954327e+01
-5.322265625000000000e-02 -7.093278934726599516e+01
-5.297851562500000000e-02 -7.113509730546452658e+01
-5.273437500000000000e-02 -7.134803960568656578e+01
-5.249023437500000000e-02 -7.157213151574033816e+01
-5.224609375000000000e-02 -7.180794325791400468e+01
-5.200195312500000000e-02 -7.205610744225515418e+01
-5.175781250000000000e-02 -7.231732784291281746e+01
-5.151367187500000000e-02 -7.259238981677231095e+01
-5.126953125000000000e-02 -7.288217274492767217e+01
-5.102539062500000000e-02 -7.318766498444830404e+01
-5.078125000000000000e-02 -7.350998196134909790e+01
-5.053710937500000000e-02 -7.385038822844376227e+01
-5.029296875000000000e-02 -7.421032457618686351e+01
-5.004882812500000000e-02 -7.459144164940850885e+01
-4.980468750000000000e-02 -7.499564203548189312e+01
-4.956054687500000000e-02 -7.542513351937043353e+01
-4.931640625000000000e-02 -7.588249725775823151e+01
-4.907226562500000000e-02 -7.637077618405859880e+01
-4.882812500000000000e-02 -7.689359130203114034e+01
-4.858398437500000000e-02 -7.745529713726115517e+01
-4.833984375000000000e-02 -7.806119331453137988e+01
-4.809570312500000000e-02 -7.871781847995744386e+01
-4.785156250000000000e-02 -7.943336829228202589e+01
-4.760742187500000000e-02 -8.021830616691003968e+01
-4.736328125000000000e-02 -8.108628436833760134e+01
-4.711914062500000000e-02 -8.205558631719617324e+01
-4.687500000000000000e-02 -8.315148973009698352e+01
-4.663085937500000000e-02 -8.441036074565177216e+01
-4.638671875000000000e-02 -8.588726597746548919e+01
-4.614257812500000000e-02 -8.767149779520219965e+01
-4.589843750000000000e-02 -8.992254399483982752e+01
-4.565429687500000000e-02 -9.297079782301372575e+01
-4.541015625000000000e-02 -9.770673451308903168e+01
-4.516601562500000000e-02 -1.088991774211631309e+02
-4.492187500000000000e-02 -1.046913948285123297e+02
-4.467773437500000000e-02 -9.635118194624826060e+01
-4.443359375000000000e-02 -9.218616238648273509e+01
-4.418945312500000000e-02 -8.939185965519648391e+01
-4.394531250000000000e-02 -8.728946000944210937e+01
-4.370117187500000000e-02 -8.560606402593650444e+01
-4.345703125000000000e-02 -8.420426516804282357e+01
-4.321289062500000000e-02 -8.300506859354729272e+01
-4.296875000000000000e-02 -8.195885729301781453e+01
-4.272460937500000000e-02 -8.103241949162736546e+01
-4.248046875000000000e-02 -8.020242993962679634e+01
-4.223632812500000000e-02 -7.945187848265385355e+01
-4.199218750000000000e-02 -7.876797864935531379e+01
-4.174804687500000000e-02 -7.814087627294327376e+01
-4.150390625000000000e-02 -7.756281685996817998e+01
-4.125976562500000000e-02 -7.702758905690015467e+01
-4.101562500000000000e-02 -7.653014115213015600e+01
-4.077148437500000000e-02 -7.606630981777880152e+01
-4.052734375000000000e-02 -7.563262384377193825e+01
-4.028320312500000000e-02 -7.522615928466797186e+01
-4.003906250000000000e-02 -7.484443066081179552e+01
-3.979492187500000000e-02 -7.448530795523127779e+01
-3.955078125000000000e-02 -7.414695239928886394e+01
-3.930664062500000000e-02 -7.382776616530144054e+01
-3.906250000000000000e-02 -7.352635250280755486e+01
-3.881835937500000000e-02 -7.324148382143827973e+01
-3.857421875000000000e-02 -7.297207589384130699e+01
-3.833007812500000000e-02 -7.271716682340799309e+01
-3.808593750000000000e-02 -7.247589975980631039e+01
-3.784179687500000000e-02 -7.224750858997565217e+01
-3.759765625000000000e-02 -7.203130601154522594e+01
-3.735351562500000000e-02 -7.182667352965657415e+01
-3.710937500000000000e-02 -7.163305301808901504e+01
-3.686523437500000000e-02 -7.144993956137852820e+01
-3.662109375000000000e-02 -7.127687535332374580e+01
-3.637695312500000000e-02 -7.111344447147153858e+01
-3.613281250000000000e-02 -7.095926838275528326e+01
-3.588867187500000000e-02 -7.081400206246172502e+01
-3.564453125000000000e-02 -7.067733063061436383e+01
-3.540039062500000000e-02 -7.054896642684357744e+01
-3.515625000000000000e-02 -7.042864645894964326e+01
-3.491210937500000000e-02 -7.031613017114686670e+01
-3.466796875000000000e-02 -7.021119748721116594e+01
-3.442382812500000000e-02 -7.011364709102490167e+01
-3.417968750000000000e-02 -7.002329491308785236e+01
-3.393554687500000000e-02 -6.993997279625112640e+01
-3.369140625000000000e-02 -6.986352731857590470e+01
-3.344726562500000000e-02 -6.979381875408209623e+01
-3.320312500000000000e-02 -6.973072015525292500e+01
-3.295898437500000000e-02 -6.967411654369641383e+01
-3.271484375000000000e-02 -6.962390419706383682e+01
-3.247070312500000000e-02 -6.957999002236317665e+01
-3.222656250000000000e-02 -6.954229100705298094e+01
-3.198242187500000000e-02 -6.951073374076295863e+01
-3.173828125000000000e-02 -6.948525400133226526e+01
-3.149414062500000000e-02 -6.946579640012527079e+01
-3.125000000000000000e-02 -6.945231408211354562e+01
-3.100585937500000000e-02 -6.944476847719279533e+01
-3.076171875000000000e-02 -6.944312909966298264e+01
-3.051757812500000000e-02 -6.944737339372673546e+01
-3.027343750000000000e-02 -6.945748662297498299e+01
-3.002929687500000000e-02 -6.947346180270334060e+01
-2.978515625000000000e-02 -6.949529967436137667e+01
-2.954101562500000000e-02 -6.952300872168683554e+01
-2.929687500000000000e-02 -6.955660522881099439e+01
-2.905273437500000000e-02 -6.959611338099095690e+01
-2.880859375000000000e-02 -6.964156540910356341e+01
-2.856445312500000000e-02 -6.969300177960305120e+01
-2.832031250000000000e-02 -6.975047143213443235e+01
-2.807617187500000000e-02 -6.981403206766749747e+01
-2.783203125000000000e-02 -6.988375049059982302e+01
-2.758789062500000000e-02 -6.995970300901113603e+01
-2.734375000000000000e-02 -7.004197589813844615e+01
-2.709960937500000000e-02 -7.013066593294398388e+01
-2.685546875000000000e-02 -7.022588099686079488e+01
-2.661132812500000000e-02 -7.032774077489807496e+01
-2.636718750000000000e-02 -7.043637754071410484e+01
-2.612304687500000000e-02 -7.055193704912693420e+01
-2.587890625000000000e-02 -7.067457954716712720e+01
-2.563476562500000000e-02 -7.080448091932295540e+01
-2.539062500000000000e-02 -7.094183398538469021e+01
-2.514648437500000000e-02 -7.108684997239852521e+01
-2.490234375000000000e-02 -7.123976018638433061e+01
-2.465820312500000000e-02 -7.140081791401489397e+01
-2.441406250000000000e-02 -7.157030059054022786e+01
-2.416992187500000000e-02 -7.174851227681074306e+01
-2.392578125000000000e-02 -7.193578649739485797e+01
-2.368164062500000000e-02 -7.213248950188746278e+01
-2.343750000000000000e-02 -7.233902402512570973e+01
-2.319335937500000000e-02 -7.255583363799952679e+01
-2.294921875000000000e-02 -7.278340780159456358e+01
-2.270507812500000000e-02 -7.302228776301922153e+01
-2.246093750000000000e-02 -7.327307346462939108e+01
-2.221679687500000000e-02 -7.353643168081836734e+01
-2.197265625000000000e-02 -7.381310565136519131e+01
-2.172851562500000000e-02 -7.410392655202961976e+01
-2.148437500000000000e-02 -7.440982723726845904e+01
-2.124023437500000000e-02 -7.473185881531634323e+01
-2.099609375000000000e-02 -7.507121078379475421e+01
-2.075195312500000000e-02 -7.542923568294767733e+01
-2.050781250000000000e-02 -7.580747953774475434e+01
-2.026367187500000000e-02 -7.620771979828279541e+01
-2.001953125000000000e-02 -7.663201310774334729e+01
-1.977539062500000000e-02 -7.708275611790017479e+01
-1.953125000000000000e-02 -7.756276387451501364e+01
-1.928710937500000000e-02 -7.807537223699372930e+01
-1.904296875000000000e-02 -7.862457375329054798e+01
-1.879882812500000000e-02 -7.921520102365542471e+01
-1.855468750000000000e-02 -7.985317897388723907e+01
-1.831054687500000000e-02 -8.054587965470160782e+01
-1.806640625000000000e-02 -8.130263402378938054e+01
-1.782226562500000000e-02 -8.213549221843098280e+01
-1.757812500000000000e-02 -8.306039282180793748e+01
-1.733398437500000000e-02 -8.409903732649688379e+01
-1.708984375000000000e-02 -8.528205106482877795e+01
-1.684570312500000000e-02 -8.665466119757293484e+01
-1.660156250000000000e-02 -8.828776088197321315e+01
-1.635742187500000000e-02 -9.030195968181152466e+01
-1.611328125000000000e-02 -9.292869926575974659e+01
-1.586914062500000000e-02 -9.670904323633432398e+01
-1.562500000000000000e-02 -1.035414505559420348e+02
-1.538085937500000000e-02 -1.177999765508223220e+02
-1.513671875000000000e-02 -1.007164197058639274e+02
-1.489257812500000000e-02 -9.533816792590344846e+01
-1.464843750000000000e-02 -9.205163755693453709e+01
-1.440429687500000000e-02 -8.968191475026191029e+01
-1.416015625000000000e-02 -8.783030620570602309e+01
-1.391601562500000000e-02 -8.631261829496283156e+01
-1.367187500000000000e-02 -8.502844763598851330e+01
-1.342773437500000000e-02 -8.391698918193426948e+01
-1.318359375000000000e-02 -8.293861243369140368e+01
-1.293945312500000000e-02 -8.206604467096853739e+01
-1.269531250000000000e-02 -8.127971359135287344e+01
-1.245117187500000000e-02 -8.056509638787765937e+01
-1.220703125000000000e-02 -7.991111978892440959e+01
-1.196289062500000000e-02 -7.930914760288722221e+01
-1.171875000000000000e-02 -7.875231450980392367e+01
-1.147460937500000000e-02 -7.823507305900280073e+01
-1.123046875000000000e-02 -7.775287689797654878e+01
-1.098632812500000000e-02 -7.730195384841617567e+01
-1.074218750000000000e-02 -7.687913988468594084e+01
-1.049804687500000000e-02 -7.648175539738868167e+01
-1.025390625000000000e-02 -7.610751144305694993e+01
-1.000976562500000000e-02 -7.575443766309820148e+01
-9.765625000000000000e-03 -7.542082612725465651e+01
-9.521484375000000000e-03 -7.510518705924052085e+01
-9.277343750000000000e-03 -7.480621355074514156e+01
-9.033203125000000000e-03 -7.452275316044843123e+01
-8.789062500000000000e-03 -7.425378484758043385e+01
-8.544921875000000000e-03 -7.399840008210556164e+01
-8.300781250000000000e-03 -7.375578725688041004e+01
-8.056640625000000000e-03 -7.352521873364821658e+01
-7.812500000000000000e-03 -7.330604000743198867e+01
-7.568359375000000000e-03 -7.309766058786060228e+01
-7.324218750000000000e-03 -7.289954628236182543e+01
-7.080078125000000000e-03 -7.271121263123146150e+01
-6.835937500000000000e-03 -7.253221929568519499e+01
-6.591796875000000000e-03 -7.236216523877810403e+01
-6.347656250000000000e-03 -7.220068456958303216e+01
-6.103515625000000000e-03 -7.204744294556189743e+01
-5.859375000000000000e-03 -7.190213444667145382e+01
-5.615234375000000000e-03 -7.176447885036128582e+01
-5.371093750000000000e-03 -7.163421924864732659e+01
-5.126953125000000000e-03 -7.151111995858825310e+01
-4.882812500000000000e-03 -7.139496468521608108e+01
-4.638671875000000000e-03 -7.128555490293929608e+01
-4.394531250000000000e-03 -7.118270842646028029e+01
-4.150390625000000000e-03 -7.108625814705537493e+01
-3.906250000000000000e-03 -7.099605091346300867e+01
-3.662109375000000000e-03 -7.091194653989856533e+01
-3.417968750000000000e-03 -7.083381692630139526e+01
-3.173828125000000000e-03 -7.076154527795652882e+01
-2.929687500000000000e-03 -7.069502541358863823e+01
-2.685546875000000000e-03 -7.063416115255409977e+01
-2.441406250000000000e-03 -7.057886577305978903e+01
-2.197265625000000000e-03 -7.052906153453845661e+01
-1.953125000000000000e-03 -7.048467925822542668e+01
-1.708984375000000000e-03 -7.044565796084594922e+01
-1.464843750000000000e-03 -7.041194453717488955e+01
-1.220703125000000000e-03 -7.038349348770360336e+01
-9.765625000000000000e-04 -7.036026668839494391e+01
-7.324218750000000000e-04 -7.034223319995355439e+01
-4.882812500000000000e-04 -7.032936911443439953e+01
-2.441406250000000000e-04 -7.032165743768871380e+01
0.000000000000000000e+00 -7.031908800621673095e+01
2.441406250000000000e-04 -7.032165743768229049e+01
4.882812500000000000e-04 -7.032936911443451322e+01
7.324218750000000000e-04 -7.034223319995680868e+01
9.765625000000000000e-04 -7.036026668840101195e+01
1.220703125000000000e-03 -7.038349348770245228e+01
1.464843750000000000e-03 -7.041194453717268686e+01
1.708984375000000000e-03 -7.044565796084674503e+01
1.953125000000000000e-03 -7.048467925822542668e+01
2.197265625000000000e-03 -7.052906153454046034e+01
2.441406250000000000e-03 -7.057886577305978903e+01
2.685546875000000000e-03 -7.063416115254946703e+01
2.929687500000000000e-03 -7.069502541358863823e+01
3.173828125000000000e-03 -7.076154527795924309e+01
3.417968750000000000e-03 -7.083381692630139526e+01
3.662109375000000000e-03 -7.091194653990082486e+01
3.906250000000000000e-03 -7.099605091346050756e+01
4.150390625000000000e-03 -7.108625814705429491e+01
4.394531250000000000e-03 -7.118270842646069241e+01
4.638671875000000000e-03 -7.128555490293565811e+01
4.882812500000000000e-03 -7.139496468521603845e+01
5.126953125000000000e-03 -7.151111995858823889e+01
5.371093750000000000e-03 -7.163421924865097878e+01
5.615234375000000000e-03 -7.176447885035751995e+01
5.859375000000000000e-03 -7.190213444667126907e+01
6.103515625000000000e-03 -7.204744294555818840e+01
6.347656250000000000e-03 -7.220068456958368586e+01
6.591796875000000000e-03 -7.236216523877729401e+01
6.835937500000000000e-03 -7.253221929568159965e+01
7.080078125000000000e-03 -7.271121263121868594e+01
7.324218750000000000e-03 -7.289954628235928169e+01
7.568359375000000000e-03 -7.309766058785730536e+01
7.812500000000000000e-03 -7.330604000741938364e+01
8.056640625000000000e-03 -7.352521873364821658e+01
8.300781250000000000e-03 -7.375578725688041004e+01
8.544921875000000000e-03 -7.399840008209632458e+01
8.789062500000000000e-03 -7.425378484758481079e+01
9.033203125000000000e-03 -7.452275316043906628e+01
9.277343750000000000e-03 -7.480621355074015355e+01
9.521484375000000000e-03 -7.510518705924580729e+01
9.765625000000000000e-03 -7.542082612726106561e+01
1.000976562500000000e-02 -7.575443766309223292e+01
1.025390625000000000e-02 -7.610751144306306060e+01
1.049804687500000000e-02 -7.648175539740148565e+01
1.074218750000000000e-02 -7.687913988469949800e+01
1.098632812500000000e-02 -7.730195384840951078e+01
1.123046875000000000e-02 -7.775287689798376789e+01
1.147460937500000000e-02 -7.823507305899534003e+01
1.171875000000000000e-02 -7.875231450981482340e+01
1.196289062500000000e-02 -7.930914760289316234e+01
1.220703125000000000e-02 -7.991111978893748358e+01
1.245117187500000000e-02 -8.056509638788605798e+01
1.269531250000000000e-02 -8.127971359136859064e+01
1.293945312500000000e-02 -8.206604467098539146e+01
1.318359375000000000e-02 -8.293861243369140368e+01
1.342773437500000000e-02 -8.391698918193426948e+01
1.367187500000000000e-02 -8.502844763601234490e+01
1.391601562500000000e-02 -8.631261829496774851e+01
1.416015625000000000e-02 -8.783030620572748148e+01
1.440429687500000000e-02 -8.968191475023979820e+01
1.464843750000000000e-02 -9.205163755697145689e+01
1.489257812500000000e-02 -9.533816792591269973e+01
1.513671875000000000e-02 -1.007164197058677644e+02
1.538085937500000000e-02 -1.177999765500629223e+02
1.562500000000000000e-02 -1.035414505559420348e+02
1.586914062500000000e-02 -9.670904323633189392e+01
1.611328125000000000e-02 -9.292869926580351603e+01
1.635742187500000000e-02 -9.030195968184055744e+01
1.660156250000000000e-02 -8.828776088199714422e+01
1.684570312500000000e-02 -8.665466119759226160e+01
1.708984375000000000e-02 -8.528205106480056941e+01
1.733398437500000000e-02 -8.409903732649308949e+01
1.757812500000000000e-02 -8.306039282181933459e+01
1.782226562500000000e-02 -8.213549221844068882e+01
1.806640625000000000e-02 -8.130263402378186299e+01
1.831054687500000000e-02 -8.054587965470196309e+01
1.855468750000000000e-02 -7.985317897388723907e+01
1.879882812500000000e-02 -7.921520102364823401e+01
1.904296875000000000e-02 -7.862457375329054798e+01
1.928710937500000000e-02 -7.807537223699546303e+01
1.953125000000000000e-02 -7.756276387451501364e+01
1.977539062500000000e-02 -7.708275611788818082e+01
2.001953125000000000e-02 -7.663201310774849162e+01
2.026367187500000000e-02 -7.620771979829558518e+01
2.050781250000000000e-02 -7.580747953774461223e+01
2.075195312500000000e-02 -7.542923568294760628e+01
2.099609375000000000e-02 -7.507121078378936829e+01
2.124023437500000000e-02 -7.473185881531651376e+01
2.148437500000000000e-02 -7.440982723727293546e+01
2.172851562500000000e-02 -7.410392655201484047e+01
2.197265625000000000e-02 -7.381310565136598711e+01
2.221679687500000000e-02 -7.353643168082068371e+01
2.246093750000000000e-02 -7.327307346462939108e+01
2.270507812500000000e-02 -7.302228776301922153e+01
2.294921875000000000e-02 -7.278340780159119561e+01
2.319335937500000000e-02 -7.255583363800219843e+01
2.343750000000000000e-02 -7.233902402513133723e+01
2.368164062500000000e-02 -7.213248950188746278e+01
2.392578125000000000e-02 -7.193578649739328057e+01
2.416992187500000000e-02 -7.174851227680444765e+01
2.441406250000000000e-02 -7.157030059053529669e+01
2.465820312500000000e-02 -7.140081791401817668e+01
2.490234375000000000e-02 -7.123976018638433061e+01
2.514648437500000000e-02 -7.108684997240425218e+01
2.539062500000000000e-02 -7.094183398538136487e+01
2.563476562500000000e-02 -7.080448091932295540e+01
2.587890625000000000e-02 -7.067457954716708457e+01
2.612304687500000000e-02 -7.055193704912693420e+01
2.636718750000000000e-02 -7.043637754071419010e+01
2.661132812500000000e-02 -7.032774077489210640e+01
2.685546875000000000e-02 -7.022588099686137753e+01
2.709960937500000000e-02 -7.013066593294007589e+01
2.734375000000000000e-02 -7.004197589813445290e+01
2.758789062500000000e-02 -6.995970300901318240e+01
2.783203125000000000e-02 -6.988375049060033462e+01
2.807617187500000000e-02 -6.981403206766162839e+01
2.832031250000000000e-02 -6.975047143213255652e+01
2.856445312500000000e-02 -6.969300177960101905e+01
2.880859375000000000e-02 -6.964156540910356341e+01
2.905273437500000000e-02 -6.959611338098967792e+01
2.929687500000000000e-02 -6.955660522880938856e+01
2.954101562500000000e-02 -6.952300872168612500e+01
2.978515625000000000e-02 -6.949529967436137667e+01
3.002929687500000000e-02 -6.947346180270065474e+01
3.027343750000000000e-02 -6.945748662297265241e+01
3.051757812500000000e-02 -6.944737339373510565e+01
3.076171875000000000e-02 -6.944312909966895120e+01
3.100585937500000000e-02 -6.944476847719279533e+01
3.125000000000000000e-02 -6.945231408211354562e+01
3.149414062500000000e-02 -6.946579640012824086e+01
3.173828125000000000e-02 -6.948525400132963625e+01
3.198242187500000000e-02 -6.951073374075781430e+01
3.222656250000000000e-02 -6.954229100705683209e+01
3.247070312500000000e-02 -6.957999002236317665e+01
3.271484375000000000e-02 -6.962390419706648004e+01
3.295898437500000000e-02 -6.967411654369131213e+01
3.320312500000000000e-02 -6.973072015525046652e+01
3.344726562500000000e-02 -6.979381875407506186e+01
3.369140625000000000e-02 -6.986352731857812159e+01
3.393554687500000000e-02 -6.993997279625102692e+01
3.417968750000000000e-02 -7.002329491308742604e+01
3.442382812500000000e-02 -7.011364709103423820e+01
3.466796875000000000e-02 -7.021119748720795428e+01
3.491210937500000000e-02 -7.031613017114261766e+01
3.515625000000000000e-02 -7.042864645895198805e+01
3.540039062500000000e-02 -7.054896642684049368e+01
3.564453125000000000e-02 -7.067733063061395171e+01
3.588867187500000000e-02 -7.081400206246473772e+01
3.613281250000000000e-02 -7.095926838275519799e+01
3.637695312500000000e-02 -7.111344447147156700e+01
3.662109375000000000e-02 -7.127687535333087965e+01
3.686523437500000000e-02 -7.144993956137864188e+01
3.710937500000000000e-02 -7.163305301808559022e+01
3.735351562500000000e-02 -7.182667352965344776e+01
3.759765625000000000e-02 -7.203130601153927159e+01
3.784179687500000000e-02 -7.224750858997124681e+01
3.808593750000000000e-02 -7.247589975980535826e+01
3.833007812500000000e-02 -7.271716682339908289e+01
3.857421875000000000e-02 -7.297207589385074300e+01
3.881835937500000000e-02 -7.324148382144404934e+01
3.906250000000000000e-02 -7.352635250280755486e+01
3.930664062500000000e-02 -7.382776616530095737e+01
3.955078125000000000e-02 -7.414695239928595072e+01
3.979492187500000000e-02 -7.448530795523242887e+01
4.003906250000000000e-02 -7.484443066082118889e+01
4.028320312500000000e-02 -7.522615928466176172e+01
4.052734375000000000e-02 -7.563262384377389935e+01
4.077148437500000000e-02 -7.606630981777961154e+01
4.101562500000000000e-02 -7.653014115212539537e+01
4.125976562500000000e-02 -7.702758905690015467e+01
4.150390625000000000e-02 -7.756281685996799524e+01
4.174804687500000000e-02 -7.814087627292778393e+01
4.199218750000000000e-02 -7.876797864937215365e+01
4.223632812500000000e-02 -7.945187848264455965e+01
4.248046875000000000e-02 -8.020242993962619948e+01
4.272460937500000000e-02 -8.103241949162907076e+01
4.296875000000000000e-02 -8.195885729301781453e+01
4.321289062500000000e-02 -8.300506859357467704e+01
4.345703125000000000e-02 -8.420426516804282357e+01
4.370117187500000000e-02 -8.560606402595151110e+01
4.394531250000000000e-02 -8.728946000945624917e+01
4.418945312500000000e-02 -8.939185965519648391e+01
4.443359375000000000e-02 -9.218616238645643080e+01
4.467773437500000000e-02 -9.635118194628718413e+01
4.492187500000000000e-02 -1.046913948288328271e+02
4.516601562500000000e-02 -1.088991774212292540e+02
4.541015625000000000e-02 -9.770673451302216961e+01
4.565429687500000000e-02 -9.297079782313375063e+01
4.589843750000000000e-02 -8.992254399485736371e+01
4.614257812500000000e-02 -8.767149779513400176e+01
4.638671875000000000e-02 -8.588726597746617131e+01
4.663085937500000000e-02 -8.441036074568339131e+01
4.687500000000000000e-02 -8.315148973009698352e+01
4.711914062500000000e-02 -8.205558631722051643e+01
4.736328125000000000e-02 -8.108628436833599551e+01
4.760742187500000000e-02 -8.021830616692878380e+01
4.785156250000000000e-02 -7.943336829228202589e+01
4.809570312500000000e-02 -7.871781847996369663e+01
4.833984375000000000e-02 -7.806119331453631105e+01
4.858398437500000000e-02 -7.745529713725761667e+01
4.882812500000000000e-02 -7.689359130201994219e+01
4.907226562500000000e-02 -7.637077618404470059e+01
4.931640625000000000e-02 -7.588249725774976184e+01
4.956054687500000000e-02 -7.542513351936631238e+01
4.980468750000000000e-02 -7.499564203547770092e+01
5.004882812500000000e-02 -7.459144164940130395e+01
5.029296875000000000e-02 -7.421032457619365630e+01
5.053710937500000000e-02 -7.385038822844165907e+01
5.078125000000000000e-02 -7.350998196134487728e+01
5.102539062500000000e-02 -7.318766498445040725e+01
5.126953125000000000e-02 -7.288217274492303943e+01
5.151367187500000000e-02 -7.259238981677248148e+01
5.175781250000000000e-02 -7.231732784290905158e+01
5.200195312500000000e-02 -7.205610744225515418e+01
5.224609375000000000e-02 -7.180794325791030985e+01
5.249023437500000000e-02 -7.157213151574056553e+01
5.273437500000000000e-02 -7.134803960568272885e+01
5.297851562500000000e-02 -7.113509730546164178e+01
5.322265625000000000e-02 -7.093278934727351270e+01
5.346679687500000000e-02 -7.074064909008627922e+01
5.371093750000000000e-02 -7.055825310786525506e+01
5.395507812500000000e-02 -7.038521654102596870e+01
5.419921875000000000e-02 -7.022118908764022649e+01
5.444335937500000000e-02 -7.006585153356489570e+01
5.468750000000000000e-02 -6.991891273917087801e+01
5.493164062500000000e-02 -6.978010701454047648e+01
5.517578125000000000e-02 -6.964919182706869094e+01
5.541992187500000000e-02 -6.952594579454415680e+01
5.566406250000000000e-02 -6.941016692476242156e+01
5.590820312500000000e-02 -6.930167106888647766e+01
5.615234375000000000e-02 -6.920029056101401466e+01
5.639648437500000000e-02 -6.910587302073352589e+01
5.664062500000000000e-02 -6.901828029896152827e+01
5.688476562500000000e-02 -6.893738755044441291e+01
5.712890625000000000e-02 -6.886308241868900382e+01
5.737304687500000000e-02 -6.879526432137522818e+01
5.761718750000000000e-02 -6.873384382593611974e+01
5.786132812500000000e-02 -6.867874210668506407e+01
5.810546875000000000e-02 -6.862989047609181625e+01
5.834960937500000000e-02 -6.858722998406273064e+01
5.859375000000000000e-02 -6.855071107997102331e+01
5.883789062500000000e-02 -6.852029333319843829e+01
5.908203125000000000e-02 -6.849594520869906944e+01
5.932617187500000000e-02 -6.847764389475440794e+01
5.957031250000000000e-02 -6.846537518090600827e+01
5.981445312500000000e-02 -6.845913338450887409e+01
6.005859375000000000e-02 -6.845892132504276617e+01
6.030273437500000000e-02 -6.846475034589479947e+01
6.054687500000000000e-02 -6.847664038378246687e+01
6.079101562500000000e-02 -6.849462008667616431e+01
6.103515625000000000e-02 -6.851872698168273246e+01
6.127929687500000000e-02 -6.854900769475894151e+01
6.152343750000000000e-02 -6.858551822511222440e+01
6.176757812500000000e-02 -6.862832427752174169e+01
6.201171875000000000e-02 -6.867750165686609876e+01
6.225585937500000000e-02 -6.873313672987035261e+01
6.250000000000000000e-02 -6.879532696016596560e+01
6.274414062500000000e-02 -6.886418152380211666e+01
6.298828125000000000e-02 -6.893982201374409158e+01
6.323242187500000000e-02 -6.902238324338065922e+01
6.347656250000000000e-02 -6.911201416078868931e+01
6.372070312500000000e-02 -6.920887888759641271e+01
6.396484375000000000e-02 -6.931315789887557344e+01
6.420898437500000000e-02 -6.942504936317571662e+01
6.445312500000000000e-02 -6.954477066547615038e+01
6.469726562500000000e-02 -6.967256014002755649e+01
6.494140625000000000e-02 -6.980867904502753163e+01
6.518554687500000000e-02 -6.995341381732366415e+01
6.542968750000000000e-02 -7.010707865275769279e+01
6.567382812500000000e-02 -7.027001846711966948e+01
6.591796875000000000e-02 -7.044261230383122552e+01
6.616210937500000000e-02 -7.062527726891664770e+01
6.640625000000000000e-02 -7.081847309123172352e+01
6.665039062500000000e-02 -7.102270742817992755e+01
6.689453125000000000e-02 -7.123854206541281542e+01
6.713867187500000000e-02 -7.146660019471609360e+01
6.738281250000000000e-02 -7.170757500055134415e+01
6.762695312500000000e-02 -7.196223984545187591e+01
6.787109375000000000e-02 -7.223146042284156465e+01
6.811523437500000000e-02 -7.251620934877901448e+01
6.835937500000000000e-02 -7.281758380227907423e+01
6.860351562500000000e-02 -7.313682700912295331e+01
6.884765625000000000e-02 -7.347535461732395845e+01
6.909179687500000000e-02 -7.383478736233178097e+01
6.933593750000000000e-02 -7.421699190925085077e+01
6.958007812500000000e-02 -7.462413245619212887e+01
6.982421875000000000e-02 -7.505873668785312702e+01
7.006835937500000000e-02 -7.552378114919841323e+01
7.031250000000000000e-02 -7.602280332939967877e+01
7.055664062500000000e-02 -7.656005115430927788e+01
7.080078125000000000e-02 -7.714068594484339769e+01
7.104492187500000000e-02 -7.777106356405579390e+01
7.128906250000000000e-02 -7.845913293539942401e+01
7.153320312500000000e-02 -7.921501612759325894e+01
7.177734375000000000e-02 -8.005187931137895418e+01
7.202148437500000000e-02 -8.098728931234865058e+01
7.226562500000000000e-02 -8.204542189041157485e+01
7.250976562500000000e-02 -8.326085684716110791e+01
7.275390625000000000e-02 -8.468556158317502991e+01
7.299804687500000000e-02 -8.640293955312520779e+01
7.324218750000000000e-02 -8.855975091221466755e+01
7.348632812500000000e-02 -9.145283509922667520e+01
7.373046875000000000e-02 -9.584616613189938050e+01
7.397460937500000000e-02 -1.052348974332074647e+02
7.421875000000000000e-02 -1.056518855023650758e+02
7.446289062500000000e-02 -9.595510056172298619e+01
7.470703125000000000e-02 -9.148215925536506177e+01
7.495117187500000000e-02 -8.854210121924720056e+01
7.519531250000000000e-02 -8.634920745540060238e+01
7.543945312500000000e-02 -8.460071189777586653e+01
7.568359375000000000e-02 -8.314757798263664768e+01
7.592773437500000000e-02 -8.190534257556259945e+01
7.617187500000000000e-02 -8.082147960995730784e+01
7.641601562500000000e-02 -7.986108795253211667e+01
7.666015625000000000e-02 -7.899979484312598288e+01
7.690429687500000000e-02 -7.821990674427665624e+01
7.714843750000000000e-02 -7.750817296146099977e+01
7.739257812500000000e-02 -7.685441348047832832e+01
7.763671875000000000e-02 -7.625063886173630578e+01
7.788085937500000000e-02 -7.569046454966806436e+01
7.812500000000000000e-02 -7.516870878866210148e+01
7.836914062500000000e-02 -7.468110913430444953e+01
7.861328125000000000e-02 -7.422411791441494699e+01
7.885742187500000000e-02 -7.379475164379169883e+01
7.910156250000000000e-02 -7.339047816897220855e+01
7.934570312500000000e-02 -7.300913074016936832e+01
7.958984375000000000e-02 -7.264884165258541771e+01
7.983398437500000000e-02 -7.230799034339081288e+01
8.007812500000000000e-02 -7.198516232459098774e+01
8.032226562500000000e-02 -7.167911634788229946e+01
8.056640625000000000e-02 -7.138875789944120243e+01
8.081054687500000000e-02 -7.111311761657580632e+01
8.105468750000000000e-02 -7.085133357087097750e+01
8.129882812500000000e-02 -7.060263661738973440e+01
8.154296875000000000e-02 -7.036633819674158019e+01
8.178710937500000000e-02 -7.014182011529493366e+01
8.203125000000000000e-02 -6.992852593295037877e+01
8.227539062500000000e-02 -6.972595366665062500e+01
8.251953125000000000e-02 -6.953364957793218082e+01
8.276367187500000000e-02 -6.935120285928913120e+01
8.300781250000000000e-02 -6.917824107027979608e+01
8.325195312500000000e-02 -6.901442620248872117e+01
8.349609375000000000e-02 -6.885945127498749230e+01
8.374023437500000000e-02 -6.871303737959297564e+01
8.398437500000000000e-02 -6.857493110933937430e+01
8.422851562500000000e-02 -6.844490231528219226e+01
8.447265625000000000e-02 -6.832274214587395988e+01
8.471679687500000000e-02 -6.820826133060958796e+01
8.496093750000000000e-02 -6.810128867612112913e+01
8.520507812500000000e-02 -6.800166974780164253e+01
8.544921875000000000e-02 -6.790926571427220892e+01
8.569335937500000000e-02 -6.782395233562937165e+01
8.593750000000000000e-02 -6.774561907939997241e+01
8.618164062500000000e-02 -6.767416835041204592e+01
8.642578125000000000e-02 -6.760951482321260642e+01
8.666992187500000000e-02 -6.755158486718747213e+01
8.691406250000000000e-02 -6.750031605636094412e+01
8.715820312500000000e-02 -6.745565675700149200e+01
8.740234375000000000e-02 -6.741756578746984019e+01
8.764648437500000000e-02 -6.738601214578058318e+01
8.789062500000000000e-02 -6.736097480132113446e+01
8.813476562500000000e-02 -6.734244254796765006e+01
8.837890625000000000e-02 -6.733041391680947640e+01
8.862304687500000000e-02 -6.732489714728828289e+01
8.886718750000000000e-02 -6.732591021642235773e+01
8.911132812500000000e-02 -6.733348092648023453e+01
8.935546875000000000e-02 -6.734764705228276682e+01
8.959960937500000000e-02 -6.736845654993757648e+01
8.984375000000000000e-02 -6.739596782981006129e+01
9.008789062500000000e-02 -6.743025009728044949e+01
9.033203125000000000e-02 -6.747138376581384023e+01
9.057617187500000000e-02 -6.751946094805664700e+01
9.082031250000000000e-02 -6.757458603161521182e+01
9.106445312500000000e-02 -6.763687634783042313e+01
9.130859375000000000e-02 -6.770646294322884273e+01
9.155273437500000000e-02 -6.778349146519764190e+01
9.179687500000000000e-02 -6.786812317559952135e+01
9.204101562500000000e-02 -6.796053610849938309e+01
9.228515625000000000e-02 -6.806092639117720466e+01
9.252929687500000000e-02 -6.816950975113608990e+01
9.277343750000000000e-02 -6.828652323600584850e+01
9.301757812500000000e-02 -6.841222717851717050e+01
9.326171875000000000e-02 -6.854690744472216579e+01
9.350585937500000000e-02 -6.869087801151925987e+01
9.375000000000000000e-02 -6.884448392848682374e+01
9.399414062500000000e-02 -6.900810473089906338e+01
9.423828125000000000e-02 -6.918215838479758872e+01
9.448242187500000000e-02 -6.936710586294023528e+01
9.472656250000000000e-02 -6.956345647300938140e+01
9.497070312500000000e-02 -6.977177408747989773e+01
9.521484375000000000e-02 -6.999268446144829170e+01
9.545898437500000000e-02 -7.022688387075929484e+01
9.570312500000000000e-02 -7.047514936364009941e+01
9.594726562500000000e-02 -7.073835099807088511e+01
9.619140625000000000e-02 -7.101746654161296135e+01
9.643554687500000000e-02 -7.131359924991308219e+01
9.667968750000000000e-02 -7.162799952804560633e+01
9.692382812500000000e-02 -7.196209153560910465e+01
9.716796875000000000e-02 -7.231750615085451273e+01
9.741210937500000000e-02 -7.269612220645893785e+01
9.765625000000000000e-02 -7.310011861600791860e+01
9.790039062500000000e-02 -7.353204103247385603e+01
9.814453125000000000e-02 -7.399488818523605005e+01
9.838867187500000000e-02 -7.449222530249920737e+01
9.863281250000000000e-02 -7.502833549846862127e+01
9.887695312500000000e-02 -7.560842547099051103e+01
9.912109375000000000e-02 -7.623891070554014959e+01
9.936523437500000000e-02 -7.692782017050423349e+01
9.960937500000000000e-02 -7.768538611388667903e+01
9.985351562500000000e-02 -7.852493087287342632e+01
1.000976562500000000e-01 -7.946425048399186153e+01
1.003417968750000000e-01 -8.052787169284088975e+01
1.005859375000000000e-01 -8.175094083867345773e+01
1.008300781250000000e-01 -8.318640366142443554e+01
1.010742187500000000e-01 -8.491951220353905683e+01
1.013183593750000000e-01 -8.710099186419253670e+01
1.015625000000000000e-01 -9.003801276318780822e+01
1.018066406250000000e-01 -9.453259423416463392e+01
1.020507812500000000e-01 -1.044281630982205229e+02
1.022949218750000000e-01 -1.033697051404475076e+02
1.025390625000000000e-01 -9.415700208032490082e+01
1.027832031250000000e-01 -8.978490702465818174e+01
1.030273437500000000e-01 -8.689047615545865710e+01
1.032714843750000000e-01 -8.472498113696775590e+01
1.035156250000000000e-01 -8.299578777269512386e+01
1.037597656250000000e-01 -8.155776578422731404e+01
1.040039062500000000e-01 -8.032827833255822725e+01
1.042480468750000000e-01 -7.925576794401669645e+01
1.044921875000000000e-01 -7.830589540396898940e+01
1.047363281250000000e-01 -7.745463671123034999e+01
1.049804687500000000e-01 -7.668452655720686550e+01
1.052246093750000000e-01 -7.598247014646382524e+01
1.054687500000000000e-01 -7.533839782784004058e+01
1.057128906250000000e-01 -7.474440070426940963e+01
1.059570312500000000e-01 -7.419415457925772728e+01
1.062011718750000000e-01 -7.368252400967635651e+01
1.064453125000000000e-01 -7.320528285268618163e+01
1.066894531250000000e-01 -7.275891245624107739e+01
1.069335937500000000e-01 -7.234045296610909759e+01
1.071777343750000000e-01 -7.194739181132204919e+01
1.074218750000000000e-01 -7.157757874522957309e+01
1.076660156250000000e-01 -7.122916019985110836e+01
1.079101562500000000e-01 -7.090052791628517070e+01
1.081542968750000000e-01 -7.059027828311369035e+01
1.083984375000000000e-01 -7.029717981387315717e+01
1.086425781250000000e-01 -7.002014688649272500e+01
1.088867187500000000e-01 -6.975821835412386918e+01
1.091308593750000000e-01 -6.951053998453525651e+01
1.093750000000000000e-01 -6.927634993697773780e+01
1.096191406250000000e-01 -6.905496667006377720e+01
1.098632812500000000e-01 -6.884577881110143949e+01
1.101074218750000000e-01 -6.864823662027860962e+01
1.103515625000000000e-01 -6.846184476058256507e+01
1.105957031250000000e-01 -6.828615614448675331e+01
1.108398437500000000e-01 -6.812076667359416149e+01
1.110839843750000000e-01 -6.796531072393864292e+01
1.113281250000000000e-01 -6.781945725716430218e+01
1.115722656250000000e-01 -6.768290646011406864e+01
1.118164062500000000e-01 -6.755538683307256065e+01
1.120605468750000000e-01 -6.743665266079617027e+01
1.123046875000000000e-01 -6.732648181203350646e+01
1.125488281250000000e-01 -6.722467382236452238e+01
1.127929687500000000e-01 -6.713104822267602856e+01
1.130371093750000000e-01 -6.704544308189642265e+01
1.132812500000000000e-01 -6.696771373754579315e+01
1.135253906250000000e-01 -6.689773169209661319e+01
1.137695312500000000e-01 -6.683538365646010959e+01
1.140136718750000000e-01 -6.678057072513638559e+01
1.142578125000000000e-01 -6.673320766993479936e+01
1.145019531250000000e-01 -6.669322234137200667e+01
1.147460937500000000e-01 -6.666055516881596077e+01
1.149902343750000000e-01 -6.663515875204620897e+01
1.152343750000000000e-01 -6.661699753822296088e+01
1.154785156250000000e-01 -6.660604757981560908e+01
1.157226562500000000e-01 -6.660229636995298108e+01
1.159667968750000000e-01 -6.660574275307516245e+01
1.162109375000000000e-01 -6.661639690941875358e+01
1.164550781250000000e-01 -6.663428041336621277e+01
1.166992187500000000e-01 -6.665942636626155604e+01
1.169433593750000000e-01 -6.669187960566343065e+01
1.171875000000000000e-01 -6.673169699391011989e+01
1.174316406250000000e-01 -6.677894779004289205e+01
1.176757812500000000e-01 -6.683371411050788424e+01
1.179199218750000000e-01 -6.689609148522433202e+01
1.181640625000000000e-01 -6.696618951742904358e+01
1.184082031250000000e-01 -6.704413265718810067e+01
1.186523437500000000e-01 -6.713006110080114297e+01
1.188964843750000000e-01 -6.722413183040816875e+01
1.191406250000000000e-01 -6.732651981119562379e+01
1.193847656250000000e-01 -6.743741936656547864e+01
1.196289062500000000e-01 -6.755704575587942884e+01
1.198730468750000000e-01 -6.768563698389300498e+01
1.201171875000000000e-01 -6.782345587675160914e+01
1.203613281250000000e-01 -6.797079246638107008e+01
1.206054687500000000e-01 -6.812796673346055343e+01
1.208496093750000000e-01 -6.829533176970785746e+01
1.210937500000000000e-01 -6.847327743295937807e+01
1.213378906250000000e-01 -6.866223458449155714e+01
1.215820312500000000e-01 -6.886268001843168918e+01
1.218261718750000000e-01 -6.907514221794629350e+01
1.220703125000000000e-01 -6.930020810568223055e+01
1.223144531250000000e-01 -6.953853099675136207e+01
1.225585937500000000e-01 -6.979084001613605892e+01
1.228027343750000000e-01 -7.005795131178336987e+01
1.230468750000000000e-01 -7.034078148578755929e+01
1.232910156250000000e-01 -7.064036378747883305e+01
1.235351562500000000e-01 -7.095786777450297222e+01
1.237792968750000000e-01 -7.129462336866907890e+01
1.240234375000000000e-01 -7.165215053612467955e+01
1.242675781250000000e-01 -7.203219624281659605e+01
1.245117187500000000e-01 -7.243678093139783414e+01
1.247558593750000000e-01 -7.286825761925796030e+01
1.250000000000000000e-01 -7.332938796285954197e+01
1.252441406250000000e-01 -7.382344148616489576e+01
1.254882812500000000e-01 -7.435432698533004725e+01
1.257324218750000000e-01 -7.492676949762281424e+01
1.259765625000000000e-01 -7.554655321054919170e+01
1.262207031250000000e-01 -7.622086217945660280e+01
1.264648437500000000e-01 -7.695877027861430975e+01
1.267089843750000000e-01 -7.777196641101477326e+01
1.269531250000000000e-01 -7.867586506520041212e+01
1.271972656250000000e-01 -7.969137745510658988e+01
1.274414062500000000e-01 -8.084787921249734666e+01
1.276855468750000000e-01 -8.218849843962026114e+01
1.279296875000000000e-01 -8.378031189923858335e+01
1.281738281250000000e-01 -8.573619001616116009e+01
1.284179687500000000e-01 -8.826913423271092540e+01
1.286621093750000000e-01 -9.186280611580161803e+01
1.289062500000000000e-01 -9.810096440285184372e+01
1.291503906250000000e-01 -1.241870407390424305e+02
1.293945312500000000e-01 -9.729498963091816677e+01
1.296386718750000000e-01 -9.148491981414169061e+01
1.298828125000000000e-01 -8.804486843879465141e+01
1.301269531250000000e-01 -8.559700316031592138e+01
1.303710937500000000e-01 -8.369879005164773389e+01
1.306152343750000000e-01 -8.215093069492527889e+01
1.308593750000000000e-01 -8.084642540511205766e+01
1.311035156250000000e-01 -7.972113160124585818e+01
1.313476562500000000e-01 -7.873355035310494543e+01
1.315917968750000000e-01 -7.785528272911705017e+01
1.318359375000000000e-01 -7.706603832836347578e+01
1.320800781250000000e-01 -7.635081587184015461e+01
1.323242187500000000e-01 -7.569821190386652177e+01
1.325683593750000000e-01 -7.509935585672079128e+01
1.328125000000000000e-01 -7.454721221236053452e+01
1.330566406250000000e-01 -7.403610765727036380e+01
1.333007812500000000e-01 -7.356140143254778252e+01
1.335449218750000000e-01 -7.311924980229487403e+01
1.337890625000000000e-01 -7.270643413152637891e+01
1.340332031250000000e-01 -7.232023301351750888e+01
1.342773437500000000e-01 -7.195832556327158613e+01
1.345214843750000000e-01 -7.161871718653881658e+01
1.347656250000000000e-01 -7.129968183596582776e+01
1.350097656250000000e-01 -7.099971654893249706e+01
1.352539062500000000e-01 -7.071750526241152102e+01
1.354980468750000000e-01 -7.045188972442370812e+01
1.357421875000000000e-01 -7.020184589735421810e+01
1.359863281250000000e-01 -6.996646465674506032e+01
1.362304687500000000e-01 -6.974493588254655663e+01
1.364746093750000000e-01 -6.953653525431697346e+01
1.367187500000000000e-01 -6.934061321967820390e+01
1.369628906250000000e-01 -6.915658572319775033e+01
1.372070312500000000e-01 -6.898392637187930632e+01
1.374511718750000000e-01 -6.882215978107655019e+01
1.376953125000000000e-01 -6.867085589670729462e+01
1.379394531250000000e-01 -6.852962512986509580e+01
1.381835937500000000e-01 -6.839811417151190653e+01
1.384277343750000000e-01 -6.827600237970737851e+01
1.386718750000000000e-01 -6.816299865138184089e+01
1.389160156250000000e-01 -6.805883870646840705e+01
1.391601562500000000e-01 -6.796328272477101962e+01
1.394042968750000000e-01 -6.787611328604464234e+01
1.396484375000000000e-01 -6.779713357222084369e+01
1.398925781250000000e-01 -6.772616579730384956e+01
1.401367187500000000e-01 -6.766304983618525171e+01
1.403808593750000000e-01 -6.760764202818971569e+01
1.406250000000000000e-01 -6.755981413498189170e+01
1.408691406250000000e-01 -6.751945243578479960e+01
1.411132812500000000e-01 -6.748645694544676132e+01
1.413574218750000000e-01 -6.746074074337461468e+01
1.416015625000000000e-01 -6.744222940319238546e+01
1.418457031250000000e-01 -6.743086051479220089e+01
1.420898437500000000e-01 -6.742658329186389210e+01
1.423339843750000000e-01 -6.742935825948381989e+01
1.425781250000000000e-01 -6.743915701730138323e+01
1.428222656250000000e-01 -6.745596207517893106e+01
1.430664062500000000e-01 -6.747976675896158838e+01
1.433105468750000000e-01 -6.751057518523685985e+01
1.435546875000000000e-01 -6.754840230460682449e+01
1.437988281250000000e-01 -6.759327401415610836e+01
1.440429687500000000e-01 -6.764522734059755749e+01
1.442871093750000000e-01 -6.770431069664741131e+01
1.445312500000000000e-01 -6.777058421404217370e+01
1.447753906250000000e-01 -6.784412015802803353e+01
1.450195312500000000e-01 -6.792500342900055443e+01
1.452636718750000000e-01 -6.801333215870484139e+01
1.455078125000000000e-01 -6.810921840971295182e+01
1.457519531250000000e-01 -6.821278898879241126e+01
1.459960937500000000e-01 -6.832418638682275969e+01
1.462402343750000000e-01 -6.844356986037887225e+01
1.464843750000000000e-01 -6.857111667285799683e+01
1.467285156250000000e-01 -6.870702351646428951e+01
1.469726562500000000e-01 -6.885150814050322765e+01
1.472167968750000000e-01 -6.900481121600924439e+01
1.474609375000000000e-01 -6.916719847304582913e+01
1.477050781250000000e-01 -6.933896315370826358e+01
1.479492187500000000e-01 -6.952042883300711651e+01
1.481933593750000000e-01 -6.971195267026973852e+01
1.484375000000000000e-01 -6.991392916742849195e+01
1.486816406250000000e-01 -7.012679452678500525e+01
1.489257812500000000e-01 -7.035103172214373046e+01
1.491699218750000000e-01 -7.058717642343675891e+01
1.494140625000000000e-01 -7.083582394866840559e+01
1.496582031250000000e-01 -7.109763746013226182e+01
1.499023437500000000e-01 -7.137335767772468387e+01
1.501464843750000000e-01 -7.166381445498005576e+01
1.503906250000000000e-01 -7.196994065941802887e+01
1.506347656250000000e-01 -7.229278892619213082e+01
1.508789062500000000e-01 -7.263355202548960676e+01
1.511230468750000000e-01 -7.299358781731658041e+01
1.513671875000000000e-01 -7.337445008767420518e+01
1.516113281250000000e-01 -7.377792700820980087e+01
1.518554687500000000e-01 -7.420608959440295394e+01
1.520996093750000000e-01 -7.466135344929730877e+01
1.523437500000000000e-01 -7.514655841368950462e+01
1.525878906250000000e-01 -7.566507273566688241e+01
1.528320312500000000e-01 -7.622093140993392524e+01
1.530761718750000000e-01 -7.681902308161967596e+01
1.533203125000000000e-01 -7.746534752347388064e+01
1.535644531250000000e-01 -7.816737828859228898e+01
1.538085937500000000e-01 -7.893458671134179383e+01
1.540527343750000000e-01 -7.977922188028952633e+01
1.542968750000000000e-01 -8.071751303167727087e+01
1.545410156250000000e-01 -8.177160260778666157e+01
1.547851562500000000e-01 -8.297281744007229065e+01
1.550292968750000000e-01 -8.436757092679377479e+01
1.552734375000000000e-01 -8.602893126420300973e+01
1.555175781250000000e-01 -8.808197050632186631e+01
1.557617187500000000e-01 -9.076895561002984891e+01
1.560058593750000000e-01 -9.466575264954724389e+01
1.562500000000000000e-01 -1.018783897342259195e+02
1.564941406250000000e-01 -1.126748655946551594e+02
1.567382812500000000e-01 -9.795817894251422331e+01
1.569824218750000000e-01 -9.279766405906447346e+01
1.572265625000000000e-01 -8.960053024016913525e+01
1.574707031250000000e-01 -8.728401386896425151e+01
1.577148437500000000e-01 -8.547058792880334011e+01
1.579589843750000000e-01 -8.398355414978885847e+01
1.582031250000000000e-01 -8.272583677755241638e+01
1.584472656250000000e-01 -8.163833423374617837e+01
1.586914062500000000e-01 -8.068237878046143408e+01
1.589355468750000000e-01 -7.983128317108719330e+01
1.591796875000000000e-01 -7.906585190075784908e+01
1.594238281250000000e-01 -7.837181592601444891e+01
1.596679687500000000e-01 -7.773827939981605084e+01
1.599121093750000000e-01 -7.715673417281179525e+01
1.601562500000000000e-01 -7.662040989763204379e+01
1.604003906250000000e-01 -7.612383129674745419e+01
1.606445312500000000e-01 -7.566250807926083155e+01
1.608886718750000000e-01 -7.523271250107943331e+01
1.611328125000000000e-01 -7.483131642796175242e+01
1.613769531250000000e-01 -7.445566976900245493e+01
1.616210937500000000e-01 -7.410350828450752658e+01
1.618652343750000000e-01 -7.377288264393880013e+01
1.621093750000000000e-01 -7.346210311639110557e+01
1.623535156250000000e-01 -7.316969593569264418e+01
1.625976562500000000e-01 -7.289436850436435122e+01
1.628417968750000000e-01 -7.263498137327644599e+01
1.630859375000000000e-01 -7.239052547477209032e+01
1.633300781250000000e-01 -7.216010347191708263e+01
1.635742187500000000e-01 -7.194291436391097250e+01
1.638183593750000000e-01 -7.173824069041560847e+01
1.640625000000000000e-01 -7.154543782745916758e+01
1.643066406250000000e-01 -7.136392497984249417e+01
1.645507812500000000e-01 -7.119317755905559864e+01
1.647949218750000000e-01 -7.103272070117652959e+01
1.650390625000000000e-01 -7.088212372786254889e+01
1.652832031250000000e-01 -7.074099539306560303e+01
1.655273437500000000e-01 -7.060897978748674575e+01
1.657714843750000000e-01 -7.048575279709044139e+01
1.660156250000000000e-01 -7.037101903048964857e+01
1.662597656250000000e-01 -7.026450914534392211e+01
1.665039062500000000e-01 -7.016597751580383147e+01
1.667480468750000000e-01 -7.007520019303353820e+01
1.669921875000000000e-01 -6.999197311856872261e+01
1.672363281250000000e-01 -6.991611055712778011e+01
1.674804687500000000e-01 -6.984744372043303429e+01
1.677246093750000000e-01 -6.978581955844626350e+01
1.679687500000000000e-01 -6.973109969783624251e+01
1.682128906250000000e-01 -6.968315951069855885e+01
1.684570312500000000e-01 -6.964188729910340214e+01
1.687011718750000000e-01 -6.960718358330500166e+01
1.689453125000000000e-01 -6.957896048314813697e+01
1.691894531250000000e-01 -6.955714118413774827e+01
1.694335937500000000e-01 -6.954165948055768354e+01
1.696777343750000000e-01 -6.953245938968268547e+01
1.699218750000000000e-01 -6.952949483189721036e+01
1.701660156250000000e-01 -6.953272937251428232e+01
1.704101562500000000e-01 -6.954213602214994694e+01
1.706542968750000000e-01 -6.955769709295671532e+01
1.708984375000000000e-01 -6.957940410897593608e+01
1.711425781250000000e-01 -6.960725776949004739e+01
1.713867187500000000e-01 -6.964126796490211291e+01
1.716308593750000000e-01 -6.968145384527335295e+01
1.718750000000000000e-01 -6.972784394237669403e+01
1.721191406250000000e-01 -6.978047634686265610e+01
1.723632812500000000e-01 -6.983939894246660174e+01
1.726074218750000000e-01 -6.990466970058876939e+01
1.728515625000000000e-01 -6.997635703863436163e+01
1.730957031250000000e-01 -7.005454024703151106e+01
1.733398437500000000e-01 -7.013930999049847514e+01
1.735839843750000000e-01 -7.023076889033349346e+01
1.738281250000000000e-01 -7.032903219586148680e+01
1.740722656250000000e-01 -7.043422855465614418e+01
1.743164062500000000e-01 -7.054650089282826286e+01
1.745605468750000000e-01 -7.066600741878298209e+01
1.748046875000000000e-01 -7.079292276621194446e+01
1.750488281250000000e-01 -7.092743929503453160e+01
1.752929687500000000e-01 -7.106976857219788712e+01
1.755371093750000000e-01 -7.122014305858670014e+01
1.757812500000000000e-01 -7.137881803304388484e+01
1.760253906250000000e-01 -7.154607379048530902e+01
1.762695312500000000e-01 -7.172221815850720361e+01
1.765136718750000000e-01 -7.190758938559388014e+01
1.767578125000000000e-01 -7.210255946526135062e+01
1.770019531250000000e-01 -7.230753797397370874e+01
1.772460937500000000e-01 -7.252297651775539578e+01
1.774902343750000000e-01 -7.274937390386246250e+01
1.777343750000000000e-01 -7.298728218086326081e+01
1.779785156250000000e-01 -7.323731372514878046e+01
1.782226562500000000e-01 -7.350014959602836484e+01
1.784667968750000000e-01 -7.377654943898558315e+01
1.787109375000000000e-01 -7.406736329167479482e+01
1.789550781250000000e-01 -7.437354574574894173e+01
1.791992187500000000e-01 -7.469617304927091084e+01
1.794433593750000000e-01 -7.503646391116727443e+01
1.796875000000000000e-01 -7.539580500993174894e+01
1.799316406250000000e-01 -7.577578254079247699e+01
1.801757812500000000e-01 -7.617822159900141799e+01
1.804199218750000000e-01 -7.660523585447941741e+01
1.806640625000000000e-01 -7.705929092048248208e+01
1.809082031250000000e-01 -7.754328620868267308e+01
1.811523437500000000e-01 -7.806066214196378894e+01
1.813964843750000000e-01 -7.861554277398678892e+01
1.816406250000000000e-01 -7.921292884195905515e+01
1.818847656250000000e-01 -7.985896428940039016e+01
1.821289062500000000e-01 -8.056131259096554231e+01
1.823730468750000000e-01 -8.132970207317536904e+01
1.826171875000000000e-01 -8.217674035933966081e+01
1.828613281250000000e-01 -8.311917494374961279e+01
1.831054687500000000e-01 -8.417992962708797222e+01
1.833496093750000000e-01 -8.539157133327174165e+01
1.835937500000000000e-01 -8.680261302217327568e+01
1.838378906250000000e-01 -8.848999175622056157e+01
1.840820312500000000e-01 -9.058679401843593837e+01
1.843261718750000000e-01 -9.335506008157071278e+01
1.845703125000000000e-01 -9.743632867112523854e+01
1.848144531250000000e-01 -1.053664960304654556e+02
1.850585937500000000e-01 -1.115989743267035834e+02
1.853027343750000000e-01 -9.947261829184391502e+01
1.855468750000000000e-01 -9.461464181480133107e+01
1.857910156250000000e-01 -9.152998791398829326e+01
1.860351562500000000e-01 -8.926920655595706933e+01
1.862792968750000000e-01 -8.748699327546597715e+01
1.865234375000000000e-01 -8.601833970466077517e+01
1.867675781250000000e-01 -8.477143921932848514e+01
1.870117187500000000e-01 -8.368991814344840918e+01
1.872558593750000000e-01 -8.273666532704950782e+01
1.875000000000000000e-01 -8.188594878927979437e+01
1.877441406250000000e-01 -8.111919365348396127e+01
1.879882812500000000e-01 -8.042255320298120580e+01
1.882324218750000000e-01 -7.978543033546070262e+01
1.884765625000000000e-01 -7.919953537975013091e+01
1.887207031250000000e-01 -7.865826250335797454e+01
1.889648437500000000e-01 -7.815626358727278955e+01
1.892089843750000000e-01 -7.768914898299829019e+01
1.894531250000000000e-01 -7.725327235478928856e+01
1.896972656250000000e-01 -7.684557275885997285e+01
1.899414062500000000e-01 -7.646345660951143941e+01
1.901855468750000000e-01 -7.610470802435824567e+01
1.904296875000000000e-01 -7.576741973710456080e+01
1.906738281250000000e-01 -7.544993916583926818e+01
1.909179687500000000e-01 -7.515082581637703640e+01
1.911621093750000000e-01 -7.486881727933948127e+01
1.914062500000000000e-01 -7.460280182291818107e+01
1.916503906250000000e-01 -7.435179610579905329e+01
1.918945312500000000e-01 -7.411492690567219199e+01
1.921386718750000000e-01 -7.389141602780151175e+01
1.923828125000000000e-01 -7.368056775414991932e+01
1.926269531250000000e-01 -7.348175833888841169e+01
1.928710937500000000e-01 -7.329442716508432909e+01
1.931152343750000000e-01 -7.311806925971701787e+01
1.933593750000000000e-01 -7.295222892644122226e+01
1.936035156250000000e-01 -7.279649430468553817e+01
1.938476562500000000e-01 -7.265049270060987396e+01
1.940917968750000000e-01 -7.251388656512366993e+01
1.943359375000000000e-01 -7.238637001733461318e+01
1.945800781250000000e-01 -7.226766583027418278e+01
1.948242187500000000e-01 -7.215752281035545934e+01
1.950683593750000000e-01 -7.205571351394449664e+01
1.953125000000000000e-01 -7.196203225404208581e+01
1.955566406250000000e-01 -7.187629335791348240e+01
1.958007812500000000e-01 -7.179832964276336327e+01
1.960449218750000000e-01 -7.172799108202161733e+01
1.962890625000000000e-01 -7.166514363905598373e+01
1.965332031250000000e-01 -7.160966824880479464e+01
1.967773437500000000e-01 -7.156145993089663193e+01
1.970214843750000000e-01 -7.152042702039607036e+01
1.972656250000000000e-01 -7.148649050451736287e+01
1.975097656250000000e-01 -7.145958345545055579e+01
1.977539062500000000e-01 -7.143965055125582353e+01
1.979980468750000000e-01 -7.142664767796675562e+01
1.982421875000000000e-01 -7.142054160748709535e+01
1.984863281250000000e-01 -7.142130974687083267e+01
1.987304687500000000e-01 -7.142893995560274334e+01
1.989746093750000000e-01 -7.144343042853846271e+01
1.992187500000000000e-01 -7.146478964284730750e+01
1.994628906250000000e-01 -7.149303636841767684e+01
1.997070312500000000e-01 -7.152819974165902295e+01
1.999511718750000000e-01 -7.157031940394547576e+01
2.001953125000000000e-01 -7.161944570620696027e+01
2.004394531250000000e-01 -7.167563998268985870e+01
2.006835937500000000e-01 -7.173897489744327061e+01
2.009277343750000000e-01 -7.180953486820146736e+01
2.011718750000000000e-01 -7.188741657371186022e+01
2.014160156250000000e-01 -7.197272955160578078e+01
2.016601562500000000e-01 -7.206559689549987979e+01
2.019042968750000000e-01 -7.216615606178956455e+01
2.021484375000000000e-01 -7.227455979835288247e+01
2.023925781250000000e-01 -7.239097721004185360e+01
2.026367187500000000e-01 -7.251559497816629118e+01
2.028808593750000000e-01 -7.264861875476856312e+01
2.031250000000000000e-01 -7.279027475614012133e+01
2.033691406250000000e-01 -7.294081158479376370e+01
2.036132812500000000e-01 -7.310050231464266801e+01
2.038574218750000000e-01 -7.326964688109414681e+01
2.041015625000000000e-01 -7.344857482604942334e+01
2.043457031250000000e-01 -7.363764845805600601e+01
2.045898437500000000e-01 -7.383726650077291254e+01
2.048339843750000000e-01 -7.404786831857961715e+01
2.050781250000000000e-01 -7.426993882806478098e+01
2.053222656250000000e-01 -7.450401422948787911e+01
2.055664062500000000e-01 -7.475068872374288276e+01
2.058105468750000000e-01 -7.501062242160556082e+01
2.060546875000000000e-01 -7.528455070465101073e+01
2.062988281250000000e-01 -7.557329536574098938e+01
2.065429687500000000e-01 -7.587777794739341175e+01
2.067871093750000000e-01 -7.619903581612351218e+01
2.070312500000000000e-01 -7.653824167092392372e+01
2.072753906250000000e-01 -7.689672740251862137e+01
2.075195312500000000e-01 -7.727601351790087847e+01
2.077636718750000000e-01 -7.767784576102688732e+01
2.080078125000000000e-01 -7.810424114663324247e+01
2.082519531250000000e-01 -7.855754646475588743e+01
2.084960937500000000e-01 -7.904051353925792966e+01
2.087402343750000000e-01 -7.955639734564115884e+01
2.089843750000000000e-01 -8.010908585718389929e+01
2.092285156250000000e-01 -8.070327478400224663e+01
2.094726562500000000e-01 -8.134470721830513185e+01
2.097167968750000000e-01 -8.204050944976468429e+01
2.099609375000000000e-01 -8.279967333169140886e+01
2.102050781250000000e-01 -8.363376933949840009e+01
2.104492187500000000e-01 -8.455803684829118083e+01
2.106933593750000000e-01 -8.559311973015991271e+01
2.109375000000000000e-01 -8.676796791860054725e+01
2.111816406250000000e-01 -8.812499290537715524e+01
2.114257812500000000e-01 -8.972997144981057716e+01
2.116699218750000000e-01 -9.169315641965087593e+01
2.119140625000000000e-01 -9.422139844085550919e+01
2.121582031250000000e-01 -9.777972181102195748e+01
2.124023437500000000e-01 -1.038566012484542114e+02
2.126464843750000000e-01 -1.485211246166484216e+02
2.128906250000000000e-01 -1.038253665847160363e+02
2.131347656250000000e-01 -9.786927320266917718e+01
2.133789062500000000e-01 -9.439798877664156862e+01
2.136230468750000000e-01 -9.194838924132560010e+01
2.138671875000000000e-01 -9.006053319710864002e+01
2.141113281250000000e-01 -8.852927505060087299e+01
2.143554687500000000e-01 -8.724510188486502216e+01
2.145996093750000000e-01 -8.614261500476320066e+01
2.148437500000000000e-01 -8.517962016314857010e+01
2.150878906250000000e-01 -8.432730428106083309e+01
2.153320312500000000e-01 -8.356511651180947808e+01
2.155761718750000000e-01 -8.287788495926461962e+01
2.158203125000000000e-01 -8.225409092719652904e+01
2.160644531250000000e-01 -8.168478426994147412e+01
2.163085937500000000e-01 -8.116287371287020846e+01
2.165527343750000000e-01 -8.068264659942457229e+01
2.167968750000000000e-01 -8.023943444484025633e+01
2.170410156250000000e-01 -7.982937420482896584e+01
2.172851562500000000e-01 -7.944923416332889587e+01
2.175292968750000000e-01 -7.909628452633793927e+01
2.177734375000000000e-01 -7.876819961955368399e+01
2.180175781250000000e-01 -7.846298286043602843e+01
2.182617187500000000e-01 -7.817890842507087257e+01
2.185058593750000000e-01 -7.791447534402321651e+01
2.187500000000000000e-01 -7.766837098106162784e+01
2.189941406250000000e-01 -7.743944168590647337e+01
2.192382812500000000e-01 -7.722666899616497460e+01
2.194824218750000000e-01 -7.702915017734029846e+01
2.197265625000000000e-01 -7.684608218795682433e+01
2.199707031250000000e-01 -7.667674837331072979e+01
2.202148437500000000e-01 -7.652050735136685944e+01
2.204589843750000000e-01 -7.637678367404762980e+01
2.207031250000000000e-01 -7.624505993639280632e+01
2.209472656250000000e-01 -7.612487007524087801e+01
2.211914062500000000e-01 -7.601579365113182973e+01
2.214355468750000000e-01 -7.591745094801518690e+01
2.216796875000000000e-01 -7.582949875734148293e+01
2.219238281250000000e-01 -7.575162673773759536e+01
2.221679687500000000e-01 -7.568355426172732336e+01
2.224121093750000000e-01 -7.562502767644767232e+01
2.226562500000000000e-01 -7.557581791815348993e+01
2.229003906250000000e-01 -7.553571843056349167e+01
2.231445312500000000e-01 -7.550454334540239643e+01
2.233886718750000000e-01 -7.548212589030569575e+01
2.236328125000000000e-01 -7.546831699497542445e+01
2.238769531250000000e-01 -7.546298407083895654e+01
2.241210937500000000e-01 -7.546600994362481174e+01
2.243652343750000000e-01 -7.547729192132850073e+01
2.246093750000000000e-01 -7.549674098271069056e+01
2.248535156250000000e-01 -7.552428107378668187e+01
2.250976562500000000e-01 -7.555984850186302992e+01
2.253417968750000000e-01 -7.560339141816400854e+01
2.255859375000000000e-01 -7.565486938151251195e+01
2.258300781250000000e-01 -7.571425299706353940e+01
2.260742187500000000e-01 -7.578152362486150651e+01
2.263183593750000000e-01 -7.585667315422446677e+01
2.265625000000000000e-01 -7.593970384080913050e+01
2.268066406250000000e-01 -7.603062820387249587e+01
2.270507812500000000e-01 -7.612946898240048199e+01
2.272949218750000000e-01 -7.623625914893194988e+01
2.275390625000000000e-01 -7.635104198138421339e+01
2.277832031250000000e-01 -7.647387119309199477e+01
2.280273437500000000e-01 -7.660481112262287695e+01
2.282714843750000000e-01 -7.674393698540461628e+01
2.285156250000000000e-01 -7.689133519000985473e+01
2.287597656250000000e-01 -7.704710372288320741e+01
2.290039062500000000e-01 -7.721135260616840412e+01
2.292480468750000000e-01 -7.738420443445053820e+01
2.294921875000000000e-01 -7.756579499718012016e+01
2.297363281250000000e-01 -7.775627399517385641e+01
2.299804687500000000e-01 -7.795580586106260057e+01
2.302246093750000000e-01 -7.816457069499712418e+01
2.304687500000000000e-01 -7.838276532974792588e+01
2.307128906250000000e-01 -7.861060454099313688e+01
2.309570312500000000e-01 -7.884832242208591424e+01
2.312011718750000000e-01 -7.909617394601205831e+01
2.314453125000000000e-01 -7.935443674091911248e+01
2.316894531250000000e-01 -7.962341311156842494e+01
2.319335937500000000e-01 -7.990343234419195539e+01
2.321777343750000000e-01 -8.019485334036042445e+01
2.324218750000000000e-01 -8.049806763433406331e+01
2.326660156250000000e-01 -8.081350285961065083e+01
2.329101562500000000e-01 -8.114162674445867651e+01
2.331542968750000000e-01 -8.148295173348687115e+01
2.333984375000000000e-01 -8.183804035454642190e+01
2.336425781250000000e-01 -8.220751147736640974e+01
2.338867187500000000e-01 -8.259204764632085016e+01
2.341308593750000000e-01 -8.299240371476216183e+01
2.343750000000000000e-01 -8.340941706669234179e+01
2.346191406250000000e-01 -8.384401978962053192e+01
2.348632812500000000e-01 -8.429725326175248767e+01
2.351074218750000000e-01 -8.477028575351016570e+01
2.353515625000000000e-01 -8.526443382383843073e+01
2.355957031250000000e-01 -8.578118853903792740e+01
2.358398437500000000e-01 -8.632224788467642895e+01
2.360839843750000000e-01 -8.688955721723726811e+01
2.363281250000000000e-01 -8.748536028071046644e+01
2.365722656250000000e-01 -8.811226429269459004e+01
2.368164062500000000e-01 -8.877332404028788915e+01
2.370605468750000000e-01 -8.947215208116904250e+01
2.373046875000000000e-01 -9.021306544444561837e+01
2.375488281250000000e-01 -9.100128440137660846e+01
2.377929687500000000e-01 -9.184320723294119659e+01
2.380371093750000000e-01 -9.274679882207723836e+01
2.382812500000000000e-01 -9.372215488492085456e+01
2.385253906250000000e-01 -9.478234676165965311e+01
2.387695312500000000e-01 -9.594473300179339503e+01
2.390136718750000000e-01 -9.723308637539152244e+01
2.392578125000000000e-01 -9.868123253181229870e+01
2.395019531250000000e-01 -1.003397069749579487e+02
2.397460937500000000e-01 -1.022890448408802939e+02
2.399902343750000000e-01 -1.046696582480379902e+02
2.402343750000000000e-01 -1.077617024350582540e+02
2.404785156250000000e-01 -1.122687027584371435e+02
2.407226562500000000e-01 -1.211819956880532629e+02
2.409667968750000000e-01 -1.245022780890728882e+02
2.412109375000000000e-01 -1.141143644071350423e+02
2.414550781250000000e-01 -1.097674320004522883e+02
2.416992187500000000e-01 -1.070672777980551444e+02
2.419433593750000000e-01 -1.051576582360602288e+02
2.421875000000000000e-01 -1.037174230697446973e+02
2.424316406250000000e-01 -1.025909074348945751e+02
2.426757812500000000e-01 -1.016909224788533663e+02
2.429199218750000000e-01 -1.009638472914240026e+02
2.431640625000000000e-01 -1.003744929881556516e+02
2.434082031250000000e-01 -9.989866144881055732e+01
2.436523437500000000e-01 -9.951913887691003424e+01
2.438964843750000000e-01 -9.922338559368986921e+01
2.441406250000000000e-01 -9.900213176234049683e+01
2.443847656250000000e-01 -9.884848870182881342e+01
2.446289062500000000e-01 -9.875736996298712711e+01
2.448730468750000000e-01 -9.872510789858368696e+01
2.451171875000000000e-01 -9.874919981163800742e+01
2.453613281250000000e-01 -9.882814481849239030e+01
2.456054687500000000e-01 -9.896134864119849794e+01
2.458496093750000000e-01 -9.914908386711501009e+01
2.460937500000000000e-01 -9.939250064833035481e+01
2.463378906250000000e-01 -9.969368912711354369e+01
2.465820312500000000e-01 -1.000558014750992868e+02
2.468261718750000000e-01 -1.004832498021323204e+02
2.470703125000000000e-01 -1.009820084530532114e+02
2.473144531250000000e-01 -1.015600689872873943e+02
2.475585937500000000e-01 -1.022281302927427475e+02
2.478027343750000000e-01 -1.030006687933526450e+02
2.480468750000000000e-01 -1.038976550610272795e+02
2.482910156250000000e-01 -1.049474347495149971e+02
2.485351562500000000e-01 -1.061918564089241670e+02
2.487792968750000000e-01 -1.076961272683777793e+02
2.490234375000000000e-01 -1.095698171046780942e+02
2.492675781250000000e-01 -1.120186723296478135e+02
2.495117187500000000e-01 -1.155049761000289266e+02
2.497558593750000000e-01 -1.215043169341621763e+02
2.500000000000000000e-01 -inf
2.502441406250000000e-01 -1.215043169335489210e+02
2.504882812500000000e-01 -1.155049761009017715e+02
2.507324218750000000e-01 -1.120186723298563436e+02
2.509765625000000000e-01 -1.095698171046025209e+02
2.512207031250000000e-01 -1.076961272682687820e+02
2.514648437500000000e-01 -1.061918564089661743e+02
2.517089843750000000e-01 -1.049474347496310145e+02
2.519531250000000000e-01 -1.038976550611110952e+02
2.521972656250000000e-01 -1.030006687934180718e+02
2.524414062500000000e-01 -1.022281302926548250e+02
2.526855468750000000e-01 -1.015600689872873943e+02
2.529296875000000000e-01 -1.009820084529089002e+02
2.531738281250000000e-01 -1.004832498022495884e+02
2.534179687500000000e-01 -1.000558014751366613e+02
2.536621093750000000e-01 -9.969368912706156038e+01
2.539062500000000000e-01 -9.939250064828173947e+01
2.541503906250000000e-01 -9.914908386708076193e+01
2.543945312500000000e-01 -9.896134864119849794e+01
2.546386718750000000e-01 -9.882814481853026223e+01
2.548828125000000000e-01 -9.874919981156114090e+01
2.551269531250000000e-01 -9.872510789858317537e+01
2.553710937500000000e-01 -9.875736996302779858e+01
2.556152343750000000e-01 -9.884848870186294789e+01
2.558593750000000000e-01 -9.900213176243727276e+01
2.561035156250000000e-01 -9.922338559367813104e+01
2.563476562500000000e-01 -9.951913887681655524e+01
2.565917968750000000e-01 -9.989866144880090815e+01
2.568359375000000000e-01 -1.003744929881350174e+02
2.570800781250000000e-01 -1.009638472913785279e+02
2.573242187500000000e-01 -1.016909224788465167e+02
2.575683593750000000e-01 -1.025909074348420518e+02
2.578125000000000000e-01 -1.037174230698491897e+02
2.580566406250000000e-01 -1.051576582363152994e+02
2.583007812500000000e-01 -1.070672777979129648e+02
2.585449218750000000e-01 -1.097674320005023532e+02
2.587890625000000000e-01 -1.141143644073079741e+02
2.590332031250000000e-01 -1.245022780868548296e+02
2.592773437500000000e-01 -1.211819956887587182e+02
2.595214843750000000e-01 -1.122687027586541149e+02
2.597656250000000000e-01 -1.077617024349887487e+02
2.600097656250000000e-01 -1.046696582480278863e+02
2.602539062500000000e-01 -1.022890448407581516e+02
2.604980468750000000e-01 -1.003397069749561012e+02
2.607421875000000000e-01 -9.868123253190074706e+01
2.609863281250000000e-01 -9.723308637543800614e+01
2.612304687500000000e-01 -9.594473300182635001e+01
2.614746093750000000e-01 -9.478234676168035833e+01
2.617187500000000000e-01 -9.372215488489108282e+01
2.619628906250000000e-01 -9.274679882208675963e+01
2.622070312500000000e-01 -9.184320723291536126e+01
2.624511718750000000e-01 -9.100128440138360020e+01
2.626953125000000000e-01 -9.021306544442752795e+01
2.629394531250000000e-01 -8.947215208114828044e+01
2.631835937500000000e-01 -8.877332404025986534e+01
2.634277343750000000e-01 -8.811226429271448524e+01
2.636718750000000000e-01 -8.748536028071998771e+01
2.639160156250000000e-01 -8.688955721724636305e+01
2.641601562500000000e-01 -8.632224788470773547e+01
2.644042968750000000e-01 -8.578118853904666707e+01
2.646484375000000000e-01 -8.526443382385329528e+01
2.648925781250000000e-01 -8.477028575352095174e+01
2.651367187500000000e-01 -8.429725326174235533e+01
2.653808593750000000e-01 -8.384401978961277280e+01
2.656250000000000000e-01 -8.340941706670660949e+01
2.658691406250000000e-01 -8.299240371474760991e+01
2.661132812500000000e-01 -8.259204764632323759e+01
2.663574218750000000e-01 -8.220751147735360576e+01
2.666015625000000000e-01 -8.183804035453813697e+01
2.668457031250000000e-01 -8.148295173349097809e+01
2.670898437500000000e-01 -8.114162674444521883e+01
2.673339843750000000e-01 -8.081350285961785573e+01
2.675781250000000000e-01 -8.049806763433262802e+01
2.678222656250000000e-01 -8.019485334035285007e+01
2.680664062500000000e-01 -7.990343234418169516e+01
2.683105468750000000e-01 -7.962341311156207269e+01
2.685546875000000000e-01 -7.935443674090777222e+01
2.687988281250000000e-01 -7.909617394600246598e+01
2.690429687500000000e-01 -7.884832242209169806e+01
2.692871093750000000e-01 -7.861060454098488037e+01
2.695312500000000000e-01 -7.838276532974269628e+01
2.697753906250000000e-01 -7.816457069499465149e+01
2.700195312500000000e-01 -7.795580586105197085e+01
2.702636718750000000e-01 -7.775627399517959759e+01
2.705078125000000000e-01 -7.756579499717270210e+01
2.707519531250000000e-01 -7.738420443445409092e+01
2.709960937500000000e-01 -7.721135260617529639e+01
2.712402343750000000e-01 -7.704710372287766518e+01
2.714843750000000000e-01 -7.689133519000623096e+01
2.717285156250000000e-01 -7.674393698540551156e+01
2.719726562500000000e-01 -7.660481112261926739e+01
2.722167968750000000e-01 -7.647387119308548620e+01
2.724609375000000000e-01 -7.635104198137973697e+01
2.727050781250000000e-01 -7.623625914893321465e+01
2.729492187500000000e-01 -7.612946898239432869e+01
2.731933593750000000e-01 -7.603062820387481224e+01
2.734375000000000000e-01 -7.593970384080486724e+01
2.736816406250000000e-01 -7.585667315422900003e+01
2.739257812500000000e-01 -7.578152362485674587e+01
2.741699218750000000e-01 -7.571425299705542500e+01
2.744140625000000000e-01 -7.565486938150924345e+01
2.746582031250000000e-01 -7.560339141815929054e+01
2.749023437500000000e-01 -7.555984850186624158e+01
2.751464843750000000e-01 -7.552428107378744926e+01
2.753906250000000000e-01 -7.549674098271518119e+01
2.756347656250000000e-01 -7.547729192133915888e+01
2.758789062500000000e-01 -7.546600994362174220e+01
2.761230468750000000e-01 -7.546298407083619963e+01
2.763671875000000000e-01 -7.546831699498083879e+01
2.766113281250000000e-01 -7.548212589030336517e+01
2.768554687500000000e-01 -7.550454334539927004e+01
2.770996093750000000e-01 -7.553571843056899127e+01
2.773437500000000000e-01 -7.557581791815293570e+01
2.775878906250000000e-01 -7.562502767644441803e+01
2.778320312500000000e-01 -7.568355426172331590e+01
2.780761718750000000e-01 -7.575162673774100597e+01
2.783203125000000000e-01 -7.582949875734526302e+01
2.785644531250000000e-01 -7.591745094801933647e+01
2.788085937500000000e-01 -7.601579365112775122e+01
2.790527343750000000e-01 -7.612487007523519367e+01
2.792968750000000000e-01 -7.624505993638500456e+01
2.795410156250000000e-01 -7.637678367403938751e+01
2.797851562500000000e-01 -7.652050735137476067e+01
2.800292968750000000e-01 -7.667674837331250615e+01
2.802734375000000000e-01 -7.684608218795710854e+01
2.805175781250000000e-01 -7.702915017733771208e+01
2.807617187500000000e-01 -7.722666899616073977e+01
2.810058593750000000e-01 -7.743944168591004029e+01
2.812500000000000000e-01 -7.766837098105794723e+01
2.814941406250000000e-01 -7.791447534403091879e+01
2.817382812500000000e-01 -7.817890842507559057e+01
2.819824218750000000e-01 -7.846298286043602843e+01
2.822265625000000000e-01 -7.876819961955342819e+01
2.824707031250000000e-01 -7.909628452633296547e+01
2.827148437500000000e-01 -7.944923416332986221e+01
2.829589843750000000e-01 -7.982937420482431889e+01
2.832031250000000000e-01 -8.023943444483749943e+01
2.834472656250000000e-01 -8.068264659943690731e+01
2.836914062500000000e-01 -8.116287371286651364e+01
2.839355468750000000e-01 -8.168478426995780239e+01
2.841796875000000000e-01 -8.225409092718292925e+01
2.844238281250000000e-01 -8.287788495926847077e+01
2.846679687500000000e-01 -8.356511651182194100e+01
2.849121093750000000e-01 -8.432730428105728038e+01
2.851562500000000000e-01 -8.517962016315192386e+01
2.854003906250000000e-01 -8.614261500474941613e+01
2.856445312500000000e-01 -8.724510188484487117e+01
2.858886718750000000e-01 -8.852927505060196722e+01
2.861328125000000000e-01 -9.006053319709036487e+01
2.863769531250000000e-01 -9.194838924132653801e+01
2.866210937500000000e-01 -9.439798877663908172e+01
2.868652343750000000e-01 -9.786927320274168096e+01
2.871093750000000000e-01 -1.038253665845984841e+02
2.873535156250000000e-01 -1.485211246076943894e+02
2.875976562500000000e-01 -1.038566012482622369e+02
2.878417968750000000e-01 -9.777972181096887994e+01
2.880859375000000000e-01 -9.422139844075215365e+01
2.883300781250000000e-01 -9.169315641967641284e+01
2.885742187500000000e-01 -8.972997144978418760e+01
2.888183593750000000e-01 -8.812499290537715524e+01
2.890625000000000000e-01 -8.676796791860054725e+01
2.893066406250000000e-01 -8.559311973016590969e+01
2.895507812500000000e-01 -8.455803684830910072e+01
2.897949218750000000e-01 -8.363376933949058412e+01
2.900390625000000000e-01 -8.279967333169454946e+01
2.902832031250000000e-01 -8.204050944976962967e+01
2.905273437500000000e-01 -8.134470721829265472e+01
2.907714843750000000e-01 -8.070327478401526378e+01
2.910156250000000000e-01 -8.010908585717912445e+01
2.912597656250000000e-01 -7.955639734563577292e+01
2.915039062500000000e-01 -7.904051353926244872e+01
2.917480468750000000e-01 -7.855754646474778724e+01
2.919921875000000000e-01 -7.810424114664189688e+01
2.922363281250000000e-01 -7.767784576102262406e+01
2.924804687500000000e-01 -7.727601351789404305e+01
2.927246093750000000e-01 -7.689672740251435812e+01
2.929687500000000000e-01 -7.653824167092331265e+01
2.932128906250000000e-01 -7.619903581612561538e+01
2.934570312500000000e-01 -7.587777794740111403e+01
2.937011718750000000e-01 -7.557329536574809481e+01
2.939453125000000000e-01 -7.528455070465849985e+01
2.941894531250000000e-01 -7.501062242159984805e+01
2.944335937500000000e-01 -7.475068872373934425e+01
2.946777343750000000e-01 -7.450401422948944230e+01
2.949218750000000000e-01 -7.426993882807444436e+01
2.951660156250000000e-01 -7.404786831857842344e+01
2.954101562500000000e-01 -7.383726650077770159e+01
2.956542968750000000e-01 -7.363764845805434334e+01
2.958984375000000000e-01 -7.344857482604791699e+01
2.961425781250000000e-01 -7.326964688109582369e+01
2.963867187500000000e-01 -7.310050231464019532e+01
2.966308593750000000e-01 -7.294081158479400528e+01
2.968750000000000000e-01 -7.279027475614431353e+01
2.971191406250000000e-01 -7.264861875477055264e+01
2.973632812500000000e-01 -7.251559497817217448e+01
2.976074218750000000e-01 -7.239097721004620212e+01
2.978515625000000000e-01 -7.227455979835943367e+01
2.980957031250000000e-01 -7.216615606178913822e+01
2.983398437500000000e-01 -7.206559689550019243e+01
2.985839843750000000e-01 -7.197272955160411811e+01
2.988281250000000000e-01 -7.188741657371133442e+01
2.990722656250000000e-01 -7.180953486820128262e+01
2.993164062500000000e-01 -7.173897489744314271e+01
2.995605468750000000e-01 -7.167563998269113767e+01
2.998046875000000000e-01 -7.161944570620411810e+01
3.000488281250000000e-01 -7.157031940394696790e+01
3.002929687500000000e-01 -7.152819974166619943e+01
3.005371093750000000e-01 -7.149303636841281673e+01
3.007812500000000000e-01 -7.146478964285168445e+01
3.010253906250000000e-01 -7.144343042853590475e+01
3.012695312500000000e-01 -7.142893995560295650e+01
3.015136718750000000e-01 -7.142130974686683942e+01
3.017578125000000000e-01 -7.142054160748504898e+01
3.020019531250000000e-01 -7.142664767796333081e+01
3.022460937500000000e-01 -7.143965055125407559e+01
3.024902343750000000e-01 -7.145958345545446377e+01
3.027343750000000000e-01 -7.148649050452073084e+01
3.029785156250000000e-01 -7.152042702040004940e+01
3.032226562500000000e-01 -7.156145993089289448e+01
3.034667968750000000e-01 -7.160966824880125614e+01
3.037109375000000000e-01 -7.166514363905598373e+01
3.039550781250000000e-01 -7.172799108202360685e+01
3.041992187500000000e-01 -7.179832964276899077e+01
3.044433593750000000e-01 -7.187629335791862673e+01
3.046875000000000000e-01 -7.196203225404748594e+01
3.049316406250000000e-01 -7.205571351394701196e+01
3.051757812500000000e-01 -7.215752281035697990e+01
3.054199218750000000e-01 -7.226766583027313118e+01
3.056640625000000000e-01 -7.238637001733189891e+01
3.059082031250000000e-01 -7.251388656512015984e+01
3.061523437500000000e-01 -7.265049270060897868e+01
3.063964843750000000e-01 -7.279649430468384708e+01
3.066406250000000000e-01 -7.295222892643997170e+01
3.068847656250000000e-01 -7.311806925972310012e+01
3.071289062500000000e-01 -7.329442716509083766e+01
3.073730468750000000e-01 -7.348175833887937358e+01
3.076171875000000000e-01 -7.368056775415928428e+01
3.078613281250000000e-01 -7.389141602780070173e+01
3.081054687500000000e-01 -7.411492690567011721e+01
3.083496093750000000e-01 -7.435179610580024701e+01
3.085937500000000000e-01 -7.460280182292156326e+01
3.088378906250000000e-01 -7.486881727933591435e+01
3.090820312500000000e-01 -7.515082581638222337e+01
3.093261718750000000e-01 -7.544993916584652993e+01
3.095703125000000000e-01 -7.576741973710456080e+01
3.098144531250000000e-01 -7.610470802434956283e+01
3.100585937500000000e-01 -7.646345660951618584e+01
3.103027343750000000e-01 -7.684557275886615457e+01
3.105468750000000000e-01 -7.725327235479220178e+01
3.107910156250000000e-01 -7.768914898299598804e+01
3.110351562500000000e-01 -7.815626358727362799e+01
3.112792968750000000e-01 -7.865826250335945247e+01
3.115234375000000000e-01 -7.919953537975243307e+01
3.117675781250000000e-01 -7.978543033546478114e+01
3.120117187500000000e-01 -8.042255320299621246e+01
3.122558593750000000e-01 -8.111919365347182520e+01
3.125000000000000000e-01 -8.188594878927979437e+01
3.127441406250000000e-01 -8.273666532703586540e+01
3.129882812500000000e-01 -8.368991814345514513e+01
3.132324218750000000e-01 -8.477143921932665194e+01
3.134765625000000000e-01 -8.601833970464655010e+01
3.137207031250000000e-01 -8.748699327545702431e+01
3.139648437500000000e-01 -8.926920655596441634e+01
3.142089843750000000e-01 -9.152998791397905620e+01
3.144531250000000000e-01 -9.461464181481574087e+01
3.146972656250000000e-01 -9.947261829173672254e+01
3.149414062500000000e-01 -1.115989743261863794e+02
3.151855468750000000e-01 -1.053664960305301577e+02
3.154296875000000000e-01 -9.743632867120341245e+01
3.156738281250000000e-01 -9.335506008149535262e+01
3.159179687500000000e-01 -9.058679401843312462e+01
3.161621093750000000e-01 -8.848999175620913604e+01
3.164062500000000000e-01 -8.680261302214574926e+01
3.166503906250000000e-01 -8.539157133328876625e+01
3.168945312500000000e-01 -8.417992962708228788e+01
3.171386718750000000e-01 -8.311917494373601301e+01
3.173828125000000000e-01 -8.217674035934490462e+01
3.176269531250000000e-01 -8.132970207318680878e+01
3.178710937500000000e-01 -8.056131259099682040e+01
3.181152343750000000e-01 -7.985896428939301472e+01
3.183593750000000000e-01 -7.921292884197802664e+01
3.186035156250000000e-01 -7.861554277398569468e+01
3.188476562500000000e-01 -7.806066214196611952e+01
3.190917968750000000e-01 -7.754328620868710686e+01
3.193359375000000000e-01 -7.705929092047702511e+01
3.195800781250000000e-01 -7.660523585448565598e+01
3.198242187500000000e-01 -7.617822159900519807e+01
3.200683593750000000e-01 -7.577578254079411124e+01
3.203125000000000000e-01 -7.539580500992774148e+01
3.205566406250000000e-01 -7.503646391116578229e+01
3.208007812500000000e-01 -7.469617304927355406e+01
3.210449218750000000e-01 -7.437354574574702326e+01
3.212890625000000000e-01 -7.406736329167851807e+01
3.215332031250000000e-01 -7.377654943898988904e+01
3.217773437500000000e-01 -7.350014959603242914e+01
3.220214843750000000e-01 -7.323731372515547378e+01
3.222656250000000000e-01 -7.298728218086388608e+01
3.225097656250000000e-01 -7.274937390386297409e+01
3.227539062500000000e-01 -7.252297651775559473e+01
3.229980468750000000e-01 -7.230753797396971549e+01
3.232421875000000000e-01 -7.210255946525748527e+01
3.234863281250000000e-01 -7.190758938559200431e+01
3.237304687500000000e-01 -7.172221815850720361e+01
3.239746093750000000e-01 -7.154607379048616167e+01
3.242187500000000000e-01 -7.137881803304058792e+01
3.244628906250000000e-01 -7.122014305858515115e+01
3.247070312500000000e-01 -7.106976857219227384e+01
3.249511718750000000e-01 -7.092743929503176048e+01
3.251953125000000000e-01 -7.079292276621558244e+01
3.254394531250000000e-01 -7.066600741878060887e+01
3.256835937500000000e-01 -7.054650089283187242e+01
3.259277343750000000e-01 -7.043422855465794896e+01
3.261718750000000000e-01 -7.032903219585972465e+01
3.264160156250000000e-01 -7.023076889033679038e+01
3.266601562500000000e-01 -7.013930999050192838e+01
3.269042968750000000e-01 -7.005454024703124105e+01
3.271484375000000000e-01 -6.997635703863392109e+01
3.273925781250000000e-01 -6.990466970059024732e+01
3.276367187500000000e-01 -6.983939894246945812e+01
3.278808593750000000e-01 -6.978047634686282663e+01
3.281250000000000000e-01 -6.972784394237964989e+01
3.283691406250000000e-01 -6.968145384527312558e+01
3.286132812500000000e-01 -6.964126796490489824e+01
3.288574218750000000e-01 -6.960725776948909527e+01
3.291015625000000000e-01 -6.957940410897136019e+01
3.293457031250000000e-01 -6.955769709295859116e+01
3.295898437500000000e-01 -6.954213602215062906e+01
3.298339843750000000e-01 -6.953272937251679764e+01
3.300781250000000000e-01 -6.952949483190040780e+01
3.303222656250000000e-01 -6.953245938969217832e+01
3.305664062500000000e-01 -6.954165948055758406e+01
3.308105468750000000e-01 -6.955714118413669667e+01
3.310546875000000000e-01 -6.957896048314589166e+01
3.312988281250000000e-01 -6.960718358330130684e+01
3.315429687500000000e-01 -6.964188729910867437e+01
3.317871093750000000e-01 -6.968315951069921255e+01
3.320312500000000000e-01 -6.973109969783408246e+01
3.322753906250000000e-01 -6.978581955844485663e+01
3.325195312500000000e-01 -6.984744372042794680e+01
3.327636718750000000e-01 -6.991611055712900225e+01
3.330078125000000000e-01 -6.999197311857130899e+01
3.332519531250000000e-01 -7.007520019303044023e+01
3.334960937500000000e-01 -7.016597751580704312e+01
3.337402343750000000e-01 -7.026450914534245840e+01
3.339843750000000000e-01 -7.037101903049089913e+01
3.342285156250000000e-01 -7.048575279709177721e+01
3.344726562500000000e-01 -7.060897978748828052e+01
3.347167968750000000e-01 -7.074099539305903761e+01
3.349609375000000000e-01 -7.088212372786016147e+01
3.352050781250000000e-01 -7.103272070117546377e+01
3.354492187500000000e-01 -7.119317755906011769e+01
3.356933593750000000e-01 -7.136392497984095940e+01
3.359375000000000000e-01 -7.154543782746173974e+01
3.361816406250000000e-01 -7.173824069041440055e+01
3.364257812500000000e-01 -7.194291436391630157e+01
3.366699218750000000e-01 -7.216010347191395624e+01
3.369140625000000000e-01 -7.239052547477385247e+01
3.371582031250000000e-01 -7.263498137327226800e+01
3.374023437500000000e-01 -7.289436850436271698e+01
3.376464843750000000e-01 -7.316969593568448715e+01
3.378906250000000000e-01 -7.346210311639443091e+01
3.381347656250000000e-01 -7.377288264393618533e+01
3.383789062500000000e-01 -7.410350828451002769e+01
3.386230468750000000e-01 -7.445566976900509815e+01
3.388671875000000000e-01 -7.483131642795910921e+01
3.391113281250000000e-01 -7.523271250107715957e+01
3.393554687500000000e-01 -7.566250807925764832e+01
3.395996093750000000e-01 -7.612383129674697102e+01
3.398437500000000000e-01 -7.662040989763380594e+01
3.400878906250000000e-01 -7.715673417281101365e+01
3.403320312500000000e-01 -7.773827939981923407e+01
3.405761718750000000e-01 -7.837181592601216096e+01
3.408203125000000000e-01 -7.906585190075116998e+01
3.410644531250000000e-01 -7.983128317109354555e+01
3.413085937500000000e-01 -8.068237878046565470e+01
3.415527343750000000e-01 -8.163833423374160247e+01
3.417968750000000000e-01 -8.272583677753782183e+01
3.420410156250000000e-01 -8.398355414976157363e+01
3.422851562500000000e-01 -8.547058792881537670e+01
3.425292968750000000e-01 -8.728401386900144132e+01
3.427734375000000000e-01 -8.960053024016491463e+01
3.430175781250000000e-01 -9.279766405907368210e+01
3.432617187500000000e-01 -9.795817894251982239e+01
3.435058593750000000e-01 -1.126748655948770619e+02
3.437500000000000000e-01 -1.018783897344650597e+02
3.439941406250000000e-01 -9.466575264954532543e+01
3.442382812500000000e-01 -9.076895561008043956e+01
3.444824218750000000e-01 -8.808197050634703373e+01
3.447265625000000000e-01 -8.602893126419014891e+01
3.449707031250000000e-01 -8.436757092680863934e+01
3.452148437500000000e-01 -8.297281744006939164e+01
3.454589843750000000e-01 -8.177160260778587997e+01
3.457031250000000000e-01 -8.071751303168018410e+01
3.459472656250000000e-01 -7.977922188029819495e+01
3.461914062500000000e-01 -7.893458671134496285e+01
3.464355468750000000e-01 -7.816737828858650516e+01
3.466796875000000000e-01 -7.746534752348401298e+01
3.469238281250000000e-01 -7.681902308162624138e+01
3.471679687500000000e-01 -7.622093140993071358e+01
3.474121093750000000e-01 -7.566507273567864900e+01
3.476562500000000000e-01 -7.514655841368484346e+01
3.479003906250000000e-01 -7.466135344930304996e+01
3.481445312500000000e-01 -7.420608959440235708e+01
3.483886718750000000e-01 -7.377792700820708660e+01
3.486328125000000000e-01 -7.337445008767824106e+01
3.488769531250000000e-01 -7.299358781731440615e+01
3.491210937500000000e-01 -7.263355202549784906e+01
3.493652343750000000e-01 -7.229278892618634700e+01
3.496093750000000000e-01 -7.196994065942327268e+01
3.498535156250000000e-01 -7.166381445497778202e+01
3.500976562500000000e-01 -7.137335767772437123e+01
3.503417968750000000e-01 -7.109763746013543084e+01
3.505859375000000000e-01 -7.083582394866790821e+01
3.508300781250000000e-01 -7.058717642343263776e+01
3.510742187500000000e-01 -7.035103172214184042e+01
3.513183593750000000e-01 -7.012679452678719372e+01
3.515625000000000000e-01 -6.991392916743062358e+01
3.518066406250000000e-01 -6.971195267027293596e+01
3.520507812500000000e-01 -6.952042883300363485e+01
3.522949218750000000e-01 -6.933896315371096364e+01
3.525390625000000000e-01 -6.916719847304648283e+01
3.527832031250000000e-01 -6.900481121601033863e+01
3.530273437500000000e-01 -6.885150814049981705e+01
3.532714843750000000e-01 -6.870702351646612271e+01
3.535156250000000000e-01 -6.857111667285444412e+01
3.537597656250000000e-01 -6.844356986037776380e+01
3.540039062500000000e-01 -6.832418638682517553e+01
3.542480468750000000e-01 -6.821278898879374708e+01
3.544921875000000000e-01 -6.810921840971421659e+01
3.547363281250000000e-01 -6.801333215870582194e+01
3.549804687500000000e-01 -6.792500342899822385e+01
3.552246093750000000e-01 -6.784412015802182339e+01
3.554687500000000000e-01 -6.777058421404306898e+01
3.557128906250000000e-01 -6.770431069664715551e+01
3.559570312500000000e-01 -6.764522734060014386e+01
3.562011718750000000e-01 -6.759327401415893632e+01
3.564453125000000000e-01 -6.754840230461402939e+01
3.566894531250000000e-01 -6.751057518523850831e+01
3.569335937500000000e-01 -6.747976675896320842e+01
3.571777343750000000e-01 -6.745596207518022425e+01
3.574218750000000000e-01 -6.743915701730452383e+01
3.576660156250000000e-01 -6.742935825948381989e+01
3.579101562500000000e-01 -6.742658329186588162e+01
3.581542968750000000e-01 -6.743086051479220089e+01
3.583984375000000000e-01 -6.744222940319598081e+01
3.586425781250000000e-01 -6.746074074337326465e+01
3.588867187500000000e-01 -6.748645694544693185e+01
3.591308593750000000e-01 -6.751945243578499856e+01
3.593750000000000000e-01 -6.755981413498649601e+01
3.596191406250000000e-01 -6.760764202818954516e+01
3.598632812500000000e-01 -6.766304983618755386e+01
3.601074218750000000e-01 -6.772616579730181741e+01
3.603515625000000000e-01 -6.779713357222084369e+01
3.605957031250000000e-01 -6.787611328604529604e+01
3.608398437500000000e-01 -6.796328272476775112e+01
3.610839843750000000e-01 -6.805883870647127765e+01
3.613281250000000000e-01 -6.816299865138184089e+01
3.615722656250000000e-01 -6.827600237970835906e+01
3.618164062500000000e-01 -6.839811417151294393e+01
3.620605468750000000e-01 -6.852962512986233889e+01
3.623046875000000000e-01 -6.867085589671015100e+01
3.625488281250000000e-01 -6.882215978107731758e+01
3.627929687500000000e-01 -6.898392637187744469e+01
3.630371093750000000e-01 -6.915658572319928510e+01
3.632812500000000000e-01 -6.934061321968027869e+01
3.635253906250000000e-01 -6.953653525431560922e+01
3.637695312500000000e-01 -6.974493588254529186e+01
3.640136718750000000e-01 -6.996646465674629667e+01
3.642578125000000000e-01 -7.020184589735539760e+01
3.645019531250000000e-01 -7.045188972442062436e+01
3.647460937500000000e-01 -7.071750526242146861e+01
3.649902343750000000e-01 -7.099971654893610662e+01
3.652343750000000000e-01 -7.129968183596601250e+01
3.654785156250000000e-01 -7.161871718653679864e+01
3.657226562500000000e-01 -7.195832556327235352e+01
3.659667968750000000e-01 -7.232023301351426881e+01
3.662109375000000000e-01 -7.270643413152919265e+01
3.664550781250000000e-01 -7.311924980229652249e+01
3.666992187500000000e-01 -7.356140143254778252e+01
3.669433593750000000e-01 -7.403610765726561738e+01
3.671875000000000000e-01 -7.454721221235325856e+01
3.674316406250000000e-01 -7.509935585672852199e+01
3.676757812500000000e-01 -7.569821190386416276e+01
3.679199218750000000e-01 -7.635081587183508134e+01
3.681640625000000000e-01 -7.706603832836871959e+01
3.684082031250000000e-01 -7.785528272911973602e+01
3.686523437500000000e-01 -7.873355035311027450e+01
3.688964843750000000e-01 -7.972113160123238629e+01
3.691406250000000000e-01 -8.084642540510999709e+01
3.693847656250000000e-01 -8.215093069492264988e+01
3.696289062500000000e-01 -8.369879005163372199e+01
3.698730468750000000e-01 -8.559700316031580769e+01
3.701171875000000000e-01 -8.804486843876985347e+01
3.703613281250000000e-01 -9.148491981411461893e+01
3.706054687500000000e-01 -9.729498963086258811e+01
3.708496093750000000e-01 -1.241870407395383182e+02
3.710937500000000000e-01 -9.810096440295298237e+01
3.713378906250000000e-01 -9.186280611581847211e+01
3.715820312500000000e-01 -8.826913423267239978e+01
3.718261718750000000e-01 -8.573619001614817137e+01
3.720703125000000000e-01 -8.378031189922913313e+01
3.723144531250000000e-01 -8.218849843964675017e+01
3.725585937500000000e-01 -8.084787921249341025e+01
3.728027343750000000e-01 -7.969137745509193849e+01
3.730468750000000000e-01 -7.867586506520960654e+01
3.732910156250000000e-01 -7.777196641101153318e+01
3.735351562500000000e-01 -7.695877027861882880e+01
3.737792968750000000e-01 -7.622086217945997078e+01
3.740234375000000000e-01 -7.554655321055045647e+01
3.742675781250000000e-01 -7.492676949761990102e+01
3.745117187500000000e-01 -7.435432698533060147e+01
3.747558593750000000e-01 -7.382344148616978430e+01
3.750000000000000000e-01 -7.332938796285731087e+01
3.752441406250000000e-01 -7.286825761925599920e+01
3.754882812500000000e-01 -7.243678093139415353e+01
3.757324218750000000e-01 -7.203219624281325650e+01
3.759765625000000000e-01 -7.165215053612440954e+01
3.762207031250000000e-01 -7.129462336866971839e+01
3.764648437500000000e-01 -7.095786777449528415e+01
3.767089843750000000e-01 -7.064036378747660194e+01
3.769531250000000000e-01 -7.034078148578667822e+01
3.771972656250000000e-01 -7.005795131178525992e+01
3.774414062500000000e-01 -6.979084001613816213e+01
3.776855468750000000e-01 -6.953853099675036731e+01
3.779296875000000000e-01 -6.930020810568510115e+01
3.781738281250000000e-01 -6.907514221794696141e+01
3.784179687500000000e-01 -6.886268001843374975e+01
3.786621093750000000e-01 -6.866223458449653094e+01
3.789062500000000000e-01 -6.847327743295771540e+01
3.791503906250000000e-01 -6.829533176970943487e+01
3.793945312500000000e-01 -6.812796673345728493e+01
3.796386718750000000e-01 -6.797079246637760264e+01
3.798828125000000000e-01 -6.782345587675143861e+01
3.801269531250000000e-01 -6.768563698389186811e+01
3.803710937500000000e-01 -6.755704575587706984e+01
3.806152343750000000e-01 -6.743741936656462599e+01
3.808593750000000000e-01 -6.732651981119694540e+01
3.811035156250000000e-01 -6.722413183040846718e+01
3.813476562500000000e-01 -6.713006110079936661e+01
3.815917968750000000e-01 -6.704413265719064441e+01
3.818359375000000000e-01 -6.696618951742765091e+01
3.820800781250000000e-01 -6.689609148522490045e+01
3.823242187500000000e-01 -6.683371411050474364e+01
3.825683593750000000e-01 -6.677894779004277837e+01
3.828125000000000000e-01 -6.673169699391011989e+01
3.830566406250000000e-01 -6.669187960566422646e+01
3.833007812500000000e-01 -6.665942636626280660e+01
3.835449218750000000e-01 -6.663428041336749175e+01
3.837890625000000000e-01 -6.661639690941997571e+01
3.840332031250000000e-01 -6.660574275307402559e+01
3.842773437500000000e-01 -6.660229636995536850e+01
3.845214843750000000e-01 -6.660604757981221269e+01
3.847656250000000000e-01 -6.661699753822499304e+01
3.850097656250000000e-01 -6.663515875204710426e+01
3.852539062500000000e-01 -6.666055516881814924e+01
3.854980468750000000e-01 -6.669322234136997452e+01
3.857421875000000000e-01 -6.673320766993796838e+01
3.859863281250000000e-01 -6.678057072513968251e+01
3.862304687500000000e-01 -6.683538365645806323e+01
3.864746093750000000e-01 -6.689773169209728110e+01
3.867187500000000000e-01 -6.696771373754819479e+01
3.869628906250000000e-01 -6.704544308189714741e+01
3.872070312500000000e-01 -6.713104822267715122e+01
3.874511718750000000e-01 -6.722467382236580136e+01
3.876953125000000000e-01 -6.732648181203578019e+01
3.879394531250000000e-01 -6.743665266079538867e+01
3.881835937500000000e-01 -6.755538683307239012e+01
3.884277343750000000e-01 -6.768290646011479339e+01
3.886718750000000000e-01 -6.781945725716266793e+01
3.889160156250000000e-01 -6.796531072393862871e+01
3.891601562500000000e-01 -6.812076667359193038e+01
3.894042968750000000e-01 -6.828615614448469273e+01
3.896484375000000000e-01 -6.846184476058463986e+01
3.898925781250000000e-01 -6.864823662027308160e+01
3.901367187500000000e-01 -6.884577881110418218e+01
3.903808593750000000e-01 -6.905496667005832023e+01
3.906250000000000000e-01 -6.927634993697492405e+01
3.908691406250000000e-01 -6.951053998453510019e+01
3.911132812500000000e-01 -6.975821835412544658e+01
3.913574218750000000e-01 -7.002014688649536822e+01
3.916015625000000000e-01 -7.029717981387375403e+01
3.918457031250000000e-01 -7.059027828311216979e+01
3.920898437500000000e-01 -7.090052791629244666e+01
3.923339843750000000e-01 -7.122916019985588321e+01
3.925781250000000000e-01 -7.157757874523413477e+01
3.928222656250000000e-01 -7.194739181132806038e+01
3.930664062500000000e-01 -7.234045296610599962e+01
3.933105468750000000e-01 -7.275891245624252690e+01
3.935546875000000000e-01 -7.320528285268308366e+01
3.937988281250000000e-01 -7.368252400967769233e+01
3.940429687500000000e-01 -7.419415457925349244e+01
3.942871093750000000e-01 -7.474440070426703642e+01
3.945312500000000000e-01 -7.533839782783681471e+01
3.947753906250000000e-01 -7.598247014645518504e+01
3.950195312500000000e-01 -7.668452655720207645e+01
3.952636718750000000e-01 -7.745463671123066263e+01
3.955078125000000000e-01 -7.830589540397589587e+01
3.957519531250000000e-01 -7.925576794403441738e+01
3.959960937500000000e-01 -8.032827833255822725e+01
3.962402343750000000e-01 -8.155776578423768797e+01
3.964843750000000000e-01 -8.299578777269313434e+01
3.967285156250000000e-01 -8.472498113696553901e+01
3.969726562500000000e-01 -8.689047615550877879e+01
3.972167968750000000e-01 -8.978490702460538841e+01
3.974609375000000000e-01 -9.415700208032490082e+01
3.977050781250000000e-01 -1.033697051403215426e+02
3.979492187500000000e-01 -1.044281630981083424e+02
3.981933593750000000e-01 -9.453259423408690054e+01
3.984375000000000000e-01 -9.003801276323106606e+01
3.986816406250000000e-01 -8.710099186417714634e+01
3.989257812500000000e-01 -8.491951220351202778e+01
3.991699218750000000e-01 -8.318640366143188203e+01
3.994140625000000000e-01 -8.175094083867587358e+01
3.996582031250000000e-01 -8.052787169283257640e+01
3.999023437500000000e-01 -7.946425048400311653e+01
4.001464843750000000e-01 -7.852493087287342632e+01
4.003906250000000000e-01 -7.768538611387836568e+01
4.006347656250000000e-01 -7.692782017051094101e+01
4.008789062500000000e-01 -7.623891070553688110e+01
4.011230468750000000e-01 -7.560842547099628064e+01
4.013671875000000000e-01 -7.502833549846809547e+01
4.016113281250000000e-01 -7.449222530250008845e+01
4.018554687500000000e-01 -7.399488818523751377e+01
4.020996093750000000e-01 -7.353204103247711032e+01
4.023437500000000000e-01 -7.310011861600625593e+01
4.025878906250000000e-01 -7.269612220645940681e+01
4.028320312500000000e-01 -7.231750615085042000e+01
4.030761718750000000e-01 -7.196209153559891547e+01
4.033203125000000000e-01 -7.162799952805038117e+01
4.035644531250000000e-01 -7.131359924990941579e+01
4.038085937500000000e-01 -7.101746654160673700e+01
4.040527343750000000e-01 -7.073835099807349991e+01
4.042968750000000000e-01 -7.047514936364098048e+01
4.045410156250000000e-01 -7.022688387076452443e+01
4.047851562500000000e-01 -6.999268446144843381e+01
4.050292968750000000e-01 -6.977177408747712661e+01
4.052734375000000000e-01 -6.956345647300882717e+01
4.055175781250000000e-01 -6.936710586294806546e+01
4.057617187500000000e-01 -6.918215838479356705e+01
4.060058593750000000e-01 -6.900810473090172081e+01
4.062500000000000000e-01 -6.884448392848682374e+01
4.064941406250000000e-01 -6.869087801151925987e+01
4.067382812500000000e-01 -6.854690744472178210e+01
4.069824218750000000e-01 -6.841222717850988033e+01
4.072265625000000000e-01 -6.828652323600776697e+01
4.074707031250000000e-01 -6.816950975113883260e+01
4.077148437500000000e-01 -6.806092639117966314e+01
4.079589843750000000e-01 -6.796053610849996574e+01
4.082031250000000000e-01 -6.786812317559952135e+01
4.084472656250000000e-01 -6.778349146519795454e+01
4.086914062500000000e-01 -6.770646294322868641e+01
4.089355468750000000e-01 -6.763687634782873204e+01
4.091796875000000000e-01 -6.757458603161343547e+01
4.094238281250000000e-01 -6.751946094805532539e+01
4.096679687500000000e-01 -6.747138376581520447e+01
4.099121093750000000e-01 -6.743025009727639940e+01
4.101562500000000000e-01 -6.739596782981210765e+01
4.104003906250000000e-01 -6.736845654994041865e+01
4.106445312500000000e-01 -6.734764705228005255e+01
4.108886718750000000e-01 -6.733348092648031979e+01
4.111328125000000000e-01 -6.732591021642213036e+01
4.113769531250000000e-01 -6.732489714729051400e+01
4.116210937500000000e-01 -6.733041391680832533e+01
4.118652343750000000e-01 -6.734244254796529106e+01
4.121093750000000000e-01 -6.736097480131981285e+01
4.123535156250000000e-01 -6.738601214578415011e+01
4.125976562500000000e-01 -6.741756578747138917e+01
4.128417968750000000e-01 -6.745565675700218833e+01
4.130859375000000000e-01 -6.750031605636047516e+01
4.133300781250000000e-01 -6.755158486718659105e+01
4.135742187500000000e-01 -6.760951482321212325e+01
4.138183593750000000e-01 -6.767416835041292700e+01
4.140625000000000000e-01 -6.774561907939997241e+01
4.143066406250000000e-01 -6.782395233562667158e+01
4.145507812500000000e-01 -6.790926571426693670e+01
4.147949218750000000e-01 -6.800166974780191254e+01
4.150390625000000000e-01 -6.810128867612063175e+01
4.152832031250000000e-01 -6.820826133060806740e+01
4.155273437500000000e-01 -6.832274214587590677e+01
4.157714843750000000e-01 -6.844490231528514812e+01
4.160156250000000000e-01 -6.857493110933417313e+01
4.162597656250000000e-01 -6.871303737959044611e+01
4.165039062500000000e-01 -6.885945127499023499e+01
4.167480468750000000e-01 -6.901442620248742799e+01
4.169921875000000000e-01 -6.917824107028538094e+01
4.172363281250000000e-01 -6.935120285929470185e+01
4.174804687500000000e-01 -6.953364957793007761e+01
4.177246093750000000e-01 -6.972595366664455696e+01
4.179687500000000000e-01 -6.992852593294759345e+01
4.182128906250000000e-01 -7.014182011530081695e+01
4.184570312500000000e-01 -7.036633819674267443e+01
4.187011718750000000e-01 -7.060263661738612484e+01
4.189453125000000000e-01 -7.085133357087097750e+01
4.191894531250000000e-01 -7.111311761657687214e+01
4.194335937500000000e-01 -7.138875789944360406e+01
4.196777343750000000e-01 -7.167911634788812592e+01
4.199218750000000000e-01 -7.198516232459310515e+01
4.201660156250000000e-01 -7.230799034339794673e+01
4.204101562500000000e-01 -7.264884165259003623e+01
4.206542968750000000e-01 -7.300913074016334292e+01
4.208984375000000000e-01 -7.339047816897038956e+01
4.211425781250000000e-01 -7.379475164379246621e+01
4.213867187500000000e-01 -7.422411791441459172e+01
4.216308593750000000e-01 -7.468110913430463427e+01
4.218750000000000000e-01 -7.516870878866485839e+01
4.221191406250000000e-01 -7.569046454967077864e+01
4.223632812500000000e-01 -7.625063886173654737e+01
4.226074218750000000e-01 -7.685441348047179133e+01
4.228515625000000000e-01 -7.750817296147107527e+01
4.230957031250000000e-01 -7.821990674427510726e+01
4.233398437500000000e-01 -7.899979484312802924e+01
4.235839843750000000e-01 -7.986108795253444725e+01
4.238281250000000000e-01 -8.082147960996171321e+01
4.240722656250000000e-01 -8.190534257555682984e+01
4.243164062500000000e-01 -8.314757798264128041e+01
4.245605468750000000e-01 -8.460071189776431311e+01
4.248046875000000000e-01 -8.634920745540971154e+01
4.250488281250000000e-01 -8.854210121928308297e+01
4.252929687500000000e-01 -9.148215925539291504e+01
4.255371093750000000e-01 -9.595510056177681690e+01
4.257812500000000000e-01 -1.056518855023857810e+02
4.260253906250000000e-01 -1.052348974335133107e+02
4.262695312500000000e-01 -9.584616613194641843e+01
4.265136718750000000e-01 -9.145283509919120490e+01
4.267578125000000000e-01 -8.855975091221593232e+01
4.270019531250000000e-01 -8.640293955312496621e+01
4.272460937500000000e-01 -8.468556158315873006e+01
4.274902343750000000e-01 -8.326085684714804813e+01
4.277343750000000000e-01 -8.204542189042292932e+01
4.279785156250000000e-01 -8.098728931235098116e+01
4.282226562500000000e-01 -8.005187931136867974e+01
4.284667968750000000e-01 -7.921501612759728062e+01
4.287109375000000000e-01 -7.845913293540559152e+01
4.289550781250000000e-01 -7.777106356405893450e+01
4.291992187500000000e-01 -7.714068594484474772e+01
4.294433593750000000e-01 -7.656005115430961894e+01
4.296875000000000000e-01 -7.602280332940398466e+01
4.299316406250000000e-01 -7.552378114919466157e+01
4.301757812500000000e-01 -7.505873668784980168e+01
4.304199218750000000e-01 -7.462413245619212887e+01
4.306640625000000000e-01 -7.421699190925143341e+01
4.309082031250000000e-01 -7.383478736232601136e+01
4.311523437500000000e-01 -7.347535461732434214e+01
4.313964843750000000e-01 -7.313682700912113432e+01
4.316406250000000000e-01 -7.281758380227948635e+01
4.318847656250000000e-01 -7.251620934877823288e+01
4.321289062500000000e-01 -7.223146042283758561e+01
4.323730468750000000e-01 -7.196223984545197538e+01
4.326171875000000000e-01 -7.170757500054386924e+01
4.328613281250000000e-01 -7.146660019471849523e+01
4.331054687500000000e-01 -7.123854206542047507e+01
4.333496093750000000e-01 -7.102270742818399185e+01
4.335937500000000000e-01 -7.081847309123044454e+01
4.338378906250000000e-01 -7.062527726892031410e+01
4.340820312500000000e-01 -7.044261230382572592e+01
4.343261718750000000e-01 -7.027001846711748101e+01
4.345703125000000000e-01 -7.010707865275769279e+01
4.348144531250000000e-01 -6.995341381732251307e+01
4.350585937500000000e-01 -6.980867904502562737e+01
4.353027343750000000e-01 -6.967256014002936126e+01
4.355468750000000000e-01 -6.954477066547694619e+01
4.357910156250000000e-01 -6.942504936317889985e+01
4.360351562500000000e-01 -6.931315789887690926e+01
4.362792968750000000e-01 -6.920887888759301632e+01
4.365234375000000000e-01 -6.911201416078394288e+01
4.367675781250000000e-01 -6.902238324338537723e+01
4.370117187500000000e-01 -6.893982201374542740e+01
4.372558593750000000e-01 -6.886418152380089452e+01
4.375000000000000000e-01 -6.879532696016596560e+01
4.377441406250000000e-01 -6.873313672986515144e+01
4.379882812500000000e-01 -6.867750165686508979e+01
4.382324218750000000e-01 -6.862832427752076114e+01
4.384765625000000000e-01 -6.858551822511508078e+01
4.387207031250000000e-01 -6.854900769476495270e+01
4.389648437500000000e-01 -6.851872698167930764e+01
4.392089843750000000e-01 -6.849462008667647694e+01
4.394531250000000000e-01 -6.847664038377750728e+01
4.396972656250000000e-01 -6.846475034589558106e+01
4.399414062500000000e-01 -6.845892132504361882e+01
4.401855468750000000e-01 -6.845913338450618824e+01
4.404296875000000000e-01 -6.846537518090717356e+01
4.406738281250000000e-01 -6.847764389475649693e+01
4.409179687500000000e-01 -6.849594520870039105e+01
4.411621093750000000e-01 -6.852029333320130888e+01
4.414062500000000000e-01 -6.855071107997200386e+01
4.416503906250000000e-01 -6.858722998406520333e+01
4.418945312500000000e-01 -6.862989047609245574e+01
4.421386718750000000e-01 -6.867874210668669832e+01
4.423828125000000000e-01 -6.873384382593724240e+01
4.426269531250000000e-01 -6.879526432137515712e+01
4.428710937500000000e-01 -6.886308241869151914e+01
4.431152343750000000e-01 -6.893738755044340394e+01
4.433593750000000000e-01 -6.901828029896313410e+01
4.436035156250000000e-01 -6.910587302073086846e+01
4.438476562500000000e-01 -6.920029056101247988e+01
4.440917968750000000e-01 -6.930167106888619344e+01
4.443359375000000000e-01 -6.941016692476318894e+01
4.445800781250000000e-01 -6.952594579454569157e+01
4.448242187500000000e-01 -6.964919182706925938e+01
4.450683593750000000e-01 -6.978010701453710851e+01
4.453125000000000000e-01 -6.991891273916874638e+01
4.455566406250000000e-01 -7.006585153356289197e+01
4.458007812500000000e-01 -7.022118908763619061e+01
4.460449218750000000e-01 -7.038521654102682135e+01
4.462890625000000000e-01 -7.055825310786448767e+01
4.465332031250000000e-01 -7.074064909008257018e+01
4.467773437500000000e-01 -7.093278934726730256e+01
4.470214843750000000e-01 -7.113509730546475396e+01
4.472656250000000000e-01 -7.134803960568831371e+01
4.475097656250000000e-01 -7.157213151573853338e+01
4.477539062500000000e-01 -7.180794325791588051e+01
4.479980468750000000e-01 -7.205610744225708686e+01
4.482421875000000000e-01 -7.231732784291281746e+01
4.484863281250000000e-01 -7.259238981677231095e+01
4.487304687500000000e-01 -7.288217274492973274e+01
4.489746093750000000e-01 -7.318766498445005197e+01
4.492187500000000000e-01 -7.350998196134909790e+01
4.494628906250000000e-01 -7.385038822844376227e+01
4.497070312500000000e-01 -7.421032457618559874e+01
4.499511718750000000e-01 -7.459144164940130395e+01
4.501953125000000000e-01 -7.499564203548398211e+01
4.504394531250000000e-01 -7.542513351936835875e+01
4.506835937500000000e-01 -7.588249725775601462e+01
4.509277343750000000e-01 -7.637077618405359658e+01
4.511718750000000000e-01 -7.689359130202834081e+01
4.514160156250000000e-01 -7.745529713726115517e+01
4.516601562500000000e-01 -7.806119331453220411e+01
4.519042968750000000e-01 -7.871781847995595172e+01
4.521484375000000000e-01 -7.943336829227705209e+01
4.523925781250000000e-01 -8.021830616691003968e+01
4.526367187500000000e-01 -8.108628436833760134e+01
4.528808593750000000e-01 -8.205558631719617324e+01
4.531250000000000000e-01 -8.315148973009698352e+01
4.533691406250000000e-01 -8.441036074565177216e+01
4.536132812500000000e-01 -8.588726597745609581e+01
4.538574218750000000e-01 -8.767149779517947650e+01
4.541015625000000000e-01 -8.992254399484201599e+01
4.543457031250000000e-01 -9.297079782303758577e+01
4.545898437500000000e-01 -9.770673451304770651e+01
4.548339843750000000e-01 -1.088991774211631309e+02
4.550781250000000000e-01 -1.046913948285810534e+02
4.553222656250000000e-01 -9.635118194626772947e+01
4.555664062500000000e-01 -9.218616238645643080e+01
4.558105468750000000e-01 -8.939185965519648391e+01
4.560546875000000000e-01 -8.728946000945779815e+01
4.562988281250000000e-01 -8.560606402594400777e+01
4.565429687500000000e-01 -8.420426516804684525e+01
4.567871093750000000e-01 -8.300506859355337497e+01
4.570312500000000000e-01 -8.195885729302223410e+01
4.572753906250000000e-01 -8.103241949163252400e+01
4.575195312500000000e-01 -8.020242993963157119e+01
4.577636718750000000e-01 -7.945187848265831576e+01
4.580078125000000000e-01 -7.876797864935116422e+01
4.582519531250000000e-01 -7.814087627293550042e+01
4.584960937500000000e-01 -7.756281685996817998e+01
4.587402343750000000e-01 -7.702758905690015467e+01
4.589843750000000000e-01 -7.653014115213015600e+01
4.592285156250000000e-01 -7.606630981777584566e+01
4.594726562500000000e-01 -7.563262384377566150e+01
4.597167968750000000e-01 -7.522615928466994717e+01
4.599609375000000000e-01 -7.484443066081649931e+01
4.602050781250000000e-01 -7.448530795523343784e+01
4.604492187500000000e-01 -7.414695239928741444e+01
4.606933593750000000e-01 -7.382776616530478009e+01
4.609375000000000000e-01 -7.352635250281079493e+01
4.611816406250000000e-01 -7.324148382143660285e+01
4.614257812500000000e-01 -7.297207589384258597e+01
4.616699218750000000e-01 -7.271716682340576199e+01
4.619140625000000000e-01 -7.247589975980535826e+01
4.621582031250000000e-01 -7.224750858997745695e+01
4.624023437500000000e-01 -7.203130601154373380e+01
4.626464843750000000e-01 -7.182667352965451357e+01
4.628906250000000000e-01 -7.163305301808722447e+01
4.631347656250000000e-01 -7.144993956137852820e+01
4.633789062500000000e-01 -7.127687535332727009e+01
4.636230468750000000e-01 -7.111344447147153858e+01
4.638671875000000000e-01 -7.095926838275528326e+01
4.641113281250000000e-01 -7.081400206246337348e+01
4.643554687500000000e-01 -7.067733063061436383e+01
4.645996093750000000e-01 -7.054896642684204267e+01
4.648437500000000000e-01 -7.042864645894785269e+01
4.650878906250000000e-01 -7.031613017114968045e+01
4.653320312500000000e-01 -7.021119748720848008e+01
4.655761718750000000e-01 -7.011364709102527115e+01
4.658203125000000000e-01 -7.002329491308860554e+01
4.660644531250000000e-01 -6.993997279624893793e+01
4.663085937500000000e-01 -6.986352731857812159e+01
4.665527343750000000e-01 -6.979381875407884195e+01
4.667968750000000000e-01 -6.973072015525292500e+01
4.670410156250000000e-01 -6.967411654369641383e+01
4.672851562500000000e-01 -6.962390419706252942e+01
4.675292968750000000e-01 -6.957999002236317665e+01
4.677734375000000000e-01 -6.954229100705435940e+01
4.680175781250000000e-01 -6.951073374076155176e+01
4.682617187500000000e-01 -6.948525400133368635e+01
4.685058593750000000e-01 -6.946579640012670609e+01
4.687500000000000000e-01 -6.945231408211925839e+01
4.689941406250000000e-01 -6.944476847719279533e+01
4.692382812500000000e-01 -6.944312909966581060e+01
4.694824218750000000e-01 -6.944737339372812812e+01
4.697265625000000000e-01 -6.945748662297381770e+01
4.699707031250000000e-01 -6.947346180270307059e+01
4.702148437500000000e-01 -6.949529967436198774e+01
4.704589843750000000e-01 -6.952300872168629553e+01
4.707031250000000000e-01 -6.955660522881260022e+01
4.709472656250000000e-01 -6.959611338099031741e+01
4.711914062500000000e-01 -6.964156540910344972e+01
4.714355468750000000e-01 -6.969300177960097642e+01
4.716796875000000000e-01 -6.975047143213369338e+01
4.719238281250000000e-01 -6.981403206766870539e+01
4.721679687500000000e-01 -6.988375049060059041e+01
4.724121093750000000e-01 -6.995970300901113603e+01
4.726562500000000000e-01 -7.004197589813786351e+01
4.729003906250000000e-01 -7.013066593294568918e+01
4.731445312500000000e-01 -7.022588099686079488e+01
4.733886718750000000e-01 -7.032774077489651177e+01
4.736328125000000000e-01 -7.043637754071251322e+01
4.738769531250000000e-01 -7.055193704912693420e+01
4.741210937500000000e-01 -7.067457954716712720e+01
4.743652343750000000e-01 -7.080448091932461807e+01
4.746093750000000000e-01 -7.094183398538469021e+01
4.748535156250000000e-01 -7.108684997239829784e+01
4.750976562500000000e-01 -7.123976018638268215e+01
4.753417968750000000e-01 -7.140081791401453870e+01
4.755859375000000000e-01 -7.157030059053744253e+01
4.758300781250000000e-01 -7.174851227680858301e+01
4.760742187500000000e-01 -7.193578649739599484e+01
4.763183593750000000e-01 -7.213248950188874176e+01
4.765625000000000000e-01 -7.233902402512852348e+01
4.768066406250000000e-01 -7.255583363799797780e+01
4.770507812500000000e-01 -7.278340780159162193e+01
4.772949218750000000e-01 -7.302228776302037261e+01
4.775390625000000000e-01 -7.327307346463135218e+01
4.777832031250000000e-01 -7.353643168082045634e+01
4.780273437500000000e-01 -7.381310565136479340e+01
4.782714843750000000e-01 -7.410392655202994661e+01
4.785156250000000000e-01 -7.440982723726845904e+01
4.787597656250000000e-01 -7.473185881531374264e+01
4.790039062500000000e-01 -7.507121078379475421e+01
4.792480468750000000e-01 -7.542923568294767733e+01
4.794921875000000000e-01 -7.580747953774771020e+01
4.797363281250000000e-01 -7.620771979828279541e+01
4.799804687500000000e-01 -7.663201310774651631e+01
4.802246093750000000e-01 -7.708275611789363779e+01
4.804687500000000000e-01 -7.756276387451164567e+01
4.807128906250000000e-01 -7.807537223699718254e+01
4.809570312500000000e-01 -7.862457375329054798e+01
4.812011718750000000e-01 -7.921520102365542471e+01
4.814453125000000000e-01 -7.985317897389023756e+01
4.816894531250000000e-01 -8.054587965469436028e+01
4.819335937500000000e-01 -8.130263402378147930e+01
4.821777343750000000e-01 -8.213549221843584291e+01
4.824218750000000000e-01 -8.306039282181744454e+01
4.826660156250000000e-01 -8.409903732648827202e+01
4.829101562500000000e-01 -8.528205106482877795e+01
4.831542968750000000e-01 -8.665466119757293484e+01
4.833984375000000000e-01 -8.828776088198698346e+01
4.836425781250000000e-01 -9.030195968182776767e+01
4.838867187500000000e-01 -9.292869926578084971e+01
4.841308593750000000e-01 -9.670904323633432398e+01
4.843750000000000000e-01 -1.035414505557972404e+02
4.846191406250000000e-01 -1.177999765508223220e+02
4.848632812500000000e-01 -1.007164197057604582e+02
4.851074218750000000e-01 -9.533816792590499745e+01
4.853515625000000000e-01 -9.205163755693733663e+01
4.855957031250000000e-01 -8.968191475026718251e+01
4.858398437500000000e-01 -8.783030620571675229e+01
4.860839843750000000e-01 -8.631261829495662141e+01
4.863281250000000000e-01 -8.502844763599088651e+01
4.865722656250000000e-01 -8.391698918192366818e+01
4.868164062500000000e-01 -8.293861243368186820e+01
4.870605468750000000e-01 -8.206604467097696443e+01
4.873046875000000000e-01 -8.127971359135641194e+01
4.875488281250000000e-01 -8.056509638787889571e+01
4.877929687500000000e-01 -7.991111978892440959e+01
4.880371093750000000e-01 -7.930914760288722221e+01
4.882812500000000000e-01 -7.875231450980777481e+01
4.885253906250000000e-01 -7.823507305900591291e+01
4.887695312500000000e-01 -7.775287689797295343e+01
4.890136718750000000e-01 -7.730195384841269401e+01
4.892578125000000000e-01 -7.687913988468929460e+01
4.895019531250000000e-01 -7.648175539739510498e+01
4.897460937500000000e-01 -7.610751144306001947e+01
4.899902343750000000e-01 -7.575443766309233240e+01
4.902343750000000000e-01 -7.542082612725187118e+01
4.904785156250000000e-01 -7.510518705924316407e+01
4.907226562500000000e-01 -7.480621355074468681e+01
4.909667968750000000e-01 -7.452275316044791964e+01
4.912109375000000000e-01 -7.425378484758043385e+01
4.914550781250000000e-01 -7.399840008210426845e+01
4.916992187500000000e-01 -7.375578725688041004e+01
4.919433593750000000e-01 -7.352521873364970872e+01
4.921875000000000000e-01 -7.330604000743198867e+01
4.924316406250000000e-01 -7.309766058785895382e+01
4.926757812500000000e-01 -7.289954628236353074e+01
4.929199218750000000e-01 -7.271121263122682876e+01
4.931640625000000000e-01 -7.253221929568614712e+01
4.934082031250000000e-01 -7.236216523877810403e+01
4.936523437500000000e-01 -7.220068456958368586e+01
4.938964843750000000e-01 -7.204744294556189743e+01
4.941406250000000000e-01 -7.190213444667153908e+01
4.943847656250000000e-01 -7.176447885036128582e+01
4.946289062500000000e-01 -7.163421924865099299e+01
4.948730468750000000e-01 -7.151111995859187687e+01
4.951171875000000000e-01 -7.139496468521608108e+01
4.953613281250000000e-01 -7.128555490293756236e+01
4.956054687500000000e-01 -7.118270842646037977e+01
4.958496093750000000e-01 -7.108625814705537493e+01
4.960937500000000000e-01 -7.099605091346143126e+01
4.963378906250000000e-01 -7.091194653989819585e+01
4.965820312500000000e-01 -7.083381692630224791e+01
4.968261718750000000e-01 -7.076154527795556248e+01
4.970703125000000000e-01 -7.069502541358886560e+01
4.973144531250000000e-01 -7.063416115255409977e+01
4.975585937500000000e-01 -7.057886577305627895e+01
4.978027343750000000e-01 -7.052906153453945137e+01
4.980468750000000000e-01 -7.048467925822676250e+01
4.982910156250000000e-01 -7.044565796084773979e+01
4.985351562500000000e-01 -7.041194453717557167e+01
4.987792968750000000e-01 -7.038349348770331915e+01
4.990234375000000000e-01 -7.036026668839494391e+01
4.992675781250000000e-01 -7.034223319995518864e+01
4.995117187500000000e-01 -7.032936911443439953e+01
4.997558593750000000e-01 -7.032165743768871380e+01
