-5.000000000000000000e-01 -3.216317804262227042e+01
-4.997558593750000000e-01 -3.216328548146383071e+01
-4.995117187500000000e-01 -3.216360780277726406e+01
-4.992675781250000000e-01 -3.216414502092970906e+01
-4.990234375000000000e-01 -3.216489715986951836e+01
-4.987792968750000000e-01 -3.216586425313082032e+01
-4.985351562500000000e-01 -3.216704634383962969e+01
-4.982910156250000000e-01 -3.216844348472260151e+01
-4.980468750000000000e-01 -3.217005573811646713e+01
-4.978027343750000000e-01 -3.217188317598043312e+01
-4.975585937500000000e-01 -3.217392587990949693e+01
-4.973144531250000000e-01 -3.217618394115034874e+01
-4.970703125000000000e-01 -3.217865746061872301e+01
-4.968261718750000000e-01 -3.218134654891840540e+01
-4.965820312500000000e-01 -3.218425132636286889e+01
-4.963378906250000000e-01 -3.218737192299789740e+01
-4.960937500000000000e-01 -3.219070847862657558e+01
-4.958496093750000000e-01 -3.219426114283643159e+01
-4.956054687500000000e-01 -3.219803007502763137e+01
-4.953613281250000000e-01 -3.220201544444414310e+01
-4.951171875000000000e-01 -3.220621743020593186e+01
-4.948730468750000000e-01 -3.221063622134359861e+01
-4.946289062500000000e-01 -3.221527201683499442e+01
-4.943847656250000000e-01 -3.222012502564324876e+01
-4.941406250000000000e-01 -3.222519546675772517e+01
-4.938964843750000000e-01 -3.223048356923623459e+01
-4.936523437500000000e-01 -3.223598957224935191e+01
-4.934082031250000000e-01 -3.224171372512713418e+01
-4.931640625000000000e-01 -3.224765628740762935e+01
-4.929199218750000000e-01 -3.225381752888749531e+01
-4.926757812500000000e-01 -3.226019772967462984e+01
-4.924316406250000000e-01 -3.226679718024345789e+01
-4.921875000000000000e-01 -3.227361618149133449e+01
-4.919433593750000000e-01 -3.228065504479834402e+01
-4.916992187500000000e-01 -3.228791409208830032e+01
-4.914550781250000000e-01 -3.229539365589233313e+01
-4.912109375000000000e-01 -3.230309407941505384e+01
-4.909667968750000000e-01 -3.231101571660238392e+01
-4.907226562500000000e-01 -3.231915893221216152e+01
-4.904785156250000000e-01 -3.232752410188682290e+01
-4.902343750000000000e-01 -3.233611161222850683e+01
-4.899902343750000000e-01 -3.234492186087681631e+01
-4.897460937500000000e-01 -3.235395525658834259e+01
-4.895019531250000000e-01 -3.236321221931962810e+01
-4.892578125000000000e-01 -3.237269318031166421e+01
-4.890136718750000000e-01 -3.238239858217762190e+01
-4.887695312500000000e-01 -3.239232887899269997e+01
-4.885253906250000000e-01 -3.240248453638703552e+01
-4.882812500000000000e-01 -3.241286603164071778e+01
-4.880371093750000000e-01 -3.242347385378215563e+01
-4.877929687500000000e-01 -3.243430850368849150e+01
-4.875488281250000000e-01 -3.244537049418941166e+01
-4.873046875000000000e-01 -3.245666035017339368e+01
-4.870605468750000000e-01 -3.246817860869704475e+01
-4.868164062500000000e-01 -3.247992581909725374e+01
-4.865722656250000000e-01 -3.249190254310639858e+01
-4.863281250000000000e-01 -3.250410935497052378e+01
-4.860839843750000000e-01 -3.251654684157075081e+01
-4.858398437500000000e-01 -3.252921560254748812e+01
-4.855957031250000000e-01 -3.254211625042835720e+01
-4.853515625000000000e-01 -3.255524941075903200e+01
-4.851074218750000000e-01 -3.256861572223733958e+01
-4.848632812500000000e-01 -3.258221583685087808e+01
-4.846191406250000000e-01 -3.259605042001848574e+01
-4.843750000000000000e-01 -3.261012015073421821e+01
-4.841308593750000000e-01 -3.262442572171603672e+01
-4.838867187500000000e-01 -3.263896783955735970e+01
-4.836425781250000000e-01 -3.265374722488272852e+01
-4.833984375000000000e-01 -3.266876461250716801e+01
-4.831542968750000000e-01 -3.268402075159951892e+01
-4.829101562500000000e-01 -3.269951640584946517e+01
-4.826660156250000000e-01 -3.271525235363908735e+01
-4.824218750000000000e-01 -3.273122938821794747e+01
-4.821777343750000000e-01 -3.274744831788295585e+01
-4.819335937500000000e-01 -3.276390996616227369e+01
-4.816894531250000000e-01 -3.278061517200357144e+01
-4.814453125000000000e-01 -3.279756478996691271e+01
-4.812011718750000000e-01 -3.281475969042206486e+01
-4.809570312500000000e-01 -3.283220075975095398e+01
-4.807128906250000000e-01 -3.284988890055427646e+01
-4.804687500000000000e-01 -3.286782503186351079e+01
-4.802246093750000000e-01 -3.288601008935775383e+01
-4.799804687500000000e-01 -3.290444502558569440e+01
-4.797363281250000000e-01 -3.292313081019304377e+01
-4.794921875000000000e-01 -3.294206843015507502e+01
-4.792480468750000000e-01 -3.296125889001464770e+01
-4.790039062500000000e-01 -3.298070321212637168e+01
-4.787597656250000000e-01 -3.300040243690568786e+01
-4.785156250000000000e-01 -3.302035762308478439e+01
-4.782714843750000000e-01 -3.304056984797373531e+01
-4.780273437500000000e-01 -3.306104020772847463e+01
-4.777832031250000000e-01 -3.308176981762476032e+01
-4.775390625000000000e-01 -3.310275981233856868e+01
-4.772949218750000000e-01 -3.312401134623354437e+01
-4.770507812500000000e-01 -3.314552559365486673e+01
-4.768066406250000000e-01 -3.316730374923029956e+01
-4.765625000000000000e-01 -3.318934702817842464e+01
-4.763183593750000000e-01 -3.321165666662421501e+01
-4.760742187500000000e-01 -3.323423392192198378e+01
-4.758300781250000000e-01 -3.325708007298633362e+01
-4.755859375000000000e-01 -3.328019642063098615e+01
-4.753417968750000000e-01 -3.330358428791540604e+01
-4.750976562500000000e-01 -3.332724502050020732e+01
-4.748535156250000000e-01 -3.335117998701108633e+01
-4.746093750000000000e-01 -3.337539057941117449e+01
-4.743652343750000000e-01 -3.339987821338287688e+01
-4.741210937500000000e-01 -3.342464432871857838e+01
-4.738769531250000000e-01 -3.344969038972135422e+01
-4.736328125000000000e-01 -3.347501788561487501e+01
-4.733886718750000000e-01 -3.350062833096382064e+01
-4.731445312500000000e-01 -3.352652326610445499e+01
-4.729003906250000000e-01 -3.355270425758574504e+01
-4.726562500000000000e-01 -3.357917289862137267e+01
-4.724121093750000000e-01 -3.360593080955311507e+01
-4.721679687500000000e-01 -3.363297963832550863e+01
-4.719238281250000000e-01 -3.366032106097256360e+01
-4.716796875000000000e-01 -3.368795678211639455e+01
-4.714355468750000000e-01 -3.371588853547877562e+01
-4.711914062500000000e-01 -3.374411808440493132e+01
-4.709472656250000000e-01 -3.377264722240133210e+01
-4.707031250000000000e-01 -3.380147777368659234e+01
-4.704589843750000000e-01 -3.383061159375644422e+01
-4.702148437500000000e-01 -3.386005056996330609e+01
-4.699707031250000000e-01 -3.388979662211090016e+01
-4.697265625000000000e-01 -3.391985170306363528e+01
-4.694824218750000000e-01 -3.395021779937214035e+01
-4.692382812500000000e-01 -3.398089693191487726e+01
-4.689941406250000000e-01 -3.401189115655671458e+01
-4.687500000000000000e-01 -3.404320256482441209e+01
-4.685058593750000000e-01 -3.407483328459991867e+01
-4.682617187500000000e-01 -3.410678548083214423e+01
-4.680175781250000000e-01 -3.413906135626758243e+01
-4.677734375000000000e-01 -3.417166315219981243e+01
-4.675292968750000000e-01 -3.420459314924018202e+01
-4.672851562500000000e-01 -3.423785366810795239e+01
-4.670410156250000000e-01 -3.427144707044246985e+01
-4.667968750000000000e-01 -3.430537575963722929e+01
-4.665527343750000000e-01 -3.433964218169660398e+01
-4.663085937500000000e-01 -3.437424882611583854e+01
-4.660644531250000000e-01 -3.440919822678549878e+01
-4.658203125000000000e-01 -3.444449296292093265e+01
-4.655761718750000000e-01 -3.448013566001683472e+01
-4.653320312500000000e-01 -3.451612899082959984e+01
-4.650878906250000000e-01 -3.455247567638610207e+01
-4.648437500000000000e-01 -3.458917848702148490e+01
-4.645996093750000000e-01 -3.462624024344619755e+01
-4.643554687500000000e-01 -3.466366381784338557e+01
-4.641113281250000000e-01 -3.470145213499759507e+01
-4.638671875000000000e-01 -3.473960817345578533e+01
-4.636230468750000000e-01 -3.477813496672239069e+01
-4.633789062500000000e-01 -3.481703560448864465e+01
-4.631347656250000000e-01 -3.485631323389792868e+01
-4.628906250000000000e-01 -3.489597106084816147e+01
-4.626464843750000000e-01 -3.493601235133301941e+01
-4.624023437500000000e-01 -3.497644043282254245e+01
-4.621582031250000000e-01 -3.501725869568509353e+01
-4.619140625000000000e-01 -3.505847059465221349e+01
-4.616699218750000000e-01 -3.510007965032745147e+01
-4.614257812500000000e-01 -3.514208945074091162e+01
-4.611816406250000000e-01 -3.518450365295184668e+01
-4.609375000000000000e-01 -3.522732598469949039e+01
-4.606933593750000000e-01 -3.527056024610595841e+01
-4.604492187500000000e-01 -3.531421031143131728e+01
-4.602050781250000000e-01 -3.535828013088384125e+01
-4.599609375000000000e-01 -3.540277373248724757e+01
-4.597167968750000000e-01 -3.544769522400657991e+01
-4.594726562500000000e-01 -3.549304879493600140e+01
-4.592285156250000000e-01 -3.553883871854984022e+01
-4.589843750000000000e-01 -3.558506935401986482e+01
-4.587402343750000000e-01 -3.563174514860102704e+01
-4.584960937500000000e-01 -3.567887063988914065e+01
-4.582519531250000000e-01 -3.572645045815176701e+01
-4.580078125000000000e-01 -3.577448932873682708e+01
-4.577636718750000000e-01 -3.582299207456136969e+01
-4.575195312500000000e-01 -3.587196361868276995e+01
-4.572753906250000000e-01 -3.592140898695800644e+01
-4.570312500000000000e-01 -3.597133331079169238e+01
-4.567871093750000000e-01 -3.602174182997904239e+01
-4.565429687500000000e-01 -3.607263989564585671e+01
-4.562988281250000000e-01 -3.612403297329059626e+01
-4.560546875000000000e-01 -3.617592664593249197e+01
-4.558105468750000000e-01 -3.622832661736982374e+01
-4.555664062500000000e-01 -3.628123871555338553e+01
-4.553222656250000000e-01 -3.633466889608040873e+01
-4.550781250000000000e-01 -3.638862324581279495e+01
-4.548339843750000000e-01 -3.644310798662675666e+01
-4.545898437500000000e-01 -3.649812947929795115e+01
-4.543457031250000000e-01 -3.655369422752949760e+01
-4.541015625000000000e-01 -3.660980888212785089e+01
-4.538574218750000000e-01 -3.666648024533404993e+01
-4.536132812500000000e-01 -3.672371527531713298e+01
-4.533691406250000000e-01 -3.678152109083652732e+01
-4.531250000000000000e-01 -3.683990497608170500e+01
-4.528808593750000000e-01 -3.689887438569686395e+01
-4.526367187500000000e-01 -3.695843694999943807e+01
-4.523925781250000000e-01 -3.701860048040101958e+01
-4.521484375000000000e-01 -3.707937297504093266e+01
-4.519042968750000000e-01 -3.714076262464163136e+01
-4.516601562500000000e-01 -3.720277781859699218e+01
-4.514160156250000000e-01 -3.726542715130499772e+01
-4.511718750000000000e-01 -3.732871942875578242e+01
-4.509277343750000000e-01 -3.739266367538797908e+01
-4.506835937500000000e-01 -3.745726914122705153e+01
-4.504394531250000000e-01 -3.752254530931863030e+01
-4.501953125000000000e-01 -3.758850190347236264e+01
-4.499511718750000000e-01 -3.765514889633148954e+01
-4.497070312500000000e-01 -3.772249651778516721e+01
-4.494628906250000000e-01 -3.779055526374071405e+01
-4.492187500000000000e-01 -3.785933590527443471e+01
-4.489746093750000000e-01 -3.792884949818137130e+01
-4.487304687500000000e-01 -3.799910739294411144e+01
-4.484863281250000000e-01 -3.807012124514352536e+01
-4.482421875000000000e-01 -3.814190302633484464e+01
-4.479980468750000000e-01 -3.821446503541479700e+01
-4.477539062500000000e-01 -3.828781991050560407e+01
-4.475097656250000000e-01 -3.836198064138530128e+01
-4.472656250000000000e-01 -3.843696058249418712e+01
-4.470214843750000000e-01 -3.851277346654977407e+01
-4.467773437500000000e-01 -3.858943341880537758e+01
-4.465332031250000000e-01 -3.866695497198784892e+01
-4.462890625000000000e-01 -3.874535308195515171e+01
-4.460449218750000000e-01 -3.882464314411468820e+01
-4.458007812500000000e-01 -3.890484101064743783e+01
-4.455566406250000000e-01 -3.898596300858628894e+01
-4.453125000000000000e-01 -3.906802595879917561e+01
-4.450683593750000000e-01 -3.915104719593264093e+01
-4.448242187500000000e-01 -3.923504458937325978e+01
-4.445800781250000000e-01 -3.932003656529253277e+01
-4.443359375000000000e-01 -3.940604212984055010e+01
-4.440917968750000000e-01 -3.949308089356149765e+01
-4.438476562500000000e-01 -3.958117309711085596e+01
-4.436035156250000000e-01 -3.967033963835618948e+01
-4.433593750000000000e-01 -3.976060210095268133e+01
-4.431152343750000000e-01 -3.985198278449200870e+01
-4.428710937500000000e-01 -3.994450473632638676e+01
-4.426269531250000000e-01 -4.003819178518499200e+01
-4.423828125000000000e-01 -4.013306857670166039e+01
-4.421386718750000000e-01 -4.022916061098766249e+01
-4.418945312500000000e-01 -4.032649428239125200e+01
-4.416503906250000000e-01 -4.042509692160098211e+01
-4.414062500000000000e-01 -4.052499684025599436e+01
-4.411621093750000000e-01 -4.062622337824984697e+01
-4.409179687500000000e-01 -4.072880695392142769e+01
-4.406738281250000000e-01 -4.083277911734861476e+01
-4.404296875000000000e-01 -4.093817260697797877e+01
-4.401855468750000000e-01 -4.104502140984322267e+01
-4.399414062500000000e-01 -4.115336082564968478e+01
-4.396972656250000000e-01 -4.126322753502657292e+01
-4.394531250000000000e-01 -4.137465967227555552e+01
-4.392089843750000000e-01 -4.148769690297667978e+01
-4.389648437500000000e-01 -4.160238050684623090e+01
-4.387207031250000000e-01 -4.171875346627791714e+01
-4.384765625000000000e-01 -4.183686056104298956e+01
-4.382324218750000000e-01 -4.195674846966910110e+01
-4.379882812500000000e-01 -4.207846587807271277e+01
-4.377441406250000000e-01 -4.220206359607544044e+01
-4.375000000000000000e-01 -4.232759468250262103e+01
-4.372558593750000000e-01 -4.245511457963231550e+01
-4.370117187500000000e-01 -4.258468125784734326e+01
-4.367675781250000000e-01 -4.271635537143352224e+01
-4.365234375000000000e-01 -4.285020042657060202e+01
-4.362792968750000000e-01 -4.298628296267907700e+01
-4.360351562500000000e-01 -4.312467274841843334e+01
-4.357910156250000000e-01 -4.326544299377991365e+01
-4.355468750000000000e-01 -4.340867057988565136e+01
-4.353027343750000000e-01 -4.355443630830085056e+01
-4.350585937500000000e-01 -4.370282517187763460e+01
-4.348144531250000000e-01 -4.385392664940412288e+01
-4.345703125000000000e-01 -4.400783502661508351e+01
-4.343261718750000000e-01 -4.416464974644186015e+01
-4.340820312500000000e-01 -4.432447579176319863e+01
-4.338378906250000000e-01 -4.448742410433748518e+01
-4.335937500000000000e-01 -4.465361204410589835e+01
-4.333496093750000000e-01 -4.482316389362295439e+01
-4.331054687500000000e-01 -4.499621141304441352e+01
-4.328613281250000000e-01 -4.517289445187407182e+01
-4.326171875000000000e-01 -4.535336162458641240e+01
-4.323730468750000000e-01 -4.553777105829432514e+01
-4.321289062500000000e-01 -4.572629122188472195e+01
-4.318847656250000000e-01 -4.591910184751247925e+01
-4.316406250000000000e-01 -4.611639495707849790e+01
-4.313964843750000000e-01 -4.631837600838022695e+01
-4.311523437500000000e-01 -4.652526517808104956e+01
-4.309082031250000000e-01 -4.673729880156961514e+01
-4.306640625000000000e-01 -4.695473099332036782e+01
-4.304199218750000000e-01 -4.717783547560006951e+01
-4.301757812500000000e-01 -4.740690764852264039e+01
-4.299316406250000000e-01 -4.764226694070970325e+01
-4.296875000000000000e-01 -4.788425948748303540e+01
-4.294433593750000000e-01 -4.813326119291943428e+01
-4.291992187500000000e-01 -4.838968124374864743e+01
-4.289550781250000000e-01 -4.865396615754463028e+01
-4.287109375000000000e-01 -4.892660446575555966e+01
-4.284667968750000000e-01 -4.920813215493254233e+01
-4.282226562500000000e-01 -4.949913901839260433e+01
-4.279785156250000000e-01 -4.980027610747302447e+01
-4.277343750000000000e-01 -5.011226451902867751e+01
-4.274902343750000000e-01 -5.043590581745262824e+01
-4.272460937500000000e-01 -5.077209447021022726e+01
-4.270019531250000000e-01 -5.112183278251121976e+01
-4.267578125000000000e-01 -5.148624895915315847e+01
-4.265136718750000000e-01 -5.186661911376618406e+01
-4.262695312500000000e-01 -5.226439430820509102e+01
-4.260253906250000000e-01 -5.268123406799283259e+01
-4.257812500000000000e-01 -5.311904832912524910e+01
-4.255371093750000000e-01 -5.358005049695039190e+01
-4.252929687500000000e-01 -5.406682534814908792e+01
-4.250488281250000000e-01 -5.458241705544483580e+01
-4.248046875000000000e-01 -5.513044494443899879e+01
-4.245605468750000000e-01 -5.571525817619939858e+01
-4.243164062500000000e-01 -5.634214620296300780e+01
-4.240722656250000000e-01 -5.701763101720509752e+01
-4.238281250000000000e-01 -5.774988258003737229e+01
-4.235839843750000000e-01 -5.854932551415966913e+01
-4.233398437500000000e-01 -5.942955354749126684e+01
-4.230957031250000000e-01 -6.040876040804549518e+01
-4.228515625000000000e-01 -6.151208227571481046e+01
-4.226074218750000000e-01 -6.277565178394701917e+01
-4.223632812500000000e-01 -6.425412526744071329e+01
-4.221191406250000000e-01 -6.603600730541788266e+01
-4.218750000000000000e-01 -6.827906429043292746e+01
-4.216308593750000000e-01 -7.130908191802484453e+01
-4.213867187500000000e-01 -7.599865726964024759e+01
-4.211425781250000000e-01 -8.691504617914509367e+01
-4.208984375000000000e-01 -8.332038016111104639e+01
-4.206542968750000000e-01 -7.482255442078721330e+01
-4.204101562500000000e-01 -7.061264192685246144e+01
-4.201660156250000000e-01 -6.779087166356245575e+01
-4.199218750000000000e-01 -6.566581016564265383e+01
-4.196777343750000000e-01 -6.396093370294632052e+01
-4.194335937500000000e-01 -6.253740259098057663e+01
-4.191894531250000000e-01 -6.131554010359294438e+01
-4.189453125000000000e-01 -6.024536206446654774e+01
-4.187011718750000000e-01 -5.929344024269155256e+01
-4.184570312500000000e-01 -5.843631237565702463e+01
-4.182128906250000000e-01 -5.765687629814727444e+01
-4.179687500000000000e-01 -5.694228047235820611e+01
-4.177246093750000000e-01 -5.628262250894154306e+01
-4.174804687500000000e-01 -5.567011057978685074e+01
-4.172363281250000000e-01 -5.509850321394771555e+01
-4.169921875000000000e-01 -5.456272345117653799e+01
-4.167480468750000000e-01 -5.405858603142293362e+01
-4.165039062500000000e-01 -5.358260007275048764e+01
-4.162597656250000000e-01 -5.313182348095114804e+01
-4.160156250000000000e-01 -5.270375362358623761e+01
-4.157714843750000000e-01 -5.229624394138838284e+01
-4.155273437500000000e-01 -5.190743944602169790e+01
-4.152832031250000000e-01 -5.153572619287710666e+01
-4.150390625000000000e-01 -5.117969124591859753e+01
-4.147949218750000000e-01 -5.083809062406213286e+01
-4.145507812500000000e-01 -5.050982339262159826e+01
-4.143066406250000000e-01 -5.019391053815936488e+01
-4.140625000000000000e-01 -4.988947760460803948e+01
-4.138183593750000000e-01 -4.959574031459911936e+01
-4.135742187500000000e-01 -4.931199258055143275e+01
-4.133300781250000000e-01 -4.903759644419493924e+01
-4.130859375000000000e-01 -4.877197358387329018e+01
-4.128417968750000000e-01 -4.851459810528653094e+01
-4.125976562500000000e-01 -4.826499038973440747e+01
-4.123535156250000000e-01 -4.802271181901279107e+01
-4.121093750000000000e-01 -4.778736023119289200e+01
-4.118652343750000000e-01 -4.755856598903232424e+01
-4.116210937500000000e-01 -4.733598856450715431e+01
-4.113769531250000000e-01 -4.711931356023402628e+01
-4.111328125000000000e-01 -4.690825010238842196e+01
-4.108886718750000000e-01 -4.670252855087267108e+01
-4.106445312500000000e-01 -4.650189848150142069e+01
-4.104003906250000000e-01 -4.630612690232994311e+01
-4.101562500000000000e-01 -4.611499667225737653e+01
-4.099121093750000000e-01 -4.592830509498948999e+01
-4.096679687500000000e-01 -4.574586266553001224e+01
-4.094238281250000000e-01 -4.556749194976789141e+01
-4.091796875000000000e-01 -4.539302658055341055e+01
-4.089355468750000000e-01 -4.522231035602303706e+01
-4.086914062500000000e-01 -4.505519642792918233e+01
-4.084472656250000000e-01 -4.489154656940122123e+01
-4.082031250000000000e-01 -4.473123051299084096e+01
-4.079589843750000000e-01 -4.457412535105603979e+01
-4.077148437500000000e-01 -4.442011499157183607e+01
-4.074707031250000000e-01 -4.426908966332987916e+01
-4.072265625000000000e-01 -4.412094546524129157e+01
-4.069824218750000000e-01 -4.397558395511256890e+01
-4.067382812500000000e-01 -4.383291177381470050e+01
-4.064941406250000000e-01 -4.369284030125135843e+01
-4.062500000000000000e-01 -4.355528534095158477e+01
-4.060058593750000000e-01 -4.342016683047788206e+01
-4.057617187500000000e-01 -4.328740857515083462e+01
-4.055175781250000000e-01 -4.315693800287781556e+01
-4.052734375000000000e-01 -4.302868593810587328e+01
-4.050292968750000000e-01 -4.290258639313880451e+01
-4.047851562500000000e-01 -4.277857637524033407e+01
-4.045410156250000000e-01 -4.265659570811314438e+01
-4.042968750000000000e-01 -4.253658686648573450e+01
-4.040527343750000000e-01 -4.241849482266977844e+01
-4.038085937500000000e-01 -4.230226690406294665e+01
-4.035644531250000000e-01 -4.218785266067295936e+01
-4.033203125000000000e-01 -4.207520374183022227e+01
-4.030761718750000000e-01 -4.196427378133265762e+01
-4.028320312500000000e-01 -4.185501829034272703e+01
-4.025878906250000000e-01 -4.174739455741413252e+01
-4.023437500000000000e-01 -4.164136155508824544e+01
-4.020996093750000000e-01 -4.153687985254926218e+01
-4.018554687500000000e-01 -4.143391153386929204e+01
-4.016113281250000000e-01 -4.133242012142381583e+01
-4.013671875000000000e-01 -4.123237050408734206e+01
-4.011230468750000000e-01 -4.113372886985582966e+01
-4.008789062500000000e-01 -4.103646264257318421e+01
-4.006347656250000000e-01 -4.094054042246544611e+01
-4.003906250000000000e-01 -4.084593193021021307e+01
-4.001464843750000000e-01 -4.075260795429190352e+01
-3.999023437500000000e-01 -4.066054030141627607e+01
-3.996582031250000000e-01 -4.056970174976939347e+01
-3.994140625000000000e-01 -4.048006600493152973e+01
-3.991699218750000000e-01 -4.039160765826375155e+01
-3.989257812500000000e-01 -4.030430214760463059e+01
-3.986816406250000000e-01 -4.021812572012422748e+01
-3.984375000000000000e-01 -4.013305539719511472e+01
-3.981933593750000000e-01 -4.004906894114974136e+01
-3.979492187500000000e-01 -3.996614482380436328e+01
-3.977050781250000000e-01 -3.988426219663865879e+01
-3.974609375000000000e-01 -3.980340086252585508e+01
-3.972167968750000000e-01 -3.972354124892008542e+01
-3.969726562500000000e-01 -3.964466438240960144e+01
-3.967285156250000000e-01 -3.956675186455381521e+01
-3.964843750000000000e-01 -3.948978584892866195e+01
-3.962402343750000000e-01 -3.941374901930601737e+01
-3.959960937500000000e-01 -3.933862456890225445e+01
-3.957519531250000000e-01 -3.926439618063403714e+01
-3.955078125000000000e-01 -3.919104800832148783e+01
-3.952636718750000000e-01 -3.911856465878625499e+01
-3.950195312500000000e-01 -3.904693117479362741e+01
-3.947753906250000000e-01 -3.897613301879044911e+01
-3.945312500000000000e-01 -3.890615605739613159e+01
-3.942871093750000000e-01 -3.883698654660364724e+01
-3.940429687500000000e-01 -3.876861111765388301e+01
-3.937988281250000000e-01 -3.870101676354454412e+01
-3.935546875000000000e-01 -3.863419082614217359e+01
-3.933105468750000000e-01 -3.856812098386313181e+01
-3.930664062500000000e-01 -3.850279523989498642e+01
-3.928222656250000000e-01 -3.843820191092972749e+01
-3.925781250000000000e-01 -3.837432961638178597e+01
-3.923339843750000000e-01 -3.831116726806787653e+01
-3.920898437500000000e-01 -3.824870406032187020e+01
-3.918457031250000000e-01 -3.818692946052711079e+01
-3.916015625000000000e-01 -3.812583320004087994e+01
-3.913574218750000000e-01 -3.806540526549515846e+01
-3.911132812500000000e-01 -3.800563589045341928e+01
-3.908691406250000000e-01 -3.794651554740575961e+01
-3.906250000000000000e-01 -3.788803494008776340e+01
-3.903808593750000000e-01 -3.783018499610567176e+01
-3.901367187500000000e-01 -3.777295685985428264e+01
-3.898925781250000000e-01 -3.771634188571419344e+01
-3.896484375000000000e-01 -3.766033163151359275e+01
-3.894042968750000000e-01 -3.760491785224435546e+01
-3.891601562500000000e-01 -3.755009249401958726e+01
-3.889160156250000000e-01 -3.749584768826149173e+01
-3.886718750000000000e-01 -3.744217574610919286e+01
-3.884277343750000000e-01 -3.738906915303765999e+01
-3.881835937500000000e-01 -3.733652056367643723e+01
-3.879394531250000000e-01 -3.728452279682089454e+01
-3.876953125000000000e-01 -3.723306883062653583e+01
-3.874511718750000000e-01 -3.718215179797891068e+01
-3.872070312500000000e-01 -3.713176498203114306e+01
-3.869628906250000000e-01 -3.708190181190234824e+01
-3.867187500000000000e-01 -3.703255585852951981e+01
-3.864746093750000000e-01 -3.698372083066585247e+01
-3.862304687500000000e-01 -3.693539057102177026e+01
-3.859863281250000000e-01 -3.688755905253876932e+01
-3.857421875000000000e-01 -3.684022037479471123e+01
-3.854980468750000000e-01 -3.679336876053167771e+01
-3.852539062500000000e-01 -3.674699855230337420e+01
-3.850097656250000000e-01 -3.670110420923678873e+01
-3.847656250000000000e-01 -3.665568030390314647e+01
-3.845214843750000000e-01 -3.661072151929375451e+01
-3.842773437500000000e-01 -3.656622264589729809e+01
-3.840332031250000000e-01 -3.652217857887319497e+01
-3.837890625000000000e-01 -3.647858431531916068e+01
-3.835449218750000000e-01 -3.643543495162664669e+01
-3.833007812500000000e-01 -3.639272568092394522e+01
-3.830566406250000000e-01 -3.635045179060026044e+01
-3.828125000000000000e-01 -3.630860865991084552e+01
-3.825683593750000000e-01 -3.626719175765722980e+01
-3.823242187500000000e-01 -3.622619663994116479e+01
-3.820800781250000000e-01 -3.618561894799024969e+01
-3.818359375000000000e-01 -3.614545440605080273e+01
-3.815917968750000000e-01 -3.610569881934597447e+01
-3.813476562500000000e-01 -3.606634807209847793e+01
-3.811035156250000000e-01 -3.602739812561213739e+01
-3.808593750000000000e-01 -3.598884501641405365e+01
-3.806152343750000000e-01 -3.595068485445126072e+01
-3.803710937500000000e-01 -3.591291382134359367e+01
-3.801269531250000000e-01 -3.587552816868788597e+01
-3.798828125000000000e-01 -3.583852421641311992e+01
-3.796386718750000000e-01 -3.580189835118460451e+01
-3.793945312500000000e-01 -3.576564702485476488e+01
-3.791503906250000000e-01 -3.572976675295976179e+01
-3.789062500000000000e-01 -3.569425411326007236e+01
-3.786621093750000000e-01 -3.565910574432282942e+01
-3.784179687500000000e-01 -3.562431834414562104e+01
-3.781738281250000000e-01 -3.558988866881987434e+01
-3.779296875000000000e-01 -3.555581353123133681e+01
-3.776855468750000000e-01 -3.552208979979911163e+01
-3.774414062500000000e-01 -3.548871439724864274e+01
-3.771972656250000000e-01 -3.545568429942009914e+01
-3.769531250000000000e-01 -3.542299653410999127e+01
-3.767089843750000000e-01 -3.539064817994444923e+01
-3.764648437500000000e-01 -3.535863636528419107e+01
-3.762207031250000000e-01 -3.532695826715916354e+01
-3.759765625000000000e-01 -3.529561111023276965e+01
-3.757324218750000000e-01 -3.526459216579372935e+01
-3.754882812500000000e-01 -3.523389875077569400e+01
-3.752441406250000000e-01 -3.520352822680298033e+01
-3.750000000000000000e-01 -3.517347799926208296e+01
-3.747558593750000000e-01 -3.514374551639775746e+01
-3.745117187500000000e-01 -3.511432826843297761e+01
-3.742675781250000000e-01 -3.508522378671297304e+01
-3.740234375000000000e-01 -3.505642964287013541e+01
-3.737792968750000000e-01 -3.502794344801264970e+01
-3.735351562500000000e-01 -3.499976285193272929e+01
-3.732910156250000000e-01 -3.497188554233601110e+01
-3.730468750000000000e-01 -3.494430924409116557e+01
-3.728027343750000000e-01 -3.491703171849770371e+01
-3.725585937500000000e-01 -3.489005076257365801e+01
-3.723144531250000000e-01 -3.486336420836075689e+01
-3.720703125000000000e-01 -3.483696992224702171e+01
-3.718261718750000000e-01 -3.481086580430676491e+01
-3.715820312500000000e-01 -3.478504978765742806e+01
-3.713378906250000000e-01 -3.475951983783168941e+01
-3.710937500000000000e-01 -3.473427395216577196e+01
-3.708496093750000000e-01 -3.470931015920277929e+01
-3.706054687500000000e-01 -3.468462651811071140e+01
-3.703613281250000000e-01 -3.466022111811456341e+01
-3.701171875000000000e-01 -3.463609207794304012e+01
-3.698730468750000000e-01 -3.461223754528749907e+01
-3.696289062500000000e-01 -3.458865569627541703e+01
-3.693847656250000000e-01 -3.456534473495521809e+01
-3.691406250000000000e-01 -3.454230289279470867e+01
-3.688964843750000000e-01 -3.451952842819081724e+01
-3.686523437500000000e-01 -3.449701962599109351e+01
-3.684082031250000000e-01 -3.447477479702671843e+01
-3.681640625000000000e-01 -3.445279227765665553e+01
-3.679199218750000000e-01 -3.443107042932244610e+01
-3.676757812500000000e-01 -3.440960763811317236e+01
-3.674316406250000000e-01 -3.438840231434151917e+01
-3.671875000000000000e-01 -3.436745289212846899e+01
-3.669433593750000000e-01 -3.434675782899882535e+01
-3.666992187500000000e-01 -3.432631560548531979e+01
-3.664550781250000000e-01 -3.430612472474224006e+01
-3.662109375000000000e-01 -3.428618371216781213e+01
-3.659667968750000000e-01 -3.426649111503518697e+01
-3.657226562500000000e-01 -3.424704550213252219e+01
-3.654785156250000000e-01 -3.422784546340988499e+01
-3.652343750000000000e-01 -3.420888960963557679e+01
-3.649902343750000000e-01 -3.419017657205959893e+01
-3.647460937500000000e-01 -3.417170500208455053e+01
-3.645019531250000000e-01 -3.415347357094461955e+01
-3.642578125000000000e-01 -3.413548096939083365e+01
-3.640136718750000000e-01 -3.411772590738452493e+01
-3.637695312500000000e-01 -3.410020711379625169e+01
-3.635253906250000000e-01 -3.408292333611261427e+01
-3.632812500000000000e-01 -3.406587334014920998e+01
-3.630371093750000000e-01 -3.404905590976964902e+01
-3.627929687500000000e-01 -3.403246984661095809e+01
-3.625488281250000000e-01 -3.401611396981547841e+01
-3.623046875000000000e-01 -3.399998711576778021e+01
-3.620605468750000000e-01 -3.398408813783806437e+01
-3.618164062500000000e-01 -3.396841590613118456e+01
-3.615722656250000000e-01 -3.395296930724051521e+01
-3.613281250000000000e-01 -3.393774724400797993e+01
-3.610839843750000000e-01 -3.392274863528872686e+01
-3.608398437500000000e-01 -3.390797241572104781e+01
-3.605957031250000000e-01 -3.389341753550172598e+01
-3.603515625000000000e-01 -3.387908296016561138e+01
-3.601074218750000000e-01 -3.386496767037021982e+01
-3.598632812500000000e-01 -3.385107066168519907e+01
-3.596191406250000000e-01 -3.383739094438600858e+01
-3.593750000000000000e-01 -3.382392754325239537e+01
-3.591308593750000000e-01 -3.381067949737049361e+01
-3.588867187500000000e-01 -3.379764585994049497e+01
-3.586425781250000000e-01 -3.378482569808683422e+01
-3.583984375000000000e-01 -3.377221809267371100e+01
-3.581542968750000000e-01 -3.375982213812407906e+01
-3.579101562500000000e-01 -3.374763694224244404e+01
-3.576660156250000000e-01 -3.373566162604156915e+01
-3.574218750000000000e-01 -3.372389532357293263e+01
-3.571777343750000000e-01 -3.371233718176073069e+01
-3.569335937500000000e-01 -3.370098636023965355e+01
-3.566894531250000000e-01 -3.368984203119577359e+01
-3.564453125000000000e-01 -3.367890337921104305e+01
-3.562011718750000000e-01 -3.366816960111118817e+01
-3.559570312500000000e-01 -3.365763990581680787e+01
-3.557128906250000000e-01 -3.364731351419762717e+01
-3.554687500000000000e-01 -3.363718965892987711e+01
-3.552246093750000000e-01 -3.362726758435681518e+01
-3.549804687500000000e-01 -3.361754654635227979e+01
-3.547363281250000000e-01 -3.360802581218691643e+01
-3.544921875000000000e-01 -3.359870466039773618e+01
-3.542480468750000000e-01 -3.358958238066001201e+01
-3.540039062500000000e-01 -3.358065827366259271e+01
-3.537597656250000000e-01 -3.357193165098495058e+01
-3.535156250000000000e-01 -3.356340183497807317e+01
-3.532714843750000000e-01 -3.355506815864685422e+01
-3.530273437500000000e-01 -3.354692996553596629e+01
-3.527832031250000000e-01 -3.353898660961779399e+01
-3.525390625000000000e-01 -3.353123745518244903e+01
-3.522949218750000000e-01 -3.352368187673140199e+01
-3.520507812500000000e-01 -3.351631925887198804e+01
-3.518066406250000000e-01 -3.350914899621561460e+01
-3.515625000000000000e-01 -3.350217049327712004e+01
-3.513183593750000000e-01 -3.349538316437729435e+01
-3.510742187500000000e-01 -3.348878643354701268e+01
-3.508300781250000000e-01 -3.348237973443389848e+01
-3.505859375000000000e-01 -3.347616251021062084e+01
-3.503417968750000000e-01 -3.347013421348611928e+01
-3.500976562500000000e-01 -3.346429430621816437e+01
-3.498535156250000000e-01 -3.345864225962790783e+01
-3.496093750000000000e-01 -3.345317755411731753e+01
-3.493652343750000000e-01 -3.344789967918737261e+01
-3.491210937500000000e-01 -3.344280813335900859e+01
-3.488769531250000000e-01 -3.343790242409577473e+01
-3.486328125000000000e-01 -3.343318206772808310e+01
-3.483886718750000000e-01 -3.342864658937985212e+01
-3.481445312500000000e-01 -3.342429552289614492e+01
-3.479003906250000000e-01 -3.342012841077335850e+01
-3.476562500000000000e-01 -3.341614480409078425e+01
-3.474121093750000000e-01 -3.341234426244407985e+01
-3.471679687500000000e-01 -3.340872635388003431e+01
-3.469238281250000000e-01 -3.340529065483345761e+01
-3.466796875000000000e-01 -3.340203675006578266e+01
-3.464355468750000000e-01 -3.339896423260480418e+01
-3.461914062500000000e-01 -3.339607270368622949e+01
-3.459472656250000000e-01 -3.339336177269708372e+01
-3.457031250000000000e-01 -3.339083105712049360e+01
-3.454589843750000000e-01 -3.338848018248182825e+01
-3.452148437500000000e-01 -3.338630878229651699e+01
-3.449707031250000000e-01 -3.338431649801967893e+01
-3.447265625000000000e-01 -3.338250297899649155e+01
-3.444824218750000000e-01 -3.338086788241481884e+01
-3.442382812500000000e-01 -3.337941087325878442e+01
-3.439941406250000000e-01 -3.337813162426387237e+01
-3.437500000000000000e-01 -3.337702981587367645e+01
-3.435058593750000000e-01 -3.337610513619777208e+01
-3.432617187500000000e-01 -3.337535728097093823e+01
-3.430175781250000000e-01 -3.337478595351414157e+01
-3.427734375000000000e-01 -3.337439086469639449e+01
-3.425292968750000000e-01 -3.337417173289824746e+01
-3.422851562500000000e-01 -3.337412828397652476e+01
-3.420410156250000000e-01 -3.337426025123043161e+01
-3.417968750000000000e-01 -3.337456737536880524e+01
-3.415527343750000000e-01 -3.337504940447889368e+01
-3.413085937500000000e-01 -3.337570609399594446e+01
-3.410644531250000000e-01 -3.337653720667502455e+01
-3.408203125000000000e-01 -3.337754251256300364e+01
-3.405761718750000000e-01 -3.337872178897217879e+01
-3.403320312500000000e-01 -3.338007482045561858e+01
-3.400878906250000000e-01 -3.338160139878296917e+01
-3.398437500000000000e-01 -3.338330132291807217e+01
-3.395996093750000000e-01 -3.338517439899737127e+01
-3.393554687500000000e-01 -3.338722044031000280e+01
-3.391113281250000000e-01 -3.338943926727842637e+01
-3.388671875000000000e-01 -3.339183070744100235e+01
-3.386230468750000000e-01 -3.339439459543501698e+01
-3.383789062500000000e-01 -3.339713077298168997e+01
-3.381347656250000000e-01 -3.340003908887129569e+01
-3.378906250000000000e-01 -3.340311939895062210e+01
-3.376464843750000000e-01 -3.340637156611072101e+01
-3.374023437500000000e-01 -3.340979546027630676e+01
-3.371582031250000000e-01 -3.341339095839605022e+01
-3.369140625000000000e-01 -3.341715794443412335e+01
-3.366699218750000000e-01 -3.342109630936258924e+01
-3.364257812500000000e-01 -3.342520595115603044e+01
-3.361816406250000000e-01 -3.342948677478555908e+01
-3.359375000000000000e-01 -3.343393869221547732e+01
-3.356933593750000000e-01 -3.343856162240041385e+01
-3.354492187500000000e-01 -3.344335549128365415e+01
-3.352050781250000000e-01 -3.344832023179672120e+01
-3.349609375000000000e-01 -3.345345578385983032e+01
-3.347167968750000000e-01 -3.345876209438426940e+01
-3.344726562500000000e-01 -3.346423911727438849e+01
-3.342285156250000000e-01 -3.346988681343265171e+01
-3.339843750000000000e-01 -3.347570515076400000e+01
-3.337402343750000000e-01 -3.348169410418288550e+01
-3.334960937500000000e-01 -3.348785365562018512e+01
-3.332519531250000000e-01 -3.349418379403237367e+01
-3.330078125000000000e-01 -3.350068451541072534e+01
-3.327636718750000000e-01 -3.350735582279293112e+01
-3.325195312500000000e-01 -3.351419772627427562e+01
-3.322753906250000000e-01 -3.352121024302194030e+01
-3.320312500000000000e-01 -3.352839339728842560e+01
-3.317871093750000000e-01 -3.353574722042787215e+01
-3.315429687500000000e-01 -3.354327175091214031e+01
-3.312988281250000000e-01 -3.355096703434931982e+01
-3.310546875000000000e-01 -3.355883312350259473e+01
-3.308105468750000000e-01 -3.356687007831020253e+01
-3.305664062500000000e-01 -3.357507796590744675e+01
-3.303222656250000000e-01 -3.358345686064901514e+01
-3.300781250000000000e-01 -3.359200684413308835e+01
-3.298339843750000000e-01 -3.360072800522625869e+01
-3.295898437500000000e-01 -3.360962044008993388e+01
-3.293457031250000000e-01 -3.361868425220799850e+01
-3.291015625000000000e-01 -3.362791955241557673e+01
-3.288574218750000000e-01 -3.363732645892892492e+01
-3.286132812500000000e-01 -3.364690509737700808e+01
-3.283691406250000000e-01 -3.365665560083402141e+01
-3.281250000000000000e-01 -3.366657810985325483e+01
-3.278808593750000000e-01 -3.367667277250221503e+01
-3.276367187500000000e-01 -3.368693974439929661e+01
-3.273925781250000000e-01 -3.369737918875135563e+01
-3.271484375000000000e-01 -3.370799127639315174e+01
-3.269042968750000000e-01 -3.371877618582765734e+01
-3.266601562500000000e-01 -3.372973410326792987e+01
-3.264160156250000000e-01 -3.374086522268037669e+01
-3.261718750000000000e-01 -3.375216974582944829e+01
-3.259277343750000000e-01 -3.376364788232356773e+01
-3.256835937500000000e-01 -3.377529984966266596e+01
-3.254394531250000000e-01 -3.378712587328713113e+01
-3.251953125000000000e-01 -3.379912618662805812e+01
-3.249511718750000000e-01 -3.381130103115910401e+01
-3.247070312500000000e-01 -3.382365065644993507e+01
-3.244628906250000000e-01 -3.383617532022093854e+01
-3.242187500000000000e-01 -3.384887528839961846e+01
-3.239746093750000000e-01 -3.386175083517868956e+01
-3.237304687500000000e-01 -3.387480224307533661e+01
-3.234863281250000000e-01 -3.388802980299242051e+01
-3.232421875000000000e-01 -3.390143381428132585e+01
-3.229980468750000000e-01 -3.391501458480619391e+01
-3.227539062500000000e-01 -3.392877243100987528e+01
-3.225097656250000000e-01 -3.394270767798191457e+01
-3.222656250000000000e-01 -3.395682065952754414e+01
-3.220214843750000000e-01 -3.397111171823939202e+01
-3.217773437500000000e-01 -3.398558120556997864e+01
-3.215332031250000000e-01 -3.400022948190687799e+01
-3.212890625000000000e-01 -3.401505691664863207e+01
-3.210449218750000000e-01 -3.403006388828390527e+01
-3.208007812500000000e-01 -3.404525078447127129e+01
-3.205566406250000000e-01 -3.406061800212169288e+01
-3.203125000000000000e-01 -3.407616594748236594e+01
-3.200683593750000000e-01 -3.409189503622322803e+01
-3.198242187500000000e-01 -3.410780569352483838e+01
-3.195800781250000000e-01 -3.412389835416862383e+01
-3.193359375000000000e-01 -3.414017346262924235e+01
-3.190917968750000000e-01 -3.415663147316868731e+01
-3.188476562500000000e-01 -3.417327284993322678e+01
-3.186035156250000000e-01 -3.419009806705190613e+01
-3.183593750000000000e-01 -3.420710760873732426e+01
-3.181152343750000000e-01 -3.422430196938937286e+01
-3.178710937500000000e-01 -3.424168165370019068e+01
-3.176269531250000000e-01 -3.425924717676260656e+01
-3.173828125000000000e-01 -3.427699906418016695e+01
-3.171386718750000000e-01 -3.429493785217984936e+01
-3.168945312500000000e-01 -3.431306408772761074e+01
-3.166503906250000000e-01 -3.433137832864585448e+01
-3.164062500000000000e-01 -3.434988114373390999e+01
-3.161621093750000000e-01 -3.436857311289128347e+01
-3.159179687500000000e-01 -3.438745482724322500e+01
-3.156738281250000000e-01 -3.440652688926923020e+01
-3.154296875000000000e-01 -3.442578991293405011e+01
-3.151855468750000000e-01 -3.444524452382243851e+01
-3.149414062500000000e-01 -3.446489135927570402e+01
-3.146972656250000000e-01 -3.448473106853191439e+01
-3.144531250000000000e-01 -3.450476431286891454e+01
-3.142089843750000000e-01 -3.452499176575089024e+01
-3.139648437500000000e-01 -3.454541411297712017e+01
-3.137207031250000000e-01 -3.456603205283497005e+01
-3.134765625000000000e-01 -3.458684629625574303e+01
-3.132324218750000000e-01 -3.460785756697377025e+01
-3.129882812500000000e-01 -3.462906660168943063e+01
-3.127441406250000000e-01 -3.465047415023515498e+01
-3.125000000000000000e-01 -3.467208097574530257e+01
-3.122558593750000000e-01 -3.469388785482979642e+01
-3.120117187500000000e-01 -3.471589557775120483e+01
-3.117675781250000000e-01 -3.473810494860634890e+01
-3.115234375000000000e-01 -3.476051678551054636e+01
-3.112792968750000000e-01 -3.478313192078764615e+01
-3.110351562500000000e-01 -3.480595120116230134e+01
-3.107910156250000000e-01 -3.482897548795814657e+01
-3.105468750000000000e-01 -3.485220565729895270e+01
-3.103027343750000000e-01 -3.487564260031508212e+01
-3.100585937500000000e-01 -3.489928722335376676e+01
-3.098144531250000000e-01 -3.492314044819454466e+01
-3.095703125000000000e-01 -3.494720321226918713e+01
-3.093261718750000000e-01 -3.497147646888627293e+01
-3.090820312500000000e-01 -3.499596118746092799e+01
-3.088378906250000000e-01 -3.502065835374986591e+01
-3.085937500000000000e-01 -3.504556897009088345e+01
-3.083496093750000000e-01 -3.507069405564837439e+01
-3.081054687500000000e-01 -3.509603464666399475e+01
-3.078613281250000000e-01 -3.512159179671279929e+01
-3.076171875000000000e-01 -3.514736657696519018e+01
-3.073730468750000000e-01 -3.517336007645494078e+01
-3.071289062500000000e-01 -3.519957340235282572e+01
-3.068847656250000000e-01 -3.522600768024648232e+01
-3.066406250000000000e-01 -3.525266405442674511e+01
-3.063964843750000000e-01 -3.527954368818037523e+01
-3.061523437500000000e-01 -3.530664776408932681e+01
-3.059082031250000000e-01 -3.533397748433687013e+01
-3.056640625000000000e-01 -3.536153407102044355e+01
-3.054199218750000000e-01 -3.538931876647237829e+01
-3.051757812500000000e-01 -3.541733283358674811e+01
-3.049316406250000000e-01 -3.544557755615505812e+01
-3.046875000000000000e-01 -3.547405423920856293e+01
-3.044433593750000000e-01 -3.550276420936923927e+01
-3.041992187500000000e-01 -3.553170881520834001e+01
-3.039550781250000000e-01 -3.556088942761388694e+01
-3.037109375000000000e-01 -3.559030744016608594e+01
-3.034667968750000000e-01 -3.561996426952222095e+01
-3.032226562500000000e-01 -3.564986135580969062e+01
-3.029785156250000000e-01 -3.568000016302944033e+01
-3.027343750000000000e-01 -3.571038217946797744e+01
-3.024902343750000000e-01 -3.574100891811981029e+01
-3.022460937500000000e-01 -3.577188191711945819e+01
-3.020019531250000000e-01 -3.580300274018426165e+01
-3.017578125000000000e-01 -3.583437297706764468e+01
-3.015136718750000000e-01 -3.586599424402298553e+01
-3.012695312500000000e-01 -3.589786818427951687e+01
-3.010253906250000000e-01 -3.592999646852908313e+01
-3.007812500000000000e-01 -3.596238079542487753e+01
-3.005371093750000000e-01 -3.599502289209289785e+01
-3.002929687500000000e-01 -3.602792451465546719e+01
-3.000488281250000000e-01 -3.606108744876777905e+01
-2.998046875000000000e-01 -3.609451351016817711e+01
-2.995605468750000000e-01 -3.612820454524168667e+01
-2.993164062500000000e-01 -3.616216243159777832e+01
-2.990722656250000000e-01 -3.619638907866289657e+01
-2.988281250000000000e-01 -3.623088642828764705e+01
-2.985839843750000000e-01 -3.626565645536970095e+01
-2.983398437500000000e-01 -3.630070116849210393e+01
-2.980957031250000000e-01 -3.633602261057886551e+01
-2.978515625000000000e-01 -3.637162285956604535e+01
-2.976074218750000000e-01 -3.640750402909161920e+01
-2.973632812500000000e-01 -3.644366826920222024e+01
-2.971191406250000000e-01 -3.648011776707876663e+01
-2.968750000000000000e-01 -3.651685474778118845e+01
-2.966308593750000000e-01 -3.655388147501275142e+01
-2.963867187500000000e-01 -3.659120025190392766e+01
-2.961425781250000000e-01 -3.662881342181852062e+01
-2.958984375000000000e-01 -3.666672336918002628e+01
-2.956542968750000000e-01 -3.670493252032078146e+01
-2.954101562500000000e-01 -3.674344334435414794e+01
-2.951660156250000000e-01 -3.678225835407000943e+01
-2.949218750000000000e-01 -3.682138010685523710e+01
-2.946777343750000000e-01 -3.686081120563888902e+01
-2.944335937500000000e-01 -3.690055429986315261e+01
-2.941894531250000000e-01 -3.694061208648280115e+01
-2.939453125000000000e-01 -3.698098731099035774e+01
-2.937011718750000000e-01 -3.702168276847152129e+01
-2.934570312500000000e-01 -3.706270130468978152e+01
-2.932128906250000000e-01 -3.710404581720142403e+01
-2.929687500000000000e-01 -3.714571925650326989e+01
-2.927246093750000000e-01 -3.718772462721197058e+01
-2.924804687500000000e-01 -3.723006498927796315e+01
-2.922363281250000000e-01 -3.727274345923505905e+01
-2.919921875000000000e-01 -3.731576321148513387e+01
-2.917480468750000000e-01 -3.735912747962127156e+01
-2.915039062500000000e-01 -3.740283955779024438e+01
-2.912597656250000000e-01 -3.744690280209391631e+01
-2.910156250000000000e-01 -3.749132063203374798e+01
-2.907714843750000000e-01 -3.753609653199796270e+01
-2.905273437500000000e-01 -3.758123405279349072e+01
-2.902832031250000000e-01 -3.762673681322485209e+01
-2.900390625000000000e-01 -3.767260850172005604e+01
-2.897949218750000000e-01 -3.771885287800751030e+01
-2.895507812500000000e-01 -3.776547377484411783e+01
-2.893066406250000000e-01 -3.781247509979704091e+01
-2.890625000000000000e-01 -3.785986083708117889e+01
-2.888183593750000000e-01 -3.790763504945438456e+01
-2.885742187500000000e-01 -3.795580188017262202e+01
-2.883300781250000000e-01 -3.800436555500686353e+01
-2.880859375000000000e-01 -3.805333038432549841e+01
-2.878417968750000000e-01 -3.810270076524296456e+01
-2.875976562500000000e-01 -3.815248118383837550e+01
-2.873535156250000000e-01 -3.820267621744656594e+01
-2.871093750000000000e-01 -3.825329053702405702e+01
-2.868652343750000000e-01 -3.830432890959398406e+01
-2.866210937500000000e-01 -3.835579620077143659e+01
-2.863769531250000000e-01 -3.840769737737402778e+01
-2.861328125000000000e-01 -3.846003751011999583e+01
-2.858886718750000000e-01 -3.851282177641849103e+01
-2.856445312500000000e-01 -3.856605546325471323e+01
-2.854003906250000000e-01 -3.861974397017436189e+01
-2.851562500000000000e-01 -3.867389281237158372e+01
-2.849121093750000000e-01 -3.872850762388487311e+01
-2.846679687500000000e-01 -3.878359416090439993e+01
-2.844238281250000000e-01 -3.883915830519752888e+01
-2.841796875000000000e-01 -3.889520606765502464e+01
-2.839355468750000000e-01 -3.895174359196548863e+01
-2.836914062500000000e-01 -3.900877715842233329e+01
-2.834472656250000000e-01 -3.906631318786899953e+01
-2.832031250000000000e-01 -3.912435824578854948e+01
-2.829589843750000000e-01 -3.918291904654520863e+01
-2.827148437500000000e-01 -3.924200245778295226e+01
-2.824707031250000000e-01 -3.930161550498917933e+01
-2.822265625000000000e-01 -3.936176537623065030e+01
-2.819824218750000000e-01 -3.942245942706924211e+01
-2.817382812500000000e-01 -3.948370518566731846e+01
-2.814941406250000000e-01 -3.954551035808842840e+01
-2.812500000000000000e-01 -3.960788283380647101e+01
-2.810058593750000000e-01 -3.967083069142913132e+01
-2.807617187500000000e-01 -3.973436220464917312e+01
-2.805175781250000000e-01 -3.979848584843146853e+01
-2.802734375000000000e-01 -3.986321030545013144e+01
-2.800292968750000000e-01 -3.992854447278496366e+01
-2.797851562500000000e-01 -3.999449746889224144e+01
-2.795410156250000000e-01 -4.006107864086217063e+01
-2.792968750000000000e-01 -4.012829757197737024e+01
-2.790527343750000000e-01 -4.019616408958826526e+01
-2.788085937500000000e-01 -4.026468827331984812e+01
-2.785644531250000000e-01 -4.033388046362933466e+01
-2.783203125000000000e-01 -4.040375127072925920e+01
-2.780761718750000000e-01 -4.047431158389880324e+01
-2.778320312500000000e-01 -4.054557258120042462e+01
-2.775878906250000000e-01 -4.061754573962559789e+01
-2.773437500000000000e-01 -4.069024284569067618e+01
-2.770996093750000000e-01 -4.076367600650914369e+01
-2.768554687500000000e-01 -4.083785766136352180e+01
-2.766113281250000000e-01 -4.091280059380711975e+01
-2.763671875000000000e-01 -4.098851794432289353e+01
-2.761230468750000000e-01 -4.106502322357112433e+01
-2.758789062500000000e-01 -4.114233032625943309e+01
-2.756347656250000000e-01 -4.122045354567018194e+01
-2.753906250000000000e-01 -4.129940758888282915e+01
-2.751464843750000000e-01 -4.137920759273246318e+01
-2.749023437500000000e-01 -4.145986914054542893e+01
-2.746582031250000000e-01 -4.154140827970166328e+01
-2.744140625000000000e-01 -4.162384154006849712e+01
-2.741699218750000000e-01 -4.170718595336313683e+01
-2.739257812500000000e-01 -4.179145907349600009e+01
-2.736816406250000000e-01 -4.187667899795958704e+01
-2.734375000000000000e-01 -4.196286439032367355e+01
-2.731933593750000000e-01 -4.205003450390967856e+01
-2.729492187500000000e-01 -4.213820920671780357e+01
-2.727050781250000000e-01 -4.222740900768589256e+01
-2.724609375000000000e-01 -4.231765508437001699e+01
-2.722167968750000000e-01 -4.240896931213588061e+01
-2.719726562500000000e-01 -4.250137429496418662e+01
-2.717285156250000000e-01 -4.259489339797703877e+01
-2.714843750000000000e-01 -4.268955078180159290e+01
-2.712402343750000000e-01 -4.278537143889849403e+01
-2.709960937500000000e-01 -4.288238123198954099e+01
-2.707519531250000000e-01 -4.298060693473296112e+01
-2.705078125000000000e-01 -4.308007627480640167e+01
-2.702636718750000000e-01 -4.318081797956931922e+01
-2.700195312500000000e-01 -4.328286182449240016e+01
-2.697753906250000000e-01 -4.338623868456060961e+01
-2.695312500000000000e-01 -4.349098058886640672e+01
-2.692871093750000000e-01 -4.359712077863949986e+01
-2.690429687500000000e-01 -4.370469376897059988e+01
-2.687988281250000000e-01 -4.381373541452008169e+01
-2.685546875000000000e-01 -4.392428297951983751e+01
-2.683105468750000000e-01 -4.403637521241282826e+01
-2.680664062500000000e-01 -4.415005242550112996e+01
-2.678222656250000000e-01 -4.426535658001476747e+01
-2.675781250000000000e-01 -4.438233137704547460e+01
-2.673339843750000000e-01 -4.450102235484195745e+01
-2.670898437500000000e-01 -4.462147699300562209e+01
-2.668457031250000000e-01 -4.474374482418326693e+01
-2.666015625000000000e-01 -4.486787755391283383e+01
-2.663574218750000000e-01 -4.499392918934933050e+01
-2.661132812500000000e-01 -4.512195617766749933e+01
-2.658691406250000000e-01 -4.525201755503462664e+01
-2.656250000000000000e-01 -4.538417510712945813e+01
-2.653808593750000000e-01 -4.551849354230429867e+01
-2.651367187500000000e-01 -4.565504067860084092e+01
-2.648925781250000000e-01 -4.579388764597262451e+01
-2.646484375000000000e-01 -4.593510910522223156e+01
-2.644042968750000000e-01 -4.607878348534011792e+01
-2.641601562500000000e-01 -4.622499324112975216e+01
-2.639160156250000000e-01 -4.637382513323993294e+01
-2.636718750000000000e-01 -4.652537053298233616e+01
-2.634277343750000000e-01 -4.667972575461300266e+01
-2.631835937500000000e-01 -4.683699241810495550e+01
-2.629394531250000000e-01 -4.699727784583000556e+01
-2.626953125000000000e-01 -4.716069549702554298e+01
-2.624511718750000000e-01 -4.732736544445132409e+01
-2.622070312500000000e-01 -4.749741489824884866e+01
-2.619628906250000000e-01 -4.767097878272457478e+01
-2.617187500000000000e-01 -4.784820037260985970e+01
-2.614746093750000000e-01 -4.802923199630755136e+01
-2.612304687500000000e-01 -4.821423581477419873e+01
-2.609863281250000000e-01 -4.840338468601348154e+01
-2.607421875000000000e-01 -4.859686312672715758e+01
-2.604980468750000000e-01 -4.879486838452692155e+01
-2.602539062500000000e-01 -4.899761163632410899e+01
-2.600097656250000000e-01 -4.920531933114118317e+01
-2.597656250000000000e-01 -4.941823469875132702e+01
-2.595214843750000000e-01 -4.963661944934311521e+01
-2.592773437500000000e-01 -4.986075569398945362e+01
-2.590332031250000000e-01 -5.009094812126684815e+01
-2.587890625000000000e-01 -5.032752647214309860e+01
-2.585449218750000000e-01 -5.057084836357486779e+01
-2.583007812500000000e-01 -5.082130252147949534e+01
-2.580566406250000000e-01 -5.107931249644198601e+01
-2.578125000000000000e-01 -5.134534095131883191e+01
-2.575683593750000000e-01 -5.161989462973824772e+01
-2.573242187500000000e-01 -5.190353013950731054e+01
-2.570800781250000000e-01 -5.219686071678295747e+01
-2.568359375000000000e-01 -5.250056417761258842e+01
-2.565917968750000000e-01 -5.281539231608752516e+01
-2.563476562500000000e-01 -5.314218207689223306e+01
-2.561035156250000000e-01 -5.348186892008916971e+01
-2.558593750000000000e-01 -5.383550291548145594e+01
-2.556152343750000000e-01 -5.420426826412334975e+01
-2.553710937500000000e-01 -5.458950716181856677e+01
-2.551269531250000000e-01 -5.499274921767923985e+01
-2.548828125000000000e-01 -5.541574805559367434e+01
-2.546386718750000000e-01 -5.586052731170045149e+01
-2.543945312500000000e-01 -5.632943907972095587e+01
-2.541503906250000000e-01 -5.682523907900984739e+01
-2.539062500000000000e-01 -5.735118463744754536e+01
-2.536621093750000000e-01 -5.791116433892133841e+01
-2.534179687500000000e-01 -5.850987246852528756e+01
-2.531738281250000000e-01 -5.915304821853419526e+01
-2.529296875000000000e-01 -5.984781083559924042e+01
-2.526855468750000000e-01 -6.060314094417098119e+01
-2.524414062500000000e-01 -6.143059192745876373e+01
-2.521972656250000000e-01 -6.234537739940282108e+01
-2.519531250000000000e-01 -6.336810188178814940e+01
-2.517089843750000000e-01 -6.452765322041818763e+01
-2.514648437500000000e-01 -6.586633977150751207e+01
-2.512207031250000000e-01 -6.744975380493509931e+01
-2.509765625000000000e-01 -6.938778152699372015e+01
-2.507324218750000000e-01 -7.188642206673964097e+01
-2.504882812500000000e-01 -7.540815139819947888e+01
-2.502441406250000000e-01 -8.142869380252606959e+01
-2.500000000000000000e-01 -inf
-2.497558593750000000e-01 -8.142869380252044209e+01
-2.495117187500000000e-01 -7.540815139820232105e+01
-2.492675781250000000e-01 -7.188642206673775092e+01
-2.490234375000000000e-01 -6.938778152699372015e+01
-2.487792968750000000e-01 -6.744975380493288242e+01
-2.485351562500000000e-01 -6.586633977150940211e+01
-2.482910156250000000e-01 -6.452765322041742024e+01
-2.480468750000000000e-01 -6.336810188178809256e+01
-2.478027343750000000e-01 -6.234537739940282108e+01
-2.475585937500000000e-01 -6.143059192745870689e+01
-2.473144531250000000e-01 -6.060314094417149988e+01
-2.470703125000000000e-01 -5.984781083559887094e+01
-2.468261718750000000e-01 -5.915304821853414552e+01
-2.465820312500000000e-01 -5.850987246852483281e+01
-2.463378906250000000e-01 -5.791116433892063498e+01
-2.460937500000000000e-01 -5.735118463744790063e+01
-2.458496093750000000e-01 -5.682523907901028082e+01
-2.456054687500000000e-01 -5.632943907972095587e+01
-2.453613281250000000e-01 -5.586052731170045149e+01
-2.451171875000000000e-01 -5.541574805559334038e+01
-2.448730468750000000e-01 -5.499274921767892010e+01
-2.446289062500000000e-01 -5.458950716181825413e+01
-2.443847656250000000e-01 -5.420426826412342081e+01
-2.441406250000000000e-01 -5.383550291548168332e+01
-2.438964843750000000e-01 -5.348186892008911286e+01
-2.436523437500000000e-01 -5.314218207689246753e+01
-2.434082031250000000e-01 -5.281539231608767437e+01
-2.431640625000000000e-01 -5.250056417761249605e+01
-2.429199218750000000e-01 -5.219686071678312089e+01
-2.426757812500000000e-01 -5.190353013950752370e+01
-2.424316406250000000e-01 -5.161989462973842535e+01
-2.421875000000000000e-01 -5.134534095131875375e+01
-2.419433593750000000e-01 -5.107931249644177285e+01
-2.416992187500000000e-01 -5.082130252147983640e+01
-2.414550781250000000e-01 -5.057084836357489621e+01
-2.412109375000000000e-01 -5.032752647214290675e+01
-2.409667968750000000e-01 -5.009094812126679841e+01
-2.407226562500000000e-01 -4.986075569398966678e+01
-2.404785156250000000e-01 -4.963661944934305836e+01
-2.402343750000000000e-01 -4.941823469875143360e+01
-2.399902343750000000e-01 -4.920531933114128265e+01
-2.397460937500000000e-01 -4.899761163632425820e+01
-2.395019531250000000e-01 -4.879486838452692155e+01
-2.392578125000000000e-01 -4.859686312672715758e+01
-2.390136718750000000e-01 -4.840338468601336785e+01
-2.387695312500000000e-01 -4.821423581477389320e+01
-2.385253906250000000e-01 -4.802923199630753004e+01
-2.382812500000000000e-01 -4.784820037261002312e+01
-2.380371093750000000e-01 -4.767097878272462452e+01
-2.377929687500000000e-01 -4.749741489824884866e+01
-2.375488281250000000e-01 -4.732736544445152305e+01
-2.373046875000000000e-01 -4.716069549702546482e+01
-2.370605468750000000e-01 -4.699727784582982082e+01
-2.368164062500000000e-01 -4.683699241810494129e+01
-2.365722656250000000e-01 -4.667972575461296003e+01
-2.363281250000000000e-01 -4.652537053298232905e+01
-2.360839843750000000e-01 -4.637382513323980504e+01
-2.358398437500000000e-01 -4.622499324112975216e+01
-2.355957031250000000e-01 -4.607878348534002555e+01
-2.353515625000000000e-01 -4.593510910522230972e+01
-2.351074218750000000e-01 -4.579388764597241135e+01
-2.348632812500000000e-01 -4.565504067860074855e+01
-2.346191406250000000e-01 -4.551849354230419209e+01
-2.343750000000000000e-01 -4.538417510712945813e+01
-2.341308593750000000e-01 -4.525201755503455558e+01
-2.338867187500000000e-01 -4.512195617766757039e+01
-2.336425781250000000e-01 -4.499392918934930208e+01
-2.333984375000000000e-01 -4.486787755391293331e+01
-2.331542968750000000e-01 -4.474374482418330246e+01
-2.329101562500000000e-01 -4.462147699300562209e+01
-2.326660156250000000e-01 -4.450102235484190771e+01
-2.324218750000000000e-01 -4.438233137704548881e+01
-2.321777343750000000e-01 -4.426535658001475326e+01
-2.319335937500000000e-01 -4.415005242550112285e+01
-2.316894531250000000e-01 -4.403637521241277852e+01
-2.314453125000000000e-01 -4.392428297951983041e+01
-2.312011718750000000e-01 -4.381373541452011011e+01
-2.309570312500000000e-01 -4.370469376897064251e+01
-2.307128906250000000e-01 -4.359712077863949986e+01
-2.304687500000000000e-01 -4.349098058886642804e+01
-2.302246093750000000e-01 -4.338623868456056698e+01
-2.299804687500000000e-01 -4.328286182449249964e+01
-2.297363281250000000e-01 -4.318081797956927659e+01
-2.294921875000000000e-01 -4.308007627480637325e+01
-2.292480468750000000e-01 -4.298060693473286165e+01
-2.290039062500000000e-01 -4.288238123198951257e+01
-2.287597656250000000e-01 -4.278537143889843719e+01
-2.285156250000000000e-01 -4.268955078180159290e+01
-2.282714843750000000e-01 -4.259489339797691798e+01
-2.280273437500000000e-01 -4.250137429496425767e+01
-2.277832031250000000e-01 -4.240896931213582377e+01
-2.275390625000000000e-01 -4.231765508437005963e+01
-2.272949218750000000e-01 -4.222740900768592098e+01
-2.270507812500000000e-01 -4.213820920671777515e+01
-2.268066406250000000e-01 -4.205003450390967856e+01
-2.265625000000000000e-01 -4.196286439032359539e+01
-2.263183593750000000e-01 -4.187667899795946624e+01
-2.260742187500000000e-01 -4.179145907349601430e+01
-2.258300781250000000e-01 -4.170718595336305157e+01
-2.255859375000000000e-01 -4.162384154006837633e+01
-2.253417968750000000e-01 -4.154140827970165617e+01
-2.250976562500000000e-01 -4.145986914054552130e+01
-2.248535156250000000e-01 -4.137920759273250582e+01
-2.246093750000000000e-01 -4.129940758888292152e+01
-2.243652343750000000e-01 -4.122045354567020325e+01
-2.241210937500000000e-01 -4.114233032625952546e+01
-2.238769531250000000e-01 -4.106502322357111723e+01
-2.236328125000000000e-01 -4.098851794432295748e+01
-2.233886718750000000e-01 -4.091280059380707712e+01
-2.231445312500000000e-01 -4.083785766136347917e+01
-2.229003906250000000e-01 -4.076367600650912948e+01
-2.226562500000000000e-01 -4.069024284569070460e+01
-2.224121093750000000e-01 -4.061754573962565473e+01
-2.221679687500000000e-01 -4.054557258120048147e+01
-2.219238281250000000e-01 -4.047431158389880324e+01
-2.216796875000000000e-01 -4.040375127072921657e+01
-2.214355468750000000e-01 -4.033388046362919255e+01
-2.211914062500000000e-01 -4.026468827331989075e+01
-2.209472656250000000e-01 -4.019616408958821552e+01
-2.207031250000000000e-01 -4.012829757197745550e+01
-2.204589843750000000e-01 -4.006107864086218484e+01
-2.202148437500000000e-01 -3.999449746889230539e+01
-2.199707031250000000e-01 -3.992854447278496366e+01
-2.197265625000000000e-01 -3.986321030545015986e+01
-2.194824218750000000e-01 -3.979848584843146853e+01
-2.192382812500000000e-01 -3.973436220464915891e+01
-2.189941406250000000e-01 -3.967083069142906027e+01
-2.187500000000000000e-01 -3.960788283380647101e+01
-2.185058593750000000e-01 -3.954551035808847104e+01
-2.182617187500000000e-01 -3.948370518566736109e+01
-2.180175781250000000e-01 -3.942245942706934159e+01
-2.177734375000000000e-01 -3.936176537623070004e+01
-2.175292968750000000e-01 -3.930161550498920064e+01
-2.172851562500000000e-01 -3.924200245778295937e+01
-2.170410156250000000e-01 -3.918291904654515179e+01
-2.167968750000000000e-01 -3.912435824578850685e+01
-2.165527343750000000e-01 -3.906631318786898532e+01
-2.163085937500000000e-01 -3.900877715842247540e+01
-2.160644531250000000e-01 -3.895174359196556679e+01
-2.158203125000000000e-01 -3.889520606765484700e+01
-2.155761718750000000e-01 -3.883915830519758572e+01
-2.153320312500000000e-01 -3.878359416090441414e+01
-2.150878906250000000e-01 -3.872850762388499390e+01
-2.148437500000000000e-01 -3.867389281237154819e+01
-2.145996093750000000e-01 -3.861974397017431215e+01
-2.143554687500000000e-01 -3.856605546325462797e+01
-2.141113281250000000e-01 -3.851282177641850524e+01
-2.138671875000000000e-01 -3.846003751011994609e+01
-2.136230468750000000e-01 -3.840769737737387146e+01
-2.133789062500000000e-01 -3.835579620077138685e+01
-2.131347656250000000e-01 -3.830432890959402670e+01
-2.128906250000000000e-01 -3.825329053702405702e+01
-2.126464843750000000e-01 -3.820267621744660858e+01
-2.124023437500000000e-01 -3.815248118383841103e+01
-2.121582031250000000e-01 -3.810270076524300009e+01
-2.119140625000000000e-01 -3.805333038432549841e+01
-2.116699218750000000e-01 -3.800436555500687064e+01
-2.114257812500000000e-01 -3.795580188017255097e+01
-2.111816406250000000e-01 -3.790763504945446272e+01
-2.109375000000000000e-01 -3.785986083708121441e+01
-2.106933593750000000e-01 -3.781247509979704091e+01
-2.104492187500000000e-01 -3.776547377484416046e+01
-2.102050781250000000e-01 -3.771885287800751030e+01
-2.099609375000000000e-01 -3.767260850172009157e+01
-2.097167968750000000e-01 -3.762673681322489472e+01
-2.094726562500000000e-01 -3.758123405279349072e+01
-2.092285156250000000e-01 -3.753609653199788454e+01
-2.089843750000000000e-01 -3.749132063203367693e+01
-2.087402343750000000e-01 -3.744690280209388789e+01
-2.084960937500000000e-01 -3.740283955779031544e+01
-2.082519531250000000e-01 -3.735912747962141367e+01
-2.080078125000000000e-01 -3.731576321148506281e+01
-2.077636718750000000e-01 -3.727274345923509458e+01
-2.075195312500000000e-01 -3.723006498927795604e+01
-2.072753906250000000e-01 -3.718772462721193506e+01
-2.070312500000000000e-01 -3.714571925650326278e+01
-2.067871093750000000e-01 -3.710404581720139561e+01
-2.065429687500000000e-01 -3.706270130468978152e+01
-2.062988281250000000e-01 -3.702168276847155681e+01
-2.060546875000000000e-01 -3.698098731099039327e+01
-2.058105468750000000e-01 -3.694061208648282957e+01
-2.055664062500000000e-01 -3.690055429986315261e+01
-2.053222656250000000e-01 -3.686081120563882507e+01
-2.050781250000000000e-01 -3.682138010685523710e+01
-2.048339843750000000e-01 -3.678225835407006628e+01
-2.045898437500000000e-01 -3.674344334435404846e+01
-2.043457031250000000e-01 -3.670493252032075304e+01
-2.041015625000000000e-01 -3.666672336917998365e+01
-2.038574218750000000e-01 -3.662881342181851352e+01
-2.036132812500000000e-01 -3.659120025190391345e+01
-2.033691406250000000e-01 -3.655388147501275142e+01
-2.031250000000000000e-01 -3.651685474778124529e+01
-2.028808593750000000e-01 -3.648011776707868847e+01
-2.026367187500000000e-01 -3.644366826920222024e+01
-2.023925781250000000e-01 -3.640750402909165473e+01
-2.021484375000000000e-01 -3.637162285956601693e+01
-2.019042968750000000e-01 -3.633602261057882998e+01
-2.016601562500000000e-01 -3.630070116849217499e+01
-2.014160156250000000e-01 -3.626565645536964411e+01
-2.011718750000000000e-01 -3.623088642828767547e+01
-2.009277343750000000e-01 -3.619638907866283262e+01
-2.006835937500000000e-01 -3.616216243159781385e+01
-2.004394531250000000e-01 -3.612820454524168667e+01
-2.001953125000000000e-01 -3.609451351016817000e+01
-1.999511718750000000e-01 -3.606108744876780747e+01
-1.997070312500000000e-01 -3.602792451465543877e+01
-1.994628906250000000e-01 -3.599502289209289785e+01
-1.992187500000000000e-01 -3.596238079542480648e+01
-1.989746093750000000e-01 -3.592999646852907603e+01
-1.987304687500000000e-01 -3.589786818427948845e+01
-1.984863281250000000e-01 -3.586599424402294289e+01
-1.982421875000000000e-01 -3.583437297706765179e+01
-1.979980468750000000e-01 -3.580300274018429008e+01
-1.977539062500000000e-01 -3.577188191711942977e+01
-1.975097656250000000e-01 -3.574100891811979608e+01
-1.972656250000000000e-01 -3.571038217946805560e+01
-1.970214843750000000e-01 -3.568000016302948296e+01
-1.967773437500000000e-01 -3.564986135580966931e+01
-1.965332031250000000e-01 -3.561996426952219963e+01
-1.962890625000000000e-01 -3.559030744016611436e+01
-1.960449218750000000e-01 -3.556088942761385852e+01
-1.958007812500000000e-01 -3.553170881520829738e+01
-1.955566406250000000e-01 -3.550276420936924637e+01
-1.953125000000000000e-01 -3.547405423920857714e+01
-1.950683593750000000e-01 -3.544557755615507233e+01
-1.948242187500000000e-01 -3.541733283358672679e+01
-1.945800781250000000e-01 -3.538931876647237829e+01
-1.943359375000000000e-01 -3.536153407102046486e+01
-1.940917968750000000e-01 -3.533397748433683461e+01
-1.938476562500000000e-01 -3.530664776408931971e+01
-1.936035156250000000e-01 -3.527954368818041075e+01
-1.933593750000000000e-01 -3.525266405442670958e+01
-1.931152343750000000e-01 -3.522600768024648943e+01
-1.928710937500000000e-01 -3.519957340235280441e+01
-1.926269531250000000e-01 -3.517336007645492657e+01
-1.923828125000000000e-01 -3.514736657696521149e+01
-1.921386718750000000e-01 -3.512159179671274956e+01
-1.918945312500000000e-01 -3.509603464666393080e+01
-1.916503906250000000e-01 -3.507069405564844544e+01
-1.914062500000000000e-01 -3.504556897009084793e+01
-1.911621093750000000e-01 -3.502065835374984459e+01
-1.909179687500000000e-01 -3.499596118746094930e+01
-1.906738281250000000e-01 -3.497147646888624450e+01
-1.904296875000000000e-01 -3.494720321226915871e+01
-1.901855468750000000e-01 -3.492314044819454466e+01
-1.899414062500000000e-01 -3.489928722335371702e+01
-1.896972656250000000e-01 -3.487564260031506080e+01
-1.894531250000000000e-01 -3.485220565729893849e+01
-1.892089843750000000e-01 -3.482897548795813236e+01
-1.889648437500000000e-01 -3.480595120116226582e+01
-1.887207031250000000e-01 -3.478313192078761062e+01
-1.884765625000000000e-01 -3.476051678551056057e+01
-1.882324218750000000e-01 -3.473810494860629206e+01
-1.879882812500000000e-01 -3.471589557775124746e+01
-1.877441406250000000e-01 -3.469388785482979642e+01
-1.875000000000000000e-01 -3.467208097574522441e+01
-1.872558593750000000e-01 -3.465047415023511945e+01
-1.870117187500000000e-01 -3.462906660168946615e+01
-1.867675781250000000e-01 -3.460785756697379156e+01
-1.865234375000000000e-01 -3.458684629625572171e+01
-1.862792968750000000e-01 -3.456603205283494873e+01
-1.860351562500000000e-01 -3.454541411297709885e+01
-1.857910156250000000e-01 -3.452499176575090445e+01
-1.855468750000000000e-01 -3.450476431286889323e+01
-1.853027343750000000e-01 -3.448473106853182202e+01
-1.850585937500000000e-01 -3.446489135927567560e+01
-1.848144531250000000e-01 -3.444524452382245983e+01
-1.845703125000000000e-01 -3.442578991293406432e+01
-1.843261718750000000e-01 -3.440652688926918046e+01
-1.840820312500000000e-01 -3.438745482724327474e+01
-1.838378906250000000e-01 -3.436857311289128347e+01
-1.835937500000000000e-01 -3.434988114373387447e+01
-1.833496093750000000e-01 -3.433137832864577632e+01
-1.831054687500000000e-01 -3.431306408772758232e+01
-1.828613281250000000e-01 -3.429493785217986357e+01
-1.826171875000000000e-01 -3.427699906418018116e+01
-1.823730468750000000e-01 -3.425924717676262787e+01
-1.821289062500000000e-01 -3.424168165370017647e+01
-1.818847656250000000e-01 -3.422430196938936575e+01
-1.816406250000000000e-01 -3.420710760873736689e+01
-1.813964843750000000e-01 -3.419009806705192744e+01
-1.811523437500000000e-01 -3.417327284993328362e+01
-1.809082031250000000e-01 -3.415663147316872283e+01
-1.806640625000000000e-01 -3.414017346262918551e+01
-1.804199218750000000e-01 -3.412389835416864514e+01
-1.801757812500000000e-01 -3.410780569352485259e+01
-1.799316406250000000e-01 -3.409189503622327777e+01
-1.796875000000000000e-01 -3.407616594748235173e+01
-1.794433593750000000e-01 -3.406061800212175683e+01
-1.791992187500000000e-01 -3.404525078447132813e+01
-1.789550781250000000e-01 -3.403006388828390527e+01
-1.787109375000000000e-01 -3.401505691664862496e+01
-1.784667968750000000e-01 -3.400022948190682825e+01
-1.782226562500000000e-01 -3.398558120556998574e+01
-1.779785156250000000e-01 -3.397111171823938491e+01
-1.777343750000000000e-01 -3.395682065952755835e+01
-1.774902343750000000e-01 -3.394270767798192168e+01
-1.772460937500000000e-01 -3.392877243100991791e+01
-1.770019531250000000e-01 -3.391501458480621523e+01
-1.767578125000000000e-01 -3.390143381428136848e+01
-1.765136718750000000e-01 -3.388802980299240630e+01
-1.762695312500000000e-01 -3.387480224307526555e+01
-1.760253906250000000e-01 -3.386175083517866824e+01
-1.757812500000000000e-01 -3.384887528839959714e+01
-1.755371093750000000e-01 -3.383617532022092433e+01
-1.752929687500000000e-01 -3.382365065644992796e+01
-1.750488281250000000e-01 -3.381130103115908270e+01
-1.748046875000000000e-01 -3.379912618662804391e+01
-1.745605468750000000e-01 -3.378712587328719508e+01
-1.743164062500000000e-01 -3.377529984966271570e+01
-1.740722656250000000e-01 -3.376364788232351799e+01
-1.738281250000000000e-01 -3.375216974582950513e+01
-1.735839843750000000e-01 -3.374086522268040511e+01
-1.733398437500000000e-01 -3.372973410326795829e+01
-1.730957031250000000e-01 -3.371877618582769998e+01
-1.728515625000000000e-01 -3.370799127639319437e+01
-1.726074218750000000e-01 -3.369737918875139826e+01
-1.723632812500000000e-01 -3.368693974439934635e+01
-1.721191406250000000e-01 -3.367667277250224345e+01
-1.718750000000000000e-01 -3.366657810985324062e+01
-1.716308593750000000e-01 -3.365665560083411378e+01
-1.713867187500000000e-01 -3.364690509737695834e+01
-1.711425781250000000e-01 -3.363732645892891071e+01
-1.708984375000000000e-01 -3.362791955241553410e+01
-1.706542968750000000e-01 -3.361868425220804113e+01
-1.704101562500000000e-01 -3.360962044008989125e+01
-1.701660156250000000e-01 -3.360072800522621606e+01
-1.699218750000000000e-01 -3.359200684413313809e+01
-1.696777343750000000e-01 -3.358345686064901514e+01
-1.694335937500000000e-01 -3.357507796590749649e+01
-1.691894531250000000e-01 -3.356687007831011016e+01
-1.689453125000000000e-01 -3.355883312350268000e+01
-1.687011718750000000e-01 -3.355096703434931982e+01
-1.684570312500000000e-01 -3.354327175091214031e+01
-1.682128906250000000e-01 -3.353574722042787215e+01
-1.679687500000000000e-01 -3.352839339728851087e+01
-1.677246093750000000e-01 -3.352121024302194030e+01
-1.674804687500000000e-01 -3.351419772627423299e+01
-1.672363281250000000e-01 -3.350735582279288138e+01
-1.669921875000000000e-01 -3.350068451541081771e+01
-1.667480468750000000e-01 -3.349418379403237367e+01
-1.665039062500000000e-01 -3.348785365562013538e+01
-1.662597656250000000e-01 -3.348169410418279313e+01
-1.660156250000000000e-01 -3.347570515076409237e+01
-1.657714843750000000e-01 -3.346988681343279382e+01
-1.655273437500000000e-01 -3.346423911727438849e+01
-1.652832031250000000e-01 -3.345876209438426940e+01
-1.650390625000000000e-01 -3.345345578385992269e+01
-1.647949218750000000e-01 -3.344832023179667146e+01
-1.645507812500000000e-01 -3.344335549128360441e+01
-1.643066406250000000e-01 -3.343856162240037122e+01
-1.640625000000000000e-01 -3.343393869221543468e+01
-1.638183593750000000e-01 -3.342948677478551645e+01
-1.635742187500000000e-01 -3.342520595115617255e+01
-1.633300781250000000e-01 -3.342109630936268161e+01
-1.630859375000000000e-01 -3.341715794443403098e+01
-1.628417968750000000e-01 -3.341339095839600049e+01
-1.625976562500000000e-01 -3.340979546027631386e+01
-1.623535156250000000e-01 -3.340637156611076364e+01
-1.621093750000000000e-01 -3.340311939895052262e+01
-1.618652343750000000e-01 -3.340003908887129569e+01
-1.616210937500000000e-01 -3.339713077298164734e+01
-1.613769531250000000e-01 -3.339439459543511646e+01
-1.611328125000000000e-01 -3.339183070744095971e+01
-1.608886718750000000e-01 -3.338943926727846900e+01
-1.606445312500000000e-01 -3.338722044030999569e+01
-1.604003906250000000e-01 -3.338517439899743522e+01
-1.601562500000000000e-01 -3.338330132291803665e+01
-1.599121093750000000e-01 -3.338160139878296917e+01
-1.596679687500000000e-01 -3.338007482045557595e+01
-1.594238281250000000e-01 -3.337872178897224273e+01
-1.591796875000000000e-01 -3.337754251256302496e+01
-1.589355468750000000e-01 -3.337653720667496771e+01
-1.586914062500000000e-01 -3.337570609399593735e+01
-1.584472656250000000e-01 -3.337504940447879420e+01
-1.582031250000000000e-01 -3.337456737536883367e+01
-1.579589843750000000e-01 -3.337426025123048845e+01
-1.577148437500000000e-01 -3.337412828397654607e+01
-1.574707031250000000e-01 -3.337417173289824746e+01
-1.572265625000000000e-01 -3.337439086469645133e+01
-1.569824218750000000e-01 -3.337478595351414157e+01
-1.567382812500000000e-01 -3.337535728097091692e+01
-1.564941406250000000e-01 -3.337610513619782182e+01
-1.562500000000000000e-01 -3.337702981587366224e+01
-1.560058593750000000e-01 -3.337813162426384395e+01
-1.557617187500000000e-01 -3.337941087325874179e+01
-1.555175781250000000e-01 -3.338086788241486147e+01
-1.552734375000000000e-01 -3.338250297899648444e+01
-1.550292968750000000e-01 -3.338431649801967183e+01
-1.547851562500000000e-01 -3.338630878229651699e+01
-1.545410156250000000e-01 -3.338848018248180693e+01
-1.542968750000000000e-01 -3.339083105712055755e+01
-1.540527343750000000e-01 -3.339336177269707662e+01
-1.538085937500000000e-01 -3.339607270368615843e+01
-1.535644531250000000e-01 -3.339896423260483971e+01
-1.533203125000000000e-01 -3.340203675006581818e+01
-1.530761718750000000e-01 -3.340529065483345050e+01
-1.528320312500000000e-01 -3.340872635387999878e+01
-1.525878906250000000e-01 -3.341234426244403721e+01
-1.523437500000000000e-01 -3.341614480409078425e+01
-1.520996093750000000e-01 -3.342012841077333718e+01
-1.518554687500000000e-01 -3.342429552289608097e+01
-1.516113281250000000e-01 -3.342864658937988764e+01
-1.513671875000000000e-01 -3.343318206772811152e+01
-1.511230468750000000e-01 -3.343790242409577473e+01
-1.508789062500000000e-01 -3.344280813335901570e+01
-1.506347656250000000e-01 -3.344789967918740103e+01
-1.503906250000000000e-01 -3.345317755411743121e+01
-1.501464843750000000e-01 -3.345864225962795047e+01
-1.499023437500000000e-01 -3.346429430621808621e+01
-1.496582031250000000e-01 -3.347013421348616191e+01
-1.494140625000000000e-01 -3.347616251021059242e+01
-1.491699218750000000e-01 -3.348237973443384874e+01
-1.489257812500000000e-01 -3.348878643354703399e+01
-1.486816406250000000e-01 -3.349538316437723040e+01
-1.484375000000000000e-01 -3.350217049327707031e+01
-1.481933593750000000e-01 -3.350914899621561460e+01
-1.479492187500000000e-01 -3.351631925887195962e+01
-1.477050781250000000e-01 -3.352368187673141620e+01
-1.474609375000000000e-01 -3.353123745518247745e+01
-1.472167968750000000e-01 -3.353898660961772293e+01
-1.469726562500000000e-01 -3.354692996553600892e+01
-1.467285156250000000e-01 -3.355506815864685422e+01
-1.464843750000000000e-01 -3.356340183497805185e+01
-1.462402343750000000e-01 -3.357193165098501453e+01
-1.459960937500000000e-01 -3.358065827366255718e+01
-1.457519531250000000e-01 -3.358958238066006885e+01
-1.455078125000000000e-01 -3.359870466039772197e+01
-1.452636718750000000e-01 -3.360802581218690221e+01
-1.450195312500000000e-01 -3.361754654635230111e+01
-1.447753906250000000e-01 -3.362726758435682939e+01
-1.445312500000000000e-01 -3.363718965892991264e+01
-1.442871093750000000e-01 -3.364731351419762717e+01
-1.440429687500000000e-01 -3.365763990581684340e+01
-1.437988281250000000e-01 -3.366816960111122370e+01
-1.435546875000000000e-01 -3.367890337921106436e+01
-1.433105468750000000e-01 -3.368984203119576648e+01
-1.430664062500000000e-01 -3.370098636023965355e+01
-1.428222656250000000e-01 -3.371233718176074490e+01
-1.425781250000000000e-01 -3.372389532357291841e+01
-1.423339843750000000e-01 -3.373566162604150520e+01
-1.420898437500000000e-01 -3.374763694224240851e+01
-1.418457031250000000e-01 -3.375982213812409327e+01
-1.416015625000000000e-01 -3.377221809267378205e+01
-1.413574218750000000e-01 -3.378482569808678448e+01
-1.411132812500000000e-01 -3.379764585994048076e+01
-1.408691406250000000e-01 -3.381067949737049361e+01
-1.406250000000000000e-01 -3.382392754325238826e+01
-1.403808593750000000e-01 -3.383739094438603701e+01
-1.401367187500000000e-01 -3.385107066168519907e+01
-1.398925781250000000e-01 -3.386496767037026245e+01
-1.396484375000000000e-01 -3.387908296016559007e+01
-1.394042968750000000e-01 -3.389341753550170466e+01
-1.391601562500000000e-01 -3.390797241572106913e+01
-1.389160156250000000e-01 -3.392274863528869133e+01
-1.386718750000000000e-01 -3.393774724400795151e+01
-1.384277343750000000e-01 -3.395296930724052231e+01
-1.381835937500000000e-01 -3.396841590613117035e+01
-1.379394531250000000e-01 -3.398408813783806437e+01
-1.376953125000000000e-01 -3.399998711576770205e+01
-1.374511718750000000e-01 -3.401611396981550683e+01
-1.372070312500000000e-01 -3.403246984661093677e+01
-1.369628906250000000e-01 -3.404905590976963481e+01
-1.367187500000000000e-01 -3.406587334014922419e+01
-1.364746093750000000e-01 -3.408292333611261427e+01
-1.362304687500000000e-01 -3.410020711379624458e+01
-1.359863281250000000e-01 -3.411772590738449651e+01
-1.357421875000000000e-01 -3.413548096939086207e+01
-1.354980468750000000e-01 -3.415347357094460534e+01
-1.352539062500000000e-01 -3.417170500208452211e+01
-1.350097656250000000e-01 -3.419017657205956340e+01
-1.347656250000000000e-01 -3.420888960963557679e+01
-1.345214843750000000e-01 -3.422784546340990630e+01
-1.342773437500000000e-01 -3.424704550213254350e+01
-1.340332031250000000e-01 -3.426649111503527223e+01
-1.337890625000000000e-01 -3.428618371216779082e+01
-1.335449218750000000e-01 -3.430612472474221875e+01
-1.333007812500000000e-01 -3.432631560548531979e+01
-1.330566406250000000e-01 -3.434675782899882535e+01
-1.328125000000000000e-01 -3.436745289212846899e+01
-1.325683593750000000e-01 -3.438840231434144812e+01
-1.323242187500000000e-01 -3.440960763811312972e+01
-1.320800781250000000e-01 -3.443107042932238926e+01
-1.318359375000000000e-01 -3.445279227765666263e+01
-1.315917968750000000e-01 -3.447477479702678238e+01
-1.313476562500000000e-01 -3.449701962599115035e+01
-1.311035156250000000e-01 -3.451952842819083145e+01
-1.308593750000000000e-01 -3.454230289279469446e+01
-1.306152343750000000e-01 -3.456534473495516124e+01
-1.303710937500000000e-01 -3.458865569627536019e+01
-1.301269531250000000e-01 -3.461223754528754881e+01
-1.298828125000000000e-01 -3.463609207794303302e+01
-1.296386718750000000e-01 -3.466022111811461315e+01
-1.293945312500000000e-01 -3.468462651811066166e+01
-1.291503906250000000e-01 -3.470931015920277218e+01
-1.289062500000000000e-01 -3.473427395216575064e+01
-1.286621093750000000e-01 -3.475951983783173205e+01
-1.284179687500000000e-01 -3.478504978765732858e+01
-1.281738281250000000e-01 -3.481086580430676491e+01
-1.279296875000000000e-01 -3.483696992224702171e+01
-1.276855468750000000e-01 -3.486336420836076400e+01
-1.274414062500000000e-01 -3.489005076257368643e+01
-1.271972656250000000e-01 -3.491703171849762555e+01
-1.269531250000000000e-01 -3.494430924409116557e+01
-1.267089843750000000e-01 -3.497188554233606794e+01
-1.264648437500000000e-01 -3.499976285193270797e+01
-1.262207031250000000e-01 -3.502794344801259285e+01
-1.259765625000000000e-01 -3.505642964287007857e+01
-1.257324218750000000e-01 -3.508522378671291619e+01
-1.254882812500000000e-01 -3.511432826843291366e+01
-1.252441406250000000e-01 -3.514374551639775746e+01
-1.250000000000000000e-01 -3.517347799926211849e+01
-1.247558593750000000e-01 -3.520352822680305849e+01
-1.245117187500000000e-01 -3.523389875077569400e+01
-1.242675781250000000e-01 -3.526459216579384304e+01
-1.240234375000000000e-01 -3.529561111023274123e+01
-1.237792968750000000e-01 -3.532695826715908538e+01
-1.235351562500000000e-01 -3.535863636528411291e+01
-1.232910156250000000e-01 -3.539064817994447765e+01
-1.230468750000000000e-01 -3.542299653410993443e+01
-1.228027343750000000e-01 -3.545568429942019151e+01
-1.225585937500000000e-01 -3.548871439724855037e+01
-1.223144531250000000e-01 -3.552208979979916847e+01
-1.220703125000000000e-01 -3.555581353123145050e+01
-1.218261718750000000e-01 -3.558988866881995961e+01
-1.215820312500000000e-01 -3.562431834414562104e+01
-1.213378906250000000e-01 -3.565910574432277258e+01
-1.210937500000000000e-01 -3.569425411326012920e+01
-1.208496093750000000e-01 -3.572976675295978310e+01
-1.206054687500000000e-01 -3.576564702485480041e+01
-1.203613281250000000e-01 -3.580189835118466135e+01
-1.201171875000000000e-01 -3.583852421641318386e+01
-1.198730468750000000e-01 -3.587552816868779360e+01
-1.196289062500000000e-01 -3.591291382134353682e+01
-1.193847656250000000e-01 -3.595068485445124651e+01
-1.191406250000000000e-01 -3.598884501641406075e+01
-1.188964843750000000e-01 -3.602739812561222976e+01
-1.186523437500000000e-01 -3.606634807209842819e+01
-1.184082031250000000e-01 -3.610569881934597447e+01
-1.181640625000000000e-01 -3.614545440605072457e+01
-1.179199218750000000e-01 -3.618561894799037759e+01
-1.176757812500000000e-01 -3.622619663994113637e+01
-1.174316406250000000e-01 -3.626719175765728664e+01
-1.171875000000000000e-01 -3.630860865991085262e+01
-1.169433593750000000e-01 -3.635045179060027465e+01
-1.166992187500000000e-01 -3.639272568092385285e+01
-1.164550781250000000e-01 -3.643543495162664669e+01
-1.162109375000000000e-01 -3.647858431531912515e+01
-1.159667968750000000e-01 -3.652217857887330155e+01
-1.157226562500000000e-01 -3.656622264589726967e+01
-1.154785156250000000e-01 -3.661072151929375451e+01
-1.152343750000000000e-01 -3.665568030390316068e+01
-1.149902343750000000e-01 -3.670110420923683137e+01
-1.147460937500000000e-01 -3.674699855230338130e+01
-1.145019531250000000e-01 -3.679336876053166350e+01
-1.142578125000000000e-01 -3.684022037479469702e+01
-1.140136718750000000e-01 -3.688755905253883327e+01
-1.137695312500000000e-01 -3.693539057102170631e+01
-1.135253906250000000e-01 -3.698372083066591642e+01
-1.132812500000000000e-01 -3.703255585852942033e+01
-1.130371093750000000e-01 -3.708190181190241219e+01
-1.127929687500000000e-01 -3.713176498203122122e+01
-1.125488281250000000e-01 -3.718215179797881831e+01
-1.123046875000000000e-01 -3.723306883062652162e+01
-1.120605468750000000e-01 -3.728452279682089454e+01
-1.118164062500000000e-01 -3.733652056367641592e+01
-1.115722656250000000e-01 -3.738906915303758183e+01
-1.113281250000000000e-01 -3.744217574610911470e+01
-1.110839843750000000e-01 -3.749584768826152725e+01
-1.108398437500000000e-01 -3.755009249401958726e+01
-1.105957031250000000e-01 -3.760491785224431283e+01
-1.103515625000000000e-01 -3.766033163151352170e+01
-1.101074218750000000e-01 -3.771634188571420054e+01
-1.098632812500000000e-01 -3.777295685985424001e+01
-1.096191406250000000e-01 -3.783018499610556518e+01
-1.093750000000000000e-01 -3.788803494008785577e+01
-1.091308593750000000e-01 -3.794651554740580934e+01
-1.088867187500000000e-01 -3.800563589045336244e+01
-1.086425781250000000e-01 -3.806540526549515846e+01
-1.083984375000000000e-01 -3.812583320004080889e+01
-1.081542968750000000e-01 -3.818692946052707526e+01
-1.079101562500000000e-01 -3.824870406032187020e+01
-1.076660156250000000e-01 -3.831116726806785522e+01
-1.074218750000000000e-01 -3.837432961638177886e+01
-1.071777343750000000e-01 -3.843820191092972749e+01
-1.069335937500000000e-01 -3.850279523989509300e+01
-1.066894531250000000e-01 -3.856812098386308207e+01
-1.064453125000000000e-01 -3.863419082614225886e+01
-1.062011718750000000e-01 -3.870101676354450149e+01
-1.059570312500000000e-01 -3.876861111765381906e+01
-1.057128906250000000e-01 -3.883698654660361171e+01
-1.054687500000000000e-01 -3.890615605739598237e+01
-1.052246093750000000e-01 -3.897613301879042069e+01
-1.049804687500000000e-01 -3.904693117479369135e+01
-1.047363281250000000e-01 -3.911856465878615552e+01
-1.044921875000000000e-01 -3.919104800832133151e+01
-1.042480468750000000e-01 -3.926439618063394477e+01
-1.040039062500000000e-01 -3.933862456890225445e+01
-1.037597656250000000e-01 -3.941374901930607422e+01
-1.035156250000000000e-01 -3.948978584892863353e+01
-1.032714843750000000e-01 -3.956675186455385074e+01
-1.030273437500000000e-01 -3.964466438240962987e+01
-1.027832031250000000e-01 -3.972354124892019200e+01
-1.025390625000000000e-01 -3.980340086252581955e+01
-1.022949218750000000e-01 -3.988426219663865879e+01
-1.020507812500000000e-01 -3.996614482380436328e+01
-1.018066406250000000e-01 -4.004906894114974136e+01
-1.015625000000000000e-01 -4.013305539719504367e+01
-1.013183593750000000e-01 -4.021812572012434828e+01
-1.010742187500000000e-01 -4.030430214760464480e+01
-1.008300781250000000e-01 -4.039160765826380128e+01
-1.005859375000000000e-01 -4.048006600493167184e+01
-1.003417968750000000e-01 -4.056970174976935084e+01
-1.000976562500000000e-01 -4.066054030141621922e+01
-9.985351562500000000e-02 -4.075260795429186800e+01
-9.960937500000000000e-02 -4.084593193021012780e+01
-9.936523437500000000e-02 -4.094054042246558822e+01
-9.912109375000000000e-02 -4.103646264257307763e+01
-9.887695312500000000e-02 -4.113372886985572308e+01
-9.863281250000000000e-02 -4.123237050408735627e+01
-9.838867187500000000e-02 -4.133242012142376609e+01
-9.814453125000000000e-02 -4.143391153386915704e+01
-9.790039062500000000e-02 -4.153687985254926929e+01
-9.765625000000000000e-02 -4.164136155508822412e+01
-9.741210937500000000e-02 -4.174739455741402594e+01
-9.716796875000000000e-02 -4.185501829034269150e+01
-9.692382812500000000e-02 -4.196427378133262209e+01
-9.667968750000000000e-02 -4.207520374183012279e+01
-9.643554687500000000e-02 -4.218785266067308726e+01
-9.619140625000000000e-02 -4.230226690406303902e+01
-9.594726562500000000e-02 -4.241849482266977844e+01
-9.570312500000000000e-02 -4.253658686648576293e+01
-9.545898437500000000e-02 -4.265659570811314438e+01
-9.521484375000000000e-02 -4.277857637524039802e+01
-9.497070312500000000e-02 -4.290258639313883293e+01
-9.472656250000000000e-02 -4.302868593810585196e+01
-9.448242187500000000e-02 -4.315693800287782977e+01
-9.423828125000000000e-02 -4.328740857515083462e+01
-9.399414062500000000e-02 -4.342016683047773284e+01
-9.375000000000000000e-02 -4.355528534095176951e+01
-9.350585937500000000e-02 -4.369284030125147922e+01
-9.326171875000000000e-02 -4.383291177381477155e+01
-9.301757812500000000e-02 -4.397558395511249785e+01
-9.277343750000000000e-02 -4.412094546524115657e+01
-9.252929687500000000e-02 -4.426908966332987916e+01
-9.228515625000000000e-02 -4.442011499157192844e+01
-9.204101562500000000e-02 -4.457412535105605400e+01
-9.179687500000000000e-02 -4.473123051299070596e+01
-9.155273437500000000e-02 -4.489154656940139887e+01
-9.130859375000000000e-02 -4.505519642792896917e+01
-9.106445312500000000e-02 -4.522231035602299443e+01
-9.082031250000000000e-02 -4.539302658055351714e+01
-9.057617187500000000e-02 -4.556749194976795536e+01
-9.033203125000000000e-02 -4.574586266553004776e+01
-9.008789062500000000e-02 -4.592830509498934077e+01
-8.984375000000000000e-02 -4.611499667225749732e+01
-8.959960937500000000e-02 -4.630612690233003548e+01
-8.935546875000000000e-02 -4.650189848150147043e+01
-8.911132812500000000e-02 -4.670252855087265687e+01
-8.886718750000000000e-02 -4.690825010238845039e+01
-8.862304687500000000e-02 -4.711931356023391260e+01
-8.837890625000000000e-02 -4.733598856450705483e+01
-8.813476562500000000e-02 -4.755856598903225319e+01
-8.789062500000000000e-02 -4.778736023119284937e+01
-8.764648437500000000e-02 -4.802271181901295449e+01
-8.740234375000000000e-02 -4.826499038973440747e+01
-8.715820312500000000e-02 -4.851459810528675121e+01
-8.691406250000000000e-02 -4.877197358387341097e+01
-8.666992187500000000e-02 -4.903759644419462660e+01
-8.642578125000000000e-02 -4.931199258055129064e+01
-8.618164062500000000e-02 -4.959574031459911936e+01
-8.593750000000000000e-02 -4.988947760460774106e+01
-8.569335937500000000e-02 -5.019391053815905224e+01
-8.544921875000000000e-02 -5.050982339262178300e+01
-8.520507812500000000e-02 -5.083809062406228918e+01
-8.496093750000000000e-02 -5.117969124591838437e+01
-8.471679687500000000e-02 -5.153572619287746903e+01
-8.447265625000000000e-02 -5.190743944602131421e+01
-8.422851562500000000e-02 -5.229624394138855337e+01
-8.398437500000000000e-02 -5.270375362358603155e+01
-8.374023437500000000e-02 -5.313182348095070040e+01
-8.349609375000000000e-02 -5.358260007275048764e+01
-8.325195312500000000e-02 -5.405858603142220176e+01
-8.300781250000000000e-02 -5.456272345117679379e+01
-8.276367187500000000e-02 -5.509850321394827688e+01
-8.251953125000000000e-02 -5.567011057978685784e+01
-8.227539062500000000e-02 -5.628262250894123753e+01
-8.203125000000000000e-02 -5.694228047235888113e+01
-8.178710937500000000e-02 -5.765687629814652837e+01
-8.154296875000000000e-02 -5.843631237565662673e+01
-8.129882812500000000e-02 -5.929344024268975488e+01
-8.105468750000000000e-02 -6.024536206446753539e+01
-8.081054687500000000e-02 -6.131554010359347728e+01
-8.056640625000000000e-02 -6.253740259098176324e+01
-8.032226562500000000e-02 -6.396093370294484259e+01
-8.007812500000000000e-02 -6.566581016563995377e+01
-7.983398437500000000e-02 -6.779087166356261207e+01
-7.958984375000000000e-02 -7.061264192685905527e+01
-7.934570312500000000e-02 -7.482255442079063812e+01
-7.910156250000000000e-02 -8.332038016113365586e+01
-7.885742187500000000e-02 -8.691504617911952835e+01
-7.861328125000000000e-02 -7.599865726964051760e+01
-7.836914062500000000e-02 -7.130908191802517138e+01
-7.812500000000000000e-02 -6.827906429043034109e+01
-7.788085937500000000e-02 -6.603600730541712949e+01
-7.763671875000000000e-02 -6.425412526744216279e+01
-7.739257812500000000e-02 -6.277565178394744549e+01
-7.714843750000000000e-02 -6.151208227571648024e+01
-7.690429687500000000e-02 -6.040876040804549518e+01
-7.666015625000000000e-02 -5.942955354749094710e+01
-7.641601562500000000e-02 -5.854932551415983255e+01
-7.617187500000000000e-02 -5.774988258003660491e+01
-7.592773437500000000e-02 -5.701763101720477067e+01
-7.568359375000000000e-02 -5.634214620296322096e+01
-7.543945312500000000e-02 -5.571525817620000254e+01
-7.519531250000000000e-02 -5.513044494443925458e+01
-7.495117187500000000e-02 -5.458241705544442368e+01
-7.470703125000000000e-02 -5.406682534814912344e+01
-7.446289062500000000e-02 -5.358005049695010769e+01
-7.421875000000000000e-02 -5.311904832912513541e+01
-7.397460937500000000e-02 -5.268123406799329445e+01
-7.373046875000000000e-02 -5.226439430820479970e+01
-7.348632812500000000e-02 -5.186661911376640433e+01
-7.324218750000000000e-02 -5.148624895915293109e+01
-7.299804687500000000e-02 -5.112183278251109186e+01
-7.275390625000000000e-02 -5.077209447021060384e+01
-7.250976562500000000e-02 -5.043590581745269219e+01
-7.226562500000000000e-02 -5.011226451902845724e+01
-7.202148437500000000e-02 -4.980027610747315236e+01
-7.177734375000000000e-02 -4.949913901839221353e+01
-7.153320312500000000e-02 -4.920813215493230075e+01
-7.128906250000000000e-02 -4.892660446575562361e+01
-7.104492187500000000e-02 -4.865396615754438869e+01
-7.080078125000000000e-02 -4.838968124374903823e+01
-7.055664062500000000e-02 -4.813326119291970429e+01
-7.031250000000000000e-02 -4.788425948748300698e+01
-7.006835937500000000e-02 -4.764226694070976009e+01
-6.982421875000000000e-02 -4.740690764852249828e+01
-6.958007812500000000e-02 -4.717783547560006951e+01
-6.933593750000000000e-02 -4.695473099332055256e+01
-6.909179687500000000e-02 -4.673729880156966487e+01
-6.884765625000000000e-02 -4.652526517808098561e+01
-6.860351562500000000e-02 -4.631837600838024827e+01
-6.835937500000000000e-02 -4.611639495707848369e+01
-6.811523437500000000e-02 -4.591910184751266399e+01
-6.787109375000000000e-02 -4.572629122188467221e+01
-6.762695312500000000e-02 -4.553777105829435357e+01
-6.738281250000000000e-02 -4.535336162458633424e+01
-6.713867187500000000e-02 -4.517289445187385866e+01
-6.689453125000000000e-02 -4.499621141304436378e+01
-6.665039062500000000e-02 -4.482316389362318176e+01
-6.640625000000000000e-02 -4.465361204410571361e+01
-6.616210937500000000e-02 -4.448742410433751360e+01
-6.591796875000000000e-02 -4.432447579176341179e+01
-6.567382812500000000e-02 -4.416464974644183883e+01
-6.542968750000000000e-02 -4.400783502661497693e+01
-6.518554687500000000e-02 -4.385392664940417973e+01
-6.494140625000000000e-02 -4.370282517187737881e+01
-6.469726562500000000e-02 -4.355443630830090740e+01
-6.445312500000000000e-02 -4.340867057988570821e+01
-6.420898437500000000e-02 -4.326544299377991365e+01
-6.396484375000000000e-02 -4.312467274841834808e+01
-6.372070312500000000e-02 -4.298628296267897042e+01
-6.347656250000000000e-02 -4.285020042657055939e+01
-6.323242187500000000e-02 -4.271635537143356487e+01
-6.298828125000000000e-02 -4.258468125784733616e+01
-6.274414062500000000e-02 -4.245511457963226576e+01
-6.250000000000000000e-02 -4.232759468250262103e+01
-6.225585937500000000e-02 -4.220206359607539071e+01
-6.201171875000000000e-02 -4.207846587807259198e+01
-6.176757812500000000e-02 -4.195674846966919347e+01
-6.152343750000000000e-02 -4.183686056104291140e+01
-6.127929687500000000e-02 -4.171875346627782477e+01
-6.103515625000000000e-02 -4.160238050684618827e+01
-6.079101562500000000e-02 -4.148769690297651636e+01
-6.054687500000000000e-02 -4.137465967227555552e+01
-6.030273437500000000e-02 -4.126322753502650187e+01
-6.005859375000000000e-02 -4.115336082564968478e+01
-5.981445312500000000e-02 -4.104502140984310188e+01
-5.957031250000000000e-02 -4.093817260697797877e+01
-5.932617187500000000e-02 -4.083277911734874976e+01
-5.908203125000000000e-02 -4.072880695392140638e+01
-5.883789062500000000e-02 -4.062622337825000329e+01
-5.859375000000000000e-02 -4.052499684025587356e+01
-5.834960937500000000e-02 -4.042509692160098211e+01
-5.810546875000000000e-02 -4.032649428239130884e+01
-5.786132812500000000e-02 -4.022916061098756302e+01
-5.761718750000000000e-02 -4.013306857670167460e+01
-5.737304687500000000e-02 -4.003819178518502042e+01
-5.712890625000000000e-02 -3.994450473632636545e+01
-5.688476562500000000e-02 -3.985198278449193765e+01
-5.664062500000000000e-02 -3.976060210095266712e+01
-5.639648437500000000e-02 -3.967033963835626764e+01
-5.615234375000000000e-02 -3.958117309711089149e+01
-5.590820312500000000e-02 -3.949308089356149765e+01
-5.566406250000000000e-02 -3.940604212984070642e+01
-5.541992187500000000e-02 -3.932003656529255409e+01
-5.517578125000000000e-02 -3.923504458937311767e+01
-5.493164062500000000e-02 -3.915104719593265514e+01
-5.468750000000000000e-02 -3.906802595879931062e+01
-5.444335937500000000e-02 -3.898596300858637420e+01
-5.419921875000000000e-02 -3.890484101064756572e+01
-5.395507812500000000e-02 -3.882464314411467399e+01
-5.371093750000000000e-02 -3.874535308195507355e+01
-5.346679687500000000e-02 -3.866695497198777076e+01
-5.322265625000000000e-02 -3.858943341880543443e+01
-5.297851562500000000e-02 -3.851277346654985934e+01
-5.273437500000000000e-02 -3.843696058249412317e+01
-5.249023437500000000e-02 -3.836198064138538655e+01
-5.224609375000000000e-02 -3.828781991050566091e+01
-5.200195312500000000e-02 -3.821446503541484674e+01
-5.175781250000000000e-02 -3.814190302633478780e+01
-5.151367187500000000e-02 -3.807012124514346141e+01
-5.126953125000000000e-02 -3.799910739294416118e+01
-5.102539062500000000e-02 -3.792884949818143525e+01
-5.078125000000000000e-02 -3.785933590527439918e+01
-5.053710937500000000e-02 -3.779055526374074248e+01
-5.029296875000000000e-02 -3.772249651778514590e+01
-5.004882812500000000e-02 -3.765514889633145401e+01
-4.980468750000000000e-02 -3.758850190347239817e+01
-4.956054687500000000e-02 -3.752254530931863741e+01
-4.931640625000000000e-02 -3.745726914122703022e+01
-4.907226562500000000e-02 -3.739266367538794356e+01
-4.882812500000000000e-02 -3.732871942875578952e+01
-4.858398437500000000e-02 -3.726542715130504746e+01
-4.833984375000000000e-02 -3.720277781859703481e+01
-4.809570312500000000e-02 -3.714076262464162426e+01
-4.785156250000000000e-02 -3.707937297504098950e+01
-4.760742187500000000e-02 -3.701860048040101248e+01
-4.736328125000000000e-02 -3.695843694999943096e+01
-4.711914062500000000e-02 -3.689887438569687106e+01
-4.687500000000000000e-02 -3.683990497608170500e+01
-4.663085937500000000e-02 -3.678152109083643495e+01
-4.638671875000000000e-02 -3.672371527531706903e+01
-4.614257812500000000e-02 -3.666648024533400019e+01
-4.589843750000000000e-02 -3.660980888212778694e+01
-4.565429687500000000e-02 -3.655369422752956154e+01
-4.541015625000000000e-02 -3.649812947929794404e+01
-4.516601562500000000e-02 -3.644310798662677087e+01
-4.492187500000000000e-02 -3.638862324581279495e+01
-4.467773437500000000e-02 -3.633466889608038031e+01
-4.443359375000000000e-02 -3.628123871555344948e+01
-4.418945312500000000e-02 -3.622832661736983084e+01
-4.394531250000000000e-02 -3.617592664593249197e+01
-4.370117187500000000e-02 -3.612403297329060337e+01
-4.345703125000000000e-02 -3.607263989564585671e+01
-4.321289062500000000e-02 -3.602174182997904950e+01
-4.296875000000000000e-02 -3.597133331079169238e+01
-4.272460937500000000e-02 -3.592140898695788565e+01
-4.248046875000000000e-02 -3.587196361868280547e+01
-4.223632812500000000e-02 -3.582299207456134127e+01
-4.199218750000000000e-02 -3.577448932873691945e+01
-4.174804687500000000e-02 -3.572645045815176701e+01
-4.150390625000000000e-02 -3.567887063988908380e+01
-4.125976562500000000e-02 -3.563174514860111231e+01
-4.101562500000000000e-02 -3.558506935401989324e+01
-4.077148437500000000e-02 -3.553883871854984022e+01
-4.052734375000000000e-02 -3.549304879493602982e+01
-4.028320312500000000e-02 -3.544769522400663675e+01
-4.003906250000000000e-02 -3.540277373248725468e+01
-3.979492187500000000e-02 -3.535828013088384125e+01
-3.955078125000000000e-02 -3.531421031143131728e+01
-3.930664062500000000e-02 -3.527056024610595131e+01
-3.906250000000000000e-02 -3.522732598469942644e+01
-3.881835937500000000e-02 -3.518450365295178983e+01
-3.857421875000000000e-02 -3.514208945074088319e+01
-3.833007812500000000e-02 -3.510007965032733779e+01
-3.808593750000000000e-02 -3.505847059465220639e+01
-3.784179687500000000e-02 -3.501725869568503668e+01
-3.759765625000000000e-02 -3.497644043282248560e+01
-3.735351562500000000e-02 -3.493601235133299099e+01
-3.710937500000000000e-02 -3.489597106084826805e+01
-3.686523437500000000e-02 -3.485631323389797842e+01
-3.662109375000000000e-02 -3.481703560448866597e+01
-3.637695312500000000e-02 -3.477813496672241911e+01
-3.613281250000000000e-02 -3.473960817345578533e+01
-3.588867187500000000e-02 -3.470145213499758796e+01
-3.564453125000000000e-02 -3.466366381784341399e+01
-3.540039062500000000e-02 -3.462624024344619755e+01
-3.515625000000000000e-02 -3.458917848702148490e+01
-3.491210937500000000e-02 -3.455247567638605233e+01
-3.466796875000000000e-02 -3.451612899082963537e+01
-3.442382812500000000e-02 -3.448013566001687735e+01
-3.417968750000000000e-02 -3.444449296292089002e+01
-3.393554687500000000e-02 -3.440919822678555562e+01
-3.369140625000000000e-02 -3.437424882611578880e+01
-3.344726562500000000e-02 -3.433964218169664662e+01
-3.320312500000000000e-02 -3.430537575963722929e+01
-3.295898437500000000e-02 -3.427144707044241301e+01
-3.271484375000000000e-02 -3.423785366810791686e+01
-3.247070312500000000e-02 -3.420459314924021044e+01
-3.222656250000000000e-02 -3.417166315219985506e+01
-3.198242187500000000e-02 -3.413906135626749005e+01
-3.173828125000000000e-02 -3.410678548083215844e+01
-3.149414062500000000e-02 -3.407483328459987604e+01
-3.125000000000000000e-02 -3.404320256482439788e+01
-3.100585937500000000e-02 -3.401189115655678563e+01
-3.076171875000000000e-02 -3.398089693191487726e+01
-3.051757812500000000e-02 -3.395021779937209061e+01
-3.027343750000000000e-02 -3.391985170306361397e+01
-3.002929687500000000e-02 -3.388979662211092148e+01
-2.978515625000000000e-02 -3.386005056996329188e+01
-2.954101562500000000e-02 -3.383061159375635185e+01
-2.929687500000000000e-02 -3.380147777368662076e+01
-2.905273437500000000e-02 -3.377264722240138894e+01
-2.880859375000000000e-02 -3.374411808440493132e+01
-2.856445312500000000e-02 -3.371588853547873299e+01
-2.832031250000000000e-02 -3.368795678211640876e+01
-2.807617187500000000e-02 -3.366032106097255650e+01
-2.783203125000000000e-02 -3.363297963832551574e+01
-2.758789062500000000e-02 -3.360593080955311507e+01
-2.734375000000000000e-02 -3.357917289862137977e+01
-2.709960937500000000e-02 -3.355270425758575215e+01
-2.685546875000000000e-02 -3.352652326610447631e+01
-2.661132812500000000e-02 -3.350062833096383486e+01
-2.636718750000000000e-02 -3.347501788561486080e+01
-2.612304687500000000e-02 -3.344969038972136843e+01
-2.587890625000000000e-02 -3.342464432871863522e+01
-2.563476562500000000e-02 -3.339987821338283425e+01
-2.539062500000000000e-02 -3.337539057941121001e+01
-2.514648437500000000e-02 -3.335117998701106501e+01
-2.490234375000000000e-02 -3.332724502050018600e+01
-2.465820312500000000e-02 -3.330358428791540604e+01
-2.441406250000000000e-02 -3.328019642063096484e+01
-2.416992187500000000e-02 -3.325708007298632651e+01
-2.392578125000000000e-02 -3.323423392192198378e+01
-2.368164062500000000e-02 -3.321165666662425764e+01
-2.343750000000000000e-02 -3.318934702817842464e+01
-2.319335937500000000e-02 -3.316730374923029956e+01
-2.294921875000000000e-02 -3.314552559365483830e+01
-2.270507812500000000e-02 -3.312401134623355858e+01
-2.246093750000000000e-02 -3.310275981233856868e+01
-2.221679687500000000e-02 -3.308176981762477453e+01
-2.197265625000000000e-02 -3.306104020772851015e+01
-2.172851562500000000e-02 -3.304056984797370689e+01
-2.148437500000000000e-02 -3.302035762308476308e+01
-2.124023437500000000e-02 -3.300040243690570207e+01
-2.099609375000000000e-02 -3.298070321212626510e+01
-2.075195312500000000e-02 -3.296125889001469034e+01
-2.050781250000000000e-02 -3.294206843015509634e+01
-2.026367187500000000e-02 -3.292313081019305798e+01
-2.001953125000000000e-02 -3.290444502558570861e+01
-1.977539062500000000e-02 -3.288601008935775383e+01
-1.953125000000000000e-02 -3.286782503186354631e+01
-1.928710937500000000e-02 -3.284988890055426225e+01
-1.904296875000000000e-02 -3.283220075975100372e+01
-1.879882812500000000e-02 -3.281475969042207907e+01
-1.855468750000000000e-02 -3.279756478996687008e+01
-1.831054687500000000e-02 -3.278061517200355013e+01
-1.806640625000000000e-02 -3.276390996616227369e+01
-1.782226562500000000e-02 -3.274744831788295585e+01
-1.757812500000000000e-02 -3.273122938821793326e+01
-1.733398437500000000e-02 -3.271525235363907314e+01
-1.708984375000000000e-02 -3.269951640584952912e+01
-1.684570312500000000e-02 -3.268402075159948339e+01
-1.660156250000000000e-02 -3.266876461250721775e+01
-1.635742187500000000e-02 -3.265374722488269299e+01
-1.611328125000000000e-02 -3.263896783955733838e+01
-1.586914062500000000e-02 -3.262442572171601540e+01
-1.562500000000000000e-02 -3.261012015073423953e+01
-1.538085937500000000e-02 -3.259605042001852127e+01
-1.513671875000000000e-02 -3.258221583685091360e+01
-1.489257812500000000e-02 -3.256861572223731116e+01
-1.464843750000000000e-02 -3.255524941075900358e+01
-1.440429687500000000e-02 -3.254211625042835720e+01
-1.416015625000000000e-02 -3.252921560254746680e+01
-1.391601562500000000e-02 -3.251654684157075081e+01
-1.367187500000000000e-02 -3.250410935497050957e+01
-1.342773437500000000e-02 -3.249190254310646964e+01
-1.318359375000000000e-02 -3.247992581909728216e+01
-1.293945312500000000e-02 -3.246817860869704475e+01
-1.269531250000000000e-02 -3.245666035017340079e+01
-1.245117187500000000e-02 -3.244537049418939745e+01
-1.220703125000000000e-02 -3.243430850368846308e+01
-1.196289062500000000e-02 -3.242347385378217695e+01
-1.171875000000000000e-02 -3.241286603164076041e+01
-1.147460937500000000e-02 -3.240248453638705683e+01
-1.123046875000000000e-02 -3.239232887899276392e+01
-1.098632812500000000e-02 -3.238239858217762190e+01
-1.074218750000000000e-02 -3.237269318031169263e+01
-1.049804687500000000e-02 -3.236321221931959968e+01
-1.025390625000000000e-02 -3.235395525658836391e+01
-1.000976562500000000e-02 -3.234492186087679499e+01
-9.765625000000000000e-03 -3.233611161222855657e+01
-9.521484375000000000e-03 -3.232752410188683712e+01
-9.277343750000000000e-03 -3.231915893221217573e+01
-9.033203125000000000e-03 -3.231101571660236971e+01
-8.789062500000000000e-03 -3.230309407941501831e+01
-8.544921875000000000e-03 -3.229539365589237576e+01
-8.300781250000000000e-03 -3.228791409208834295e+01
-8.056640625000000000e-03 -3.228065504479835823e+01
-7.812500000000000000e-03 -3.227361618149126343e+01
-7.568359375000000000e-03 -3.226679718024338683e+01
-7.324218750000000000e-03 -3.226019772967459431e+01
-7.080078125000000000e-03 -3.225381752888742426e+01
-6.835937500000000000e-03 -3.224765628740759382e+01
-6.591796875000000000e-03 -3.224171372512713418e+01
-6.347656250000000000e-03 -3.223598957224938033e+01
-6.103515625000000000e-03 -3.223048356923624169e+01
-5.859375000000000000e-03 -3.222519546675772517e+01
-5.615234375000000000e-03 -3.222012502564328429e+01
-5.371093750000000000e-03 -3.221527201683495889e+01
-5.126953125000000000e-03 -3.221063622134366966e+01
-4.882812500000000000e-03 -3.220621743020596739e+01
-4.638671875000000000e-03 -3.220201544444414310e+01
-4.394531250000000000e-03 -3.219803007502770953e+01
-4.150390625000000000e-03 -3.219426114283642448e+01
-3.906250000000000000e-03 -3.219070847862661822e+01
-3.662109375000000000e-03 -3.218737192299782635e+01
-3.417968750000000000e-03 -3.218425132636286889e+01
-3.173828125000000000e-03 -3.218134654891844804e+01
-2.929687500000000000e-03 -3.217865746061868037e+01
-2.685546875000000000e-03 -3.217618394115034874e+01
-2.441406250000000000e-03 -3.217392587990949693e+01
-2.197265625000000000e-03 -3.217188317598039049e+01
-1.953125000000000000e-03 -3.217005573811646713e+01
-1.708984375000000000e-03 -3.216844348472263704e+01
-1.464843750000000000e-03 -3.216704634383970074e+01
-1.220703125000000000e-03 -3.216586425313074216e+01
-9.765625000000000000e-04 -3.216489715986951836e+01
-7.324218750000000000e-04 -3.216414502092970906e+01
-4.882812500000000000e-04 -3.216360780277726406e+01
-2.441406250000000000e-04 -3.216328548146383071e+01
0.000000000000000000e+00 -3.216317804262231306e+01
2.441406250000000000e-04 -3.216328548146383071e+01
4.882812500000000000e-04 -3.216360780277726406e+01
7.324218750000000000e-04 -3.216414502092970906e+01
9.765625000000000000e-04 -3.216489715986951836e+01
1.220703125000000000e-03 -3.216586425313082032e+01
1.464843750000000000e-03 -3.216704634383962969e+01
1.708984375000000000e-03 -3.216844348472255888e+01
1.953125000000000000e-03 -3.217005573811646713e+01
2.197265625000000000e-03 -3.217188317598039049e+01
2.441406250000000000e-03 -3.217392587990949693e+01
2.685546875000000000e-03 -3.217618394115034874e+01
2.929687500000000000e-03 -3.217865746061875853e+01
3.173828125000000000e-03 -3.218134654891836988e+01
3.417968750000000000e-03 -3.218425132636279073e+01
3.662109375000000000e-03 -3.218737192299789740e+01
3.906250000000000000e-03 -3.219070847862654006e+01
4.150390625000000000e-03 -3.219426114283643159e+01
4.394531250000000000e-03 -3.219803007502763137e+01
4.638671875000000000e-03 -3.220201544444414310e+01
4.882812500000000000e-03 -3.220621743020596739e+01
5.126953125000000000e-03 -3.221063622134359861e+01
5.371093750000000000e-03 -3.221527201683495889e+01
5.615234375000000000e-03 -3.222012502564324166e+01
5.859375000000000000e-03 -3.222519546675772517e+01
6.103515625000000000e-03 -3.223048356923627722e+01
6.347656250000000000e-03 -3.223598957224938744e+01
6.591796875000000000e-03 -3.224171372512713418e+01
6.835937500000000000e-03 -3.224765628740762935e+01
7.080078125000000000e-03 -3.225381752888749531e+01
7.324218750000000000e-03 -3.226019772967463695e+01
7.568359375000000000e-03 -3.226679718024345078e+01
7.812500000000000000e-03 -3.227361618149130607e+01
8.056640625000000000e-03 -3.228065504479836534e+01
8.300781250000000000e-03 -3.228791409208830743e+01
8.544921875000000000e-03 -3.229539365589236866e+01
8.789062500000000000e-03 -3.230309407941505384e+01
9.033203125000000000e-03 -3.231101571660236260e+01
9.277343750000000000e-03 -3.231915893221216152e+01
9.521484375000000000e-03 -3.232752410188681580e+01
9.765625000000000000e-03 -3.233611161222850683e+01
1.000976562500000000e-02 -3.234492186087680210e+01
1.025390625000000000e-02 -3.235395525658836391e+01
1.049804687500000000e-02 -3.236321221931963521e+01
1.074218750000000000e-02 -3.237269318031169263e+01
1.098632812500000000e-02 -3.238239858217762190e+01
1.123046875000000000e-02 -3.239232887899268576e+01
1.147460937500000000e-02 -3.240248453638705683e+01
1.171875000000000000e-02 -3.241286603164075331e+01
1.196289062500000000e-02 -3.242347385378217695e+01
1.220703125000000000e-02 -3.243430850368847018e+01
1.245117187500000000e-02 -3.244537049418939034e+01
1.269531250000000000e-02 -3.245666035017340789e+01
1.293945312500000000e-02 -3.246817860869704475e+01
1.318359375000000000e-02 -3.247992581909728216e+01
1.342773437500000000e-02 -3.249190254310639858e+01
1.367187500000000000e-02 -3.250410935497052378e+01
1.391601562500000000e-02 -3.251654684157075081e+01
1.416015625000000000e-02 -3.252921560254748812e+01
1.440429687500000000e-02 -3.254211625042836431e+01
1.464843750000000000e-02 -3.255524941075903911e+01
1.489257812500000000e-02 -3.256861572223734669e+01
1.513671875000000000e-02 -3.258221583685091360e+01
1.538085937500000000e-02 -3.259605042001850705e+01
1.562500000000000000e-02 -3.261012015073423953e+01
1.586914062500000000e-02 -3.262442572171603672e+01
1.611328125000000000e-02 -3.263896783955735970e+01
1.635742187500000000e-02 -3.265374722488272852e+01
1.660156250000000000e-02 -3.266876461250716090e+01
1.684570312500000000e-02 -3.268402075159955444e+01
1.708984375000000000e-02 -3.269951640584943675e+01
1.733398437500000000e-02 -3.271525235363907314e+01
1.757812500000000000e-02 -3.273122938821796879e+01
1.782226562500000000e-02 -3.274744831788295585e+01
1.806640625000000000e-02 -3.276390996616223816e+01
1.831054687500000000e-02 -3.278061517200355013e+01
1.855468750000000000e-02 -3.279756478996693403e+01
1.879882812500000000e-02 -3.281475969042207907e+01
1.904296875000000000e-02 -3.283220075975093977e+01
1.928710937500000000e-02 -3.284988890055426225e+01
1.953125000000000000e-02 -3.286782503186348237e+01
1.977539062500000000e-02 -3.288601008935775383e+01
2.001953125000000000e-02 -3.290444502558570861e+01
2.026367187500000000e-02 -3.292313081019305798e+01
2.050781250000000000e-02 -3.294206843015503949e+01
2.075195312500000000e-02 -3.296125889001466192e+01
2.099609375000000000e-02 -3.298070321212635747e+01
2.124023437500000000e-02 -3.300040243690568076e+01
2.148437500000000000e-02 -3.302035762308479150e+01
2.172851562500000000e-02 -3.304056984797370689e+01
2.197265625000000000e-02 -3.306104020772850305e+01
2.221679687500000000e-02 -3.308176981762477453e+01
2.246093750000000000e-02 -3.310275981233856868e+01
2.270507812500000000e-02 -3.312401134623352306e+01
2.294921875000000000e-02 -3.314552559365486673e+01
2.319335937500000000e-02 -3.316730374923026403e+01
2.343750000000000000e-02 -3.318934702817842464e+01
2.368164062500000000e-02 -3.321165666662422922e+01
2.392578125000000000e-02 -3.323423392192195536e+01
2.416992187500000000e-02 -3.325708007298633362e+01
2.441406250000000000e-02 -3.328019642063096484e+01
2.465820312500000000e-02 -3.330358428791540604e+01
2.490234375000000000e-02 -3.332724502050017179e+01
2.514648437500000000e-02 -3.335117998701107211e+01
2.539062500000000000e-02 -3.337539057941117449e+01
2.563476562500000000e-02 -3.339987821338291241e+01
2.587890625000000000e-02 -3.342464432871854996e+01
2.612304687500000000e-02 -3.344969038972132580e+01
2.636718750000000000e-02 -3.347501788561486080e+01
2.661132812500000000e-02 -3.350062833096382064e+01
2.685546875000000000e-02 -3.352652326610444078e+01
2.709960937500000000e-02 -3.355270425758573793e+01
2.734375000000000000e-02 -3.357917289862139398e+01
2.758789062500000000e-02 -3.360593080955308665e+01
2.783203125000000000e-02 -3.363297963832548021e+01
2.807617187500000000e-02 -3.366032106097257781e+01
2.832031250000000000e-02 -3.368795678211635902e+01
2.856445312500000000e-02 -3.371588853547876141e+01
2.880859375000000000e-02 -3.374411808440492422e+01
2.905273437500000000e-02 -3.377264722240133921e+01
2.929687500000000000e-02 -3.380147777368659234e+01
2.954101562500000000e-02 -3.383061159375643712e+01
2.978515625000000000e-02 -3.386005056996333451e+01
3.002929687500000000e-02 -3.388979662211087884e+01
3.027343750000000000e-02 -3.391985170306367081e+01
3.051757812500000000e-02 -3.395021779937218298e+01
3.076171875000000000e-02 -3.398089693191488436e+01
3.100585937500000000e-02 -3.401189115655673589e+01
3.125000000000000000e-02 -3.404320256482441209e+01
3.149414062500000000e-02 -3.407483328459987604e+01
3.173828125000000000e-02 -3.410678548083213713e+01
3.198242187500000000e-02 -3.413906135626755400e+01
3.222656250000000000e-02 -3.417166315219984085e+01
3.247070312500000000e-02 -3.420459314924016780e+01
3.271484375000000000e-02 -3.423785366810791686e+01
3.295898437500000000e-02 -3.427144707044246275e+01
3.320312500000000000e-02 -3.430537575963722929e+01
3.344726562500000000e-02 -3.433964218169665372e+01
3.369140625000000000e-02 -3.437424882611588828e+01
3.393554687500000000e-02 -3.440919822678550588e+01
3.417968750000000000e-02 -3.444449296292098239e+01
3.442382812500000000e-02 -3.448013566001683472e+01
3.466796875000000000e-02 -3.451612899082957142e+01
3.491210937500000000e-02 -3.455247567638610207e+01
3.515625000000000000e-02 -3.458917848702148490e+01
3.540039062500000000e-02 -3.462624024344619755e+01
3.564453125000000000e-02 -3.466366381784341399e+01
3.588867187500000000e-02 -3.470145213499759507e+01
3.613281250000000000e-02 -3.473960817345583507e+01
3.637695312500000000e-02 -3.477813496672236937e+01
3.662109375000000000e-02 -3.481703560448867307e+01
3.686523437500000000e-02 -3.485631323389787894e+01
3.710937500000000000e-02 -3.489597106084816147e+01
3.735351562500000000e-02 -3.493601235133294836e+01
3.759765625000000000e-02 -3.497644043282259219e+01
3.784179687500000000e-02 -3.501725869568515037e+01
3.808593750000000000e-02 -3.505847059465221349e+01
3.833007812500000000e-02 -3.510007965032745147e+01
3.857421875000000000e-02 -3.514208945074089030e+01
3.881835937500000000e-02 -3.518450365295184668e+01
3.906250000000000000e-02 -3.522732598469949039e+01
3.930664062500000000e-02 -3.527056024610595841e+01
3.955078125000000000e-02 -3.531421031143131728e+01
3.979492187500000000e-02 -3.535828013088384125e+01
4.003906250000000000e-02 -3.540277373248724757e+01
4.028320312500000000e-02 -3.544769522400663675e+01
4.052734375000000000e-02 -3.549304879493602982e+01
4.077148437500000000e-02 -3.553883871854989707e+01
4.101562500000000000e-02 -3.558506935401983640e+01
4.125976562500000000e-02 -3.563174514860099862e+01
4.150390625000000000e-02 -3.567887063988914065e+01
4.174804687500000000e-02 -3.572645045815176701e+01
4.199218750000000000e-02 -3.577448932873679865e+01
4.223632812500000000e-02 -3.582299207456134127e+01
4.248046875000000000e-02 -3.587196361868274153e+01
4.272460937500000000e-02 -3.592140898695800644e+01
4.296875000000000000e-02 -3.597133331079174923e+01
4.321289062500000000e-02 -3.602174182997910634e+01
4.345703125000000000e-02 -3.607263989564585671e+01
4.370117187500000000e-02 -3.612403297329053231e+01
4.394531250000000000e-02 -3.617592664593249197e+01
4.418945312500000000e-02 -3.622832661736982374e+01
4.443359375000000000e-02 -3.628123871555344948e+01
4.467773437500000000e-02 -3.633466889608043715e+01
4.492187500000000000e-02 -3.638862324581279495e+01
4.516601562500000000e-02 -3.644310798662669271e+01
4.541015625000000000e-02 -3.649812947929795115e+01
4.565429687500000000e-02 -3.655369422752949760e+01
4.589843750000000000e-02 -3.660980888212778694e+01
4.614257812500000000e-02 -3.666648024533404993e+01
4.638671875000000000e-02 -3.672371527531713298e+01
4.663085937500000000e-02 -3.678152109083649179e+01
4.687500000000000000e-02 -3.683990497608170500e+01
4.711914062500000000e-02 -3.689887438569687106e+01
4.736328125000000000e-02 -3.695843694999943807e+01
4.760742187500000000e-02 -3.701860048040101958e+01
4.785156250000000000e-02 -3.707937297504092555e+01
4.809570312500000000e-02 -3.714076262464163136e+01
4.833984375000000000e-02 -3.720277781859702770e+01
4.858398437500000000e-02 -3.726542715130502614e+01
4.882812500000000000e-02 -3.732871942875577531e+01
4.907226562500000000e-02 -3.739266367538802882e+01
4.931640625000000000e-02 -3.745726914122711548e+01
4.956054687500000000e-02 -3.752254530931863030e+01
4.980468750000000000e-02 -3.758850190347232711e+01
5.004882812500000000e-02 -3.765514889633145401e+01
5.029296875000000000e-02 -3.772249651778513169e+01
5.053710937500000000e-02 -3.779055526374068563e+01
5.078125000000000000e-02 -3.785933590527439918e+01
5.102539062500000000e-02 -3.792884949818140683e+01
5.126953125000000000e-02 -3.799910739294414697e+01
5.151367187500000000e-02 -3.807012124514349694e+01
5.175781250000000000e-02 -3.814190302633485885e+01
5.200195312500000000e-02 -3.821446503541476147e+01
5.224609375000000000e-02 -3.828781991050552591e+01
5.249023437500000000e-02 -3.836198064138530128e+01
5.273437500000000000e-02 -3.843696058249415159e+01
5.297851562500000000e-02 -3.851277346654971012e+01
5.322265625000000000e-02 -3.858943341880539180e+01
5.346679687500000000e-02 -3.866695497198784892e+01
5.371093750000000000e-02 -3.874535308195522987e+01
5.395507812500000000e-02 -3.882464314411465267e+01
5.419921875000000000e-02 -3.890484101064739519e+01
5.444335937500000000e-02 -3.898596300858623920e+01
5.468750000000000000e-02 -3.906802595879921114e+01
5.493164062500000000e-02 -3.915104719593264093e+01
5.517578125000000000e-02 -3.923504458937321715e+01
5.541992187500000000e-02 -3.932003656529246172e+01
5.566406250000000000e-02 -3.940604212984050037e+01
5.590820312500000000e-02 -3.949308089356157581e+01
5.615234375000000000e-02 -3.958117309711082044e+01
5.639648437500000000e-02 -3.967033963835618948e+01
5.664062500000000000e-02 -3.976060210095261738e+01
5.688476562500000000e-02 -3.985198278449193765e+01
5.712890625000000000e-02 -3.994450473632644361e+01
5.737304687500000000e-02 -4.003819178518499200e+01
5.761718750000000000e-02 -4.013306857670167460e+01
5.786132812500000000e-02 -4.022916061098769802e+01
5.810546875000000000e-02 -4.032649428239121647e+01
5.834960937500000000e-02 -4.042509692160091817e+01
5.859375000000000000e-02 -4.052499684025603699e+01
5.883789062500000000e-02 -4.062622337824991803e+01
5.908203125000000000e-02 -4.072880695392143480e+01
5.932617187500000000e-02 -4.083277911734861476e+01
5.957031250000000000e-02 -4.093817260697797877e+01
5.981445312500000000e-02 -4.104502140984319425e+01
6.005859375000000000e-02 -4.115336082564968478e+01
6.030273437500000000e-02 -4.126322753502657292e+01
6.054687500000000000e-02 -4.137465967227563368e+01
6.079101562500000000e-02 -4.148769690297667978e+01
6.103515625000000000e-02 -4.160238050684611721e+01
6.127929687500000000e-02 -4.171875346627790293e+01
6.152343750000000000e-02 -4.183686056104298956e+01
6.176757812500000000e-02 -4.195674846966910110e+01
6.201171875000000000e-02 -4.207846587807267014e+01
6.225585937500000000e-02 -4.220206359607539071e+01
6.250000000000000000e-02 -4.232759468250262103e+01
6.274414062500000000e-02 -4.245511457963235813e+01
6.298828125000000000e-02 -4.258468125784725089e+01
6.323242187500000000e-02 -4.271635537143356487e+01
6.347656250000000000e-02 -4.285020042657065886e+01
6.372070312500000000e-02 -4.298628296267898463e+01
6.396484375000000000e-02 -4.312467274841833387e+01
6.420898437500000000e-02 -4.326544299377991365e+01
6.445312500000000000e-02 -4.340867057988569400e+01
6.469726562500000000e-02 -4.355443630830080082e+01
6.494140625000000000e-02 -4.370282517187769145e+01
6.518554687500000000e-02 -4.385392664940405894e+01
6.542968750000000000e-02 -4.400783502661510482e+01
6.567382812500000000e-02 -4.416464974644190988e+01
6.591796875000000000e-02 -4.432447579176309205e+01
6.616210937500000000e-02 -4.448742410433741412e+01
6.640625000000000000e-02 -4.465361204410584861e+01
6.665039062500000000e-02 -4.482316389362295439e+01
6.689453125000000000e-02 -4.499621141304450589e+01
6.713867187500000000e-02 -4.517289445187404340e+01
6.738281250000000000e-02 -4.535336162458648346e+01
6.762695312500000000e-02 -4.553777105829429672e+01
6.787109375000000000e-02 -4.572629122188467221e+01
6.811523437500000000e-02 -4.591910184751239399e+01
6.835937500000000000e-02 -4.611639495707852632e+01
6.860351562500000000e-02 -4.631837600838031221e+01
6.884765625000000000e-02 -4.652526517808116324e+01
6.909179687500000000e-02 -4.673729880156955829e+01
6.933593750000000000e-02 -4.695473099332036782e+01
6.958007812500000000e-02 -4.717783547560006951e+01
6.982421875000000000e-02 -4.740690764852264039e+01
7.006835937500000000e-02 -4.764226694070970325e+01
7.031250000000000000e-02 -4.788425948748306382e+01
7.055664062500000000e-02 -4.813326119291943428e+01
7.080078125000000000e-02 -4.838968124374852664e+01
7.104492187500000000e-02 -4.865396615754463028e+01
7.128906250000000000e-02 -4.892660446575550282e+01
7.153320312500000000e-02 -4.920813215493267023e+01
7.177734375000000000e-02 -4.949913901839260433e+01
7.202148437500000000e-02 -4.980027610747315236e+01
7.226562500000000000e-02 -5.011226451902874146e+01
7.250976562500000000e-02 -5.043590581745262824e+01
7.275390625000000000e-02 -5.077209447021022726e+01
7.299804687500000000e-02 -5.112183278251134766e+01
7.324218750000000000e-02 -5.148624895915313004e+01
7.348632812500000000e-02 -5.186661911376612011e+01
7.373046875000000000e-02 -5.226439430820487075e+01
7.397460937500000000e-02 -5.268123406799283259e+01
7.421875000000000000e-02 -5.311904832912521357e+01
7.446289062500000000e-02 -5.358005049694988031e+01
7.470703125000000000e-02 -5.406682534814859054e+01
7.495117187500000000e-02 -5.458241705544458711e+01
7.519531250000000000e-02 -5.513044494443873589e+01
7.543945312500000000e-02 -5.571525817619935594e+01
7.568359375000000000e-02 -5.634214620296340570e+01
7.592773437500000000e-02 -5.701763101720543148e+01
7.617187500000000000e-02 -5.774988258003660491e+01
7.641601562500000000e-02 -5.854932551415961939e+01
7.666015625000000000e-02 -5.942955354749170738e+01
7.690429687500000000e-02 -6.040876040804549518e+01
7.714843750000000000e-02 -6.151208227571424914e+01
7.739257812500000000e-02 -6.277565178394766576e+01
7.763671875000000000e-02 -6.425412526744071329e+01
7.788085937500000000e-02 -6.603600730541883479e+01
7.812500000000000000e-02 -6.827906429043292746e+01
7.836914062500000000e-02 -7.130908191802484453e+01
7.861328125000000000e-02 -7.599865726964024759e+01
7.885742187500000000e-02 -8.691504617914509367e+01
7.910156250000000000e-02 -8.332038016110405465e+01
7.934570312500000000e-02 -7.482255442078458429e+01
7.958984375000000000e-02 -7.061264192685246144e+01
7.983398437500000000e-02 -6.779087166356245575e+01
8.007812500000000000e-02 -6.566581016564173012e+01
8.032226562500000000e-02 -6.396093370294632052e+01
8.056640625000000000e-02 -6.253740259097929766e+01
8.081054687500000000e-02 -6.131554010359238305e+01
8.105468750000000000e-02 -6.024536206446654774e+01
8.129882812500000000e-02 -5.929344024269155256e+01
8.154296875000000000e-02 -5.843631237565742254e+01
8.178710937500000000e-02 -5.765687629814727444e+01
8.203125000000000000e-02 -5.694228047235820611e+01
8.227539062500000000e-02 -5.628262250894123753e+01
8.251953125000000000e-02 -5.567011057978685074e+01
8.276367187500000000e-02 -5.509850321394771555e+01
8.300781250000000000e-02 -5.456272345117628220e+01
8.325195312500000000e-02 -5.405858603142269203e+01
8.349609375000000000e-02 -5.358260007275048764e+01
8.374023437500000000e-02 -5.313182348095071461e+01
8.398437500000000000e-02 -5.270375362358643656e+01
8.422851562500000000e-02 -5.229624394138858179e+01
8.447265625000000000e-02 -5.190743944602169790e+01
8.471679687500000000e-02 -5.153572619287710666e+01
8.496093750000000000e-02 -5.117969124591876806e+01
8.520507812500000000e-02 -5.083809062406196233e+01
8.544921875000000000e-02 -5.050982339262176879e+01
8.569335937500000000e-02 -5.019391053815936488e+01
8.593750000000000000e-02 -4.988947760460803948e+01
8.618164062500000000e-02 -4.959574031459911936e+01
8.642578125000000000e-02 -4.931199258055129775e+01
8.666992187500000000e-02 -4.903759644419493924e+01
8.691406250000000000e-02 -4.877197358387342518e+01
8.715820312500000000e-02 -4.851459810528653094e+01
8.740234375000000000e-02 -4.826499038973440747e+01
8.764648437500000000e-02 -4.802271181901267738e+01
8.789062500000000000e-02 -4.778736023119289200e+01
8.813476562500000000e-02 -4.755856598903243793e+01
8.837890625000000000e-02 -4.733598856450726089e+01
8.862304687500000000e-02 -4.711931356023391970e+01
8.886718750000000000e-02 -4.690825010238821591e+01
8.911132812500000000e-02 -4.670252855087267108e+01
8.935546875000000000e-02 -4.650189848150142069e+01
8.959960937500000000e-02 -4.630612690233004258e+01
8.984375000000000000e-02 -4.611499667225746890e+01
9.008789062500000000e-02 -4.592830509498948999e+01
9.033203125000000000e-02 -4.574586266552991276e+01
9.057617187500000000e-02 -4.556749194976777773e+01
9.082031250000000000e-02 -4.539302658055334661e+01
9.106445312500000000e-02 -4.522231035602294469e+01
9.130859375000000000e-02 -4.505519642792901180e+01
9.155273437500000000e-02 -4.489154656940123544e+01
9.179687500000000000e-02 -4.473123051299065622e+01
9.204101562500000000e-02 -4.457412535105618190e+01
9.228515625000000000e-02 -4.442011499157192844e+01
9.252929687500000000e-02 -4.426908966332987916e+01
9.277343750000000000e-02 -4.412094546524127026e+01
9.301757812500000000e-02 -4.397558395511258311e+01
9.326171875000000000e-02 -4.383291177381477155e+01
9.350585937500000000e-02 -4.369284030125135132e+01
9.375000000000000000e-02 -4.355528534095165583e+01
9.399414062500000000e-02 -4.342016683047773284e+01
9.423828125000000000e-02 -4.328740857515083462e+01
9.448242187500000000e-02 -4.315693800287782977e+01
9.472656250000000000e-02 -4.302868593810593723e+01
9.497070312500000000e-02 -4.290258639313883293e+01
9.521484375000000000e-02 -4.277857637524033407e+01
9.545898437500000000e-02 -4.265659570811314438e+01
9.570312500000000000e-02 -4.253658686648584819e+01
9.594726562500000000e-02 -4.241849482266977844e+01
9.619140625000000000e-02 -4.230226690406294665e+01
9.643554687500000000e-02 -4.218785266067295936e+01
9.667968750000000000e-02 -4.207520374183029332e+01
9.692382812500000000e-02 -4.196427378133259367e+01
9.716796875000000000e-02 -4.185501829034267018e+01
9.741210937500000000e-02 -4.174739455741413252e+01
9.765625000000000000e-02 -4.164136155508827386e+01
9.790039062500000000e-02 -4.153687985254930481e+01
9.814453125000000000e-02 -4.143391153386925652e+01
9.838867187500000000e-02 -4.133242012142386557e+01
9.863281250000000000e-02 -4.123237050408732784e+01
9.887695312500000000e-02 -4.113372886985572308e+01
9.912109375000000000e-02 -4.103646264257322684e+01
9.936523437500000000e-02 -4.094054042246550296e+01
9.960937500000000000e-02 -4.084593193021029833e+01
9.985351562500000000e-02 -4.075260795429193195e+01
1.000976562500000000e-01 -4.066054030141620501e+01
1.003417968750000000e-01 -4.056970174976942900e+01
1.005859375000000000e-01 -4.048006600493151552e+01
1.008300781250000000e-01 -4.039160765826365918e+01
1.010742187500000000e-01 -4.030430214760463059e+01
1.013183593750000000e-01 -4.021812572012426301e+01
1.015625000000000000e-01 -4.013305539719518578e+01
1.018066406250000000e-01 -4.004906894114974136e+01
1.020507812500000000e-01 -3.996614482380436328e+01
1.022949218750000000e-01 -3.988426219663865169e+01
1.025390625000000000e-01 -3.980340086252588350e+01
1.027832031250000000e-01 -3.972354124891999305e+01
1.030273437500000000e-01 -3.964466438240955881e+01
1.032714843750000000e-01 -3.956675186455378679e+01
1.035156250000000000e-01 -3.948978584892863353e+01
1.037597656250000000e-01 -3.941374901930601737e+01
1.040039062500000000e-01 -3.933862456890225445e+01
1.042480468750000000e-01 -3.926439618063400872e+01
1.044921875000000000e-01 -3.919104800832152335e+01
1.047363281250000000e-01 -3.911856465878628342e+01
1.049804687500000000e-01 -3.904693117479356346e+01
1.052246093750000000e-01 -3.897613301879048464e+01
1.054687500000000000e-01 -3.890615605739616711e+01
1.057128906250000000e-01 -3.883698654660367566e+01
1.059570312500000000e-01 -3.876861111765393986e+01
1.062011718750000000e-01 -3.870101676354451570e+01
1.064453125000000000e-01 -3.863419082614220912e+01
1.066894531250000000e-01 -3.856812098386313181e+01
1.069335937500000000e-01 -3.850279523989498642e+01
1.071777343750000000e-01 -3.843820191092972749e+01
1.074218750000000000e-01 -3.837432961638182860e+01
1.076660156250000000e-01 -3.831116726806784101e+01
1.079101562500000000e-01 -3.824870406032187020e+01
1.081542968750000000e-01 -3.818692946052712500e+01
1.083984375000000000e-01 -3.812583320004085152e+01
1.086425781250000000e-01 -3.806540526549509451e+01
1.088867187500000000e-01 -3.800563589045340507e+01
1.091308593750000000e-01 -3.794651554740570276e+01
1.093750000000000000e-01 -3.788803494008777051e+01
1.096191406250000000e-01 -3.783018499610569307e+01
1.098632812500000000e-01 -3.777295685985426132e+01
1.101074218750000000e-01 -3.771634188571416502e+01
1.103515625000000000e-01 -3.766033163151365670e+01
1.105957031250000000e-01 -3.760491785224437677e+01
1.108398437500000000e-01 -3.755009249401955884e+01
1.110839843750000000e-01 -3.749584768826152725e+01
1.113281250000000000e-01 -3.744217574610915733e+01
1.115722656250000000e-01 -3.738906915303765999e+01
1.118164062500000000e-01 -3.733652056367643723e+01
1.120605468750000000e-01 -3.728452279682089454e+01
1.123046875000000000e-01 -3.723306883062653583e+01
1.125488281250000000e-01 -3.718215179797891778e+01
1.127929687500000000e-01 -3.713176498203119991e+01
1.130371093750000000e-01 -3.708190181190234824e+01
1.132812500000000000e-01 -3.703255585852955534e+01
1.135253906250000000e-01 -3.698372083066591642e+01
1.137695312500000000e-01 -3.693539057102170631e+01
1.140136718750000000e-01 -3.688755905253876932e+01
1.142578125000000000e-01 -3.684022037479472544e+01
1.145019531250000000e-01 -3.679336876053167771e+01
1.147460937500000000e-01 -3.674699855230340972e+01
1.149902343750000000e-01 -3.670110420923676031e+01
1.152343750000000000e-01 -3.665568030390313936e+01
1.154785156250000000e-01 -3.661072151929375451e+01
1.157226562500000000e-01 -3.656622264589728388e+01
1.159667968750000000e-01 -3.652217857887316654e+01
1.162109375000000000e-01 -3.647858431531918910e+01
1.164550781250000000e-01 -3.643543495162666090e+01
1.166992187500000000e-01 -3.639272568092394522e+01
1.169433593750000000e-01 -3.635045179060026044e+01
1.171875000000000000e-01 -3.630860865991085262e+01
1.174316406250000000e-01 -3.626719175765722980e+01
1.176757812500000000e-01 -3.622619663994113637e+01
1.179199218750000000e-01 -3.618561894799028522e+01
1.181640625000000000e-01 -3.614545440605080273e+01
1.184082031250000000e-01 -3.610569881934597447e+01
1.186523437500000000e-01 -3.606634807209842108e+01
1.188964843750000000e-01 -3.602739812561213739e+01
1.191406250000000000e-01 -3.598884501641405365e+01
1.193847656250000000e-01 -3.595068485445126072e+01
1.196289062500000000e-01 -3.591291382134359367e+01
1.198730468750000000e-01 -3.587552816868792149e+01
1.201171875000000000e-01 -3.583852421641311992e+01
1.203613281250000000e-01 -3.580189835118460451e+01
1.206054687500000000e-01 -3.576564702485474356e+01
1.208496093750000000e-01 -3.572976675295979021e+01
1.210937500000000000e-01 -3.569425411326007236e+01
1.213378906250000000e-01 -3.565910574432282942e+01
1.215820312500000000e-01 -3.562431834414556420e+01
1.218261718750000000e-01 -3.558988866881983881e+01
1.220703125000000000e-01 -3.555581353123127997e+01
1.223144531250000000e-01 -3.552208979979905479e+01
1.225585937500000000e-01 -3.548871439724861432e+01
1.228027343750000000e-01 -3.545568429942007782e+01
1.230468750000000000e-01 -3.542299653411004812e+01
1.232910156250000000e-01 -3.539064817994447765e+01
1.235351562500000000e-01 -3.535863636528416976e+01
1.237792968750000000e-01 -3.532695826715919196e+01
1.240234375000000000e-01 -3.529561111023274123e+01
1.242675781250000000e-01 -3.526459216579372935e+01
1.245117187500000000e-01 -3.523389875077569400e+01
1.247558593750000000e-01 -3.520352822680295191e+01
1.250000000000000000e-01 -3.517347799926211849e+01
1.252441406250000000e-01 -3.514374551639775746e+01
1.254882812500000000e-01 -3.511432826843302735e+01
1.257324218750000000e-01 -3.508522378671291619e+01
1.259765625000000000e-01 -3.505642964287007146e+01
1.262207031250000000e-01 -3.502794344801259285e+01
1.264648437500000000e-01 -3.499976285193270087e+01
1.267089843750000000e-01 -3.497188554233601110e+01
1.269531250000000000e-01 -3.494430924409121531e+01
1.271972656250000000e-01 -3.491703171849773213e+01
1.274414062500000000e-01 -3.489005076257368643e+01
1.276855468750000000e-01 -3.486336420836070715e+01
1.279296875000000000e-01 -3.483696992224702171e+01
1.281738281250000000e-01 -3.481086580430676491e+01
1.284179687500000000e-01 -3.478504978765737832e+01
1.286621093750000000e-01 -3.475951983783173915e+01
1.289062500000000000e-01 -3.473427395216580038e+01
1.291503906250000000e-01 -3.470931015920277929e+01
1.293945312500000000e-01 -3.468462651811065456e+01
1.296386718750000000e-01 -3.466022111811452078e+01
1.298828125000000000e-01 -3.463609207794308986e+01
1.301269531250000000e-01 -3.461223754528749907e+01
1.303710937500000000e-01 -3.458865569627546677e+01
1.306152343750000000e-01 -3.456534473495521809e+01
1.308593750000000000e-01 -3.454230289279472998e+01
1.311035156250000000e-01 -3.451952842819081724e+01
1.313476562500000000e-01 -3.449701962599110061e+01
1.315917968750000000e-01 -3.447477479702669001e+01
1.318359375000000000e-01 -3.445279227765660579e+01
1.320800781250000000e-01 -3.443107042932246742e+01
1.323242187500000000e-01 -3.440960763811317236e+01
1.325683593750000000e-01 -3.438840231434154049e+01
1.328125000000000000e-01 -3.436745289212846899e+01
1.330566406250000000e-01 -3.434675782899886798e+01
1.333007812500000000e-01 -3.432631560548531979e+01
1.335449218750000000e-01 -3.430612472474226138e+01
1.337890625000000000e-01 -3.428618371216784055e+01
1.340332031250000000e-01 -3.426649111503520118e+01
1.342773437500000000e-01 -3.424704550213254350e+01
1.345214843750000000e-01 -3.422784546340989209e+01
1.347656250000000000e-01 -3.420888960963557679e+01
1.350097656250000000e-01 -3.419017657205960603e+01
1.352539062500000000e-01 -3.417170500208452211e+01
1.354980468750000000e-01 -3.415347357094461245e+01
1.357421875000000000e-01 -3.413548096939085497e+01
1.359863281250000000e-01 -3.411772590738450361e+01
1.362304687500000000e-01 -3.410020711379624458e+01
1.364746093750000000e-01 -3.408292333611261427e+01
1.367187500000000000e-01 -3.406587334014920998e+01
1.369628906250000000e-01 -3.404905590976964902e+01
1.372070312500000000e-01 -3.403246984661097940e+01
1.374511718750000000e-01 -3.401611396981550683e+01
1.376953125000000000e-01 -3.399998711576773758e+01
1.379394531250000000e-01 -3.398408813783806437e+01
1.381835937500000000e-01 -3.396841590613113482e+01
1.384277343750000000e-01 -3.395296930724047968e+01
1.386718750000000000e-01 -3.393774724400800125e+01
1.389160156250000000e-01 -3.392274863528874818e+01
1.391601562500000000e-01 -3.390797241572106913e+01
1.394042968750000000e-01 -3.389341753550174730e+01
1.396484375000000000e-01 -3.387908296016561138e+01
1.398925781250000000e-01 -3.386496767037017008e+01
1.401367187500000000e-01 -3.385107066168519907e+01
1.403808593750000000e-01 -3.383739094438598016e+01
1.406250000000000000e-01 -3.382392754325240958e+01
1.408691406250000000e-01 -3.381067949737049361e+01
1.411132812500000000e-01 -3.379764585994046655e+01
1.413574218750000000e-01 -3.378482569808684843e+01
1.416015625000000000e-01 -3.377221809267371100e+01
1.418457031250000000e-01 -3.375982213812407906e+01
1.420898437500000000e-01 -3.374763694224242983e+01
1.423339843750000000e-01 -3.373566162604156915e+01
1.425781250000000000e-01 -3.372389532357291841e+01
1.428222656250000000e-01 -3.371233718176074490e+01
1.430664062500000000e-01 -3.370098636023968908e+01
1.433105468750000000e-01 -3.368984203119574516e+01
1.435546875000000000e-01 -3.367890337921102173e+01
1.437988281250000000e-01 -3.366816960111122370e+01
1.440429687500000000e-01 -3.365763990581683629e+01
1.442871093750000000e-01 -3.364731351419759875e+01
1.445312500000000000e-01 -3.363718965892984158e+01
1.447753906250000000e-01 -3.362726758435682939e+01
1.450195312500000000e-01 -3.361754654635226558e+01
1.452636718750000000e-01 -3.360802581218693774e+01
1.455078125000000000e-01 -3.359870466039775749e+01
1.457519531250000000e-01 -3.358958238066003332e+01
1.459960937500000000e-01 -3.358065827366255718e+01
1.462402343750000000e-01 -3.357193165098495058e+01
1.464843750000000000e-01 -3.356340183497805896e+01
1.467285156250000000e-01 -3.355506815864685422e+01
1.469726562500000000e-01 -3.354692996553597339e+01
1.472167968750000000e-01 -3.353898660961779399e+01
1.474609375000000000e-01 -3.353123745518244903e+01
1.477050781250000000e-01 -3.352368187673141620e+01
1.479492187500000000e-01 -3.351631925887198804e+01
1.481933593750000000e-01 -3.350914899621561460e+01
1.484375000000000000e-01 -3.350217049327709873e+01
1.486816406250000000e-01 -3.349538316437726593e+01
1.489257812500000000e-01 -3.348878643354703399e+01
1.491699218750000000e-01 -3.348237973443388427e+01
1.494140625000000000e-01 -3.347616251021062084e+01
1.496582031250000000e-01 -3.347013421348611928e+01
1.499023437500000000e-01 -3.346429430621815015e+01
1.501464843750000000e-01 -3.345864225962792204e+01
1.503906250000000000e-01 -3.345317755411733174e+01
1.506347656250000000e-01 -3.344789967918737261e+01
1.508789062500000000e-01 -3.344280813335901570e+01
1.511230468750000000e-01 -3.343790242409574631e+01
1.513671875000000000e-01 -3.343318206772808310e+01
1.516113281250000000e-01 -3.342864658937985212e+01
1.518554687500000000e-01 -3.342429552289614492e+01
1.520996093750000000e-01 -3.342012841077337271e+01
1.523437500000000000e-01 -3.341614480409076293e+01
1.525878906250000000e-01 -3.341234426244410116e+01
1.528320312500000000e-01 -3.340872635388007694e+01
1.530761718750000000e-01 -3.340529065483344340e+01
1.533203125000000000e-01 -3.340203675006577555e+01
1.535644531250000000e-01 -3.339896423260477576e+01
1.538085937500000000e-01 -3.339607270368625791e+01
1.540527343750000000e-01 -3.339336177269708372e+01
1.542968750000000000e-01 -3.339083105712050781e+01
1.545410156250000000e-01 -3.338848018248181404e+01
1.547851562500000000e-01 -3.338630878229648147e+01
1.550292968750000000e-01 -3.338431649801972867e+01
1.552734375000000000e-01 -3.338250297899649155e+01
1.555175781250000000e-01 -3.338086788241481884e+01
1.557617187500000000e-01 -3.337941087325878442e+01
1.560058593750000000e-01 -3.337813162426382974e+01
1.562500000000000000e-01 -3.337702981587366935e+01
1.564941406250000000e-01 -3.337610513619780761e+01
1.567382812500000000e-01 -3.337535728097096666e+01
1.569824218750000000e-01 -3.337478595351414157e+01
1.572265625000000000e-01 -3.337439086469639449e+01
1.574707031250000000e-01 -3.337417173289824035e+01
1.577148437500000000e-01 -3.337412828397651055e+01
1.579589843750000000e-01 -3.337426025123048134e+01
1.582031250000000000e-01 -3.337456737536882656e+01
1.584472656250000000e-01 -3.337504940447890078e+01
1.586914062500000000e-01 -3.337570609399589472e+01
1.589355468750000000e-01 -3.337653720667502455e+01
1.591796875000000000e-01 -3.337754251256302496e+01
1.594238281250000000e-01 -3.337872178897220721e+01
1.596679687500000000e-01 -3.338007482045561147e+01
1.599121093750000000e-01 -3.338160139878296917e+01
1.601562500000000000e-01 -3.338330132291805086e+01
1.604003906250000000e-01 -3.338517439899739259e+01
1.606445312500000000e-01 -3.338722044031000280e+01
1.608886718750000000e-01 -3.338943926727838374e+01
1.611328125000000000e-01 -3.339183070744104498e+01
1.613769531250000000e-01 -3.339439459543498145e+01
1.616210937500000000e-01 -3.339713077298168997e+01
1.618652343750000000e-01 -3.340003908887129569e+01
1.621093750000000000e-01 -3.340311939895057236e+01
1.623535156250000000e-01 -3.340637156611072101e+01
1.625976562500000000e-01 -3.340979546027630676e+01
1.628417968750000000e-01 -3.341339095839600759e+01
1.630859375000000000e-01 -3.341715794443403809e+01
1.633300781250000000e-01 -3.342109630936258924e+01
1.635742187500000000e-01 -3.342520595115599491e+01
1.638183593750000000e-01 -3.342948677478551645e+01
1.640625000000000000e-01 -3.343393869221542758e+01
1.643066406250000000e-01 -3.343856162240045649e+01
1.645507812500000000e-01 -3.344335549128369678e+01
1.647949218750000000e-01 -3.344832023179667857e+01
1.650390625000000000e-01 -3.345345578385983032e+01
1.652832031250000000e-01 -3.345876209438426940e+01
1.655273437500000000e-01 -3.346423911727438849e+01
1.657714843750000000e-01 -3.346988681343270144e+01
1.660156250000000000e-01 -3.347570515076400000e+01
1.662597656250000000e-01 -3.348169410418288550e+01
1.665039062500000000e-01 -3.348785365562013538e+01
1.667480468750000000e-01 -3.349418379403237367e+01
1.669921875000000000e-01 -3.350068451541072534e+01
1.672363281250000000e-01 -3.350735582279297375e+01
1.674804687500000000e-01 -3.351419772627432536e+01
1.677246093750000000e-01 -3.352121024302185504e+01
1.679687500000000000e-01 -3.352839339728842560e+01
1.682128906250000000e-01 -3.353574722042787215e+01
1.684570312500000000e-01 -3.354327175091214031e+01
1.687011718750000000e-01 -3.355096703434931982e+01
1.689453125000000000e-01 -3.355883312350259473e+01
1.691894531250000000e-01 -3.356687007831020253e+01
1.694335937500000000e-01 -3.357507796590744675e+01
1.696777343750000000e-01 -3.358345686064901514e+01
1.699218750000000000e-01 -3.359200684413313809e+01
1.701660156250000000e-01 -3.360072800522620895e+01
1.704101562500000000e-01 -3.360962044008998362e+01
1.706542968750000000e-01 -3.361868425220795586e+01
1.708984375000000000e-01 -3.362791955241557673e+01
1.711425781250000000e-01 -3.363732645892886097e+01
1.713867187500000000e-01 -3.364690509737696544e+01
1.716308593750000000e-01 -3.365665560083402141e+01
1.718750000000000000e-01 -3.366657810985323351e+01
1.721191406250000000e-01 -3.367667277250223634e+01
1.723632812500000000e-01 -3.368693974439929661e+01
1.726074218750000000e-01 -3.369737918875135563e+01
1.728515625000000000e-01 -3.370799127639315884e+01
1.730957031250000000e-01 -3.371877618582765734e+01
1.733398437500000000e-01 -3.372973410326795118e+01
1.735839843750000000e-01 -3.374086522268039801e+01
1.738281250000000000e-01 -3.375216974582944829e+01
1.740722656250000000e-01 -3.376364788232356773e+01
1.743164062500000000e-01 -3.377529984966267307e+01
1.745605468750000000e-01 -3.378712587328713113e+01
1.748046875000000000e-01 -3.379912618662804391e+01
1.750488281250000000e-01 -3.381130103115906849e+01
1.752929687500000000e-01 -3.382365065644993507e+01
1.755371093750000000e-01 -3.383617532022092433e+01
1.757812500000000000e-01 -3.384887528839963977e+01
1.760253906250000000e-01 -3.386175083517871087e+01
1.762695312500000000e-01 -3.387480224307535082e+01
1.765136718750000000e-01 -3.388802980299239920e+01
1.767578125000000000e-01 -3.390143381428133296e+01
1.770019531250000000e-01 -3.391501458480624365e+01
1.772460937500000000e-01 -3.392877243100985396e+01
1.774902343750000000e-01 -3.394270767798194299e+01
1.777343750000000000e-01 -3.395682065952756545e+01
1.779785156250000000e-01 -3.397111171823939912e+01
1.782226562500000000e-01 -3.398558120557000706e+01
1.784667968750000000e-01 -3.400022948190684247e+01
1.787109375000000000e-01 -3.401505691664861075e+01
1.789550781250000000e-01 -3.403006388828390527e+01
1.791992187500000000e-01 -3.404525078447124997e+01
1.794433593750000000e-01 -3.406061800212171420e+01
1.796875000000000000e-01 -3.407616594748238725e+01
1.799316406250000000e-01 -3.409189503622326356e+01
1.801757812500000000e-01 -3.410780569352479574e+01
1.804199218750000000e-01 -3.412389835416864514e+01
1.806640625000000000e-01 -3.414017346262924235e+01
1.809082031250000000e-01 -3.415663147316868020e+01
1.811523437500000000e-01 -3.417327284993320546e+01
1.813964843750000000e-01 -3.419009806705189192e+01
1.816406250000000000e-01 -3.420710760873730294e+01
1.818847656250000000e-01 -3.422430196938937286e+01
1.821289062500000000e-01 -3.424168165370020489e+01
1.823730468750000000e-01 -3.425924717676265630e+01
1.826171875000000000e-01 -3.427699906418016695e+01
1.828613281250000000e-01 -3.429493785217983515e+01
1.831054687500000000e-01 -3.431306408772759653e+01
1.833496093750000000e-01 -3.433137832864585448e+01
1.835937500000000000e-01 -3.434988114373390289e+01
1.838378906250000000e-01 -3.436857311289129058e+01
1.840820312500000000e-01 -3.438745482724327474e+01
1.843261718750000000e-01 -3.440652688926925151e+01
1.845703125000000000e-01 -3.442578991293402879e+01
1.848144531250000000e-01 -3.444524452382239588e+01
1.850585937500000000e-01 -3.446489135927566139e+01
1.853027343750000000e-01 -3.448473106853192860e+01
1.855468750000000000e-01 -3.450476431286893586e+01
1.857910156250000000e-01 -3.452499176575091155e+01
1.860351562500000000e-01 -3.454541411297710596e+01
1.862792968750000000e-01 -3.456603205283498426e+01
1.865234375000000000e-01 -3.458684629625572171e+01
1.867675781250000000e-01 -3.460785756697375604e+01
1.870117187500000000e-01 -3.462906660168943063e+01
1.872558593750000000e-01 -3.465047415023515498e+01
1.875000000000000000e-01 -3.467208097574522441e+01
1.877441406250000000e-01 -3.469388785482979642e+01
1.879882812500000000e-01 -3.471589557775120483e+01
1.882324218750000000e-01 -3.473810494860632758e+01
1.884765625000000000e-01 -3.476051678551056057e+01
1.887207031250000000e-01 -3.478313192078764615e+01
1.889648437500000000e-01 -3.480595120116230134e+01
1.892089843750000000e-01 -3.482897548795816078e+01
1.894531250000000000e-01 -3.485220565729897402e+01
1.896972656250000000e-01 -3.487564260031511054e+01
1.899414062500000000e-01 -3.489928722335372413e+01
1.901855468750000000e-01 -3.492314044819450913e+01
1.904296875000000000e-01 -3.494720321226915871e+01
1.906738281250000000e-01 -3.497147646888627293e+01
1.909179687500000000e-01 -3.499596118746094930e+01
1.911621093750000000e-01 -3.502065835374985880e+01
1.914062500000000000e-01 -3.504556897009094030e+01
1.916503906250000000e-01 -3.507069405564840281e+01
1.918945312500000000e-01 -3.509603464666400896e+01
1.921386718750000000e-01 -3.512159179671281350e+01
1.923828125000000000e-01 -3.514736657696518307e+01
1.926269531250000000e-01 -3.517336007645496210e+01
1.928710937500000000e-01 -3.519957340235283993e+01
1.931152343750000000e-01 -3.522600768024650364e+01
1.933593750000000000e-01 -3.525266405442677353e+01
1.936035156250000000e-01 -3.527954368818038233e+01
1.938476562500000000e-01 -3.530664776408930550e+01
1.940917968750000000e-01 -3.533397748433691987e+01
1.943359375000000000e-01 -3.536153407102041513e+01
1.945800781250000000e-01 -3.538931876647232144e+01
1.948242187500000000e-01 -3.541733283358672679e+01
1.950683593750000000e-01 -3.544557755615500838e+01
1.953125000000000000e-01 -3.547405423920857714e+01
1.955566406250000000e-01 -3.550276420936918242e+01
1.958007812500000000e-01 -3.553170881520834001e+01
1.960449218750000000e-01 -3.556088942761385852e+01
1.962890625000000000e-01 -3.559030744016606462e+01
1.965332031250000000e-01 -3.561996426952224226e+01
1.967773437500000000e-01 -3.564986135580968352e+01
1.970214843750000000e-01 -3.568000016302948296e+01
1.972656250000000000e-01 -3.571038217946794902e+01
1.975097656250000000e-01 -3.574100891811984582e+01
1.977539062500000000e-01 -3.577188191711947951e+01
1.979980468750000000e-01 -3.580300274018429008e+01
1.982421875000000000e-01 -3.583437297706764468e+01
1.984863281250000000e-01 -3.586599424402302105e+01
1.987304687500000000e-01 -3.589786818427953818e+01
1.989746093750000000e-01 -3.592999646852913997e+01
1.992187500000000000e-01 -3.596238079542494148e+01
1.994628906250000000e-01 -3.599502289209289074e+01
1.997070312500000000e-01 -3.602792451465548851e+01
1.999511718750000000e-01 -3.606108744876775063e+01
2.001953125000000000e-01 -3.609451351016818421e+01
2.004394531250000000e-01 -3.612820454524168667e+01
2.006835937500000000e-01 -3.616216243159780674e+01
2.009277343750000000e-01 -3.619638907866296051e+01
2.011718750000000000e-01 -3.623088642828767547e+01
2.014160156250000000e-01 -3.626565645536975779e+01
2.016601562500000000e-01 -3.630070116849216788e+01
2.019042968750000000e-01 -3.633602261057882998e+01
2.021484375000000000e-01 -3.637162285956601693e+01
2.023925781250000000e-01 -3.640750402909159078e+01
2.026367187500000000e-01 -3.644366826920228419e+01
2.028808593750000000e-01 -3.648011776707870268e+01
2.031250000000000000e-01 -3.651685474778125240e+01
2.033691406250000000e-01 -3.655388147501281537e+01
2.036132812500000000e-01 -3.659120025190392766e+01
2.038574218750000000e-01 -3.662881342181844957e+01
2.041015625000000000e-01 -3.666672336918005470e+01
2.043457031250000000e-01 -3.670493252032074594e+01
2.045898437500000000e-01 -3.674344334435411241e+01
2.048339843750000000e-01 -3.678225835407000943e+01
2.050781250000000000e-01 -3.682138010685523710e+01
2.053222656250000000e-01 -3.686081120563888902e+01
2.055664062500000000e-01 -3.690055429986315261e+01
2.058105468750000000e-01 -3.694061208648277272e+01
2.060546875000000000e-01 -3.698098731099032221e+01
2.062988281250000000e-01 -3.702168276847149286e+01
2.065429687500000000e-01 -3.706270130468978152e+01
2.067871093750000000e-01 -3.710404581720146666e+01
2.070312500000000000e-01 -3.714571925650333384e+01
2.072753906250000000e-01 -3.718772462721193506e+01
2.075195312500000000e-01 -3.723006498927796315e+01
2.077636718750000000e-01 -3.727274345923502352e+01
2.080078125000000000e-01 -3.731576321148513387e+01
2.082519531250000000e-01 -3.735912747962127156e+01
2.084960937500000000e-01 -3.740283955779024438e+01
2.087402343750000000e-01 -3.744690280209395894e+01
2.089843750000000000e-01 -3.749132063203374798e+01
2.092285156250000000e-01 -3.753609653199796270e+01
2.094726562500000000e-01 -3.758123405279349072e+01
2.097167968750000000e-01 -3.762673681322489472e+01
2.099609375000000000e-01 -3.767260850172001341e+01
2.102050781250000000e-01 -3.771885287800751030e+01
2.104492187500000000e-01 -3.776547377484416046e+01
2.106933593750000000e-01 -3.781247509979696275e+01
2.109375000000000000e-01 -3.785986083708121441e+01
2.111816406250000000e-01 -3.790763504945438456e+01
2.114257812500000000e-01 -3.795580188017262202e+01
2.116699218750000000e-01 -3.800436555500694169e+01
2.119140625000000000e-01 -3.805333038432549841e+01
2.121582031250000000e-01 -3.810270076524292904e+01
2.124023437500000000e-01 -3.815248118383841103e+01
2.126464843750000000e-01 -3.820267621744660858e+01
2.128906250000000000e-01 -3.825329053702405702e+01
2.131347656250000000e-01 -3.830432890959401959e+01
2.133789062500000000e-01 -3.835579620077140106e+01
2.136230468750000000e-01 -3.840769737737402778e+01
2.138671875000000000e-01 -3.846003751012003136e+01
2.141113281250000000e-01 -3.851282177641849103e+01
2.143554687500000000e-01 -3.856605546325471323e+01
2.145996093750000000e-01 -3.861974397017440452e+01
2.148437500000000000e-01 -3.867389281237154108e+01
2.150878906250000000e-01 -3.872850762388490864e+01
2.153320312500000000e-01 -3.878359416090439993e+01
2.155761718750000000e-01 -3.883915830519756440e+01
2.158203125000000000e-01 -3.889520606765502464e+01
2.160644531250000000e-01 -3.895174359196556679e+01
2.163085937500000000e-01 -3.900877715842229065e+01
2.165527343750000000e-01 -3.906631318786904217e+01
2.167968750000000000e-01 -3.912435824578850685e+01
2.170410156250000000e-01 -3.918291904654517310e+01
2.172851562500000000e-01 -3.924200245778295937e+01
2.175292968750000000e-01 -3.930161550498908696e+01
2.177734375000000000e-01 -3.936176537623070004e+01
2.180175781250000000e-01 -3.942245942706927053e+01
2.182617187500000000e-01 -3.948370518566727583e+01
2.185058593750000000e-01 -3.954551035808847104e+01
2.187500000000000000e-01 -3.960788283380647101e+01
2.189941406250000000e-01 -3.967083069142913132e+01
2.192382812500000000e-01 -3.973436220464917312e+01
2.194824218750000000e-01 -3.979848584843155379e+01
2.197265625000000000e-01 -3.986321030545012434e+01
2.199707031250000000e-01 -3.992854447278494945e+01
2.202148437500000000e-01 -3.999449746889228408e+01
2.204589843750000000e-01 -4.006107864086212089e+01
2.207031250000000000e-01 -4.012829757197729919e+01
2.209472656250000000e-01 -4.019616408958821552e+01
2.211914062500000000e-01 -4.026468827331980549e+01
2.214355468750000000e-01 -4.033388046362941282e+01
2.216796875000000000e-01 -4.040375127072924499e+01
2.219238281250000000e-01 -4.047431158389880324e+01
2.221679687500000000e-01 -4.054557258120038910e+01
2.224121093750000000e-01 -4.061754573962559078e+01
2.226562500000000000e-01 -4.069024284569067618e+01
2.229003906250000000e-01 -4.076367600650922185e+01
2.231445312500000000e-01 -4.083785766136345075e+01
2.233886718750000000e-01 -4.091280059380710554e+01
2.236328125000000000e-01 -4.098851794432286511e+01
2.238769531250000000e-01 -4.106502322357105328e+01
2.241210937500000000e-01 -4.114233032625952546e+01
2.243652343750000000e-01 -4.122045354567016773e+01
2.246093750000000000e-01 -4.129940758888285757e+01
2.248535156250000000e-01 -4.137920759273248450e+01
2.250976562500000000e-01 -4.145986914054535788e+01
2.253417968750000000e-01 -4.154140827970165617e+01
2.255859375000000000e-01 -4.162384154006851134e+01
2.258300781250000000e-01 -4.170718595336322210e+01
2.260742187500000000e-01 -4.179145907349598588e+01
2.263183593750000000e-01 -4.187667899795965099e+01
2.265625000000000000e-01 -4.196286439032365934e+01
2.268066406250000000e-01 -4.205003450390967856e+01
2.270507812500000000e-01 -4.213820920671771830e+01
2.272949218750000000e-01 -4.222740900768593519e+01
2.275390625000000000e-01 -4.231765508437000278e+01
2.277832031250000000e-01 -4.240896931213582377e+01
2.280273437500000000e-01 -4.250137429496412267e+01
2.282714843750000000e-01 -4.259489339797701746e+01
2.285156250000000000e-01 -4.268955078180150053e+01
2.287597656250000000e-01 -4.278537143889849403e+01
2.290039062500000000e-01 -4.288238123198951257e+01
2.292480468750000000e-01 -4.298060693473300375e+01
2.294921875000000000e-01 -4.308007627480642299e+01
2.297363281250000000e-01 -4.318081797956931922e+01
2.299804687500000000e-01 -4.328286182449240016e+01
2.302246093750000000e-01 -4.338623868456066646e+01
2.304687500000000000e-01 -4.349098058886642804e+01
2.307128906250000000e-01 -4.359712077863949986e+01
2.309570312500000000e-01 -4.370469376897059988e+01
2.312011718750000000e-01 -4.381373541452011011e+01
2.314453125000000000e-01 -4.392428297951977356e+01
2.316894531250000000e-01 -4.403637521241282826e+01
2.319335937500000000e-01 -4.415005242550119391e+01
2.321777343750000000e-01 -4.426535658001479590e+01
2.324218750000000000e-01 -4.438233137704553855e+01
2.326660156250000000e-01 -4.450102235484190771e+01
2.329101562500000000e-01 -4.462147699300557946e+01
2.331542968750000000e-01 -4.474374482418322430e+01
2.333984375000000000e-01 -4.486787755391297594e+01
2.336425781250000000e-01 -4.499392918934925945e+01
2.338867187500000000e-01 -4.512195617766747091e+01
2.341308593750000000e-01 -4.525201755503465506e+01
2.343750000000000000e-01 -4.538417510712945813e+01
2.346191406250000000e-01 -4.551849354230413525e+01
2.348632812500000000e-01 -4.565504067860095461e+01
2.351074218750000000e-01 -4.579388764597262451e+01
2.353515625000000000e-01 -4.593510910522230972e+01
2.355957031250000000e-01 -4.607878348534002555e+01
2.358398437500000000e-01 -4.622499324112975216e+01
2.360839843750000000e-01 -4.637382513324002531e+01
2.363281250000000000e-01 -4.652537053298225089e+01
2.365722656250000000e-01 -4.667972575461309503e+01
2.368164062500000000e-01 -4.683699241810507630e+01
2.370605468750000000e-01 -4.699727784583000556e+01
2.373046875000000000e-01 -4.716069549702556429e+01
2.375488281250000000e-01 -4.732736544445121751e+01
2.377929687500000000e-01 -4.749741489824884866e+01
2.380371093750000000e-01 -4.767097878272457478e+01
2.382812500000000000e-01 -4.784820037260975312e+01
2.385253906250000000e-01 -4.802923199630753004e+01
2.387695312500000000e-01 -4.821423581477408504e+01
2.390136718750000000e-01 -4.840338468601336785e+01
2.392578125000000000e-01 -4.859686312672715758e+01
2.395019531250000000e-01 -4.879486838452679365e+01
2.397460937500000000e-01 -4.899761163632398109e+01
2.399902343750000000e-01 -4.920531933114131107e+01
2.402343750000000000e-01 -4.941823469875119201e+01
2.404785156250000000e-01 -4.963661944934311521e+01
2.407226562500000000e-01 -4.986075569398959573e+01
2.409667968750000000e-01 -5.009094812126684815e+01
2.412109375000000000e-01 -5.032752647214324782e+01
2.414550781250000000e-01 -5.057084836357486779e+01
2.416992187500000000e-01 -5.082130252147949534e+01
2.419433593750000000e-01 -5.107931249644182259e+01
2.421875000000000000e-01 -5.134534095131883191e+01
2.424316406250000000e-01 -5.161989462973842535e+01
2.426757812500000000e-01 -5.190353013950749528e+01
2.429199218750000000e-01 -5.219686071678276562e+01
2.431640625000000000e-01 -5.250056417761239658e+01
2.434082031250000000e-01 -5.281539231608772411e+01
2.436523437500000000e-01 -5.314218207689243911e+01
2.438964843750000000e-01 -5.348186892008872206e+01
2.441406250000000000e-01 -5.383550291548168332e+01
2.443847656250000000e-01 -5.420426826412334975e+01
2.446289062500000000e-01 -5.458950716181831098e+01
2.448730468750000000e-01 -5.499274921767897695e+01
2.451171875000000000e-01 -5.541574805559339012e+01
2.453613281250000000e-01 -5.586052731170045149e+01
2.456054687500000000e-01 -5.632943907972095587e+01
2.458496093750000000e-01 -5.682523907901017424e+01
2.460937500000000000e-01 -5.735118463744719008e+01
2.463378906250000000e-01 -5.791116433892133841e+01
2.465820312500000000e-01 -5.850987246852568546e+01
2.468261718750000000e-01 -5.915304821853419526e+01
2.470703125000000000e-01 -5.984781083559971648e+01
2.473144531250000000e-01 -6.060314094417046249e+01
2.475585937500000000e-01 -6.143059192745876373e+01
2.478027343750000000e-01 -6.234537739940157053e+01
2.480468750000000000e-01 -6.336810188178814940e+01
2.482910156250000000e-01 -6.452765322041737761e+01
2.485351562500000000e-01 -6.586633977150751207e+01
2.487792968750000000e-01 -6.744975380493509931e+01
2.490234375000000000e-01 -6.938778152699372015e+01
2.492675781250000000e-01 -7.188642206673775092e+01
2.495117187500000000e-01 -7.540815139820232105e+01
2.497558593750000000e-01 -8.142869380252038525e+01
2.500000000000000000e-01 -inf
2.502441406250000000e-01 -8.142869380252044209e+01
2.504882812500000000e-01 -7.540815139820232105e+01
2.507324218750000000e-01 -7.188642206673775092e+01
2.509765625000000000e-01 -6.938778152699229906e+01
2.512207031250000000e-01 -6.744975380493515615e+01
2.514648437500000000e-01 -6.586633977150751207e+01
2.517089843750000000e-01 -6.452765322041742024e+01
2.519531250000000000e-01 -6.336810188178738201e+01
2.521972656250000000e-01 -6.234537739940282108e+01
2.524414062500000000e-01 -6.143059192745813846e+01
2.526855468750000000e-01 -6.060314094417098119e+01
2.529296875000000000e-01 -5.984781083559934700e+01
2.531738281250000000e-01 -5.915304821853457895e+01
2.534179687500000000e-01 -5.850987246852483281e+01
2.536621093750000000e-01 -5.791116433892100446e+01
2.539062500000000000e-01 -5.735118463744754536e+01
2.541503906250000000e-01 -5.682523907901028082e+01
2.543945312500000000e-01 -5.632943907972095587e+01
2.546386718750000000e-01 -5.586052731170015306e+01
2.548828125000000000e-01 -5.541574805559362460e+01
2.551269531250000000e-01 -5.499274921767892010e+01
2.553710937500000000e-01 -5.458950716181851703e+01
2.556152343750000000e-01 -5.420426826412317922e+01
2.558593750000000000e-01 -5.383550291548168332e+01
2.561035156250000000e-01 -5.348186892008911286e+01
2.563476562500000000e-01 -5.314218207689223306e+01
2.565917968750000000e-01 -5.281539231608746832e+01
2.568359375000000000e-01 -5.250056417761270211e+01
2.570800781250000000e-01 -5.219686071678292905e+01
2.573242187500000000e-01 -5.190353013950752370e+01
2.575683593750000000e-01 -5.161989462973842535e+01
2.578125000000000000e-01 -5.134534095131891718e+01
2.580566406250000000e-01 -5.107931249644177285e+01
2.583007812500000000e-01 -5.082130252147968719e+01
2.585449218750000000e-01 -5.057084836357489621e+01
2.587890625000000000e-01 -5.032752647214305597e+01
2.590332031250000000e-01 -5.009094812126679841e+01
2.592773437500000000e-01 -4.986075569398980889e+01
2.595214843750000000e-01 -4.963661944934319337e+01
2.597656250000000000e-01 -4.941823469875130570e+01
2.600097656250000000e-01 -4.920531933114116185e+01
2.602539062500000000e-01 -4.899761163632425820e+01
2.604980468750000000e-01 -4.879486838452704944e+01
2.607421875000000000e-01 -4.859686312672704389e+01
2.609863281250000000e-01 -4.840338468601348154e+01
2.612304687500000000e-01 -4.821423581477411346e+01
2.614746093750000000e-01 -4.802923199630753004e+01
2.617187500000000000e-01 -4.784820037260988812e+01
2.619628906250000000e-01 -4.767097878272473110e+01
2.622070312500000000e-01 -4.749741489824887708e+01
2.624511718750000000e-01 -4.732736544445130278e+01
2.626953125000000000e-01 -4.716069549702546482e+01
2.629394531250000000e-01 -4.699727784582990608e+01
2.631835937500000000e-01 -4.683699241810497682e+01
2.634277343750000000e-01 -4.667972575461305951e+01
2.636718750000000000e-01 -4.652537053298235037e+01
2.639160156250000000e-01 -4.637382513323989031e+01
2.641601562500000000e-01 -4.622499324112972374e+01
2.644042968750000000e-01 -4.607878348534001134e+01
2.646484375000000000e-01 -4.593510910522220314e+01
2.648925781250000000e-01 -4.579388764597239714e+01
2.651367187500000000e-01 -4.565504067860081960e+01
2.653808593750000000e-01 -4.551849354230421341e+01
2.656250000000000000e-01 -4.538417510712947944e+01
2.658691406250000000e-01 -4.525201755503459822e+01
2.661132812500000000e-01 -4.512195617766749933e+01
2.663574218750000000e-01 -4.499392918934928787e+01
2.666015625000000000e-01 -4.486787755391293331e+01
2.668457031250000000e-01 -4.474374482418330246e+01
2.670898437500000000e-01 -4.462147699300569315e+01
2.673339843750000000e-01 -4.450102235484193614e+01
2.675781250000000000e-01 -4.438233137704551012e+01
2.678222656250000000e-01 -4.426535658001476747e+01
2.680664062500000000e-01 -4.415005242550109443e+01
2.683105468750000000e-01 -4.403637521241273589e+01
2.685546875000000000e-01 -4.392428297951980198e+01
2.687988281250000000e-01 -4.381373541452012432e+01
2.690429687500000000e-01 -4.370469376897064251e+01
2.692871093750000000e-01 -4.359712077863949986e+01
2.695312500000000000e-01 -4.349098058886647777e+01
2.697753906250000000e-01 -4.338623868456059540e+01
2.700195312500000000e-01 -4.328286182449249964e+01
2.702636718750000000e-01 -4.318081797956929790e+01
2.705078125000000000e-01 -4.308007627480642299e+01
2.707519531250000000e-01 -4.298060693473288296e+01
2.709960937500000000e-01 -4.288238123198951257e+01
2.712402343750000000e-01 -4.278537143889849403e+01
2.714843750000000000e-01 -4.268955078180155027e+01
2.717285156250000000e-01 -4.259489339797701746e+01
2.719726562500000000e-01 -4.250137429496418662e+01
2.722167968750000000e-01 -4.240896931213588061e+01
2.724609375000000000e-01 -4.231765508436998857e+01
2.727050781250000000e-01 -4.222740900768594940e+01
2.729492187500000000e-01 -4.213820920671774672e+01
2.731933593750000000e-01 -4.205003450390974962e+01
2.734375000000000000e-01 -4.196286439032366644e+01
2.736816406250000000e-01 -4.187667899795953730e+01
2.739257812500000000e-01 -4.179145907349601430e+01
2.741699218750000000e-01 -4.170718595336310131e+01
2.744140625000000000e-01 -4.162384154006842607e+01
2.746582031250000000e-01 -4.154140827970165617e+01
2.749023437500000000e-01 -4.145986914054552841e+01
2.751464843750000000e-01 -4.137920759273246318e+01
2.753906250000000000e-01 -4.129940758888294283e+01
2.756347656250000000e-01 -4.122045354567015352e+01
2.758789062500000000e-01 -4.114233032625946151e+01
2.761230468750000000e-01 -4.106502322357114565e+01
2.763671875000000000e-01 -4.098851794432292905e+01
2.766113281250000000e-01 -4.091280059380713396e+01
2.768554687500000000e-01 -4.083785766136354312e+01
2.770996093750000000e-01 -4.076367600650915080e+01
2.773437500000000000e-01 -4.069024284569071170e+01
2.775878906250000000e-01 -4.061754573962560499e+01
2.778320312500000000e-01 -4.054557258120045304e+01
2.780761718750000000e-01 -4.047431158389876060e+01
2.783203125000000000e-01 -4.040375127072921657e+01
2.785644531250000000e-01 -4.033388046362924229e+01
2.788085937500000000e-01 -4.026468827331984812e+01
2.790527343750000000e-01 -4.019616408958822262e+01
2.792968750000000000e-01 -4.012829757197741287e+01
2.795410156250000000e-01 -4.006107864086216352e+01
2.797851562500000000e-01 -3.999449746889223434e+01
2.800292968750000000e-01 -3.992854447278497076e+01
2.802734375000000000e-01 -3.986321030545014565e+01
2.805175781250000000e-01 -3.979848584843148984e+01
2.807617187500000000e-01 -3.973436220464915891e+01
2.810058593750000000e-01 -3.967083069142915264e+01
2.812500000000000000e-01 -3.960788283380642838e+01
2.814941406250000000e-01 -3.954551035808842840e+01
2.817382812500000000e-01 -3.948370518566727583e+01
2.819824218750000000e-01 -3.942245942706930606e+01
2.822265625000000000e-01 -3.936176537623060767e+01
2.824707031250000000e-01 -3.930161550498919354e+01
2.827148437500000000e-01 -3.924200245778295226e+01
2.829589843750000000e-01 -3.918291904654515179e+01
2.832031250000000000e-01 -3.912435824578850685e+01
2.834472656250000000e-01 -3.906631318786902796e+01
2.836914062500000000e-01 -3.900877715842243276e+01
2.839355468750000000e-01 -3.895174359196553127e+01
2.841796875000000000e-01 -3.889520606765493227e+01
2.844238281250000000e-01 -3.883915830519754309e+01
2.846679687500000000e-01 -3.878359416090445677e+01
2.849121093750000000e-01 -3.872850762388491574e+01
2.851562500000000000e-01 -3.867389281237158372e+01
2.854003906250000000e-01 -3.861974397017431215e+01
2.856445312500000000e-01 -3.856605546325470613e+01
2.858886718750000000e-01 -3.851282177641846260e+01
2.861328125000000000e-01 -3.846003751011994609e+01
2.863769531250000000e-01 -3.840769737737390699e+01
2.866210937500000000e-01 -3.835579620077142948e+01
2.868652343750000000e-01 -3.830432890959399117e+01
2.871093750000000000e-01 -3.825329053702405702e+01
2.873535156250000000e-01 -3.820267621744656594e+01
2.875976562500000000e-01 -3.815248118383840392e+01
2.878417968750000000e-01 -3.810270076524300009e+01
2.880859375000000000e-01 -3.805333038432549841e+01
2.883300781250000000e-01 -3.800436555500687064e+01
2.885742187500000000e-01 -3.795580188017258649e+01
2.888183593750000000e-01 -3.790763504945446272e+01
2.890625000000000000e-01 -3.785986083708121441e+01
2.893066406250000000e-01 -3.781247509979704091e+01
2.895507812500000000e-01 -3.776547377484411783e+01
2.897949218750000000e-01 -3.771885287800751030e+01
2.900390625000000000e-01 -3.767260850172006315e+01
2.902832031250000000e-01 -3.762673681322481656e+01
2.905273437500000000e-01 -3.758123405279352625e+01
2.907714843750000000e-01 -3.753609653199788454e+01
2.910156250000000000e-01 -3.749132063203367693e+01
2.912597656250000000e-01 -3.744690280209388789e+01
2.915039062500000000e-01 -3.740283955779027991e+01
2.917480468750000000e-01 -3.735912747962137814e+01
2.919921875000000000e-01 -3.731576321148506281e+01
2.922363281250000000e-01 -3.727274345923509458e+01
2.924804687500000000e-01 -3.723006498927799157e+01
2.927246093750000000e-01 -3.718772462721197058e+01
2.929687500000000000e-01 -3.714571925650329831e+01
2.932128906250000000e-01 -3.710404581720142403e+01
2.934570312500000000e-01 -3.706270130468973889e+01
2.937011718750000000e-01 -3.702168276847152129e+01
2.939453125000000000e-01 -3.698098731099036485e+01
2.941894531250000000e-01 -3.694061208648282957e+01
2.944335937500000000e-01 -3.690055429986318103e+01
2.946777343750000000e-01 -3.686081120563886060e+01
2.949218750000000000e-01 -3.682138010685530105e+01
2.951660156250000000e-01 -3.678225835407003785e+01
2.954101562500000000e-01 -3.674344334435404846e+01
2.956542968750000000e-01 -3.670493252032075304e+01
2.958984375000000000e-01 -3.666672336917998365e+01
2.961425781250000000e-01 -3.662881342181847799e+01
2.963867187500000000e-01 -3.659120025190391345e+01
2.966308593750000000e-01 -3.655388147501271590e+01
2.968750000000000000e-01 -3.651685474778124529e+01
2.971191406250000000e-01 -3.648011776707875242e+01
2.973632812500000000e-01 -3.644366826920219182e+01
2.976074218750000000e-01 -3.640750402909161920e+01
2.978515625000000000e-01 -3.637162285956601693e+01
2.980957031250000000e-01 -3.633602261057880156e+01
2.983398437500000000e-01 -3.630070116849211814e+01
2.985839843750000000e-01 -3.626565645536967963e+01
2.988281250000000000e-01 -3.623088642828764705e+01
2.990722656250000000e-01 -3.619638907866287525e+01
2.993164062500000000e-01 -3.616216243159777832e+01
2.995605468750000000e-01 -3.612820454524171510e+01
2.998046875000000000e-01 -3.609451351016818421e+01
3.000488281250000000e-01 -3.606108744876780747e+01
3.002929687500000000e-01 -3.602792451465543877e+01
3.005371093750000000e-01 -3.599502289209292627e+01
3.007812500000000000e-01 -3.596238079542483490e+01
3.010253906250000000e-01 -3.592999646852910445e+01
3.012695312500000000e-01 -3.589786818427951687e+01
3.015136718750000000e-01 -3.586599424402294289e+01
3.017578125000000000e-01 -3.583437297706761626e+01
3.020019531250000000e-01 -3.580300274018429008e+01
3.022460937500000000e-01 -3.577188191711945819e+01
3.024902343750000000e-01 -3.574100891811979608e+01
3.027343750000000000e-01 -3.571038217946802007e+01
3.029785156250000000e-01 -3.568000016302943322e+01
3.032226562500000000e-01 -3.564986135580964088e+01
3.034667968750000000e-01 -3.561996426952219252e+01
3.037109375000000000e-01 -3.559030744016611436e+01
3.039550781250000000e-01 -3.556088942761387983e+01
3.041992187500000000e-01 -3.553170881520832580e+01
3.044433593750000000e-01 -3.550276420936924637e+01
3.046875000000000000e-01 -3.547405423920859846e+01
3.049316406250000000e-01 -3.544557755615508654e+01
3.051757812500000000e-01 -3.541733283358672679e+01
3.054199218750000000e-01 -3.538931876647235697e+01
3.056640625000000000e-01 -3.536153407102049329e+01
3.059082031250000000e-01 -3.533397748433683461e+01
3.061523437500000000e-01 -3.530664776408931971e+01
3.063964843750000000e-01 -3.527954368818036102e+01
3.066406250000000000e-01 -3.525266405442672379e+01
3.068847656250000000e-01 -3.522600768024648943e+01
3.071289062500000000e-01 -3.519957340235282572e+01
3.073730468750000000e-01 -3.517336007645494078e+01
3.076171875000000000e-01 -3.514736657696518307e+01
3.078613281250000000e-01 -3.512159179671272113e+01
3.081054687500000000e-01 -3.509603464666395212e+01
3.083496093750000000e-01 -3.507069405564840991e+01
3.085937500000000000e-01 -3.504556897009087635e+01
3.088378906250000000e-01 -3.502065835374984459e+01
3.090820312500000000e-01 -3.499596118746090667e+01
3.093261718750000000e-01 -3.497147646888624450e+01
3.095703125000000000e-01 -3.494720321226915871e+01
3.098144531250000000e-01 -3.492314044819452334e+01
3.100585937500000000e-01 -3.489928722335376676e+01
3.103027343750000000e-01 -3.487564260031506080e+01
3.105468750000000000e-01 -3.485220565729897402e+01
3.107910156250000000e-01 -3.482897548795813236e+01
3.110351562500000000e-01 -3.480595120116228713e+01
3.112792968750000000e-01 -3.478313192078761062e+01
3.115234375000000000e-01 -3.476051678551056057e+01
3.117675781250000000e-01 -3.473810494860632758e+01
3.120117187500000000e-01 -3.471589557775126167e+01
3.122558593750000000e-01 -3.469388785482977511e+01
3.125000000000000000e-01 -3.467208097574530257e+01
3.127441406250000000e-01 -3.465047415023514077e+01
3.129882812500000000e-01 -3.462906660168943063e+01
3.132324218750000000e-01 -3.460785756697381288e+01
3.134765625000000000e-01 -3.458684629625570039e+01
3.137207031250000000e-01 -3.456603205283498426e+01
3.139648437500000000e-01 -3.454541411297710596e+01
3.142089843750000000e-01 -3.452499176575087603e+01
3.144531250000000000e-01 -3.450476431286891454e+01
3.146972656250000000e-01 -3.448473106853187886e+01
3.149414062500000000e-01 -3.446489135927565428e+01
3.151855468750000000e-01 -3.444524452382244561e+01
3.154296875000000000e-01 -3.442578991293406432e+01
3.156738281250000000e-01 -3.440652688926915914e+01
3.159179687500000000e-01 -3.438745482724327474e+01
3.161621093750000000e-01 -3.436857311289129768e+01
3.164062500000000000e-01 -3.434988114373388868e+01
3.166503906250000000e-01 -3.433137832864577632e+01
3.168945312500000000e-01 -3.431306408772756100e+01
3.171386718750000000e-01 -3.429493785217987778e+01
3.173828125000000000e-01 -3.427699906418015274e+01
3.176269531250000000e-01 -3.425924717676262787e+01
3.178710937500000000e-01 -3.424168165370019068e+01
3.181152343750000000e-01 -3.422430196938933733e+01
3.183593750000000000e-01 -3.420710760873737399e+01
3.186035156250000000e-01 -3.419009806705194165e+01
3.188476562500000000e-01 -3.417327284993329073e+01
3.190917968750000000e-01 -3.415663147316872283e+01
3.193359375000000000e-01 -3.414017346262923525e+01
3.195800781250000000e-01 -3.412389835416867356e+01
3.198242187500000000e-01 -3.410780569352485259e+01
3.200683593750000000e-01 -3.409189503622325645e+01
3.203125000000000000e-01 -3.407616594748237304e+01
3.205566406250000000e-01 -3.406061800212172841e+01
3.208007812500000000e-01 -3.404525078447134234e+01
3.210449218750000000e-01 -3.403006388828390527e+01
3.212890625000000000e-01 -3.401505691664861075e+01
3.215332031250000000e-01 -3.400022948190683536e+01
3.217773437500000000e-01 -3.398558120557002837e+01
3.220214843750000000e-01 -3.397111171823938491e+01
3.222656250000000000e-01 -3.395682065952755835e+01
3.225097656250000000e-01 -3.394270767798192168e+01
3.227539062500000000e-01 -3.392877243100991080e+01
3.229980468750000000e-01 -3.391501458480618680e+01
3.232421875000000000e-01 -3.390143381428134006e+01
3.234863281250000000e-01 -3.388802980299238499e+01
3.237304687500000000e-01 -3.387480224307529397e+01
3.239746093750000000e-01 -3.386175083517866824e+01
3.242187500000000000e-01 -3.384887528839961846e+01
3.244628906250000000e-01 -3.383617532022090302e+01
3.247070312500000000e-01 -3.382365065644992796e+01
3.249511718750000000e-01 -3.381130103115911822e+01
3.251953125000000000e-01 -3.379912618662804391e+01
3.254394531250000000e-01 -3.378712587328716666e+01
3.256835937500000000e-01 -3.377529984966268728e+01
3.259277343750000000e-01 -3.376364788232351799e+01
3.261718750000000000e-01 -3.375216974582948382e+01
3.264160156250000000e-01 -3.374086522268038379e+01
3.266601562500000000e-01 -3.372973410326795829e+01
3.269042968750000000e-01 -3.371877618582765024e+01
3.271484375000000000e-01 -3.370799127639321568e+01
3.273925781250000000e-01 -3.369737918875139826e+01
3.276367187500000000e-01 -3.368693974439929661e+01
3.278808593750000000e-01 -3.367667277250224345e+01
3.281250000000000000e-01 -3.366657810985329036e+01
3.283691406250000000e-01 -3.365665560083406405e+01
3.286132812500000000e-01 -3.364690509737695834e+01
3.288574218750000000e-01 -3.363732645892886808e+01
3.291015625000000000e-01 -3.362791955241553410e+01
3.293457031250000000e-01 -3.361868425220801271e+01
3.295898437500000000e-01 -3.360962044008989125e+01
3.298339843750000000e-01 -3.360072800522621606e+01
3.300781250000000000e-01 -3.359200684413311677e+01
3.303222656250000000e-01 -3.358345686064901514e+01
3.305664062500000000e-01 -3.357507796590744675e+01
3.308105468750000000e-01 -3.356687007831011016e+01
3.310546875000000000e-01 -3.355883312350263736e+01
3.312988281250000000e-01 -3.355096703434931982e+01
3.315429687500000000e-01 -3.354327175091214031e+01
3.317871093750000000e-01 -3.353574722042787215e+01
3.320312500000000000e-01 -3.352839339728846824e+01
3.322753906250000000e-01 -3.352121024302194030e+01
3.325195312500000000e-01 -3.351419772627423299e+01
3.327636718750000000e-01 -3.350735582279293112e+01
3.330078125000000000e-01 -3.350068451541076797e+01
3.332519531250000000e-01 -3.349418379403237367e+01
3.334960937500000000e-01 -3.348785365562018512e+01
3.337402343750000000e-01 -3.348169410418284286e+01
3.339843750000000000e-01 -3.347570515076409237e+01
3.342285156250000000e-01 -3.346988681343270144e+01
3.344726562500000000e-01 -3.346423911727443112e+01
3.347167968750000000e-01 -3.345876209438426940e+01
3.349609375000000000e-01 -3.345345578385996532e+01
3.352050781250000000e-01 -3.344832023179667146e+01
3.354492187500000000e-01 -3.344335549128360441e+01
3.356933593750000000e-01 -3.343856162240037122e+01
3.359375000000000000e-01 -3.343393869221543468e+01
3.361816406250000000e-01 -3.342948677478555908e+01
3.364257812500000000e-01 -3.342520595115608018e+01
3.366699218750000000e-01 -3.342109630936268161e+01
3.369140625000000000e-01 -3.341715794443408072e+01
3.371582031250000000e-01 -3.341339095839605022e+01
3.374023437500000000e-01 -3.340979546027631386e+01
3.376464843750000000e-01 -3.340637156611076364e+01
3.378906250000000000e-01 -3.340311939895056526e+01
3.381347656250000000e-01 -3.340003908887133832e+01
3.383789062500000000e-01 -3.339713077298169708e+01
3.386230468750000000e-01 -3.339439459543511646e+01
3.388671875000000000e-01 -3.339183070744095971e+01
3.391113281250000000e-01 -3.338943926727851164e+01
3.393554687500000000e-01 -3.338722044030999569e+01
3.395996093750000000e-01 -3.338517439899738548e+01
3.398437500000000000e-01 -3.338330132291805796e+01
3.400878906250000000e-01 -3.338160139878296917e+01
3.403320312500000000e-01 -3.338007482045557595e+01
3.405761718750000000e-01 -3.337872178897223563e+01
3.408203125000000000e-01 -3.337754251256301075e+01
3.410644531250000000e-01 -3.337653720667497481e+01
3.413085937500000000e-01 -3.337570609399595867e+01
3.415527343750000000e-01 -3.337504940447881552e+01
3.417968750000000000e-01 -3.337456737536885498e+01
3.420410156250000000e-01 -3.337426025123048845e+01
3.422851562500000000e-01 -3.337412828397655318e+01
3.425292968750000000e-01 -3.337417173289824746e+01
3.427734375000000000e-01 -3.337439086469644423e+01
3.430175781250000000e-01 -3.337478595351414867e+01
3.432617187500000000e-01 -3.337535728097091692e+01
3.435058593750000000e-01 -3.337610513619782182e+01
3.437500000000000000e-01 -3.337702981587366935e+01
3.439941406250000000e-01 -3.337813162426381552e+01
3.442382812500000000e-01 -3.337941087325871337e+01
3.444824218750000000e-01 -3.338086788241484726e+01
3.447265625000000000e-01 -3.338250297899649865e+01
3.449707031250000000e-01 -3.338431649801967183e+01
3.452148437500000000e-01 -3.338630878229651699e+01
3.454589843750000000e-01 -3.338848018248180693e+01
3.457031250000000000e-01 -3.339083105712050781e+01
3.459472656250000000e-01 -3.339336177269711925e+01
3.461914062500000000e-01 -3.339607270368617975e+01
3.464355468750000000e-01 -3.339896423260481839e+01
3.466796875000000000e-01 -3.340203675006583239e+01
3.469238281250000000e-01 -3.340529065483345761e+01
3.471679687500000000e-01 -3.340872635387998457e+01
3.474121093750000000e-01 -3.341234426244407985e+01
3.476562500000000000e-01 -3.341614480409079135e+01
3.479003906250000000e-01 -3.342012841077333007e+01
3.481445312500000000e-01 -3.342429552289610228e+01
3.483886718750000000e-01 -3.342864658937990185e+01
3.486328125000000000e-01 -3.343318206772813284e+01
3.488769531250000000e-01 -3.343790242409574631e+01
3.491210937500000000e-01 -3.344280813335902991e+01
3.493652343750000000e-01 -3.344789967918735840e+01
3.496093750000000000e-01 -3.345317755411736016e+01
3.498535156250000000e-01 -3.345864225962796468e+01
3.500976562500000000e-01 -3.346429430621811463e+01
3.503417968750000000e-01 -3.347013421348614060e+01
3.505859375000000000e-01 -3.347616251021059242e+01
3.508300781250000000e-01 -3.348237973443383453e+01
3.510742187500000000e-01 -3.348878643354703399e+01
3.513183593750000000e-01 -3.349538316437724461e+01
3.515625000000000000e-01 -3.350217049327709873e+01
3.518066406250000000e-01 -3.350914899621561460e+01
3.520507812500000000e-01 -3.351631925887195962e+01
3.522949218750000000e-01 -3.352368187673141620e+01
3.525390625000000000e-01 -3.353123745518246324e+01
3.527832031250000000e-01 -3.353898660961773714e+01
3.530273437500000000e-01 -3.354692996553601603e+01
3.532714843750000000e-01 -3.355506815864687553e+01
3.535156250000000000e-01 -3.356340183497803764e+01
3.537597656250000000e-01 -3.357193165098501453e+01
3.540039062500000000e-01 -3.358065827366255718e+01
3.542480468750000000e-01 -3.358958238066004753e+01
3.544921875000000000e-01 -3.359870466039773618e+01
3.547363281250000000e-01 -3.360802581218688090e+01
3.549804687500000000e-01 -3.361754654635226558e+01
3.552246093750000000e-01 -3.362726758435684360e+01
3.554687500000000000e-01 -3.363718965892992685e+01
3.557128906250000000e-01 -3.364731351419764849e+01
3.559570312500000000e-01 -3.365763990581680787e+01
3.562011718750000000e-01 -3.366816960111120949e+01
3.564453125000000000e-01 -3.367890337921104305e+01
3.566894531250000000e-01 -3.368984203119576648e+01
3.569335937500000000e-01 -3.370098636023965355e+01
3.571777343750000000e-01 -3.371233718176074490e+01
3.574218750000000000e-01 -3.372389532357287578e+01
3.576660156250000000e-01 -3.373566162604151941e+01
3.579101562500000000e-01 -3.374763694224242983e+01
3.581542968750000000e-01 -3.375982213812410748e+01
3.583984375000000000e-01 -3.377221809267376784e+01
3.586425781250000000e-01 -3.378482569808675606e+01
3.588867187500000000e-01 -3.379764585994048787e+01
3.591308593750000000e-01 -3.381067949737052203e+01
3.593750000000000000e-01 -3.382392754325235984e+01
3.596191406250000000e-01 -3.383739094438601569e+01
3.598632812500000000e-01 -3.385107066168517065e+01
3.601074218750000000e-01 -3.386496767037024824e+01
3.603515625000000000e-01 -3.387908296016560428e+01
3.605957031250000000e-01 -3.389341753550174019e+01
3.608398437500000000e-01 -3.390797241572105492e+01
3.610839843750000000e-01 -3.392274863528869844e+01
3.613281250000000000e-01 -3.393774724400796572e+01
3.615722656250000000e-01 -3.395296930724054363e+01
3.618164062500000000e-01 -3.396841590613114903e+01
3.620605468750000000e-01 -3.398408813783806437e+01
3.623046875000000000e-01 -3.399998711576772337e+01
3.625488281250000000e-01 -3.401611396981548552e+01
3.627929687500000000e-01 -3.403246984661095809e+01
3.630371093750000000e-01 -3.404905590976963481e+01
3.632812500000000000e-01 -3.406587334014923840e+01
3.635253906250000000e-01 -3.408292333611262137e+01
3.637695312500000000e-01 -3.410020711379624458e+01
3.640136718750000000e-01 -3.411772590738449651e+01
3.642578125000000000e-01 -3.413548096939089049e+01
3.645019531250000000e-01 -3.415347357094457692e+01
3.647460937500000000e-01 -3.417170500208457184e+01
3.649902343750000000e-01 -3.419017657205956340e+01
3.652343750000000000e-01 -3.420888960963559811e+01
3.654785156250000000e-01 -3.422784546340989920e+01
3.657226562500000000e-01 -3.424704550213257903e+01
3.659667968750000000e-01 -3.426649111503524381e+01
3.662109375000000000e-01 -3.428618371216779082e+01
3.664550781250000000e-01 -3.430612472474224717e+01
3.666992187500000000e-01 -3.432631560548536953e+01
3.669433593750000000e-01 -3.434675782899882535e+01
3.671875000000000000e-01 -3.436745289212846899e+01
3.674316406250000000e-01 -3.438840231434147654e+01
3.676757812500000000e-01 -3.440960763811312972e+01
3.679199218750000000e-01 -3.443107042932240347e+01
3.681640625000000000e-01 -3.445279227765665553e+01
3.684082031250000000e-01 -3.447477479702673975e+01
3.686523437500000000e-01 -3.449701962599110061e+01
3.688964843750000000e-01 -3.451952842819083145e+01
3.691406250000000000e-01 -3.454230289279469446e+01
3.693847656250000000e-01 -3.456534473495516124e+01
3.696289062500000000e-01 -3.458865569627536019e+01
3.698730468750000000e-01 -3.461223754528749907e+01
3.701171875000000000e-01 -3.463609207794298328e+01
3.703613281250000000e-01 -3.466022111811461315e+01
3.706054687500000000e-01 -3.468462651811069009e+01
3.708496093750000000e-01 -3.470931015920277218e+01
3.710937500000000000e-01 -3.473427395216577906e+01
3.713378906250000000e-01 -3.475951983783170363e+01
3.715820312500000000e-01 -3.478504978765737832e+01
3.718261718750000000e-01 -3.481086580430674360e+01
3.720703125000000000e-01 -3.483696992224694355e+01
3.723144531250000000e-01 -3.486336420836078531e+01
3.725585937500000000e-01 -3.489005076257373616e+01
3.728027343750000000e-01 -3.491703171849768239e+01
3.730468750000000000e-01 -3.494430924409113715e+01
3.732910156250000000e-01 -3.497188554233603242e+01
3.735351562500000000e-01 -3.499976285193272929e+01
3.737792968750000000e-01 -3.502794344801264970e+01
3.740234375000000000e-01 -3.505642964287010699e+01
3.742675781250000000e-01 -3.508522378671297304e+01
3.745117187500000000e-01 -3.511432826843297761e+01
3.747558593750000000e-01 -3.514374551639770061e+01
3.750000000000000000e-01 -3.517347799926208296e+01
3.752441406250000000e-01 -3.520352822680305849e+01
3.754882812500000000e-01 -3.523389875077572242e+01
3.757324218750000000e-01 -3.526459216579378619e+01
3.759765625000000000e-01 -3.529561111023276965e+01
3.762207031250000000e-01 -3.532695826715914222e+01
3.764648437500000000e-01 -3.535863636528416976e+01
3.767089843750000000e-01 -3.539064817994439238e+01
3.769531250000000000e-01 -3.542299653410993443e+01
3.771972656250000000e-01 -3.545568429942013466e+01
3.774414062500000000e-01 -3.548871439724861432e+01
3.776855468750000000e-01 -3.552208979979914005e+01
3.779296875000000000e-01 -3.555581353123139365e+01
3.781738281250000000e-01 -3.558988866881990276e+01
3.784179687500000000e-01 -3.562431834414568499e+01
3.786621093750000000e-01 -3.565910574432282942e+01
3.789062500000000000e-01 -3.569425411326010078e+01
3.791503906250000000e-01 -3.572976675295978310e+01
3.793945312500000000e-01 -3.576564702485480041e+01
3.796386718750000000e-01 -3.580189835118466135e+01
3.798828125000000000e-01 -3.583852421641315544e+01
3.801269531250000000e-01 -3.587552816868779360e+01
3.803710937500000000e-01 -3.591291382134353682e+01
3.806152343750000000e-01 -3.595068485445124651e+01
3.808593750000000000e-01 -3.598884501641408207e+01
3.811035156250000000e-01 -3.602739812561222976e+01
3.813476562500000000e-01 -3.606634807209842819e+01
3.815917968750000000e-01 -3.610569881934600289e+01
3.818359375000000000e-01 -3.614545440605072457e+01
3.820800781250000000e-01 -3.618561894799030654e+01
3.823242187500000000e-01 -3.622619663994113637e+01
3.825683593750000000e-01 -3.626719175765725822e+01
3.828125000000000000e-01 -3.630860865991088815e+01
3.830566406250000000e-01 -3.635045179060024623e+01
3.833007812500000000e-01 -3.639272568092388838e+01
3.835449218750000000e-01 -3.643543495162661117e+01
3.837890625000000000e-01 -3.647858431531912515e+01
3.840332031250000000e-01 -3.652217857887326602e+01
3.842773437500000000e-01 -3.656622264589726967e+01
3.845214843750000000e-01 -3.661072151929379004e+01
3.847656250000000000e-01 -3.665568030390315357e+01
3.850097656250000000e-01 -3.670110420923682426e+01
3.852539062500000000e-01 -3.674699855230335999e+01
3.854980468750000000e-01 -3.679336876053169192e+01
3.857421875000000000e-01 -3.684022037479473255e+01
3.859863281250000000e-01 -3.688755905253880485e+01
3.862304687500000000e-01 -3.693539057102174183e+01
3.864746093750000000e-01 -3.698372083066588090e+01
3.867187500000000000e-01 -3.703255585852947007e+01
3.869628906250000000e-01 -3.708190181190241930e+01
3.872070312500000000e-01 -3.713176498203114306e+01
3.874511718750000000e-01 -3.718215179797883252e+01
3.876953125000000000e-01 -3.723306883062653583e+01
3.879394531250000000e-01 -3.728452279682089454e+01
3.881835937500000000e-01 -3.733652056367641592e+01
3.884277343750000000e-01 -3.738906915303763157e+01
3.886718750000000000e-01 -3.744217574610910049e+01
3.889160156250000000e-01 -3.749584768826146330e+01
3.891601562500000000e-01 -3.755009249401960147e+01
3.894042968750000000e-01 -3.760491785224433414e+01
3.896484375000000000e-01 -3.766033163151352170e+01
3.898925781250000000e-01 -3.771634188571423607e+01
3.901367187500000000e-01 -3.777295685985424001e+01
3.903808593750000000e-01 -3.783018499610562912e+01
3.906250000000000000e-01 -3.788803494008782735e+01
3.908691406250000000e-01 -3.794651554740580934e+01
3.911132812500000000e-01 -3.800563589045340507e+01
3.913574218750000000e-01 -3.806540526549519399e+01
3.916015625000000000e-01 -3.812583320004079468e+01
3.918457031250000000e-01 -3.818692946052707526e+01
3.920898437500000000e-01 -3.824870406032189862e+01
3.923339843750000000e-01 -3.831116726806785522e+01
3.925781250000000000e-01 -3.837432961638179307e+01
3.928222656250000000e-01 -3.843820191092964222e+01
3.930664062500000000e-01 -3.850279523989503616e+01
3.933105468750000000e-01 -3.856812098386313892e+01
3.935546875000000000e-01 -3.863419082614223043e+01
3.937988281250000000e-01 -3.870101676354456544e+01
3.940429687500000000e-01 -3.876861111765381906e+01
3.942871093750000000e-01 -3.883698654660367566e+01
3.945312500000000000e-01 -3.890615605739598237e+01
3.947753906250000000e-01 -3.897613301879044911e+01
3.950195312500000000e-01 -3.904693117479359898e+01
3.952636718750000000e-01 -3.911856465878619105e+01
3.955078125000000000e-01 -3.919104800832143098e+01
3.957519531250000000e-01 -3.926439618063403714e+01
3.959960937500000000e-01 -3.933862456890225445e+01
3.962402343750000000e-01 -3.941374901930601737e+01
3.964843750000000000e-01 -3.948978584892866195e+01
3.967285156250000000e-01 -3.956675186455384363e+01
3.969726562500000000e-01 -3.964466438240956592e+01
3.972167968750000000e-01 -3.972354124892019200e+01
3.974609375000000000e-01 -3.980340086252588350e+01
3.977050781250000000e-01 -3.988426219663863037e+01
3.979492187500000000e-01 -3.996614482380436328e+01
3.981933593750000000e-01 -4.004906894114974136e+01
3.984375000000000000e-01 -4.013305539719507919e+01
3.986816406250000000e-01 -4.021812572012433407e+01
3.989257812500000000e-01 -4.030430214760460217e+01
3.991699218750000000e-01 -4.039160765826375155e+01
3.994140625000000000e-01 -4.048006600493167184e+01
3.996582031250000000e-01 -4.056970174976935084e+01
3.999023437500000000e-01 -4.066054030141616238e+01
4.001464843750000000e-01 -4.075260795429183958e+01
4.003906250000000000e-01 -4.084593193021007806e+01
4.006347656250000000e-01 -4.094054042246558822e+01
4.008789062500000000e-01 -4.103646264257315579e+01
4.011230468750000000e-01 -4.113372886985576571e+01
4.013671875000000000e-01 -4.123237050408735627e+01
4.016113281250000000e-01 -4.133242012142376609e+01
4.018554687500000000e-01 -4.143391153386915704e+01
4.020996093750000000e-01 -4.153687985254924797e+01
4.023437500000000000e-01 -4.164136155508825254e+01
4.025878906250000000e-01 -4.174739455741402594e+01
4.028320312500000000e-01 -4.185501829034278387e+01
4.030761718750000000e-01 -4.196427378133265762e+01
4.033203125000000000e-01 -4.207520374183011569e+01
4.035644531250000000e-01 -4.218785266067306594e+01
4.038085937500000000e-01 -4.230226690406294665e+01
4.040527343750000000e-01 -4.241849482266977844e+01
4.042968750000000000e-01 -4.253658686648576293e+01
4.045410156250000000e-01 -4.265659570811320123e+01
4.047851562500000000e-01 -4.277857637524039802e+01
4.050292968750000000e-01 -4.290258639313889688e+01
4.052734375000000000e-01 -4.302868593810585196e+01
4.055175781250000000e-01 -4.315693800287776583e+01
4.057617187500000000e-01 -4.328740857515083462e+01
4.060058593750000000e-01 -4.342016683047774706e+01
4.062500000000000000e-01 -4.355528534095174820e+01
4.064941406250000000e-01 -4.369284030125140816e+01
4.067382812500000000e-01 -4.383291177381479997e+01
4.069824218750000000e-01 -4.397558395511256890e+01
4.072265625000000000e-01 -4.412094546524108551e+01
4.074707031250000000e-01 -4.426908966332986495e+01
4.077148437500000000e-01 -4.442011499157192844e+01
4.079589843750000000e-01 -4.457412535105596874e+01
4.082031250000000000e-01 -4.473123051299086939e+01
4.084472656250000000e-01 -4.489154656940129229e+01
4.086914062500000000e-01 -4.505519642792915391e+01
4.089355468750000000e-01 -4.522231035602299443e+01
4.091796875000000000e-01 -4.539302658055351714e+01
4.094238281250000000e-01 -4.556749194976792694e+01
4.096679687500000000e-01 -4.574586266553005487e+01
4.099121093750000000e-01 -4.592830509498952551e+01
4.101562500000000000e-01 -4.611499667225758969e+01
4.104003906250000000e-01 -4.630612690233003548e+01
4.106445312500000000e-01 -4.650189848150145622e+01
4.108886718750000000e-01 -4.670252855087263555e+01
4.111328125000000000e-01 -4.690825010238854276e+01
4.113769531250000000e-01 -4.711931356023391260e+01
4.116210937500000000e-01 -4.733598856450705483e+01
4.118652343750000000e-01 -4.755856598903225319e+01
4.121093750000000000e-01 -4.778736023119284937e+01
4.123535156250000000e-01 -4.802271181901282660e+01
4.125976562500000000e-01 -4.826499038973430089e+01
4.128417968750000000e-01 -4.851459810528651673e+01
4.130859375000000000e-01 -4.877197358387341097e+01
4.133300781250000000e-01 -4.903759644419462660e+01
4.135742187500000000e-01 -4.931199258055129064e+01
4.138183593750000000e-01 -4.959574031459897014e+01
4.140625000000000000e-01 -4.988947760460774106e+01
4.143066406250000000e-01 -5.019391053815920145e+01
4.145507812500000000e-01 -5.050982339262178300e+01
4.147949218750000000e-01 -5.083809062406228918e+01
4.150390625000000000e-01 -5.117969124591820673e+01
4.152832031250000000e-01 -5.153572619287746903e+01
4.155273437500000000e-01 -5.190743944602131421e+01
4.157714843750000000e-01 -5.229624394138855337e+01
4.160156250000000000e-01 -5.270375362358603155e+01
4.162597656250000000e-01 -5.313182348095070040e+01
4.165039062500000000e-01 -5.358260007275071501e+01
4.167480468750000000e-01 -5.405858603142269203e+01
4.169921875000000000e-01 -5.456272345117679379e+01
4.172363281250000000e-01 -5.509850321394827688e+01
4.174804687500000000e-01 -5.567011057978685784e+01
4.177246093750000000e-01 -5.628262250894154306e+01
4.179687500000000000e-01 -5.694228047235854007e+01
4.182128906250000000e-01 -5.765687629814689075e+01
4.184570312500000000e-01 -5.843631237565702463e+01
4.187011718750000000e-01 -5.929344024268975488e+01
4.189453125000000000e-01 -6.024536206446704512e+01
4.191894531250000000e-01 -6.131554010359347728e+01
4.194335937500000000e-01 -6.253740259098176324e+01
4.196777343750000000e-01 -6.396093370294559577e+01
4.199218750000000000e-01 -6.566581016564087747e+01
4.201660156250000000e-01 -6.779087166356377736e+01
4.204101562500000000e-01 -7.061264192685905527e+01
4.206542968750000000e-01 -7.482255442079063812e+01
4.208984375000000000e-01 -8.332038016111971501e+01
4.211425781250000000e-01 -8.691504617911952835e+01
4.213867187500000000e-01 -7.599865726963753332e+01
4.216308593750000000e-01 -7.130908191802517138e+01
4.218750000000000000e-01 -6.827906429043279957e+01
4.221191406250000000e-01 -6.603600730541798214e+01
4.223632812500000000e-01 -6.425412526744209174e+01
4.226074218750000000e-01 -6.277565178394744549e+01
4.228515625000000000e-01 -6.151208227571592602e+01
4.230957031250000000e-01 -6.040876040804549518e+01
4.233398437500000000e-01 -5.942955354749181396e+01
4.235839843750000000e-01 -5.854932551416027309e+01
4.238281250000000000e-01 -5.774988258003732255e+01
4.240722656250000000e-01 -5.701763101720472804e+01
4.243164062500000000e-01 -5.634214620296322096e+01
4.245605468750000000e-01 -5.571525817619971832e+01
4.248046875000000000e-01 -5.513044494443899879e+01
4.250488281250000000e-01 -5.458241705544425315e+01
4.252929687500000000e-01 -5.406682534814912344e+01
4.255371093750000000e-01 -5.358005049695051270e+01
4.257812500000000000e-01 -5.311904832912513541e+01
4.260253906250000000e-01 -5.268123406799329445e+01
4.262695312500000000e-01 -5.226439430820498444e+01
4.265136718750000000e-01 -5.186661911376640433e+01
4.267578125000000000e-01 -5.148624895915289557e+01
4.270019531250000000e-01 -5.112183278251124818e+01
4.272460937500000000e-01 -5.077209447021044042e+01
4.274902343750000000e-01 -5.043590581745266377e+01
4.277343750000000000e-01 -5.011226451902856383e+01
4.279785156250000000e-01 -4.980027610747302447e+01
4.282226562500000000e-01 -4.949913901839241248e+01
4.284667968750000000e-01 -4.920813215493230075e+01
4.287109375000000000e-01 -4.892660446575547439e+01
4.289550781250000000e-01 -4.865396615754438869e+01
4.291992187500000000e-01 -4.838968124374889612e+01
4.294433593750000000e-01 -4.813326119291961902e+01
4.296875000000000000e-01 -4.788425948748322014e+01
4.299316406250000000e-01 -4.764226694070985957e+01
4.301757812500000000e-01 -4.740690764852256933e+01
4.304199218750000000e-01 -4.717783547560025426e+01
4.306640625000000000e-01 -4.695473099332043887e+01
4.309082031250000000e-01 -4.673729880156966487e+01
4.311523437500000000e-01 -4.652526517808104245e+01
4.313964843750000000e-01 -4.631837600838019142e+01
4.316406250000000000e-01 -4.611639495707837710e+01
4.318847656250000000e-01 -4.591910184751266399e+01
4.321289062500000000e-01 -4.572629122188474327e+01
4.323730468750000000e-01 -4.553777105829429672e+01
4.326171875000000000e-01 -4.535336162458633424e+01
4.328613281250000000e-01 -4.517289445187392971e+01
4.331054687500000000e-01 -4.499621141304434246e+01
4.333496093750000000e-01 -4.482316389362306808e+01
4.335937500000000000e-01 -4.465361204410583440e+01
4.338378906250000000e-01 -4.448742410433751360e+01
4.340820312500000000e-01 -4.432447579176336205e+01
4.343261718750000000e-01 -4.416464974644188857e+01
4.345703125000000000e-01 -4.400783502661504087e+01
4.348144531250000000e-01 -4.385392664940417973e+01
4.350585937500000000e-01 -4.370282517187747828e+01
4.353027343750000000e-01 -4.355443630830085056e+01
4.355468750000000000e-01 -4.340867057988565136e+01
4.357910156250000000e-01 -4.326544299377985681e+01
4.360351562500000000e-01 -4.312467274841839071e+01
4.362792968750000000e-01 -4.298628296267902726e+01
4.365234375000000000e-01 -4.285020042657051675e+01
4.367675781250000000e-01 -4.271635537143352224e+01
4.370117187500000000e-01 -4.258468125784724378e+01
4.372558593750000000e-01 -4.245511457963226576e+01
4.375000000000000000e-01 -4.232759468250262103e+01
4.377441406250000000e-01 -4.220206359607548308e+01
4.379882812500000000e-01 -4.207846587807259198e+01
4.382324218750000000e-01 -4.195674846966915084e+01
4.384765625000000000e-01 -4.183686056104295403e+01
4.387207031250000000e-01 -4.171875346627782477e+01
4.389648437500000000e-01 -4.160238050684618827e+01
4.392089843750000000e-01 -4.148769690297655188e+01
4.394531250000000000e-01 -4.137465967227551999e+01
4.396972656250000000e-01 -4.126322753502661556e+01
4.399414062500000000e-01 -4.115336082564959952e+01
4.401855468750000000e-01 -4.104502140984310188e+01
4.404296875000000000e-01 -4.093817260697794325e+01
4.406738281250000000e-01 -4.083277911734867871e+01
4.409179687500000000e-01 -4.072880695392144901e+01
4.411621093750000000e-01 -4.062622337824996066e+01
4.414062500000000000e-01 -4.052499684025598015e+01
4.416503906250000000e-01 -4.042509692160101764e+01
4.418945312500000000e-01 -4.032649428239125911e+01
4.421386718750000000e-01 -4.022916061098758433e+01
4.423828125000000000e-01 -4.013306857670170302e+01
4.426269531250000000e-01 -4.003819178518504884e+01
4.428710937500000000e-01 -3.994450473632640097e+01
4.431152343750000000e-01 -3.985198278449196607e+01
4.433593750000000000e-01 -3.976060210095268133e+01
4.436035156250000000e-01 -3.967033963835622501e+01
4.438476562500000000e-01 -3.958117309711091991e+01
4.440917968750000000e-01 -3.949308089356153317e+01
4.443359375000000000e-01 -3.940604212984061405e+01
4.445800781250000000e-01 -3.932003656529255409e+01
4.448242187500000000e-01 -3.923504458937316741e+01
4.450683593750000000e-01 -3.915104719593265514e+01
4.453125000000000000e-01 -3.906802595879926798e+01
4.455566406250000000e-01 -3.898596300858633867e+01
4.458007812500000000e-01 -3.890484101064748756e+01
4.460449218750000000e-01 -3.882464314411465978e+01
4.462890625000000000e-01 -3.874535308195513039e+01
4.465332031250000000e-01 -3.866695497198775655e+01
4.467773437500000000e-01 -3.858943341880535627e+01
4.470214843750000000e-01 -3.851277346654983091e+01
4.472656250000000000e-01 -3.843696058249413028e+01
4.475097656250000000e-01 -3.836198064138538655e+01
4.477539062500000000e-01 -3.828781991050563249e+01
4.479980468750000000e-01 -3.821446503541481121e+01
4.482421875000000000e-01 -3.814190302633478780e+01
4.484863281250000000e-01 -3.807012124514351825e+01
4.487304687500000000e-01 -3.799910739294415407e+01
4.489746093750000000e-01 -3.792884949818143525e+01
4.492187500000000000e-01 -3.785933590527439208e+01
4.494628906250000000e-01 -3.779055526374070695e+01
4.497070312500000000e-01 -3.772249651778517432e+01
4.499511718750000000e-01 -3.765514889633152507e+01
4.501953125000000000e-01 -3.758850190347237685e+01
4.504394531250000000e-01 -3.752254530931863741e+01
4.506835937500000000e-01 -3.745726914122700180e+01
4.509277343750000000e-01 -3.739266367538797198e+01
4.511718750000000000e-01 -3.732871942875579663e+01
4.514160156250000000e-01 -3.726542715130504746e+01
4.516601562500000000e-01 -3.720277781859703481e+01
4.519042968750000000e-01 -3.714076262464162426e+01
4.521484375000000000e-01 -3.707937297504095397e+01
4.523925781250000000e-01 -3.701860048040101248e+01
4.526367187500000000e-01 -3.695843694999945939e+01
4.528808593750000000e-01 -3.689887438569687106e+01
4.531250000000000000e-01 -3.683990497608170500e+01
4.533691406250000000e-01 -3.678152109083649890e+01
4.536132812500000000e-01 -3.672371527531709745e+01
4.538574218750000000e-01 -3.666648024533402861e+01
4.541015625000000000e-01 -3.660980888212778694e+01
4.543457031250000000e-01 -3.655369422752956154e+01
4.545898437500000000e-01 -3.649812947929797247e+01
4.548339843750000000e-01 -3.644310798662673534e+01
4.550781250000000000e-01 -3.638862324581283048e+01
4.553222656250000000e-01 -3.633466889608038031e+01
4.555664062500000000e-01 -3.628123871555344948e+01
4.558105468750000000e-01 -3.622832661736983084e+01
4.560546875000000000e-01 -3.617592664593252039e+01
4.562988281250000000e-01 -3.612403297329063179e+01
4.565429687500000000e-01 -3.607263989564579987e+01
4.567871093750000000e-01 -3.602174182997904950e+01
4.570312500000000000e-01 -3.597133331079169238e+01
4.572753906250000000e-01 -3.592140898695794959e+01
4.575195312500000000e-01 -3.587196361868280547e+01
4.577636718750000000e-01 -3.582299207456134127e+01
4.580078125000000000e-01 -3.577448932873691945e+01
4.582519531250000000e-01 -3.572645045815176701e+01
4.584960937500000000e-01 -3.567887063988916907e+01
4.587402343750000000e-01 -3.563174514860105546e+01
4.589843750000000000e-01 -3.558506935401986482e+01
4.592285156250000000e-01 -3.553883871854986864e+01
4.594726562500000000e-01 -3.549304879493602982e+01
4.597167968750000000e-01 -3.544769522400660833e+01
4.599609375000000000e-01 -3.540277373248725468e+01
4.602050781250000000e-01 -3.535828013088381283e+01
4.604492187500000000e-01 -3.531421031143128886e+01
4.606933593750000000e-01 -3.527056024610592999e+01
4.609375000000000000e-01 -3.522732598469949039e+01
4.611816406250000000e-01 -3.518450365295178983e+01
4.614257812500000000e-01 -3.514208945074094004e+01
4.616699218750000000e-01 -3.510007965032742305e+01
4.619140625000000000e-01 -3.505847059465220639e+01
4.621582031250000000e-01 -3.501725869568503668e+01
4.624023437500000000e-01 -3.497644043282254245e+01
4.626464843750000000e-01 -3.493601235133299099e+01
4.628906250000000000e-01 -3.489597106084821121e+01
4.631347656250000000e-01 -3.485631323389797842e+01
4.633789062500000000e-01 -3.481703560448866597e+01
4.636230468750000000e-01 -3.477813496672241200e+01
4.638671875000000000e-01 -3.473960817345574981e+01
4.641113281250000000e-01 -3.470145213499758796e+01
4.643554687500000000e-01 -3.466366381784341399e+01
4.645996093750000000e-01 -3.462624024344619755e+01
4.648437500000000000e-01 -3.458917848702148490e+01
4.650878906250000000e-01 -3.455247567638605233e+01
4.653320312500000000e-01 -3.451612899082963537e+01
4.655761718750000000e-01 -3.448013566001684893e+01
4.658203125000000000e-01 -3.444449296292087581e+01
4.660644531250000000e-01 -3.440919822678552720e+01
4.663085937500000000e-01 -3.437424882611581722e+01
4.665527343750000000e-01 -3.433964218169658977e+01
4.667968750000000000e-01 -3.430537575963722929e+01
4.670410156250000000e-01 -3.427144707044243432e+01
4.672851562500000000e-01 -3.423785366810791686e+01
4.675292968750000000e-01 -3.420459314924021044e+01
4.677734375000000000e-01 -3.417166315219981954e+01
4.680175781250000000e-01 -3.413906135626751848e+01
4.682617187500000000e-01 -3.410678548083215844e+01
4.685058593750000000e-01 -3.407483328459991867e+01
4.687500000000000000e-01 -3.404320256482439788e+01
4.689941406250000000e-01 -3.401189115655674300e+01
4.692382812500000000e-01 -3.398089693191485594e+01
4.694824218750000000e-01 -3.395021779937213324e+01
4.697265625000000000e-01 -3.391985170306364239e+01
4.699707031250000000e-01 -3.388979662211091437e+01
4.702148437500000000e-01 -3.386005056996329188e+01
4.704589843750000000e-01 -3.383061159375639448e+01
4.707031250000000000e-01 -3.380147777368658524e+01
4.709472656250000000e-01 -3.377264722240138184e+01
4.711914062500000000e-01 -3.374411808440493132e+01
4.714355468750000000e-01 -3.371588853547873299e+01
4.716796875000000000e-01 -3.368795678211638744e+01
4.719238281250000000e-01 -3.366032106097255650e+01
4.721679687500000000e-01 -3.363297963832548731e+01
4.724121093750000000e-01 -3.360593080955313638e+01
4.726562500000000000e-01 -3.357917289862139398e+01
4.729003906250000000e-01 -3.355270425758578767e+01
4.731445312500000000e-01 -3.352652326610447631e+01
4.733886718750000000e-01 -3.350062833096384196e+01
4.736328125000000000e-01 -3.347501788561486080e+01
4.738769531250000000e-01 -3.344969038972135422e+01
4.741210937500000000e-01 -3.342464432871860680e+01
4.743652343750000000e-01 -3.339987821338283425e+01
4.746093750000000000e-01 -3.337539057941122422e+01
4.748535156250000000e-01 -3.335117998701106501e+01
4.750976562500000000e-01 -3.332724502050020732e+01
4.753417968750000000e-01 -3.330358428791539893e+01
4.755859375000000000e-01 -3.328019642063098615e+01
4.758300781250000000e-01 -3.325708007298631230e+01
4.760742187500000000e-01 -3.323423392192199799e+01
4.763183593750000000e-01 -3.321165666662422922e+01
4.765625000000000000e-01 -3.318934702817842464e+01
4.768066406250000000e-01 -3.316730374923033509e+01
4.770507812500000000e-01 -3.314552559365483120e+01
4.772949218750000000e-01 -3.312401134623354437e+01
4.775390625000000000e-01 -3.310275981233853315e+01
4.777832031250000000e-01 -3.308176981762476032e+01
4.780273437500000000e-01 -3.306104020772848884e+01
4.782714843750000000e-01 -3.304056984797370689e+01
4.785156250000000000e-01 -3.302035762308473466e+01
4.787597656250000000e-01 -3.300040243690570918e+01
4.790039062500000000e-01 -3.298070321212627931e+01
4.792480468750000000e-01 -3.296125889001466192e+01
4.794921875000000000e-01 -3.294206843015508213e+01
4.797363281250000000e-01 -3.292313081019305798e+01
4.799804687500000000e-01 -3.290444502558570861e+01
4.802246093750000000e-01 -3.288601008935771830e+01
4.804687500000000000e-01 -3.286782503186354631e+01
4.807128906250000000e-01 -3.284988890055427646e+01
4.809570312500000000e-01 -3.283220075975097529e+01
4.812011718750000000e-01 -3.281475969042207907e+01
4.814453125000000000e-01 -3.279756478996687008e+01
4.816894531250000000e-01 -3.278061517200355013e+01
4.819335937500000000e-01 -3.276390996616225948e+01
4.821777343750000000e-01 -3.274744831788297006e+01
4.824218750000000000e-01 -3.273122938821791905e+01
4.826660156250000000e-01 -3.271525235363908735e+01
4.829101562500000000e-01 -3.269951640584950070e+01
4.831542968750000000e-01 -3.268402075159953313e+01
4.833984375000000000e-01 -3.266876461250721775e+01
4.836425781250000000e-01 -3.265374722488270720e+01
4.838867187500000000e-01 -3.263896783955735970e+01
4.841308593750000000e-01 -3.262442572171599409e+01
4.843750000000000000e-01 -3.261012015073421821e+01
4.846191406250000000e-01 -3.259605042001847863e+01
4.848632812500000000e-01 -3.258221583685086387e+01
4.851074218750000000e-01 -3.256861572223731116e+01
4.853515625000000000e-01 -3.255524941075903911e+01
4.855957031250000000e-01 -3.254211625042833589e+01
4.858398437500000000e-01 -3.252921560254746680e+01
4.860839843750000000e-01 -3.251654684157073660e+01
4.863281250000000000e-01 -3.250410935497051668e+01
4.865722656250000000e-01 -3.249190254310644121e+01
4.868164062500000000e-01 -3.247992581909728926e+01
4.870605468750000000e-01 -3.246817860869703765e+01
4.873046875000000000e-01 -3.245666035017337236e+01
4.875488281250000000e-01 -3.244537049418941876e+01
4.877929687500000000e-01 -3.243430850368846308e+01
4.880371093750000000e-01 -3.242347385378216984e+01
4.882812500000000000e-01 -3.241286603164076041e+01
4.885253906250000000e-01 -3.240248453638705683e+01
4.887695312500000000e-01 -3.239232887899274260e+01
4.890136718750000000e-01 -3.238239858217761480e+01
4.892578125000000000e-01 -3.237269318031167842e+01
4.895019531250000000e-01 -3.236321221931959968e+01
4.897460937500000000e-01 -3.235395525658836391e+01
4.899902343750000000e-01 -3.234492186087677368e+01
4.902343750000000000e-01 -3.233611161222854946e+01
4.904785156250000000e-01 -3.232752410188683712e+01
4.907226562500000000e-01 -3.231915893221217573e+01
4.909667968750000000e-01 -3.231101571660236971e+01
4.912109375000000000e-01 -3.230309407941503963e+01
4.914550781250000000e-01 -3.229539365589238997e+01
4.916992187500000000e-01 -3.228791409208834295e+01
4.919433593750000000e-01 -3.228065504479837955e+01
4.921875000000000000e-01 -3.227361618149129896e+01
4.924316406250000000e-01 -3.226679718024342236e+01
4.926757812500000000e-01 -3.226019772967459431e+01
4.929199218750000000e-01 -3.225381752888745268e+01
4.931640625000000000e-01 -3.224765628740762935e+01
4.934082031250000000e-01 -3.224171372512713418e+01
4.936523437500000000e-01 -3.223598957224935191e+01
4.938964843750000000e-01 -3.223048356923624169e+01
4.941406250000000000e-01 -3.222519546675772517e+01
4.943847656250000000e-01 -3.222012502564328429e+01
4.946289062500000000e-01 -3.221527201683495889e+01
4.948730468750000000e-01 -3.221063622134363413e+01
4.951171875000000000e-01 -3.220621743020596739e+01
4.953613281250000000e-01 -3.220201544444418573e+01
4.956054687500000000e-01 -3.219803007502763137e+01
4.958496093750000000e-01 -3.219426114283643159e+01
4.960937500000000000e-01 -3.219070847862657558e+01
4.963378906250000000e-01 -3.218737192299790451e+01
4.965820312500000000e-01 -3.218425132636286889e+01
4.968261718750000000e-01 -3.218134654891844804e+01
4.970703125000000000e-01 -3.217865746061868037e+01
4.973144531250000000e-01 -3.217618394115031322e+01
4.975585937500000000e-01 -3.217392587990949693e+01
4.978027343750000000e-01 -3.217188317598039049e+01
4.980468750000000000e-01 -3.217005573811650265e+01
4.982910156250000000e-01 -3.216844348472263704e+01
4.985351562500000000e-01 -3.216704634383966521e+01
4.987792968750000000e-01 -3.216586425313077768e+01
4.990234375000000000e-01 -3.216489715986951836e+01
4.992675781250000000e-01 -3.216414502092970906e+01
4.995117187500000000e-01 -3.216360780277722853e+01
4.997558593750000000e-01 -3.216328548146379518e+01
