-5.000000000000000000e-01 -7.185596972122500858e+01
-4.997558593750000000e-01 -7.185717703699089043e+01
-4.995117187500000000e-01 -7.186079967177815320e+01
-4.992675781250000000e-01 -7.186683968962417168e+01
-4.990234375000000000e-01 -7.187530053571984467e+01
-4.987792968750000000e-01 -7.188618704418097138e+01
-4.985351562500000000e-01 -7.189950544895016549e+01
-4.982910156250000000e-01 -7.191526339790392797e+01
-4.980468750000000000e-01 -7.193346997022769074e+01
-4.978027343750000000e-01 -7.195413569715051949e+01
-4.975585937500000000e-01 -7.197727258617366886e+01
-4.973144531250000000e-01 -7.200289414881343930e+01
-4.970703125000000000e-01 -7.203101543211411695e+01
-4.968261718750000000e-01 -7.206165305401304977e+01
-4.965820312500000000e-01 -7.209482524277245830e+01
-4.963378906250000000e-01 -7.213055188065771972e+01
-4.960937500000000000e-01 -7.216885455210908162e+01
-4.958496093750000000e-01 -7.220975659666919455e+01
-4.956054687500000000e-01 -7.225328316690423947e+01
-4.953613281250000000e-01 -7.229946129169627511e+01
-4.951171875000000000e-01 -7.234831994521574927e+01
-4.948730468750000000e-01 -7.239989012199451679e+01
-4.946289062500000000e-01 -7.245420491848713596e+01
-4.943847656250000000e-01 -7.251129962165597931e+01
-4.941406250000000000e-01 -7.257121180507024860e+01
-4.938964843750000000e-01 -7.263398143312842592e+01
-4.936523437500000000e-01 -7.269965097404629262e+01
-4.934082031250000000e-01 -7.276826552236019552e+01
-4.931640625000000000e-01 -7.283987293169509769e+01
-4.929199218750000000e-01 -7.291452395876154924e+01
-4.926757812500000000e-01 -7.299227241954831413e+01
-4.924316406250000000e-01 -7.307317535878507897e+01
-4.921875000000000000e-01 -7.315729323395696326e+01
-4.919433593750000000e-01 -7.324469011525631856e+01
-4.916992187500000000e-01 -7.333543390297475639e+01
-4.914550781250000000e-01 -7.342959656407001034e+01
-4.912109375000000000e-01 -7.352725438989421036e+01
-4.909667968750000000e-01 -7.362848827721032308e+01
-4.907226562500000000e-01 -7.373338403492508064e+01
-4.904785156250000000e-01 -7.384203271942431002e+01
-4.902343750000000000e-01 -7.395453100146112035e+01
-4.899902343750000000e-01 -7.407098156826702962e+01
-4.897460937500000000e-01 -7.419149356483399060e+01
-4.895019531250000000e-01 -7.431618307894962072e+01
-4.892578125000000000e-01 -7.444517367514380624e+01
-4.890136718750000000e-01 -7.457859698356237743e+01
-4.887695312500000000e-01 -7.471659335049437800e+01
-4.885253906250000000e-01 -7.485931255838623599e+01
-4.882812500000000000e-01 -7.500691462439591817e+01
-4.880371093750000000e-01 -7.515957068775274763e+01
-4.877929687500000000e-01 -7.531746399814893778e+01
-4.875488281250000000e-01 -7.548079101895102383e+01
-4.873046875000000000e-01 -7.564976266170216945e+01
-4.870605468750000000e-01 -7.582460567091708015e+01
-4.868164062500000000e-01 -7.600556418161913541e+01
-4.865722656250000000e-01 -7.619290147602505670e+01
-4.863281250000000000e-01 -7.638690197059706577e+01
-4.860839843750000000e-01 -7.658787347072086504e+01
-4.858398437500000000e-01 -7.679614973712244819e+01
-4.855957031250000000e-01 -7.701209341740904790e+01
-4.853515625000000000e-01 -7.723609940654442596e+01
-4.851074218750000000e-01 -7.746859871391592378e+01
-4.848632812500000000e-01 -7.771006293128417042e+01
-4.846191406250000000e-01 -7.796100941716134969e+01
-4.843750000000000000e-01 -7.822200734007705591e+01
-4.841308593750000000e-01 -7.849368475699074565e+01
-4.838867187500000000e-01 -7.877673694732473564e+01
-4.836425781250000000e-01 -7.907193627956200999e+01
-4.833984375000000000e-01 -7.938014396126372674e+01
-4.831542968750000000e-01 -7.970232412140569522e+01
-4.829101562500000000e-01 -8.003956080298719655e+01
-4.826660156250000000e-01 -8.039307861925769316e+01
-4.824218750000000000e-01 -8.076426806373532941e+01
-4.821777343750000000e-01 -8.115471679205433020e+01
-4.819335937500000000e-01 -8.156624865004528147e+01
-4.816894531250000000e-01 -8.200097287050323303e+01
-4.814453125000000000e-01 -8.246134679366025466e+01
-4.812011718750000000e-01 -8.295025683207558131e+01
-4.809570312500000000e-01 -8.347112444522088026e+01
-4.807128906250000000e-01 -8.402804700656365355e+01
-4.804687500000000000e-01 -8.462598832808915006e+01
-4.802246093750000000e-01 -8.527104145150033787e+01
-4.799804687500000000e-01 -8.597079931877389924e+01
-4.797363281250000000e-01 -8.673489125745454942e+01
-4.794921875000000000e-01 -8.757578311343830535e+01
-4.792480468750000000e-01 -8.851001362571787467e+01
-4.790039062500000000e-01 -8.956018778001748615e+01
-4.787597656250000000e-01 -9.075836191369707251e+01
-4.785156250000000000e-01 -9.215217878692071451e+01
-4.782714843750000000e-01 -9.381696320659727917e+01
-4.780273437500000000e-01 -9.588244350869169352e+01
-4.777832031250000000e-01 -9.860231536054281776e+01
-4.775390625000000000e-01 -1.025900593344143203e+02
-4.772949218750000000e-01 -1.101914769927034286e+02
-4.770507812500000000e-01 -1.181473799225098560e+02
-4.768066406250000000e-01 -1.050822246644957829e+02
-4.765625000000000000e-01 -1.000842013837058175e+02
-4.763183593750000000e-01 -9.693234161872433674e+01
-4.760742187500000000e-01 -9.462556489408567018e+01
-4.758300781250000000e-01 -9.280584770205518907e+01
-4.755859375000000000e-01 -9.130352418625400901e+01
-4.753417968750000000e-01 -9.002467485413859549e+01
-4.750976562500000000e-01 -8.891182574377251058e+01
-4.748535156250000000e-01 -8.792723364773705441e+01
-4.746093750000000000e-01 -8.704477528658721042e+01
-4.743652343750000000e-01 -8.624561847657381009e+01
-4.741210937500000000e-01 -8.551573846569158377e+01
-4.738769531250000000e-01 -8.484440933561904785e+01
-4.736328125000000000e-01 -8.422324436432627692e+01
-4.733886718750000000e-01 -8.364556181512507749e+01
-4.731445312500000000e-01 -8.310595209437983044e+01
-4.729003906250000000e-01 -8.259997411398116185e+01
-4.726562500000000000e-01 -8.212393717297447893e+01
-4.724121093750000000e-01 -8.167474098980855501e+01
-4.721679687500000000e-01 -8.124975621957351279e+01
-4.719238281250000000e-01 -8.084673375127825068e+01
-4.716796875000000000e-01 -8.046373484735725867e+01
-4.714355468750000000e-01 -8.009907663010361034e+01
-4.711914062500000000e-01 -7.975128903923061330e+01
-4.709472656250000000e-01 -7.941908048036692946e+01
-4.707031250000000000e-01 -7.910131014061242638e+01
-4.704589843750000000e-01 -7.879696547610716095e+01
-4.702148437500000000e-01 -7.850514375390001476e+01
-4.699707031250000000e-01 -7.822503680243538327e+01
-4.697265625000000000e-01 -7.795591832393436960e+01
-4.694824218750000000e-01 -7.769713326883397997e+01
-4.692382812500000000e-01 -7.744808888298962302e+01
-4.689941406250000000e-01 -7.720824712132193213e+01
-4.687500000000000000e-01 -7.697711818508700787e+01
-4.685058593750000000e-01 -7.675425498883409148e+01
-4.682617187500000000e-01 -7.653924840126214235e+01
-4.680175781250000000e-01 -7.633172313350281968e+01
-4.677734375000000000e-01 -7.613133417223002652e+01
-4.675292968750000000e-01 -7.593776367310772457e+01
-4.672851562500000000e-01 -7.575071824517253560e+01
-4.670410156250000000e-01 -7.556992656883249992e+01
-4.667968750000000000e-01 -7.539513729925229768e+01
-4.665527343750000000e-01 -7.522611721540381780e+01
-4.663085937500000000e-01 -7.506264958099784224e+01
-4.660644531250000000e-01 -7.490453268891630501e+01
-4.658203125000000000e-01 -7.475157856514218224e+01
-4.655761718750000000e-01 -7.460361181176038770e+01
-4.653320312500000000e-01 -7.446046857157601551e+01
-4.650878906250000000e-01 -7.432199559940448808e+01
-4.648437500000000000e-01 -7.418804942717181916e+01
-4.645996093750000000e-01 -7.405849561185077334e+01
-4.643554687500000000e-01 -7.393320805660448514e+01
-4.641113281250000000e-01 -7.381206839676941911e+01
-4.638671875000000000e-01 -7.369496544366067781e+01
-4.636230468750000000e-01 -7.358179467967238452e+01
-4.633789062500000000e-01 -7.347245779938613452e+01
-4.631347656250000000e-01 -7.336686229168172702e+01
-4.628906250000000000e-01 -7.326492105879650296e+01
-4.626464843750000000e-01 -7.316655206839830328e+01
-4.624023437500000000e-01 -7.307167803560170682e+01
-4.621582031250000000e-01 -7.298022613185155194e+01
-4.619140625000000000e-01 -7.289212771815816438e+01
-4.616699218750000000e-01 -7.280731810042294683e+01
-4.614257812500000000e-01 -7.272573630473655726e+01
-4.611816406250000000e-01 -7.264732487097454339e+01
-4.609375000000000000e-01 -7.257202966289280255e+01
-4.606933593750000000e-01 -7.249979969342967934e+01
-4.604492187500000000e-01 -7.243058696387768691e+01
-4.602050781250000000e-01 -7.236434631569504461e+01
-4.599609375000000000e-01 -7.230103529404351548e+01
-4.597167968750000000e-01 -7.224061402199779991e+01
-4.594726562500000000e-01 -7.218304508467275582e+01
-4.592285156250000000e-01 -7.212829342246509157e+01
-4.589843750000000000e-01 -7.207632623275772232e+01
-4.587402343750000000e-01 -7.202711287946588925e+01
-4.584960937500000000e-01 -7.198062480982505917e+01
-4.582519531250000000e-01 -7.193683547805741796e+01
-4.580078125000000000e-01 -7.189572027529975173e+01
-4.577636718750000000e-01 -7.185725646548677048e+01
-4.575195312500000000e-01 -7.182142312689214236e+01
-4.572753906250000000e-01 -7.178820109879561073e+01
-4.570312500000000000e-01 -7.175757293318538643e+01
-4.567871093750000000e-01 -7.172952285119156102e+01
-4.565429687500000000e-01 -7.170403670392298068e+01
-4.562988281250000000e-01 -7.168110193756925241e+01
-4.560546875000000000e-01 -7.166070756267795616e+01
-4.558105468750000000e-01 -7.164284412723957018e+01
-4.555664062500000000e-01 -7.162750369361845060e+01
-4.553222656250000000e-01 -7.161467981918448800e+01
-4.550781250000000000e-01 -7.160436754044346230e+01
-4.548339843750000000e-01 -7.159656336074971250e+01
-4.545898437500000000e-01 -7.159126524137371916e+01
-4.543457031250000000e-01 -7.158847259599301083e+01
-4.541015625000000000e-01 -7.158818628861699551e+01
-4.538574218750000000e-01 -7.159040863471045668e+01
-4.536132812500000000e-01 -7.159514340584236436e+01
-4.533691406250000000e-01 -7.160239583757544324e+01
-4.531250000000000000e-01 -7.161217264090892343e+01
-4.528808593750000000e-01 -7.162448201707310602e+01
-4.526367187500000000e-01 -7.163933367596833079e+01
-4.523925781250000000e-01 -7.165673885820720557e+01
-4.521484375000000000e-01 -7.167671036089909364e+01
-4.519042968750000000e-01 -7.169926256737068115e+01
-4.516601562500000000e-01 -7.172441148086464580e+01
-4.514160156250000000e-01 -7.175217476249231652e+01
-4.511718750000000000e-01 -7.178257177355015983e+01
-4.509277343750000000e-01 -7.181562362256782706e+01
-4.506835937500000000e-01 -7.185135321710727396e+01
-4.504394531250000000e-01 -7.188978532082823847e+01
-4.501953125000000000e-01 -7.193094661602643214e+01
-4.499511718750000000e-01 -7.197486577197155100e+01
-4.497070312500000000e-01 -7.202157351949664132e+01
-4.494628906250000000e-01 -7.207110273226689401e+01
-4.492187500000000000e-01 -7.212348851512439296e+01
-4.489746093750000000e-01 -7.217876830023259060e+01
-4.487304687500000000e-01 -7.223698195135440869e+01
-4.484863281250000000e-01 -7.229817187718434468e+01
-4.482421875000000000e-01 -7.236238315425532619e+01
-4.479980468750000000e-01 -7.242966366043636128e+01
-4.477539062500000000e-01 -7.250006421967412962e+01
-4.475097656250000000e-01 -7.257363875929944186e+01
-4.472656250000000000e-01 -7.265044448069926375e+01
-4.470214843750000000e-01 -7.273054204490291852e+01
-4.467773437500000000e-01 -7.281399577423083258e+01
-4.465332031250000000e-01 -7.290087387178880363e+01
-4.462890625000000000e-01 -7.299124866036798664e+01
-4.460449218750000000e-01 -7.308519684290206442e+01
-4.458007812500000000e-01 -7.318279978655432672e+01
-4.455566406250000000e-01 -7.328414383301480939e+01
-4.453125000000000000e-01 -7.338932063776876191e+01
-4.450683593750000000e-01 -7.349842754153382884e+01
-4.448242187500000000e-01 -7.361156797751486636e+01
-4.445800781250000000e-01 -7.372885191845040254e+01
-4.443359375000000000e-01 -7.385039636820970088e+01
-4.440917968750000000e-01 -7.397632590318295343e+01
-4.438476562500000000e-01 -7.410677326954223076e+01
-4.436035156250000000e-01 -7.424188004331445256e+01
-4.433593750000000000e-01 -7.438179736124169494e+01
-4.431152343750000000e-01 -7.452668673161748814e+01
-4.428710937500000000e-01 -7.467672093576811676e+01
-4.426269531250000000e-01 -7.483208503233737474e+01
-4.423828125000000000e-01 -7.499297747897819022e+01
-4.421386718750000000e-01 -7.515961138780579631e+01
-4.418945312500000000e-01 -7.533221593443731479e+01
-4.416503906250000000e-01 -7.551103794344005848e+01
-4.414062500000000000e-01 -7.569634367728849611e+01
-4.411621093750000000e-01 -7.588842086098759410e+01
-4.409179687500000000e-01 -7.608758098038335049e+01
-4.406738281250000000e-01 -7.629416189970301332e+01
-4.404296875000000000e-01 -7.650853085308833101e+01
-4.401855468750000000e-01 -7.673108787586302526e+01
-4.399414062500000000e-01 -7.696226975527011405e+01
-4.396972656250000000e-01 -7.720255459825973787e+01
-4.394531250000000000e-01 -7.745246713511188830e+01
-4.392089843750000000e-01 -7.771258490614829384e+01
-4.389648437500000000e-01 -7.798354551381073918e+01
-4.387207031250000000e-01 -7.826605516787545014e+01
-4.384765625000000000e-01 -7.856089881105488359e+01
-4.382324218750000000e-01 -7.886895218858568057e+01
-4.379882812500000000e-01 -7.919119632784347118e+01
-4.377441406250000000e-01 -7.952873502944996176e+01
-4.375000000000000000e-01 -7.988281615376818934e+01
-4.372558593750000000e-01 -8.025485773622004615e+01
-4.370117187500000000e-01 -8.064648030846339566e+01
-4.367675781250000000e-01 -8.105954728353202654e+01
-4.365234375000000000e-01 -8.149621594638973932e+01
-4.362792968750000000e-01 -8.195900257834856006e+01
-4.360351562500000000e-01 -8.245086669312050276e+01
-4.357910156250000000e-01 -8.297532153724287696e+01
-4.355468750000000000e-01 -8.353658133862793989e+01
-4.353027343750000000e-01 -8.413976101937946339e+01
-4.350585937500000000e-01 -8.479115253806803310e+01
-4.348144531250000000e-01 -8.549861609745201463e+01
-4.345703125000000000e-01 -8.627214874989307702e+01
-4.343261718750000000e-01 -8.712473664704550913e+01
-4.340820312500000000e-01 -8.807367973242534731e+01
-4.338378906250000000e-01 -8.914274279348477137e+01
-4.335937500000000000e-01 -9.036584081601051821e+01
-4.333496093750000000e-01 -9.179379386881593916e+01
-4.331054687500000000e-01 -9.350784452104308286e+01
-4.328613281250000000e-01 -9.565014680831174587e+01
-4.326171875000000000e-01 -9.850567212647683846e+01
-4.323730468750000000e-01 -1.027956518758427507e+02
-4.321289062500000000e-01 -1.116542757256749780e+02
-4.318847656250000000e-01 -1.138772402320669528e+02
-4.316406250000000000e-01 -1.035262628896360724e+02
-4.313964843750000000e-01 -9.893572238261884877e+01
-4.311523437500000000e-01 -9.594856694569472211e+01
-4.309082031250000000e-01 -9.373089376759830316e+01
-4.306640625000000000e-01 -9.196703893711332967e+01
-4.304199218750000000e-01 -9.050304903802209822e+01
-4.301757812500000000e-01 -8.925217670469720588e+01
-4.299316406250000000e-01 -8.816068831513949533e+01
-4.296875000000000000e-01 -8.719298258483337349e+01
-4.294433593750000000e-01 -8.632425121674532420e+01
-4.291992187500000000e-01 -8.553651405178217715e+01
-4.289550781250000000e-01 -8.481632269026151505e+01
-4.287109375000000000e-01 -8.415335506703030433e+01
-4.284667968750000000e-01 -8.353951587829982373e+01
-4.282226562500000000e-01 -8.296833897222887799e+01
-4.279785156250000000e-01 -8.243457768459565216e+01
-4.277343750000000000e-01 -8.193391636863563576e+01
-4.274902343750000000e-01 -8.146276248736467096e+01
-4.272460937500000000e-01 -8.101809369224912416e+01
-4.270019531250000000e-01 -8.059734331032822752e+01
-4.267578125000000000e-01 -8.019831321538009661e+01
-4.265136718750000000e-01 -7.981910658254797397e+01
-4.262695312500000000e-01 -7.945807531809040825e+01
-4.260253906250000000e-01 -7.911377848177474448e+01
-4.257812500000000000e-01 -7.878494905372451740e+01
-4.255371093750000000e-01 -7.847046711371176286e+01
-4.252929687500000000e-01 -7.816933800329826454e+01
-4.250488281250000000e-01 -7.788067439944427406e+01
-4.248046875000000000e-01 -7.760368148830545465e+01
-4.245605468750000000e-01 -7.733764461713876415e+01
-4.243164062500000000e-01 -7.708191894356285445e+01
-4.240722656250000000e-01 -7.683592070660836271e+01
-4.238281250000000000e-01 -7.659911982399785302e+01
-4.235839843750000000e-01 -7.637103358108529960e+01
-4.233398437500000000e-01 -7.615122122386522108e+01
-4.230957031250000000e-01 -7.593927930503170387e+01
-4.228515625000000000e-01 -7.573483766079512236e+01
-4.226074218750000000e-01 -7.553755591863631480e+01
-4.223632812500000000e-01 -7.534712045412970838e+01
-4.221191406250000000e-01 -7.516324172943242843e+01
-4.218750000000000000e-01 -7.498565195748015810e+01
-4.216308593750000000e-01 -7.481410304526180255e+01
-4.213867187500000000e-01 -7.464836477723081032e+01
-4.211425781250000000e-01 -7.448822320607231973e+01
-4.208984375000000000e-01 -7.433347922307913791e+01
-4.206542968750000000e-01 -7.418394728485444034e+01
-4.204101562500000000e-01 -7.403945427619132147e+01
-4.201660156250000000e-01 -7.389983849226123880e+01
-4.199218750000000000e-01 -7.376494872541881875e+01
-4.196777343750000000e-01 -7.363464344411809748e+01
-4.194335937500000000e-01 -7.350879005310969205e+01
-4.191894531250000000e-01 -7.338726422552704776e+01
-4.189453125000000000e-01 -7.326994929885145780e+01
-4.187011718750000000e-01 -7.315673572749932418e+01
-4.184570312500000000e-01 -7.304752058608580967e+01
-4.182128906250000000e-01 -7.294220711779927058e+01
-4.179687500000000000e-01 -7.284070432325331979e+01
-4.177246093750000000e-01 -7.274292658568560910e+01
-4.174804687500000000e-01 -7.264879332875608497e+01
-4.172363281250000000e-01 -7.255822870374989009e+01
-4.169921875000000000e-01 -7.247116130343356133e+01
-4.167480468750000000e-01 -7.238752389988938774e+01
-4.165039062500000000e-01 -7.230725320414660473e+01
-4.162597656250000000e-01 -7.223028964563866339e+01
-4.160156250000000000e-01 -7.215657716965806401e+01
-4.157714843750000000e-01 -7.208606305127908342e+01
-4.155273437500000000e-01 -7.201869772424890925e+01
-4.152832031250000000e-01 -7.195443462370070620e+01
-4.150390625000000000e-01 -7.189323004139360762e+01
-4.147949218750000000e-01 -7.183504299264876636e+01
-4.145507812500000000e-01 -7.177983509386339733e+01
-4.143066406250000000e-01 -7.172757045001948484e+01
-4.140625000000000000e-01 -7.167821555117627952e+01
-4.138183593750000000e-01 -7.163173917753566400e+01
-4.135742187500000000e-01 -7.158811231233481465e+01
-4.133300781250000000e-01 -7.154730806208145566e+01
-4.130859375000000000e-01 -7.150930158362372424e+01
-4.128417968750000000e-01 -7.147407001768796420e+01
-4.125976562500000000e-01 -7.144159242838330215e+01
-4.123535156250000000e-01 -7.141184974846891009e+01
-4.121093750000000000e-01 -7.138482472996335559e+01
-4.118652343750000000e-01 -7.136050189984509018e+01
-4.116210937500000000e-01 -7.133886752065802739e+01
-4.113769531250000000e-01 -7.131990955573489543e+01
-4.111328125000000000e-01 -7.130361763891718851e+01
-4.108886718750000000e-01 -7.128998304851236867e+01
-4.106445312500000000e-01 -7.127899868551398299e+01
-4.104003906250000000e-01 -7.127065905577813965e+01
-4.101562500000000000e-01 -7.126496025622836328e+01
-4.099121093750000000e-01 -7.126189996491888223e+01
-4.096679687500000000e-01 -7.126147743491165443e+01
-4.094238281250000000e-01 -7.126369349203359604e+01
-4.091796875000000000e-01 -7.126855053633293835e+01
-4.089355468750000000e-01 -7.127605254742219643e+01
-4.086914062500000000e-01 -7.128620509356998980e+01
-4.084472656250000000e-01 -7.129901534476165637e+01
-4.082031250000000000e-01 -7.131449208960749786e+01
-4.079589843750000000e-01 -7.133264575632364313e+01
-4.077148437500000000e-01 -7.135348843789206796e+01
-4.074707031250000000e-01 -7.137703392142462633e+01
-4.072265625000000000e-01 -7.140329772197632963e+01
-4.069824218750000000e-01 -7.143229712100581708e+01
-4.067382812500000000e-01 -7.146405120958407053e+01
-4.064941406250000000e-01 -7.149858093672567350e+01
-4.062500000000000000e-01 -7.153590916297225988e+01
-4.060058593750000000e-01 -7.157606071965068395e+01
-4.057617187500000000e-01 -7.161906247407475234e+01
-4.055175781250000000e-01 -7.166494340105333549e+01
-4.052734375000000000e-01 -7.171373466120758167e+01
-4.050292968750000000e-01 -7.176546968646080416e+01
-4.047851562500000000e-01 -7.182018427333170507e+01
-4.045410156250000000e-01 -7.187791668453941440e+01
-4.042968750000000000e-01 -7.193870775955217312e+01
-4.040527343750000000e-01 -7.200260103490266772e+01
-4.038085937500000000e-01 -7.206964287496677457e+01
-4.035644531250000000e-01 -7.213988261412791303e+01
-4.033203125000000000e-01 -7.221337271137905134e+01
-4.030761718750000000e-01 -7.229016891836268144e+01
-4.028320312500000000e-01 -7.237033046217692345e+01
-4.025878906250000000e-01 -7.245392024433422762e+01
-4.023437500000000000e-01 -7.254100505731909720e+01
-4.020996093750000000e-01 -7.263165582061006376e+01
-4.018554687500000000e-01 -7.272594783801707763e+01
-4.016113281250000000e-01 -7.282396107857745449e+01
-4.013671875000000000e-01 -7.292578048343304431e+01
-4.011230468750000000e-01 -7.303149630156157457e+01
-4.008789062500000000e-01 -7.314120445730804931e+01
-4.006347656250000000e-01 -7.325500695353990466e+01
-4.003906250000000000e-01 -7.337301231424507364e+01
-4.001464843750000000e-01 -7.349533607126934953e+01
-3.999023437500000000e-01 -7.362210130046777579e+01
-3.996582031250000000e-01 -7.375343921309585937e+01
-3.994140625000000000e-01 -7.388948980950641499e+01
-3.991699218750000000e-01 -7.403040260293361996e+01
-3.989257812500000000e-01 -7.417633742234973226e+01
-3.986816406250000000e-01 -7.432746530511880678e+01
-3.984375000000000000e-01 -7.448396949133592670e+01
-3.981933593750000000e-01 -7.464604653418908242e+01
-3.979492187500000000e-01 -7.481390754270300647e+01
-3.977050781250000000e-01 -7.498777957616592005e+01
-3.974609375000000000e-01 -7.516790721294182731e+01
-3.972167968750000000e-01 -7.535455432031396583e+01
-3.969726562500000000e-01 -7.554800605692395266e+01
-3.967285156250000000e-01 -7.574857114548821357e+01
-3.964843750000000000e-01 -7.595658446049272072e+01
-3.962402343750000000e-01 -7.617240998476728464e+01
-3.959960937500000000e-01 -7.639644419963627797e+01
-3.957519531250000000e-01 -7.662911998713458672e+01
-3.955078125000000000e-01 -7.687091114006057069e+01
-3.952636718750000000e-01 -7.712233759672965050e+01
-3.950195312500000000e-01 -7.738397154478090556e+01
-3.947753906250000000e-01 -7.765644457325529970e+01
-3.945312500000000000e-01 -7.794045609605953473e+01
-3.942871093750000000e-01 -7.823678332836824723e+01
-3.940429687500000000e-01 -7.854629317220621942e+01
-3.937988281250000000e-01 -7.886995646740196264e+01
-3.935546875000000000e-01 -7.920886519567159212e+01
-3.933105468750000000e-01 -7.956425340434114446e+01
-3.930664062500000000e-01 -7.993752285803098800e+01
-3.928222656250000000e-01 -8.033027476127927002e+01
-3.925781250000000000e-01 -8.074434936212810499e+01
-3.923339843750000000e-01 -8.118187590917678165e+01
-3.920898437500000000e-01 -8.164533639026248579e+01
-3.918457031250000000e-01 -8.213764788238545123e+01
-3.916015625000000000e-01 -8.266227044068415353e+01
-3.913574218750000000e-01 -8.322335066315416441e+01
-3.911132812500000000e-01 -8.382591609516873632e+01
-3.908691406250000000e-01 -8.447614373705958712e+01
-3.906250000000000000e-01 -8.518173936689210279e+01
-3.903808593750000000e-01 -8.595248753826074051e+01
-3.901367187500000000e-01 -8.680107359965472824e+01
-3.898925781250000000e-01 -8.774435708150355140e+01
-3.896484375000000000e-01 -8.880543097261387686e+01
-3.894042968750000000e-01 -9.001713194356914016e+01
-3.891601562500000000e-01 -9.142843266707649263e+01
-3.889160156250000000e-01 -9.311712438319440821e+01
-3.886718750000000000e-01 -9.521808188929824723e+01
-3.884277343750000000e-01 -9.799782458760368797e+01
-3.881835937500000000e-01 -1.021131649096411138e+02
-3.879394531250000000e-01 -1.102077797084270543e+02
-3.876953125000000000e-01 -1.155722022734915697e+02
-3.874511718750000000e-01 -1.038555902761476517e+02
-3.872070312500000000e-01 -9.904491261026340965e+01
-3.869628906250000000e-01 -9.596970067878156385e+01
-3.867187500000000000e-01 -9.370586595296546761e+01
-3.864746093750000000e-01 -9.191445952878511605e+01
-3.862304687500000000e-01 -9.043281289902925835e+01
-3.859863281250000000e-01 -8.917017893410447016e+01
-3.857421875000000000e-01 -8.807073037248336789e+01
-3.854980468750000000e-01 -8.709766373818581542e+01
-3.852539062500000000e-01 -8.622543111616965916e+01
-3.850097656250000000e-01 -8.543557229448120438e+01
-3.847656250000000000e-01 -8.471431366405074925e+01
-3.845214843750000000e-01 -8.405110498742425307e+01
-3.842773437500000000e-01 -8.343768611667540824e+01
-3.840332031250000000e-01 -8.286746881463641046e+01
-3.837890625000000000e-01 -8.233511404976070480e+01
-3.835449218750000000e-01 -8.183623498369077254e+01
-3.833007812500000000e-01 -8.136718330796075804e+01
-3.830566406250000000e-01 -8.092489234763854711e+01
-3.828125000000000000e-01 -8.050675974306763294e+01
-3.825683593750000000e-01 -8.011055830240793796e+01
-3.823242187500000000e-01 -7.973436727837575688e+01
-3.820800781250000000e-01 -7.937651869941720406e+01
-3.818359375000000000e-01 -7.903555496344363007e+01
-3.815917968750000000e-01 -7.871019497200006754e+01
-3.813476562500000000e-01 -7.839930682071438639e+01
-3.811035156250000000e-01 -7.810188557946129606e+01
-3.808593750000000000e-01 -7.781703506498035949e+01
-3.806152343750000000e-01 -7.754395277491843785e+01
-3.803710937500000000e-01 -7.728191734743295171e+01
-3.801269531250000000e-01 -7.703027805475697676e+01
-3.798828125000000000e-01 -7.678844594759335962e+01
-3.796386718750000000e-01 -7.655588634830115780e+01
-3.793945312500000000e-01 -7.633211245401155054e+01
-3.791503906250000000e-01 -7.611667985835224215e+01
-3.789062500000000000e-01 -7.590918183792989282e+01
-3.786621093750000000e-01 -7.570924527918499791e+01
-3.784179687500000000e-01 -7.551652714395235932e+01
-3.781738281250000000e-01 -7.533071139053193122e+01
-3.779296875000000000e-01 -7.515150628173738312e+01
-3.776855468750000000e-01 -7.497864202311052395e+01
-3.774414062500000000e-01 -7.481186868379394639e+01
-3.771972656250000000e-01 -7.465095436078350133e+01
-3.769531250000000000e-01 -7.449568355294236710e+01
-3.767089843750000000e-01 -7.434585571706593043e+01
-3.764648437500000000e-01 -7.420128398195534203e+01
-3.762207031250000000e-01 -7.406179400031709292e+01
-3.759765625000000000e-01 -7.392722292139795570e+01
-3.757324218750000000e-01 -7.379741846932935800e+01
-3.754882812500000000e-01 -7.367223811464477023e+01
-3.752441406250000000e-01 -7.355154832790715602e+01
-3.750000000000000000e-01 -7.343522390607191141e+01
-3.747558593750000000e-01 -7.332314736322892657e+01
-3.745117187500000000e-01 -7.321520837872296283e+01
-3.742675781250000000e-01 -7.311130329630664448e+01
-3.740234375000000000e-01 -7.301133466896153834e+01
-3.737792968750000000e-01 -7.291521084449234991e+01
-3.735351562500000000e-01 -7.282284558784502337e+01
-3.732910156250000000e-01 -7.273415773632449088e+01
-3.730468750000000000e-01 -7.264907088455260009e+01
-3.728027343750000000e-01 -7.256751309617452250e+01
-3.725585937500000000e-01 -7.248941663988890127e+01
-3.723144531250000000e-01 -7.241471774738808165e+01
-3.720703125000000000e-01 -7.234335639133674078e+01
-3.718261718750000000e-01 -7.227527608148906779e+01
-3.715820312500000000e-01 -7.221042367741297596e+01
-3.713378906250000000e-01 -7.214874921628162951e+01
-3.710937500000000000e-01 -7.209020575463559055e+01
-3.708496093750000000e-01 -7.203474922279397674e+01
-3.706054687500000000e-01 -7.198233829097600278e+01
-3.703613281250000000e-01 -7.193293424620529208e+01
-3.701171875000000000e-01 -7.188650087913850939e+01
-3.698730468750000000e-01 -7.184300438011506174e+01
-3.696289062500000000e-01 -7.180241324373365330e+01
-3.693847656250000000e-01 -7.176469818135254286e+01
-3.691406250000000000e-01 -7.172983204101119270e+01
-3.688964843750000000e-01 -7.169778973424095625e+01
-3.686523437500000000e-01 -7.166854816936512407e+01
-3.684082031250000000e-01 -7.164208619085167129e+01
-3.681640625000000000e-01 -7.161838452448003522e+01
-3.679199218750000000e-01 -7.159742572786657888e+01
-3.676757812500000000e-01 -7.157919414616436882e+01
-3.674316406250000000e-01 -7.156367587269986075e+01
-3.671875000000000000e-01 -7.155085871426798860e+01
-3.669433593750000000e-01 -7.154073216097586396e+01
-3.666992187500000000e-01 -7.153328736038888280e+01
-3.664550781250000000e-01 -7.152851709593285534e+01
-3.662109375000000000e-01 -7.152641576937999446e+01
-3.659667968750000000e-01 -7.152697938732318050e+01
-3.657226562500000000e-01 -7.153020555163305971e+01
-3.654785156250000000e-01 -7.153609345376102624e+01
-3.652343750000000000e-01 -7.154464387292262018e+01
-3.649902343750000000e-01 -7.155585917812442176e+01
-3.647460937500000000e-01 -7.156974333407221422e+01
-3.645019531250000000e-01 -7.158630191092566974e+01
-3.642578125000000000e-01 -7.160554209806231540e+01
-3.640136718750000000e-01 -7.162747272177577429e+01
-3.637695312500000000e-01 -7.165210426714280345e+01
-3.635253906250000000e-01 -7.167944890409393111e+01
-3.632812500000000000e-01 -7.170952051782226988e+01
-3.630371093750000000e-01 -7.174233474373923514e+01
-3.627929687500000000e-01 -7.177790900713607414e+01
-3.625488281250000000e-01 -7.181626256774224260e+01
-3.623046875000000000e-01 -7.185741656949655010e+01
-3.620605468750000000e-01 -7.190139409574418039e+01
-3.618164062500000000e-01 -7.194822023018835466e+01
-3.615722656250000000e-01 -7.199792212397261437e+01
-3.613281250000000000e-01 -7.205052906924808553e+01
-3.610839843750000000e-01 -7.210607257970319495e+01
-3.608398437500000000e-01 -7.216458647848017449e+01
-3.605957031250000000e-01 -7.222610699412922486e+01
-3.603515625000000000e-01 -7.229067286507793710e+01
-3.601074218750000000e-01 -7.235832545335605914e+01
-3.598632812500000000e-01 -7.242910886834748396e+01
-3.596191406250000000e-01 -7.250307010137139230e+01
-3.593750000000000000e-01 -7.258025917194257204e+01
-3.591308593750000000e-01 -7.266072928692928201e+01
-3.588867187500000000e-01 -7.274453701358545743e+01
-3.586425781250000000e-01 -7.283174246781132410e+01
-3.583984375000000000e-01 -7.292240951916517133e+01
-3.581542968750000000e-01 -7.301660601404226725e+01
-3.579101562500000000e-01 -7.311440401902258657e+01
-3.576660156250000000e-01 -7.321588008636567224e+01
-3.574218750000000000e-01 -7.332111554382179008e+01
-3.571777343750000000e-01 -7.343019681152210865e+01
-3.569335937500000000e-01 -7.354321574870503753e+01
-3.566894531250000000e-01 -7.366027003365236681e+01
-3.564453125000000000e-01 -7.378146358049598064e+01
-3.562011718750000000e-01 -7.390690699715639767e+01
-3.559570312500000000e-01 -7.403671808931891007e+01
-3.557128906250000000e-01 -7.417102241573446975e+01
-3.554687500000000000e-01 -7.430995390134897605e+01
-3.552246093750000000e-01 -7.445365551537967974e+01
-3.549804687500000000e-01 -7.460228002260302560e+01
-3.547363281250000000e-01 -7.475599081749236063e+01
-3.544921875000000000e-01 -7.491496285219753304e+01
-3.542480468750000000e-01 -7.507938367130047652e+01
-3.540039062500000000e-01 -7.524945456809859934e+01
-3.537597656250000000e-01 -7.542539188009889983e+01
-3.535156250000000000e-01 -7.560742844396085616e+01
-3.532714843750000000e-01 -7.579581523398785237e+01
-3.530273437500000000e-01 -7.599082321261873574e+01
-3.527832031250000000e-01 -7.619274542635304215e+01
-3.525390625000000000e-01 -7.640189938743212394e+01
-3.522949218750000000e-01 -7.661862978889260489e+01
-3.520507812500000000e-01 -7.684331161064977778e+01
-3.518066406250000000e-01 -7.707635368603956749e+01
-3.515625000000000000e-01 -7.731820281308426956e+01
-3.513183593750000000e-01 -7.756934851324287195e+01
-3.510742187500000000e-01 -7.783032856417241874e+01
-3.508300781250000000e-01 -7.810173546203533590e+01
-3.505859375000000000e-01 -7.838422400759959885e+01
-3.503417968750000000e-01 -7.867852025882363876e+01
-3.500976562500000000e-01 -7.898543215608093249e+01
-3.498535156250000000e-01 -7.930586220964933375e+01
-3.496093750000000000e-01 -7.964082274910212789e+01
-3.493652343750000000e-01 -7.999145438127338537e+01
-3.491210937500000000e-01 -8.035904850272785893e+01
-3.488769531250000000e-01 -8.074507498432079444e+01
-3.486328125000000000e-01 -8.115121652282307707e+01
-3.483886718750000000e-01 -8.157941168372902041e+01
-3.481445312500000000e-01 -8.203190941543289227e+01
-3.479003906250000000e-01 -8.251133891058931624e+01
-3.476562500000000000e-01 -8.302080031001725047e+01
-3.474121093750000000e-01 -8.356398418746904611e+01
-3.471679687500000000e-01 -8.414533152013194695e+01
-3.469238281250000000e-01 -8.477025181114989039e+01
-3.466796875000000000e-01 -8.544542673342309058e+01
-3.464355468750000000e-01 -8.617924298166902020e+01
-3.461914062500000000e-01 -8.698242649908230817e+01
-3.459472656250000000e-01 -8.786900214024689149e+01
-3.457031250000000000e-01 -8.885780231413770025e+01
-3.454589843750000000e-01 -8.997495072918746928e+01
-3.452148437500000000e-01 -9.125819138546106046e+01
-3.449707031250000000e-01 -9.276499974135867888e+01
-3.447265625000000000e-01 -9.458929830784963144e+01
-3.444824218750000000e-01 -9.690075979286015695e+01
-3.442382812500000000e-01 -1.000574267678068736e+02
-3.439941406250000000e-01 -1.050604584669071073e+02
-3.437500000000000000e-01 -1.181320064711643312e+02
-3.435058593750000000e-01 -1.101784377282774869e+02
-3.432617187500000000e-01 -1.025825525129939990e+02
-3.430175781250000000e-01 -9.860010168603558611e+01
-3.427734375000000000e-01 -9.588554797951769615e+01
-3.425292968750000000e-01 -9.382545077460838456e+01
-3.422851562500000000e-01 -9.216612631553307722e+01
-3.420410156250000000e-01 -9.077785101920943589e+01
-3.417968750000000000e-01 -8.958530231398330557e+01
-3.415527343750000000e-01 -8.854083860219833468e+01
-3.413085937500000000e-01 -8.761240418928025520e+01
-3.410644531250000000e-01 -8.677739445541831742e+01
-3.408203125000000000e-01 -8.601927086929181598e+01
-3.405761718750000000e-01 -8.532556769704305566e+01
-3.403320312500000000e-01 -8.468665566269623923e+01
-3.400878906250000000e-01 -8.409494183607907303e+01
-3.398437500000000000e-01 -8.354433316058333503e+01
-3.395996093750000000e-01 -8.302986579055792049e+01
-3.393554687500000000e-01 -8.254744230570710783e+01
-3.391113281250000000e-01 -8.209364119024601791e+01
-3.388671875000000000e-01 -8.166557596819569653e+01
-3.386230468750000000e-01 -8.126078923084421035e+01
-3.383789062500000000e-01 -8.087717167290210796e+01
-3.381347656250000000e-01 -8.051289937312873235e+01
-3.378906250000000000e-01 -8.016638459827632346e+01
-3.376464843750000000e-01 -7.983623677545351427e+01
-3.374023437500000000e-01 -7.952123121074576773e+01
-3.371582031250000000e-01 -7.922028377949504829e+01
-3.369140625000000000e-01 -7.893243027035964587e+01
-3.366699218750000000e-01 -7.865680939286102102e+01
-3.364257812500000000e-01 -7.839264869521358037e+01
-3.361816406250000000e-01 -7.813925281452016236e+01
-3.359375000000000000e-01 -7.789599361018079549e+01
-3.356933593750000000e-01 -7.766230183004050502e+01
-3.354492187500000000e-01 -7.743766003207859683e+01
-3.352050781250000000e-01 -7.722159654118567573e+01
-3.349609375000000000e-01 -7.701368026488498231e+01
-3.347167968750000000e-01 -7.681351622546530677e+01
-3.344726562500000000e-01 -7.662074169301919824e+01
-3.342285156250000000e-01 -7.643502282499821376e+01
-3.339843750000000000e-01 -7.625605173481851295e+01
-3.337402343750000000e-01 -7.608354392546287670e+01
-3.334960937500000000e-01 -7.591723603494749284e+01
-3.332519531250000000e-01 -7.575688384932621489e+01
-3.330078125000000000e-01 -7.560226054613175961e+01
-3.327636718750000000e-01 -7.545315513693164178e+01
-3.325195312500000000e-01 -7.530937108264747337e+01
-3.322753906250000000e-01 -7.517072505917359138e+01
-3.320312500000000000e-01 -7.503704585427212237e+01
-3.317871093750000000e-01 -7.490817337935733633e+01
-3.315429687500000000e-01 -7.478395778222062518e+01
-3.312988281250000000e-01 -7.466425864869262341e+01
-3.310546875000000000e-01 -7.454894428272670837e+01
-3.308105468750000000e-01 -7.443789105607501710e+01
-3.305664062500000000e-01 -7.433098281961771647e+01
-3.303222656250000000e-01 -7.422811036956295538e+01
-3.300781250000000000e-01 -7.412917096264774841e+01
-3.298339843750000000e-01 -7.403406787504894737e+01
-3.295898437500000000e-01 -7.394271000053900877e+01
-3.293457031250000000e-01 -7.385501148378929770e+01
-3.291015625000000000e-01 -7.377089138534861945e+01
-3.288574218750000000e-01 -7.369027337515591114e+01
-3.286132812500000000e-01 -7.361308545180997953e+01
-3.283691406250000000e-01 -7.353925968516197997e+01
-3.281250000000000000e-01 -7.346873198007102701e+01
-3.278808593750000000e-01 -7.340144185935000110e+01
-3.276367187500000000e-01 -7.333733226418868867e+01
-3.273925781250000000e-01 -7.327634937052322073e+01
-3.271484375000000000e-01 -7.321844241998297775e+01
-3.269042968750000000e-01 -7.316356356412728701e+01
-3.266601562500000000e-01 -7.311166772091911525e+01
-3.264160156250000000e-01 -7.306271244243154683e+01
-3.261718750000000000e-01 -7.301665779285909252e+01
-3.259277343750000000e-01 -7.297346623607307947e+01
-3.256835937500000000e-01 -7.293310253200020554e+01
-3.254394531250000000e-01 -7.289553364110031453e+01
-3.251953125000000000e-01 -7.286072863644461961e+01
-3.249511718750000000e-01 -7.282865862284054970e+01
-3.247070312500000000e-01 -7.279929666248004594e+01
-3.244628906250000000e-01 -7.277261770675322339e+01
-3.242187500000000000e-01 -7.274859853376013064e+01
-3.239746093750000000e-01 -7.272721769122939861e+01
-3.237304687500000000e-01 -7.270845544456932430e+01
-3.234863281250000000e-01 -7.269229372962509217e+01
-3.232421875000000000e-01 -7.267871611004673582e+01
-3.229980468750000000e-01 -7.266770773895753166e+01
-3.227539062500000000e-01 -7.265925532476343562e+01
-3.225097656250000000e-01 -7.265334710088532688e+01
-3.222656250000000000e-01 -7.264997279929993113e+01
-3.220214843750000000e-01 -7.264912362776280474e+01
-3.217773437500000000e-01 -7.265079225054370227e+01
-3.215332031250000000e-01 -7.265497277264849174e+01
-3.212890625000000000e-01 -7.266166072739859771e+01
-3.210449218750000000e-01 -7.267085306733471839e+01
-3.208007812500000000e-01 -7.268254815838707827e+01
-3.205566406250000000e-01 -7.269674577732656928e+01
-3.203125000000000000e-01 -7.271344711235705915e+01
-3.200683593750000000e-01 -7.273265476704750654e+01
-3.198242187500000000e-01 -7.275437276747680926e+01
-3.195800781250000000e-01 -7.277860657264265853e+01
-3.193359375000000000e-01 -7.280536308822789238e+01
-3.190917968750000000e-01 -7.283465068380401419e+01
-3.188476562500000000e-01 -7.286647921349312185e+01
-3.186035156250000000e-01 -7.290086004025411626e+01
-3.183593750000000000e-01 -7.293780606384366649e+01
-3.181152343750000000e-01 -7.297733175268342620e+01
-3.178710937500000000e-01 -7.301945317973681426e+01
-3.176269531250000000e-01 -7.306418806258625409e+01
-3.173828125000000000e-01 -7.311155580791705688e+01
-3.171386718750000000e-01 -7.316157756067562445e+01
-3.168945312500000000e-01 -7.321427625816340878e+01
-3.166503906250000000e-01 -7.326967668926266697e+01
-3.164062500000000000e-01 -7.332780555929811328e+01
-3.161621093750000000e-01 -7.338869156074680689e+01
-3.159179687500000000e-01 -7.345236545026185127e+01
-3.156738281250000000e-01 -7.351886013247823826e+01
-3.154296875000000000e-01 -7.358821075106115472e+01
-3.151855468750000000e-01 -7.366045478756143439e+01
-3.149414062500000000e-01 -7.373563216872945247e+01
-3.146972656250000000e-01 -7.381378538289436619e+01
-3.144531250000000000e-01 -7.389495960627176885e+01
-3.142089843750000000e-01 -7.397920283989223833e+01
-3.139648437500000000e-01 -7.406656605827335227e+01
-3.137207031250000000e-01 -7.415710337070534308e+01
-3.134765625000000000e-01 -7.425087219642564662e+01
-3.132324218750000000e-01 -7.434793345491331706e+01
-3.129882812500000000e-01 -7.444835177276102911e+01
-3.127441406250000000e-01 -7.455219570882378832e+01
-3.125000000000000000e-01 -7.465953799934044355e+01
-3.122558593750000000e-01 -7.477045582510096722e+01
-3.120117187500000000e-01 -7.488503110301867594e+01
-3.117675781250000000e-01 -7.500335080463696613e+01
-3.115234375000000000e-01 -7.512550730443820157e+01
-3.112792968750000000e-01 -7.525159876135492709e+01
-3.110351562500000000e-01 -7.538172953711091395e+01
-3.107910156250000000e-01 -7.551601065573242977e+01
-3.105468750000000000e-01 -7.565456030896537243e+01
-3.103027343750000000e-01 -7.579750441313805709e+01
-3.100585937500000000e-01 -7.594497722383781024e+01
-3.098144531250000000e-01 -7.609712201547012000e+01
-3.095703125000000000e-01 -7.625409183422445381e+01
-3.093261718750000000e-01 -7.641605033377548750e+01
-3.090820312500000000e-01 -7.658317270502155338e+01
-3.088378906250000000e-01 -7.675564671259795091e+01
-3.085937500000000000e-01 -7.693367385306649453e+01
-3.083496093750000000e-01 -7.711747065249207367e+01
-3.081054687500000000e-01 -7.730727012351941596e+01
-3.078613281250000000e-01 -7.750332340632280648e+01
-3.076171875000000000e-01 -7.770590162172386783e+01
-3.073730468750000000e-01 -7.791529797011320113e+01
-3.071289062500000000e-01 -7.813183011644454723e+01
-3.068847656250000000e-01 -7.835584290900574445e+01
-3.066406250000000000e-01 -7.858771148992269673e+01
-3.063964843750000000e-01 -7.882784486661844880e+01
-3.061523437500000000e-01 -7.907669002885303655e+01
-3.059082031250000000e-01 -7.933473671441831243e+01
-3.056640625000000000e-01 -7.960252294974890219e+01
-3.054199218750000000e-01 -7.988064152199450518e+01
-3.051757812500000000e-01 -8.016974757662870843e+01
-3.049316406250000000e-01 -8.047056758391798326e+01
-3.046875000000000000e-01 -8.078390998130889500e+01
-3.044433593750000000e-01 -8.111067788192383432e+01
-3.041992187500000000e-01 -8.145188435008313377e+01
-3.039550781250000000e-01 -8.180867089209020548e+01
-3.037109375000000000e-01 -8.218233001011849126e+01
-3.034667968750000000e-01 -8.257433294008386326e+01
-3.032226562500000000e-01 -8.298636407184196173e+01
-3.029785156250000000e-01 -8.342036408235267686e+01
-3.027343750000000000e-01 -8.387858456921094330e+01
-3.024902343750000000e-01 -8.436365807321190857e+01
-3.022460937500000000e-01 -8.487868900253214122e+01
-3.020019531250000000e-01 -8.542737342423711766e+01
-3.017578125000000000e-01 -8.601415947021092734e+01
-3.015136718750000000e-01 -8.664446609212568262e+01
-3.012695312500000000e-01 -8.732498764611642628e+01
-3.010253906250000000e-01 -8.806412818640552587e+01
-3.007812500000000000e-01 -8.887263797454637881e+01
-3.005371093750000000e-01 -8.976457690065990391e+01
-3.002929687500000000e-01 -9.075882960745713035e+01
-3.000488281250000000e-01 -9.188160105747834905e+01
-2.998046875000000000e-01 -9.317076863942993725e+01
-2.995605468750000000e-01 -9.468404271076128964e+01
-2.993164062500000000e-01 -9.651580076646359885e+01
-2.990722656250000000e-01 -9.883672598804750464e+01
-2.988281250000000000e-01 -1.020076445181410918e+02
-2.985839843750000000e-01 -1.070411923519383777e+02
-2.983398437500000000e-01 -1.203343129860814429e+02
-2.980957031250000000e-01 -1.119955765399264322e+02
-2.978515625000000000e-01 -1.044665458607807125e+02
-2.976074218750000000e-01 -1.005040791357192234e+02
-2.973632812500000000e-01 -9.780035410177970334e+01
-2.971191406250000000e-01 -9.574767464525676530e+01
-2.968750000000000000e-01 -9.409408295677296508e+01
-2.966308593750000000e-01 -9.271055334326734965e+01
-2.963867187500000000e-01 -9.152209899488812539e+01
-2.961425781250000000e-01 -9.048125960724232186e+01
-2.958984375000000000e-01 -8.955608576951314603e+01
-2.956542968750000000e-01 -8.872403911719050029e+01
-2.954101562500000000e-01 -8.796862441659800425e+01
-2.951660156250000000e-01 -8.727740529141605919e+01
-2.949218750000000000e-01 -8.664077295672171886e+01
-2.946777343750000000e-01 -8.605114911238061381e+01
-2.944335937500000000e-01 -8.550245132881825327e+01
-2.941894531250000000e-01 -8.498972357547629031e+01
-2.939453125000000000e-01 -8.450887422304745655e+01
-2.937011718750000000e-01 -8.405648605762903003e+01
-2.934570312500000000e-01 -8.362967578824995485e+01
-2.932128906250000000e-01 -8.322598833865870915e+01
-2.929687500000000000e-01 -8.284331607459188263e+01
-2.927246093750000000e-01 -8.247983622504452228e+01
-2.924804687500000000e-01 -8.213396179112086770e+01
-2.922363281250000000e-01 -8.180430259766669110e+01
-2.919921875000000000e-01 -8.148963407271367032e+01
-2.917480468750000000e-01 -8.118887198463552579e+01
-2.915039062500000000e-01 -8.090105182292745667e+01
-2.912597656250000000e-01 -8.062531183465070228e+01
-2.910156250000000000e-01 -8.036087896525984320e+01
-2.907714843750000000e-01 -8.010705712707009241e+01
-2.905273437500000000e-01 -7.986321734747242829e+01
-2.902832031250000000e-01 -7.962878944697617101e+01
-2.900390625000000000e-01 -7.940325497054504922e+01
-2.897949218750000000e-01 -7.918614115230955974e+01
-2.895507812500000000e-01 -7.897701573762810767e+01
-2.893066406250000000e-01 -7.877548252050831934e+01
-2.890625000000000000e-01 -7.858117748080839249e+01
-2.888183593750000000e-01 -7.839376542733978681e+01
-2.885742187500000000e-01 -7.821293706918204691e+01
-2.883300781250000000e-01 -7.803840645153408673e+01
-2.880859375000000000e-01 -7.786990870290341604e+01
-2.878417968750000000e-01 -7.770719804945647979e+01
-2.875976562500000000e-01 -7.755004605946426466e+01
-2.873535156250000000e-01 -7.739824008648157871e+01
-2.871093750000000000e-01 -7.725158188518614111e+01
-2.868652343750000000e-01 -7.710988637709144200e+01
-2.866210937500000000e-01 -7.697298054742101669e+01
-2.863769531250000000e-01 -7.684070245676100797e+01
-2.861328125000000000e-01 -7.671290035334037327e+01
-2.858886718750000000e-01 -7.658943187412778286e+01
-2.856445312500000000e-01 -7.647016332428331964e+01
-2.854003906250000000e-01 -7.635496902598497115e+01
-2.851562500000000000e-01 -7.624373072875569335e+01
-2.849121093750000000e-01 -7.613633707463333167e+01
-2.846679687500000000e-01 -7.603268311208232433e+01
-2.844238281250000000e-01 -7.593266985370256350e+01
-2.841796875000000000e-01 -7.583620387275077235e+01
-2.839355468750000000e-01 -7.574319693500487460e+01
-2.836914062500000000e-01 -7.565356566199594113e+01
-2.834472656250000000e-01 -7.556723122269877990e+01
-2.832031250000000000e-01 -7.548411905086399543e+01
-2.829589843750000000e-01 -7.540415858555537909e+01
-2.827148437500000000e-01 -7.532728303267755621e+01
-2.824707031250000000e-01 -7.525342914561591101e+01
-2.822265625000000000e-01 -7.518253702316215481e+01
-2.819824218750000000e-01 -7.511454992328479818e+01
-2.817382812500000000e-01 -7.504941409129708063e+01
-2.814941406250000000e-01 -7.498707860113516688e+01
-2.812500000000000000e-01 -7.492749520880276748e+01
-2.810058593750000000e-01 -7.487061821676779516e+01
-2.807617187500000000e-01 -7.481640434851486532e+01
-2.805175781250000000e-01 -7.476481263249833376e+01
-2.802734375000000000e-01 -7.471580429464104611e+01
-2.800292968750000000e-01 -7.466934265877732457e+01
-2.797851562500000000e-01 -7.462539305446112792e+01
-2.795410156250000000e-01 -7.458392273153113194e+01
-2.792968750000000000e-01 -7.454490078104137751e+01
-2.790527343750000000e-01 -7.450829806196585992e+01
-2.788085937500000000e-01 -7.447408713345367914e+01
-2.785644531250000000e-01 -7.444224219209571913e+01
-2.783203125000000000e-01 -7.441273901403255309e+01
-2.780761718750000000e-01 -7.438555490140817028e+01
-2.778320312500000000e-01 -7.436066863312544228e+01
-2.775878906250000000e-01 -7.433806041947208598e+01
-2.773437500000000000e-01 -7.431771186046339039e+01
-2.770996093750000000e-01 -7.429960590772518003e+01
-2.768554687500000000e-01 -7.428372682965994045e+01
-2.766113281250000000e-01 -7.427006017985524977e+01
-2.763671875000000000e-01 -7.425859276839294409e+01
-2.761230468750000000e-01 -7.424931263614779198e+01
-2.758789062500000000e-01 -7.424220903179627840e+01
-2.756347656250000000e-01 -7.423727239152874802e+01
-2.753906250000000000e-01 -7.423449432122997393e+01
-2.751464843750000000e-01 -7.423386758133840146e+01
-2.749023437500000000e-01 -7.423538607393335553e+01
-2.746582031250000000e-01 -7.423904483231241613e+01
-2.744140625000000000e-01 -7.424484001285787826e+01
-2.741699218750000000e-01 -7.425276888918573093e+01
-2.739257812500000000e-01 -7.426282984854805136e+01
-2.736816406250000000e-01 -7.427502239051457877e+01
-2.734375000000000000e-01 -7.428934712785978434e+01
-2.731933593750000000e-01 -7.430580578970410954e+01
-2.729492187500000000e-01 -7.432440122691831164e+01
-2.727050781250000000e-01 -7.434513741980622115e+01
-2.724609375000000000e-01 -7.436801948806586893e+01
-2.722167968750000000e-01 -7.439305370316660060e+01
-2.719726562500000000e-01 -7.442024750308087278e+01
-2.717285156250000000e-01 -7.444960950952852841e+01
-2.714843750000000000e-01 -7.448114954771462237e+01
-2.712402343750000000e-01 -7.451487866875831401e+01
-2.709960937500000000e-01 -7.455080917483724079e+01
-2.707519531250000000e-01 -7.458895464717603829e+01
-2.705078125000000000e-01 -7.462932997699940074e+01
-2.702636718750000000e-01 -7.467195139963789074e+01
-2.700195312500000000e-01 -7.471683653189127483e+01
-2.697753906250000000e-01 -7.476400441285940701e+01
-2.695312500000000000e-01 -7.481347554841129011e+01
-2.692871093750000000e-01 -7.486527195954225533e+01
-2.690429687500000000e-01 -7.491941723484383431e+01
-2.687988281250000000e-01 -7.497593658731922517e+01
-2.685546875000000000e-01 -7.503485691596769414e+01
-2.683105468750000000e-01 -7.509620687220409252e+01
-2.680664062500000000e-01 -7.516001693176333731e+01
-2.678222656250000000e-01 -7.522631947231282368e+01
-2.675781250000000000e-01 -7.529514885719923711e+01
-2.673339843750000000e-01 -7.536654152590864442e+01
-2.670898437500000000e-01 -7.544053609165959529e+01
-2.668457031250000000e-01 -7.551717344679180144e+01
-2.666015625000000000e-01 -7.559649687656646222e+01
-2.663574218750000000e-01 -7.567855218203402501e+01
-2.661132812500000000e-01 -7.576338781291816815e+01
-2.658691406250000000e-01 -7.585105501116323978e+01
-2.656250000000000000e-01 -7.594160796637360988e+01
-2.653808593750000000e-01 -7.603510398396750247e+01
-2.651367187500000000e-01 -7.613160366749069397e+01
-2.648925781250000000e-01 -7.623117111626136477e+01
-2.646484375000000000e-01 -7.633387413992906545e+01
-2.644042968750000000e-01 -7.643978449157575028e+01
-2.641601562500000000e-01 -7.654897812132753643e+01
-2.639160156250000000e-01 -7.666153545246281453e+01
-2.636718750000000000e-01 -7.677754168250343980e+01
-2.634277343750000000e-01 -7.689708711189977919e+01
-2.631835937500000000e-01 -7.702026750331899052e+01
-2.629394531250000000e-01 -7.714718447502347942e+01
-2.626953125000000000e-01 -7.727794593213911867e+01
-2.624511718750000000e-01 -7.741266654019648286e+01
-2.622070312500000000e-01 -7.755146824609187206e+01
-2.619628906250000000e-01 -7.769448085194291309e+01
-2.617187500000000000e-01 -7.784184264868230230e+01
-2.614746093750000000e-01 -7.799370111663934324e+01
-2.612304687500000000e-01 -7.815021370187767502e+01
-2.609863281250000000e-01 -7.831154867826353438e+01
-2.607421875000000000e-01 -7.847788610679458543e+01
-2.604980468750000000e-01 -7.864941890550065295e+01
-2.602539062500000000e-01 -7.882635404575339066e+01
-2.600097656250000000e-01 -7.900891389289348865e+01
-2.597656250000000000e-01 -7.919733771295851454e+01
-2.595214843750000000e-01 -7.939188337037444398e+01
-2.592773437500000000e-01 -7.959282924657206593e+01
-2.590332031250000000e-01 -7.980047641488604881e+01
-2.587890625000000000e-01 -8.001515111363691801e+01
-2.585449218750000000e-01 -8.023720756822744704e+01
-2.583007812500000000e-01 -8.046703122241947881e+01
-2.580566406250000000e-01 -8.070504245254947762e+01
-2.578125000000000000e-01 -8.095170085380752312e+01
-2.575683593750000000e-01 -8.120751020722211422e+01
-2.573242187500000000e-01 -8.147302426174309176e+01
-2.570800781250000000e-01 -8.174885349725802541e+01
-2.568359375000000000e-01 -8.203567307476190251e+01
-2.565917968750000000e-01 -8.233423223349933551e+01
-2.563476562500000000e-01 -8.264536546227138558e+01
-2.561035156250000000e-01 -8.297000586326306859e+01
-2.558593750000000000e-01 -8.330920124528377357e+01
-2.556152343750000000e-01 -8.366413364447885215e+01
-2.553710937500000000e-01 -8.403614318671296246e+01
-2.551269531250000000e-01 -8.442675750544012203e+01
-2.548828125000000000e-01 -8.483772834220104642e+01
-2.546386718750000000e-01 -8.527107754337416168e+01
-2.543945312500000000e-01 -8.572915550479996227e+01
-2.541503906250000000e-01 -8.621471633910761057e+01
-2.539062500000000000e-01 -8.673101585787748036e+01
-2.536621093750000000e-01 -8.728194121863069199e+01
-2.534179687500000000e-01 -8.787218536935388613e+01
-2.531738281250000000e-01 -8.850748625392907343e+01
-2.529296875000000000e-01 -8.919496195889450973e+01
-2.526855468750000000e-01 -8.994359203640767930e+01
-2.524414062500000000e-01 -9.076492888458390951e+01
-2.521972656250000000e-01 -9.167418521945660359e+01
-2.519531250000000000e-01 -9.269196475124013546e+01
-2.517089843750000000e-01 -9.384715460064015247e+01
-2.514648437500000000e-01 -9.518206248472095865e+01
-2.512207031250000000e-01 -9.676228011978244581e+01
-2.509765625000000000e-01 -9.869769324428862944e+01
-2.507324218750000000e-01 -1.011943006047266351e+02
-2.504882812500000000e-01 -1.047145778774783196e+02
-2.502441406250000000e-01 -1.107342491314206541e+02
-2.500000000000000000e-01 -inf
-2.497558593750000000e-01 -1.107342491314247326e+02
-2.495117187500000000e-01 -1.047145778775509655e+02
-2.492675781250000000e-01 -1.011943006046674327e+02
-2.490234375000000000e-01 -9.869769324431567270e+01
-2.487792968750000000e-01 -9.676228011981740451e+01
-2.485351562500000000e-01 -9.518206248472095865e+01
-2.482910156250000000e-01 -9.384715460065947923e+01
-2.480468750000000000e-01 -9.269196475125848167e+01
-2.478027343750000000e-01 -9.167418521943068299e+01
-2.475585937500000000e-01 -9.076492888461821451e+01
-2.473144531250000000e-01 -8.994359203638501299e+01
-2.470703125000000000e-01 -8.919496195890174306e+01
-2.468261718750000000e-01 -8.850748625392706970e+01
-2.465820312500000000e-01 -8.787218536934065582e+01
-2.463378906250000000e-01 -8.728194121860990151e+01
-2.460937500000000000e-01 -8.673101585787347290e+01
-2.458496093750000000e-01 -8.621471633910562105e+01
-2.456054687500000000e-01 -8.572915550481083358e+01
-2.453613281250000000e-01 -8.527107754339193946e+01
-2.451171875000000000e-01 -8.483772834219216463e+01
-2.448730468750000000e-01 -8.442675750542616697e+01
-2.446289062500000000e-01 -8.403614318673136552e+01
-2.443847656250000000e-01 -8.366413364448671075e+01
-2.441406250000000000e-01 -8.330920124529549753e+01
-2.438964843750000000e-01 -8.297000586325947324e+01
-2.436523437500000000e-01 -8.264536546228247005e+01
-2.434082031250000000e-01 -8.233423223350126818e+01
-2.431640625000000000e-01 -8.203567307476744475e+01
-2.429199218750000000e-01 -8.174885349724848993e+01
-2.426757812500000000e-01 -8.147302426174692869e+01
-2.424316406250000000e-01 -8.120751020721810676e+01
-2.421875000000000000e-01 -8.095170085381514014e+01
-2.419433593750000000e-01 -8.070504245255327191e+01
-2.416992187500000000e-01 -8.046703122240548112e+01
-2.414550781250000000e-01 -8.023720756822531541e+01
-2.412109375000000000e-01 -8.001515111364591348e+01
-2.409667968750000000e-01 -7.980047641488232557e+01
-2.407226562500000000e-01 -7.959282924657617286e+01
-2.404785156250000000e-01 -7.939188337037315080e+01
-2.402343750000000000e-01 -7.919733771296094460e+01
-2.399902343750000000e-01 -7.900891389289100175e+01
-2.397460937500000000e-01 -7.882635404575229643e+01
-2.395019531250000000e-01 -7.864941890550676362e+01
-2.392578125000000000e-01 -7.847788610678458099e+01
-2.390136718750000000e-01 -7.831154867826531074e+01
-2.387695312500000000e-01 -7.815021370186812533e+01
-2.385253906250000000e-01 -7.799370111664089222e+01
-2.382812500000000000e-01 -7.784184264868707714e+01
-2.380371093750000000e-01 -7.769448085194835585e+01
-2.377929687500000000e-01 -7.755146824609126099e+01
-2.375488281250000000e-01 -7.741266654020043347e+01
-2.373046875000000000e-01 -7.727794593213626229e+01
-2.370605468750000000e-01 -7.714718447502821164e+01
-2.368164062500000000e-01 -7.702026750331566518e+01
-2.365722656250000000e-01 -7.689708711189500434e+01
-2.363281250000000000e-01 -7.677754168250051237e+01
-2.360839843750000000e-01 -7.666153545245634859e+01
-2.358398437500000000e-01 -7.654897812132480794e+01
-2.355957031250000000e-01 -7.643978449157575028e+01
-2.353515625000000000e-01 -7.633387413992952020e+01
-2.351074218750000000e-01 -7.623117111626770281e+01
-2.348632812500000000e-01 -7.613160366749647778e+01
-2.346191406250000000e-01 -7.603510398396448977e+01
-2.343750000000000000e-01 -7.594160796637360988e+01
-2.341308593750000000e-01 -7.585105501116932203e+01
-2.338867187500000000e-01 -7.576338781291542546e+01
-2.336425781250000000e-01 -7.567855218203987988e+01
-2.333984375000000000e-01 -7.559649687656977335e+01
-2.331542968750000000e-01 -7.551717344679431676e+01
-2.329101562500000000e-01 -7.544053609165494834e+01
-2.326660156250000000e-01 -7.536654152590864442e+01
-2.324218750000000000e-01 -7.529514885719842709e+01
-2.321777343750000000e-01 -7.522631947231404581e+01
-2.319335937500000000e-01 -7.516001693175998355e+01
-2.316894531250000000e-01 -7.509620687219880608e+01
-2.314453125000000000e-01 -7.503485691597069263e+01
-2.312011718750000000e-01 -7.497593658732390054e+01
-2.309570312500000000e-01 -7.491941723483742521e+01
-2.307128906250000000e-01 -7.486527195954282377e+01
-2.304687500000000000e-01 -7.481347554841822500e+01
-2.302246093750000000e-01 -7.476400441286314447e+01
-2.299804687500000000e-01 -7.471683653189433016e+01
-2.297363281250000000e-01 -7.467195139963844497e+01
-2.294921875000000000e-01 -7.462932997699849125e+01
-2.292480468750000000e-01 -7.458895464717221557e+01
-2.290039062500000000e-01 -7.455080917484474412e+01
-2.287597656250000000e-01 -7.451487866875693555e+01
-2.285156250000000000e-01 -7.448114954771816087e+01
-2.282714843750000000e-01 -7.444960950953060319e+01
-2.280273437500000000e-01 -7.442024750308544867e+01
-2.277832031250000000e-01 -7.439305370316859012e+01
-2.275390625000000000e-01 -7.436801948805860718e+01
-2.272949218750000000e-01 -7.434513741980607904e+01
-2.270507812500000000e-01 -7.432440122692362650e+01
-2.268066406250000000e-01 -7.430580578970592853e+01
-2.265625000000000000e-01 -7.428934712786330863e+01
-2.263183593750000000e-01 -7.427502239051982258e+01
-2.260742187500000000e-01 -7.426282984854471181e+01
-2.258300781250000000e-01 -7.425276888918384088e+01
-2.255859375000000000e-01 -7.424484001285640034e+01
-2.253417968750000000e-01 -7.423904483231514462e+01
-2.250976562500000000e-01 -7.423538607393335553e+01
-2.248535156250000000e-01 -7.423386758134461161e+01
-2.246093750000000000e-01 -7.423449432123273084e+01
-2.243652343750000000e-01 -7.423727239151648405e+01
-2.241210937500000000e-01 -7.424220903180160747e+01
-2.238769531250000000e-01 -7.424931263614779198e+01
-2.236328125000000000e-01 -7.425859276839616996e+01
-2.233886718750000000e-01 -7.427006017985972619e+01
-2.231445312500000000e-01 -7.428372682966313789e+01
-2.229003906250000000e-01 -7.429960590772518003e+01
-2.226562500000000000e-01 -7.431771186046522359e+01
-2.224121093750000000e-01 -7.433806041947480026e+01
-2.221679687500000000e-01 -7.436066863312672126e+01
-2.219238281250000000e-01 -7.438555490141136772e+01
-2.216796875000000000e-01 -7.441273901402976776e+01
-2.214355468750000000e-01 -7.444224219210062188e+01
-2.211914062500000000e-01 -7.447408713345460285e+01
-2.209472656250000000e-01 -7.450829806196864524e+01
-2.207031250000000000e-01 -7.454490078104390705e+01
-2.204589843750000000e-01 -7.458392273152992402e+01
-2.202148437500000000e-01 -7.462539305445523041e+01
-2.199707031250000000e-01 -7.466934265878344945e+01
-2.197265625000000000e-01 -7.471580429463817552e+01
-2.194824218750000000e-01 -7.476481263249833376e+01
-2.192382812500000000e-01 -7.481640434851499322e+01
-2.189941406250000000e-01 -7.487061821676763884e+01
-2.187500000000000000e-01 -7.492749520880813918e+01
-2.185058593750000000e-01 -7.498707860113232471e+01
-2.182617187500000000e-01 -7.504941409129455110e+01
-2.180175781250000000e-01 -7.511454992328732772e+01
-2.177734375000000000e-01 -7.518253702316449960e+01
-2.175292968750000000e-01 -7.525342914561382202e+01
-2.172851562500000000e-01 -7.532728303267796832e+01
-2.170410156250000000e-01 -7.540415858555660122e+01
-2.167968750000000000e-01 -7.548411905086454965e+01
-2.165527343750000000e-01 -7.556723122270254578e+01
-2.163085937500000000e-01 -7.565356566199452004e+01
-2.160644531250000000e-01 -7.574319693500211770e+01
-2.158203125000000000e-01 -7.583620387275431085e+01
-2.155761718750000000e-01 -7.593266985369876920e+01
-2.153320312500000000e-01 -7.603268311209873787e+01
-2.150878906250000000e-01 -7.613633707463267797e+01
-2.148437500000000000e-01 -7.624373072875160062e+01
-2.145996093750000000e-01 -7.635496902598335112e+01
-2.143554687500000000e-01 -7.647016332427666896e+01
-2.141113281250000000e-01 -7.658943187412995712e+01
-2.138671875000000000e-01 -7.671290035333882429e+01
-2.136230468750000000e-01 -7.684070245676267064e+01
-2.133789062500000000e-01 -7.697298054742334728e+01
-2.131347656250000000e-01 -7.710988637708312865e+01
-2.128906250000000000e-01 -7.725158188518224733e+01
-2.126464843750000000e-01 -7.739824008648125186e+01
-2.124023437500000000e-01 -7.755004605945551077e+01
-2.121582031250000000e-01 -7.770719804944545217e+01
-2.119140625000000000e-01 -7.786990870289467637e+01
-2.116699218750000000e-01 -7.803840645153739786e+01
-2.114257812500000000e-01 -7.821293706918785915e+01
-2.111816406250000000e-01 -7.839376542733701569e+01
-2.109375000000000000e-01 -7.858117748081997433e+01
-2.106933593750000000e-01 -7.877548252051380473e+01
-2.104492187500000000e-01 -7.897701573763733052e+01
-2.102050781250000000e-01 -7.918614115230623440e+01
-2.099609375000000000e-01 -7.940325497054443815e+01
-2.097167968750000000e-01 -7.962878944697456518e+01
-2.094726562500000000e-01 -7.986321734745153833e+01
-2.092285156250000000e-01 -8.010705712707290616e+01
-2.089843750000000000e-01 -8.036087896526402119e+01
-2.087402343750000000e-01 -8.062531183464632534e+01
-2.084960937500000000e-01 -8.090105182292059283e+01
-2.082519531250000000e-01 -8.118887198463279731e+01
-2.080078125000000000e-01 -8.148963407273554083e+01
-2.077636718750000000e-01 -8.180430259766002621e+01
-2.075195312500000000e-01 -8.213396179111003903e+01
-2.072753906250000000e-01 -8.247983622505101664e+01
-2.070312500000000000e-01 -8.284331607457953339e+01
-2.067871093750000000e-01 -8.322598833865997392e+01
-2.065429687500000000e-01 -8.362967578823936776e+01
-2.062988281250000000e-01 -8.405648605761564340e+01
-2.060546875000000000e-01 -8.450887422306296060e+01
-2.058105468750000000e-01 -8.498972357549507706e+01
-2.055664062500000000e-01 -8.550245132881275367e+01
-2.053222656250000000e-01 -8.605114911238591446e+01
-2.050781250000000000e-01 -8.664077295671970091e+01
-2.048339843750000000e-01 -8.727740529140318415e+01
-2.045898437500000000e-01 -8.796862441660904608e+01
-2.043457031250000000e-01 -8.872403911723289127e+01
-2.041015625000000000e-01 -8.955608576951456712e+01
-2.038574218750000000e-01 -9.048125960722506989e+01
-2.036132812500000000e-01 -9.152209899492395095e+01
-2.033691406250000000e-01 -9.271055334328841013e+01
-2.031250000000000000e-01 -9.409408295672415079e+01
-2.028808593750000000e-01 -9.574767464531581140e+01
-2.026367187500000000e-01 -9.780035410170225418e+01
-2.023925781250000000e-01 -1.005040791357192234e+02
-2.021484375000000000e-01 -1.044665458608648407e+02
-2.019042968750000000e-01 -1.119955765401401635e+02
-2.016601562500000000e-01 -1.203343129870352755e+02
-2.014160156250000000e-01 -1.070411923516877550e+02
-2.011718750000000000e-01 -1.020076445182006211e+02
-2.009277343750000000e-01 -9.883672598823505950e+01
-2.006835937500000000e-01 -9.651580076642055417e+01
-2.004394531250000000e-01 -9.468404271075780798e+01
-2.001953125000000000e-01 -9.317076863942993725e+01
-1.999511718750000000e-01 -9.188160105747240891e+01
-1.997070312500000000e-01 -9.075882960745266814e+01
-1.994628906250000000e-01 -8.976457690066840200e+01
-1.992187500000000000e-01 -8.887263797453402958e+01
-1.989746093750000000e-01 -8.806412818640924911e+01
-1.987304687500000000e-01 -8.732498764607647956e+01
-1.984863281250000000e-01 -8.664446609210014572e+01
-1.982421875000000000e-01 -8.601415947020244346e+01
-1.979980468750000000e-01 -8.542737342420815594e+01
-1.977539062500000000e-01 -8.487868900256256666e+01
-1.975097656250000000e-01 -8.436365807322468413e+01
-1.972656250000000000e-01 -8.387858456921094330e+01
-1.970214843750000000e-01 -8.342036408235267686e+01
-1.967773437500000000e-01 -8.298636407183791164e+01
-1.965332031250000000e-01 -8.257433294009805991e+01
-1.962890625000000000e-01 -8.218233001011849126e+01
-1.960449218750000000e-01 -8.180867089209083076e+01
-1.958007812500000000e-01 -8.145188435008695649e+01
-1.955566406250000000e-01 -8.111067788192760020e+01
-1.953125000000000000e-01 -8.078390998132380219e+01
-1.950683593750000000e-01 -8.047056758390763775e+01
-1.948242187500000000e-01 -8.016974757661847661e+01
-1.945800781250000000e-01 -7.988064152198421652e+01
-1.943359375000000000e-01 -7.960252294974534948e+01
-1.940917968750000000e-01 -7.933473671441831243e+01
-1.938476562500000000e-01 -7.907669002885225495e+01
-1.936035156250000000e-01 -7.882784486662087886e+01
-1.933593750000000000e-01 -7.858771148991021960e+01
-1.931152343750000000e-01 -7.835584290900698079e+01
-1.928710937500000000e-01 -7.813183011643587861e+01
-1.926269531250000000e-01 -7.791529797012918834e+01
-1.923828125000000000e-01 -7.770590162171211546e+01
-1.921386718750000000e-01 -7.750332340632201067e+01
-1.918945312500000000e-01 -7.730727012351226790e+01
-1.916503906250000000e-01 -7.711747065249522848e+01
-1.914062500000000000e-01 -7.693367385306336814e+01
-1.911621093750000000e-01 -7.675564671260461580e+01
-1.909179687500000000e-01 -7.658317270502877250e+01
-1.906738281250000000e-01 -7.641605033378054657e+01
-1.904296875000000000e-01 -7.625409183421938053e+01
-1.901855468750000000e-01 -7.609712201547860388e+01
-1.899414062500000000e-01 -7.594497722383268012e+01
-1.896972656250000000e-01 -7.579750441313161957e+01
-1.894531250000000000e-01 -7.565456030896278605e+01
-1.892089843750000000e-01 -7.551601065573575511e+01
-1.889648437500000000e-01 -7.538172953711152502e+01
-1.887207031250000000e-01 -7.525159876136028458e+01
-1.884765625000000000e-01 -7.512550730443587099e+01
-1.882324218750000000e-01 -7.500335080463696613e+01
-1.879882812500000000e-01 -7.488503110301867594e+01
-1.877441406250000000e-01 -7.477045582509821031e+01
-1.875000000000000000e-01 -7.465953799934304413e+01
-1.872558593750000000e-01 -7.455219570882903213e+01
-1.870117187500000000e-01 -7.444835177275042781e+01
-1.867675781250000000e-01 -7.434793345490831484e+01
-1.865234375000000000e-01 -7.425087219642848879e+01
-1.862792968750000000e-01 -7.415710337071021740e+01
-1.860351562500000000e-01 -7.406656605827005535e+01
-1.857910156250000000e-01 -7.397920283989502366e+01
-1.855468750000000000e-01 -7.389495960626707927e+01
-1.853027343750000000e-01 -7.381378538290024949e+01
-1.850585937500000000e-01 -7.373563216872632609e+01
-1.848144531250000000e-01 -7.366045478756082332e+01
-1.845703125000000000e-01 -7.358821075105761622e+01
-1.843261718750000000e-01 -7.351886013248545737e+01
-1.840820312500000000e-01 -7.345236545026826036e+01
-1.838378906250000000e-01 -7.338869156074721900e+01
-1.835937500000000000e-01 -7.332780555930104072e+01
-1.833496093750000000e-01 -7.326967668926559440e+01
-1.831054687500000000e-01 -7.321427625816529883e+01
-1.828613281250000000e-01 -7.316157756067708817e+01
-1.826171875000000000e-01 -7.311155580790871511e+01
-1.823730468750000000e-01 -7.306418806258919574e+01
-1.821289062500000000e-01 -7.301945317973940064e+01
-1.818847656250000000e-01 -7.297733175269050321e+01
-1.816406250000000000e-01 -7.293780606384248699e+01
-1.813964843750000000e-01 -7.290086004025167199e+01
-1.811523437500000000e-01 -7.286647921349565138e+01
-1.809082031250000000e-01 -7.283465068380104412e+01
-1.806640625000000000e-01 -7.280536308822463809e+01
-1.804199218750000000e-01 -7.277860657263789790e+01
-1.801757812500000000e-01 -7.275437276748581894e+01
-1.799316406250000000e-01 -7.273265476705182664e+01
-1.796875000000000000e-01 -7.271344711235116165e+01
-1.794433593750000000e-01 -7.269674577732369869e+01
-1.791992187500000000e-01 -7.268254815839169680e+01
-1.789550781250000000e-01 -7.267085306733335415e+01
-1.787109375000000000e-01 -7.266166072739785875e+01
-1.784667968750000000e-01 -7.265497277264975651e+01
-1.782226562500000000e-01 -7.265079225054702761e+01
-1.779785156250000000e-01 -7.264912362776142629e+01
-1.777343750000000000e-01 -7.264997279929993113e+01
-1.774902343750000000e-01 -7.265334710088183101e+01
-1.772460937500000000e-01 -7.265925532476167348e+01
-1.770019531250000000e-01 -7.266770773895576951e+01
-1.767578125000000000e-01 -7.267871611004575527e+01
-1.765136718750000000e-01 -7.269229372962695379e+01
-1.762695312500000000e-01 -7.270845544457363019e+01
-1.760253906250000000e-01 -7.272721769123448610e+01
-1.757812500000000000e-01 -7.274859853375900798e+01
-1.755371093750000000e-01 -7.277261770675443131e+01
-1.752929687500000000e-01 -7.279929666248415288e+01
-1.750488281250000000e-01 -7.282865862283387060e+01
-1.748046875000000000e-01 -7.286072863644493225e+01
-1.745605468750000000e-01 -7.289553364109939082e+01
-1.743164062500000000e-01 -7.293310253200201032e+01
-1.740722656250000000e-01 -7.297346623607401739e+01
-1.738281250000000000e-01 -7.301665779285845304e+01
-1.735839843750000000e-01 -7.306271244243228580e+01
-1.733398437500000000e-01 -7.311166772091958421e+01
-1.730957031250000000e-01 -7.316356356412960338e+01
-1.728515625000000000e-01 -7.321844241998516623e+01
-1.726074218750000000e-01 -7.327634937052511077e+01
-1.723632812500000000e-01 -7.333733226418667073e+01
-1.721191406250000000e-01 -7.340144185934985899e+01
-1.718750000000000000e-01 -7.346873198007557448e+01
-1.716308593750000000e-01 -7.353925968516178102e+01
-1.713867187500000000e-01 -7.361308545180519047e+01
-1.711425781250000000e-01 -7.369027337515557008e+01
-1.708984375000000000e-01 -7.377089138534805102e+01
-1.706542968750000000e-01 -7.385501148378901348e+01
-1.704101562500000000e-01 -7.394271000053663556e+01
-1.701660156250000000e-01 -7.403406787504697206e+01
-1.699218750000000000e-01 -7.412917096264294514e+01
-1.696777343750000000e-01 -7.422811036956564124e+01
-1.694335937500000000e-01 -7.433098281962168130e+01
-1.691894531250000000e-01 -7.443789105607291390e+01
-1.689453125000000000e-01 -7.454894428272253037e+01
-1.687011718750000000e-01 -7.466425864868851647e+01
-1.684570312500000000e-01 -7.478395778222896695e+01
-1.682128906250000000e-01 -7.490817337936870501e+01
-1.679687500000000000e-01 -7.503704585427871621e+01
-1.677246093750000000e-01 -7.517072505917050762e+01
-1.674804687500000000e-01 -7.530937108265121083e+01
-1.672363281250000000e-01 -7.545315513693294918e+01
-1.669921875000000000e-01 -7.560226054612509472e+01
-1.667480468750000000e-01 -7.575688384932364272e+01
-1.665039062500000000e-01 -7.591723603494749284e+01
-1.662597656250000000e-01 -7.608354392546806366e+01
-1.660156250000000000e-01 -7.625605173481329757e+01
-1.657714843750000000e-01 -7.643502282500344336e+01
-1.655273437500000000e-01 -7.662074169301919824e+01
-1.652832031250000000e-01 -7.681351622546998215e+01
-1.650390625000000000e-01 -7.701368026488498231e+01
-1.647949218750000000e-01 -7.722159654119326433e+01
-1.645507812500000000e-01 -7.743766003207859683e+01
-1.643066406250000000e-01 -7.766230183004076082e+01
-1.640625000000000000e-01 -7.789599361017009471e+01
-1.638183593750000000e-01 -7.813925281452043237e+01
-1.635742187500000000e-01 -7.839264869522192214e+01
-1.633300781250000000e-01 -7.865680939286016837e+01
-1.630859375000000000e-01 -7.893243027037163984e+01
-1.628417968750000000e-01 -7.922028377950935862e+01
-1.625976562500000000e-01 -7.952123121075403844e+01
-1.623535156250000000e-01 -7.983623677543259589e+01
-1.621093750000000000e-01 -8.016638459827088070e+01
-1.618652343750000000e-01 -8.051289937312988343e+01
-1.616210937500000000e-01 -8.087717167290394116e+01
-1.613769531250000000e-01 -8.126078923083726124e+01
-1.611328125000000000e-01 -8.166557596819330911e+01
-1.608886718750000000e-01 -8.209364119021994100e+01
-1.606445312500000000e-01 -8.254744230571294850e+01
-1.604003906250000000e-01 -8.302986579054820027e+01
-1.601562500000000000e-01 -8.354433316055747127e+01
-1.599121093750000000e-01 -8.409494183608765638e+01
-1.596679687500000000e-01 -8.468665566270065881e+01
-1.594238281250000000e-01 -8.532556769705986710e+01
-1.591796875000000000e-01 -8.601927086928901645e+01
-1.589355468750000000e-01 -8.677739445542673025e+01
-1.586914062500000000e-01 -8.761240418927464191e+01
-1.584472656250000000e-01 -8.854083860218153745e+01
-1.582031250000000000e-01 -8.958530231394914267e+01
-1.579589843750000000e-01 -9.077785101920659372e+01
-1.577148437500000000e-01 -9.216612631549870116e+01
-1.574707031250000000e-01 -9.382545077462751237e+01
-1.572265625000000000e-01 -9.588554797951917408e+01
-1.569824218750000000e-01 -9.860010168611889014e+01
-1.567382812500000000e-01 -1.025825525130556031e+02
-1.564941406250000000e-01 -1.101784377279589080e+02
-1.562500000000000000e-01 -1.181320064734957072e+02
-1.560058593750000000e-01 -1.050604584667314327e+02
-1.557617187500000000e-01 -1.000574267676663140e+02
-1.555175781250000000e-01 -9.690075979279414753e+01
-1.552734375000000000e-01 -9.458929830782136605e+01
-1.550292968750000000e-01 -9.276499974140538995e+01
-1.547851562500000000e-01 -9.125819138546106046e+01
-1.545410156250000000e-01 -8.997495072924016313e+01
-1.542968750000000000e-01 -8.885780231411931140e+01
-1.540527343750000000e-01 -8.786900214026374556e+01
-1.538085937500000000e-01 -8.698242649907838597e+01
-1.535644531250000000e-01 -8.617924298169477026e+01
-1.533203125000000000e-01 -8.544542673341106820e+01
-1.530761718750000000e-01 -8.477025181114328234e+01
-1.528320312500000000e-01 -8.414533152014710993e+01
-1.525878906250000000e-01 -8.356398418747427570e+01
-1.523437500000000000e-01 -8.302080031001203508e+01
-1.520996093750000000e-01 -8.251133891058734093e+01
-1.518554687500000000e-01 -8.203190941542548842e+01
-1.516113281250000000e-01 -8.157941168372906304e+01
-1.513671875000000000e-01 -8.115121652281919751e+01
-1.511230468750000000e-01 -8.074507498433121100e+01
-1.508789062500000000e-01 -8.035904850273820443e+01
-1.506347656250000000e-01 -7.999145438126824104e+01
-1.503906250000000000e-01 -7.964082274909314663e+01
-1.501464843750000000e-01 -7.930586220965916766e+01
-1.499023437500000000e-01 -7.898543215607659818e+01
-1.496582031250000000e-01 -7.867852025882253031e+01
-1.494140625000000000e-01 -7.838422400759341713e+01
-1.491699218750000000e-01 -7.810173546202946682e+01
-1.489257812500000000e-01 -7.783032856417797518e+01
-1.486816406250000000e-01 -7.756934851324764679e+01
-1.484375000000000000e-01 -7.731820281307426512e+01
-1.481933593750000000e-01 -7.707635368604893245e+01
-1.479492187500000000e-01 -7.684331161064729088e+01
-1.477050781250000000e-01 -7.661862978888800058e+01
-1.474609375000000000e-01 -7.640189938742763331e+01
-1.472167968750000000e-01 -7.619274542636367187e+01
-1.469726562500000000e-01 -7.599082321262118001e+01
-1.467285156250000000e-01 -7.579581523398471177e+01
-1.464843750000000000e-01 -7.560742844395360862e+01
-1.462402343750000000e-01 -7.542539188010195517e+01
-1.459960937500000000e-01 -7.524945456809621191e+01
-1.457519531250000000e-01 -7.507938367129808910e+01
-1.455078125000000000e-01 -7.491496285220954121e+01
-1.452636718750000000e-01 -7.475599081749113850e+01
-1.450195312500000000e-01 -7.460228002260012659e+01
-1.447753906250000000e-01 -7.445365551538434090e+01
-1.445312500000000000e-01 -7.430995390134904710e+01
-1.442871093750000000e-01 -7.417102241572402477e+01
-1.440429687500000000e-01 -7.403671808931433418e+01
-1.437988281250000000e-01 -7.390690699714654954e+01
-1.435546875000000000e-01 -7.378146358049509956e+01
-1.433105468750000000e-01 -7.366027003365746850e+01
-1.430664062500000000e-01 -7.354321574870364486e+01
-1.428222656250000000e-01 -7.343019681152185285e+01
-1.425781250000000000e-01 -7.332111554381981477e+01
-1.423339843750000000e-01 -7.321588008636294376e+01
-1.420898437500000000e-01 -7.311440401902673614e+01
-1.418457031250000000e-01 -7.301660601404039141e+01
-1.416015625000000000e-01 -7.292240951916315339e+01
-1.413574218750000000e-01 -7.283174246781139516e+01
-1.411132812500000000e-01 -7.274453701357526825e+01
-1.408691406250000000e-01 -7.266072928692938149e+01
-1.406250000000000000e-01 -7.258025917194461840e+01
-1.403808593750000000e-01 -7.250307010137146335e+01
-1.401367187500000000e-01 -7.242910886835160511e+01
-1.398925781250000000e-01 -7.235832545335178168e+01
-1.396484375000000000e-01 -7.229067286507803658e+01
-1.394042968750000000e-01 -7.222610699413691293e+01
-1.391601562500000000e-01 -7.216458647848182295e+01
-1.389160156250000000e-01 -7.210607257970319495e+01
-1.386718750000000000e-01 -7.205052906924771605e+01
-1.384277343750000000e-01 -7.199792212396616264e+01
-1.381835937500000000e-01 -7.194822023019020207e+01
-1.379394531250000000e-01 -7.190139409574236140e+01
-1.376953125000000000e-01 -7.185741656949934963e+01
-1.374511718750000000e-01 -7.181626256774016781e+01
-1.372070312500000000e-01 -7.177790900713192457e+01
-1.369628906250000000e-01 -7.174233474374265995e+01
-1.367187500000000000e-01 -7.170952051782013825e+01
-1.364746093750000000e-01 -7.167944890409413006e+01
-1.362304687500000000e-01 -7.165210426714368452e+01
-1.359863281250000000e-01 -7.162747272177742275e+01
-1.357421875000000000e-01 -7.160554209805940218e+01
-1.354980468750000000e-01 -7.158630191092544237e+01
-1.352539062500000000e-01 -7.156974333406627409e+01
-1.350097656250000000e-01 -7.155585917812693708e+01
-1.347656250000000000e-01 -7.154464387291656635e+01
-1.345214843750000000e-01 -7.153609345375596718e+01
-1.342773437500000000e-01 -7.153020555163814720e+01
-1.340332031250000000e-01 -7.152697938732175942e+01
-1.337890625000000000e-01 -7.152641576937769230e+01
-1.335449218750000000e-01 -7.152851709593149110e+01
-1.333007812500000000e-01 -7.153328736038496061e+01
-1.330566406250000000e-01 -7.154073216097573606e+01
-1.328125000000000000e-01 -7.155085871427056077e+01
-1.325683593750000000e-01 -7.156367587269457431e+01
-1.323242187500000000e-01 -7.157919414615895448e+01
-1.320800781250000000e-01 -7.159742572787034476e+01
-1.318359375000000000e-01 -7.161838452448378689e+01
-1.315917968750000000e-01 -7.164208619085330554e+01
-1.313476562500000000e-01 -7.166854816936732675e+01
-1.311035156250000000e-01 -7.169778973424460844e+01
-1.308593750000000000e-01 -7.172983204101119270e+01
-1.306152343750000000e-01 -7.176469818135154810e+01
-1.303710937500000000e-01 -7.180241324373461964e+01
-1.301269531250000000e-01 -7.184300438011320011e+01
-1.298828125000000000e-01 -7.188650087914274422e+01
-1.296386718750000000e-01 -7.193293424620273413e+01
-1.293945312500000000e-01 -7.198233829097854652e+01
-1.291503906250000000e-01 -7.203474922278792292e+01
-1.289062500000000000e-01 -7.209020575464028013e+01
-1.286621093750000000e-01 -7.214874921628562277e+01
-1.284179687500000000e-01 -7.221042367741667078e+01
-1.281738281250000000e-01 -7.227527608149658533e+01
-1.279296875000000000e-01 -7.234335639133617235e+01
-1.276855468750000000e-01 -7.241471774738808165e+01
-1.274414062500000000e-01 -7.248941663988915707e+01
-1.271972656250000000e-01 -7.256751309617719414e+01
-1.269531250000000000e-01 -7.264907088455503015e+01
-1.267089843750000000e-01 -7.273415773631982972e+01
-1.264648437500000000e-01 -7.282284558784679973e+01
-1.262207031250000000e-01 -7.291521084450067747e+01
-1.259765625000000000e-01 -7.301133466896583002e+01
-1.257324218750000000e-01 -7.311130329631099301e+01
-1.254882812500000000e-01 -7.321520837871635479e+01
-1.252441406250000000e-01 -7.332314736322901183e+01
-1.250000000000000000e-01 -7.343522390607643047e+01
-1.247558593750000000e-01 -7.355154832791177455e+01
-1.245117187500000000e-01 -7.367223811464459970e+01
-1.242675781250000000e-01 -7.379741846933170279e+01
-1.240234375000000000e-01 -7.392722292140057050e+01
-1.237792968750000000e-01 -7.406179400031226123e+01
-1.235351562500000000e-01 -7.420128398196023056e+01
-1.232910156250000000e-01 -7.434585571707583540e+01
-1.230468750000000000e-01 -7.449568355294714195e+01
-1.228027343750000000e-01 -7.465095436078406976e+01
-1.225585937500000000e-01 -7.481186868379812438e+01
-1.223144531250000000e-01 -7.497864202310755388e+01
-1.220703125000000000e-01 -7.515150628173617520e+01
-1.218261718750000000e-01 -7.533071139051456555e+01
-1.215820312500000000e-01 -7.551652714394867871e+01
-1.213378906250000000e-01 -7.570924527918614899e+01
-1.210937500000000000e-01 -7.590918183793152707e+01
-1.208496093750000000e-01 -7.611667985834878891e+01
-1.206054687500000000e-01 -7.633211245400953260e+01
-1.203613281250000000e-01 -7.655588634829101125e+01
-1.201171875000000000e-01 -7.678844594758807318e+01
-1.198730468750000000e-01 -7.703027805476293111e+01
-1.196289062500000000e-01 -7.728191734743295171e+01
-1.193847656250000000e-01 -7.754395277493070182e+01
-1.191406250000000000e-01 -7.781703506497413514e+01
-1.188964843750000000e-01 -7.810188557945683385e+01
-1.186523437500000000e-01 -7.839930682070317403e+01
-1.184082031250000000e-01 -7.871019497200589399e+01
-1.181640625000000000e-01 -7.903555496344482378e+01
-1.179199218750000000e-01 -7.937651869942060046e+01
-1.176757812500000000e-01 -7.973436727837228943e+01
-1.174316406250000000e-01 -8.011055830241501496e+01
-1.171875000000000000e-01 -8.050675974307485205e+01
-1.169433593750000000e-01 -8.092489234763152695e+01
-1.166992187500000000e-01 -8.136718330795619636e+01
-1.164550781250000000e-01 -8.183623498369792060e+01
-1.162109375000000000e-01 -8.233511404977269876e+01
-1.159667968750000000e-01 -8.286746881462583758e+01
-1.157226562500000000e-01 -8.343768611666966706e+01
-1.154785156250000000e-01 -8.405110498740913272e+01
-1.152343750000000000e-01 -8.471431366406686436e+01
-1.149902343750000000e-01 -8.543557229445431744e+01
-1.147460937500000000e-01 -8.622543111618658429e+01
-1.145019531250000000e-01 -8.709766373819120133e+01
-1.142578125000000000e-01 -8.807073037246472325e+01
-1.140136718750000000e-01 -8.917017893409210672e+01
-1.137695312500000000e-01 -9.043281289900029662e+01
-1.135253906250000000e-01 -9.191445952874269665e+01
-1.132812500000000000e-01 -9.370586595299519672e+01
-1.130371093750000000e-01 -9.596970067869031595e+01
-1.127929687500000000e-01 -9.904491261024159598e+01
-1.125488281250000000e-01 -1.038555902763615961e+02
-1.123046875000000000e-01 -1.155722022735755843e+02
-1.120605468750000000e-01 -1.102077797080430344e+02
-1.118164062500000000e-01 -1.021131649095740386e+02
-1.115722656250000000e-01 -9.799782458757054826e+01
-1.113281250000000000e-01 -9.521808188928456218e+01
-1.110839843750000000e-01 -9.311712438317290719e+01
-1.108398437500000000e-01 -9.142843266711201977e+01
-1.105957031250000000e-01 -9.001713194358430314e+01
-1.103515625000000000e-01 -8.880543097258809837e+01
-1.101074218750000000e-01 -8.774435708152654456e+01
-1.098632812500000000e-01 -8.680107359966500269e+01
-1.096191406250000000e-01 -8.595248753829908139e+01
-1.093750000000000000e-01 -8.518173936690085668e+01
-1.091308593750000000e-01 -8.447614373705131641e+01
-1.088867187500000000e-01 -8.382591609517565701e+01
-1.086425781250000000e-01 -8.322335066315339702e+01
-1.083984375000000000e-01 -8.266227044068939733e+01
-1.081542968750000000e-01 -8.213764788237971004e+01
-1.079101562500000000e-01 -8.164533639028594791e+01
-1.076660156250000000e-01 -8.118187590918860508e+01
-1.074218750000000000e-01 -8.074434936211575575e+01
-1.071777343750000000e-01 -8.033027476126731869e+01
-1.069335937500000000e-01 -7.993752285804026769e+01
-1.066894531250000000e-01 -7.956425340434493876e+01
-1.064453125000000000e-01 -7.920886519567159212e+01
-1.062011718750000000e-01 -7.886995646739595145e+01
-1.059570312500000000e-01 -7.854629317220828000e+01
-1.057128906250000000e-01 -7.823678332836598770e+01
-1.054687500000000000e-01 -7.794045609606376956e+01
-1.052246093750000000e-01 -7.765644457325080907e+01
-1.049804687500000000e-01 -7.738397154477370066e+01
-1.047363281250000000e-01 -7.712233759672736255e+01
-1.044921875000000000e-01 -7.687091114006175019e+01
-1.042480468750000000e-01 -7.662911998712685602e+01
-1.040039062500000000e-01 -7.639644419962918676e+01
-1.037597656250000000e-01 -7.617240998477444691e+01
-1.035156250000000000e-01 -7.595658446049523604e+01
-1.032714843750000000e-01 -7.574857114549402581e+01
-1.030273437500000000e-01 -7.554800605692335580e+01
-1.027832031250000000e-01 -7.535455432031646694e+01
-1.025390625000000000e-01 -7.516790721294785271e+01
-1.022949218750000000e-01 -7.498777957615679668e+01
-1.020507812500000000e-01 -7.481390754269943955e+01
-1.018066406250000000e-01 -7.464604653419276303e+01
-1.015625000000000000e-01 -7.448396949134316003e+01
-1.013183593750000000e-01 -7.432746530511181504e+01
-1.010742187500000000e-01 -7.417633742234625061e+01
-1.008300781250000000e-01 -7.403040260293545316e+01
-1.005859375000000000e-01 -7.388948980951279566e+01
-1.003417968750000000e-01 -7.375343921309135453e+01
-1.000976562500000000e-01 -7.362210130046501888e+01
-9.985351562500000000e-02 -7.349533607127438017e+01
-9.960937500000000000e-02 -7.337301231423947456e+01
-9.936523437500000000e-02 -7.325500695353447611e+01
-9.912109375000000000e-02 -7.314120445730731035e+01
-9.887695312500000000e-02 -7.303149630155539285e+01
-9.863281250000000000e-02 -7.292578048343506225e+01
-9.838867187500000000e-02 -7.282396107857086065e+01
-9.814453125000000000e-02 -7.272594783802108509e+01
-9.790039062500000000e-02 -7.263165582060965164e+01
-9.765625000000000000e-02 -7.254100505731831561e+01
-9.741210937500000000e-02 -7.245392024433233757e+01
-9.716796875000000000e-02 -7.237033046217887033e+01
-9.692382812500000000e-02 -7.229016891836424463e+01
-9.667968750000000000e-02 -7.221337271137744551e+01
-9.643554687500000000e-02 -7.213988261413277314e+01
-9.619140625000000000e-02 -7.206964287496137445e+01
-9.594726562500000000e-02 -7.200260103490786889e+01
-9.570312500000000000e-02 -7.193870775955048202e+01
-9.545898437500000000e-02 -7.187791668453488114e+01
-9.521484375000000000e-02 -7.182018427332985766e+01
-9.497070312500000000e-02 -7.176546968646044888e+01
-9.472656250000000000e-02 -7.171373466120203943e+01
-9.448242187500000000e-02 -7.166494340105475658e+01
-9.423828125000000000e-02 -7.161906247407102910e+01
-9.399414062500000000e-02 -7.157606071965254557e+01
-9.375000000000000000e-02 -7.153590916297589786e+01
-9.350585937500000000e-02 -7.149858093673284998e+01
-9.326171875000000000e-02 -7.146405120958573320e+01
-9.301757812500000000e-02 -7.143229712100402651e+01
-9.277343750000000000e-02 -7.140329772197632963e+01
-9.252929687500000000e-02 -7.137703392142097414e+01
-9.228515625000000000e-02 -7.135348843789410012e+01
-9.204101562500000000e-02 -7.133264575632715321e+01
-9.179687500000000000e-02 -7.131449208960854946e+01
-9.155273437500000000e-02 -7.129901534477049552e+01
-9.130859375000000000e-02 -7.128620509357256196e+01
-9.106445312500000000e-02 -7.127605254741321517e+01
-9.082031250000000000e-02 -7.126855053633916270e+01
-9.057617187500000000e-02 -7.126369349203329762e+01
-9.033203125000000000e-02 -7.126147743490834330e+01
-9.008789062500000000e-02 -7.126189996491274314e+01
-8.984375000000000000e-02 -7.126496025623060859e+01
-8.959960937500000000e-02 -7.127065905578388083e+01
-8.935546875000000000e-02 -7.127899868551718043e+01
-8.911132812500000000e-02 -7.128998304851079126e+01
-8.886718750000000000e-02 -7.130361763891801274e+01
-8.862304687500000000e-02 -7.131990955573995450e+01
-8.837890625000000000e-02 -7.133886752065467363e+01
-8.813476562500000000e-02 -7.136050189984699443e+01
-8.789062500000000000e-02 -7.138482472996136607e+01
-8.764648437500000000e-02 -7.141184974846787270e+01
-8.740234375000000000e-02 -7.144159242838004786e+01
-8.715820312500000000e-02 -7.147407001768685575e+01
-8.691406250000000000e-02 -7.150930158362793065e+01
-8.666992187500000000e-02 -7.154730806208044669e+01
-8.642578125000000000e-02 -7.158811231233248407e+01
-8.618164062500000000e-02 -7.163173917753572084e+01
-8.593750000000000000e-02 -7.167821555117627952e+01
-8.569335937500000000e-02 -7.172757045002346388e+01
-8.544921875000000000e-02 -7.177983509386616845e+01
-8.520507812500000000e-02 -7.183504299264365045e+01
-8.496093750000000000e-02 -7.189323004140014461e+01
-8.471679687500000000e-02 -7.195443462369266285e+01
-8.447265625000000000e-02 -7.201869772424777238e+01
-8.422851562500000000e-02 -7.208606305127415226e+01
-8.398437500000000000e-02 -7.215657716966077828e+01
-8.374023437500000000e-02 -7.223028964564200294e+01
-8.349609375000000000e-02 -7.230725320414592261e+01
-8.325195312500000000e-02 -7.238752389989336677e+01
-8.300781250000000000e-02 -7.247116130343499663e+01
-8.276367187500000000e-02 -7.255822870374990430e+01
-8.251953125000000000e-02 -7.264879332876159879e+01
-8.227539062500000000e-02 -7.274292658568752756e+01
-8.203125000000000000e-02 -7.284070432325412980e+01
-8.178710937500000000e-02 -7.294220711779735211e+01
-8.154296875000000000e-02 -7.304752058608580967e+01
-8.129882812500000000e-02 -7.315673572750453957e+01
-8.105468750000000000e-02 -7.326994929884591556e+01
-8.081054687500000000e-02 -7.338726422552637985e+01
-8.056640625000000000e-02 -7.350879005311053049e+01
-8.032226562500000000e-02 -7.363464344412236073e+01
-8.007812500000000000e-02 -7.376494872541375969e+01
-7.983398437500000000e-02 -7.389983849226676682e+01
-7.958984375000000000e-02 -7.403945427618616293e+01
-7.934570312500000000e-02 -7.418394728485704093e+01
-7.910156250000000000e-02 -7.433347922307925160e+01
-7.885742187500000000e-02 -7.448822320606920755e+01
-7.861328125000000000e-02 -7.464836477723333985e+01
-7.836914062500000000e-02 -7.481410304526177413e+01
-7.812500000000000000e-02 -7.498565195748555823e+01
-7.788085937500000000e-02 -7.516324172943232895e+01
-7.763671875000000000e-02 -7.534712045412963732e+01
-7.739257812500000000e-02 -7.553755591863887275e+01
-7.714843750000000000e-02 -7.573483766078953749e+01
-7.690429687500000000e-02 -7.593927930502252366e+01
-7.666015625000000000e-02 -7.615122122386522108e+01
-7.641601562500000000e-02 -7.637103358108136320e+01
-7.617187500000000000e-02 -7.659911982400136310e+01
-7.592773437500000000e-02 -7.683592070661198647e+01
-7.568359375000000000e-02 -7.708191894355783802e+01
-7.543945312500000000e-02 -7.733764461713533933e+01
-7.519531250000000000e-02 -7.760368148831001633e+01
-7.495117187500000000e-02 -7.788067439944667569e+01
-7.470703125000000000e-02 -7.816933800329657345e+01
-7.446289062500000000e-02 -7.847046711370508376e+01
-7.421875000000000000e-02 -7.878494905371772461e+01
-7.397460937500000000e-02 -7.911377848176812222e+01
-7.373046875000000000e-02 -7.945807531809450097e+01
-7.348632812500000000e-02 -7.981910658252374446e+01
-7.324218750000000000e-02 -8.019831321539662383e+01
-7.299804687500000000e-02 -8.059734331031475563e+01
-7.275390625000000000e-02 -8.101809369226398871e+01
-7.250976562500000000e-02 -8.146276248735375702e+01
-7.226562500000000000e-02 -8.193391636864897976e+01
-7.202148437500000000e-02 -8.243457768460666557e+01
-7.177734375000000000e-02 -8.296833897223027066e+01
-7.153320312500000000e-02 -8.353951587832460746e+01
-7.128906250000000000e-02 -8.415335506702045620e+01
-7.104492187500000000e-02 -8.481632269024967741e+01
-7.080078125000000000e-02 -8.553651405180855249e+01
-7.055664062500000000e-02 -8.632425121675254331e+01
-7.031250000000000000e-02 -8.719298258484896280e+01
-7.006835937500000000e-02 -8.816068831513949533e+01
-6.982421875000000000e-02 -8.925217670465868025e+01
-6.958007812500000000e-02 -9.050304903797992040e+01
-6.933593750000000000e-02 -9.196703893710120781e+01
-6.909179687500000000e-02 -9.373089376760640334e+01
-6.884765625000000000e-02 -9.594856694570646027e+01
-6.860351562500000000e-02 -9.893572238251431372e+01
-6.835937500000000000e-02 -1.035262628894554382e+02
-6.811523437500000000e-02 -1.138772402325228512e+02
-6.787109375000000000e-02 -1.116542757259911696e+02
-6.762695312500000000e-02 -1.027956518756692503e+02
-6.738281250000000000e-02 -9.850567212652217108e+01
-6.713867187500000000e-02 -9.565014680832452143e+01
-6.689453125000000000e-02 -9.350784452097521182e+01
-6.665039062500000000e-02 -9.179379386882926894e+01
-6.640625000000000000e-02 -9.036584081603987784e+01
-6.616210937500000000e-02 -8.914274279347685592e+01
-6.591796875000000000e-02 -8.807367973243563597e+01
-6.567382812500000000e-02 -8.712473664708888066e+01
-6.542968750000000000e-02 -8.627214874988875692e+01
-6.518554687500000000e-02 -8.549861609742457347e+01
-6.494140625000000000e-02 -8.479115253807717068e+01
-6.469726562500000000e-02 -8.413976101939886121e+01
-6.445312500000000000e-02 -8.353658133862511193e+01
-6.420898437500000000e-02 -8.297532153724897341e+01
-6.396484375000000000e-02 -8.245086669310879302e+01
-6.372070312500000000e-02 -8.195900257835906189e+01
-6.347656250000000000e-02 -8.149621594641168087e+01
-6.323242187500000000e-02 -8.105954728351996152e+01
-6.298828125000000000e-02 -8.064648030845822291e+01
-6.274414062500000000e-02 -8.025485773622010299e+01
-6.250000000000000000e-02 -7.988281615377293576e+01
-6.225585937500000000e-02 -7.952873502945914197e+01
-6.201171875000000000e-02 -7.919119632783866791e+01
-6.176757812500000000e-02 -7.886895218858583689e+01
-6.152343750000000000e-02 -7.856089881105508255e+01
-6.127929687500000000e-02 -7.826605516787472538e+01
-6.103515625000000000e-02 -7.798354551381045496e+01
-6.079101562500000000e-02 -7.771258490615892356e+01
-6.054687500000000000e-02 -7.745246713511505732e+01
-6.030273437500000000e-02 -7.720255459826012157e+01
-6.005859375000000000e-02 -7.696226975526970193e+01
-5.981445312500000000e-02 -7.673108787586566848e+01
-5.957031250000000000e-02 -7.650853085309357482e+01
-5.932617187500000000e-02 -7.629416189969855111e+01
-5.908203125000000000e-02 -7.608758098038572371e+01
-5.883789062500000000e-02 -7.588842086099481321e+01
-5.859375000000000000e-02 -7.569634367729233304e+01
-5.834960937500000000e-02 -7.551103794343306674e+01
-5.810546875000000000e-02 -7.533221593444106645e+01
-5.786132812500000000e-02 -7.515961138781442230e+01
-5.761718750000000000e-02 -7.499297747898087607e+01
-5.737304687500000000e-02 -7.483208503233737474e+01
-5.712890625000000000e-02 -7.467672093576543091e+01
-5.688476562500000000e-02 -7.452668673162456514e+01
-5.664062500000000000e-02 -7.438179736123819907e+01
-5.639648437500000000e-02 -7.424188004331445256e+01
-5.615234375000000000e-02 -7.410677326953975808e+01
-5.590820312500000000e-02 -7.397632590318485768e+01
-5.566406250000000000e-02 -7.385039636821120723e+01
-5.541992187500000000e-02 -7.372885191845901431e+01
-5.517578125000000000e-02 -7.361156797751020520e+01
-5.493164062500000000e-02 -7.349842754153382884e+01
-5.468750000000000000e-02 -7.338932063776239545e+01
-5.444335937500000000e-02 -7.328414383301650048e+01
-5.419921875000000000e-02 -7.318279978655905893e+01
-5.395507812500000000e-02 -7.308519684290796192e+01
-5.371093750000000000e-02 -7.299124866038037851e+01
-5.346679687500000000e-02 -7.290087387179048051e+01
-5.322265625000000000e-02 -7.281399577423923120e+01
-5.297851562500000000e-02 -7.273054204489829999e+01
-5.273437500000000000e-02 -7.265044448069926375e+01
-5.249023437500000000e-02 -7.257363875929331698e+01
-5.224609375000000000e-02 -7.250006421967412962e+01
-5.200195312500000000e-02 -7.242966366042786319e+01
-5.175781250000000000e-02 -7.236238315425485723e+01
-5.151367187500000000e-02 -7.229817187717991089e+01
-5.126953125000000000e-02 -7.223698195135000333e+01
-5.102539062500000000e-02 -7.217876830023298851e+01
-5.078125000000000000e-02 -7.212348851512395242e+01
-5.053710937500000000e-02 -7.207110273226183494e+01
-5.029296875000000000e-02 -7.202157351949877295e+01
-5.004882812500000000e-02 -7.197486577197247470e+01
-4.980468750000000000e-02 -7.193094661602461315e+01
-4.956054687500000000e-02 -7.188978532082691686e+01
-4.931640625000000000e-02 -7.185135321710750134e+01
-4.907226562500000000e-02 -7.181562362257007237e+01
-4.882812500000000000e-02 -7.178257177355584417e+01
-4.858398437500000000e-02 -7.175217476249000015e+01
-4.833984375000000000e-02 -7.172441148086267049e+01
-4.809570312500000000e-02 -7.169926256736712844e+01
-4.785156250000000000e-02 -7.167671036089716097e+01
-4.760742187500000000e-02 -7.165673885820747557e+01
-4.736328125000000000e-02 -7.163933367596823132e+01
-4.711914062500000000e-02 -7.162448201707674400e+01
-4.687500000000000000e-02 -7.161217264091627044e+01
-4.663085937500000000e-02 -7.160239583757908122e+01
-4.638671875000000000e-02 -7.159514340584775027e+01
-4.614257812500000000e-02 -7.159040863471572891e+01
-4.589843750000000000e-02 -7.158818628861699551e+01
-4.565429687500000000e-02 -7.158847259599482982e+01
-4.541015625000000000e-02 -7.159126524137150227e+01
-4.516601562500000000e-02 -7.159656336075300942e+01
-4.492187500000000000e-02 -7.160436754045245777e+01
-4.467773437500000000e-02 -7.161467981918707437e+01
-4.443359375000000000e-02 -7.162750369361756952e+01
-4.418945312500000000e-02 -7.164284412723449691e+01
-4.394531250000000000e-02 -7.166070756268095465e+01
-4.370117187500000000e-02 -7.168110193757304671e+01
-4.345703125000000000e-02 -7.170403670392266804e+01
-4.321289062500000000e-02 -7.172952285119296789e+01
-4.296875000000000000e-02 -7.175757293318852703e+01
-4.272460937500000000e-02 -7.178820109879980293e+01
-4.248046875000000000e-02 -7.182142312689433084e+01
-4.223632812500000000e-02 -7.185725646548591783e+01
-4.199218750000000000e-02 -7.189572027529652587e+01
-4.174804687500000000e-02 -7.193683547805410683e+01
-4.150390625000000000e-02 -7.198062480982538602e+01
-4.125976562500000000e-02 -7.202711287946733876e+01
-4.101562500000000000e-02 -7.207632623276255401e+01
-4.077148437500000000e-02 -7.212829342246190834e+01
-4.052734375000000000e-02 -7.218304508466925995e+01
-4.028320312500000000e-02 -7.224061402200037207e+01
-4.003906250000000000e-02 -7.230103529404378548e+01
-3.979492187500000000e-02 -7.236434631569765941e+01
-3.955078125000000000e-02 -7.243058696387483053e+01
-3.930664062500000000e-02 -7.249979969343696951e+01
-3.906250000000000000e-02 -7.257202966288700452e+01
-3.881835937500000000e-02 -7.264732487097754188e+01
-3.857421875000000000e-02 -7.272573630473333139e+01
-3.833007812500000000e-02 -7.280731810041700669e+01
-3.808593750000000000e-02 -7.289212771815383007e+01
-3.784179687500000000e-02 -7.298022613184986085e+01
-3.759765625000000000e-02 -7.307167803559647723e+01
-3.735351562500000000e-02 -7.316655206839756431e+01
-3.710937500000000000e-02 -7.326492105879957251e+01
-3.686523437500000000e-02 -7.336686229169102091e+01
-3.662109375000000000e-02 -7.347245779938106125e+01
-3.637695312500000000e-02 -7.358179467967694620e+01
-3.613281250000000000e-02 -7.369496544366108992e+01
-3.588867187500000000e-02 -7.381206839677469134e+01
-3.564453125000000000e-02 -7.393320805659975292e+01
-3.540039062500000000e-02 -7.405849561185621610e+01
-3.515625000000000000e-02 -7.418804942716772644e+01
-3.491210937500000000e-02 -7.432199559939846267e+01
-3.466796875000000000e-02 -7.446046857157644183e+01
-3.442382812500000000e-02 -7.460361181175832712e+01
-3.417968750000000000e-02 -7.475157856513966692e+01
-3.393554687500000000e-02 -7.490453268891630501e+01
-3.369140625000000000e-02 -7.506264958100280182e+01
-3.344726562500000000e-02 -7.522611721540381780e+01
-3.320312500000000000e-02 -7.539513729925229768e+01
-3.295898437500000000e-02 -7.556992656883176096e+01
-3.271484375000000000e-02 -7.575071824518151686e+01
-3.247070312500000000e-02 -7.593776367310211128e+01
-3.222656250000000000e-02 -7.613133417223647825e+01
-3.198242187500000000e-02 -7.633172313349034255e+01
-3.173828125000000000e-02 -7.653924840126536822e+01
-3.149414062500000000e-02 -7.675425498883735997e+01
-3.125000000000000000e-02 -7.697711818507340809e+01
-3.100585937500000000e-02 -7.720824712132188949e+01
-3.076171875000000000e-02 -7.744808888298244653e+01
-3.051757812500000000e-02 -7.769713326884503601e+01
-3.027343750000000000e-02 -7.795591832393853338e+01
-3.002929687500000000e-02 -7.822503680243491431e+01
-2.978515625000000000e-02 -7.850514375388827659e+01
-2.954101562500000000e-02 -7.879696547610302559e+01
-2.929687500000000000e-02 -7.910131014061242638e+01
-2.905273437500000000e-02 -7.941908048036742684e+01
-2.880859375000000000e-02 -7.975128903922094992e+01
-2.856445312500000000e-02 -8.009907663010766043e+01
-2.832031250000000000e-02 -8.046373484734797898e+01
-2.807617187500000000e-02 -8.084673375128328132e+01
-2.783203125000000000e-02 -8.124975621958735417e+01
-2.758789062500000000e-02 -8.167474098981296038e+01
-2.734375000000000000e-02 -8.212393717297682372e+01
-2.709960937500000000e-02 -8.259997411398052236e+01
-2.685546875000000000e-02 -8.310595209436850439e+01
-2.661132812500000000e-02 -8.364556181510869237e+01
-2.636718750000000000e-02 -8.422324436431937045e+01
-2.612304687500000000e-02 -8.484440933562319742e+01
-2.587890625000000000e-02 -8.551573846568845738e+01
-2.563476562500000000e-02 -8.624561847657463431e+01
-2.539062500000000000e-02 -8.704477528659626273e+01
-2.514648437500000000e-02 -8.792723364774687411e+01
-2.490234375000000000e-02 -8.891182574377251058e+01
-2.465820312500000000e-02 -9.002467485414123871e+01
-2.441406250000000000e-02 -9.130352418626279132e+01
-2.416992187500000000e-02 -9.280584770204362144e+01
-2.392578125000000000e-02 -9.462556489408927973e+01
-2.368164062500000000e-02 -9.693234161869983723e+01
-2.343750000000000000e-02 -1.000842013837746265e+02
-2.319335937500000000e-02 -1.050822246644361257e+02
-2.294921875000000000e-02 -1.181473799227712504e+02
-2.270507812500000000e-02 -1.101914769927034286e+02
-2.246093750000000000e-02 -1.025900593344734943e+02
-2.221679687500000000e-02 -9.860231536057514745e+01
-2.197265625000000000e-02 -9.588244350872741961e+01
-2.172851562500000000e-02 -9.381696320660518040e+01
-2.148437500000000000e-02 -9.215217878698024379e+01
-2.124023437500000000e-02 -9.075836191371486450e+01
-2.099609375000000000e-02 -8.956018777999017288e+01
-2.075195312500000000e-02 -8.851001362572421272e+01
-2.050781250000000000e-02 -8.757578311339221955e+01
-2.026367187500000000e-02 -8.673489125748727702e+01
-2.001953125000000000e-02 -8.597079931877641457e+01
-1.977539062500000000e-02 -8.527104145151292869e+01
-1.953125000000000000e-02 -8.462598832811947602e+01
-1.928710937500000000e-02 -8.402804700655374859e+01
-1.904296875000000000e-02 -8.347112444519744656e+01
-1.879882812500000000e-02 -8.295025683209166800e+01
-1.855468750000000000e-02 -8.246134679366545583e+01
-1.831054687500000000e-02 -8.200097287049153749e+01
-1.806640625000000000e-02 -8.156624865004039293e+01
-1.782226562500000000e-02 -8.115471679205492705e+01
-1.757812500000000000e-02 -8.076426806373997636e+01
-1.733398437500000000e-02 -8.039307861926762655e+01
-1.708984375000000000e-02 -8.003956080297619735e+01
-1.684570312500000000e-02 -7.970232412141955081e+01
-1.660156250000000000e-02 -7.938014396127266536e+01
-1.635742187500000000e-02 -7.907193627956200999e+01
-1.611328125000000000e-02 -7.877673694732473564e+01
-1.586914062500000000e-02 -7.849368475699070302e+01
-1.562500000000000000e-02 -7.822200734007705591e+01
-1.538085937500000000e-02 -7.796100941716127863e+01
-1.513671875000000000e-02 -7.771006293128408515e+01
-1.489257812500000000e-02 -7.746859871391617958e+01
-1.464843750000000000e-02 -7.723609940653719264e+01
-1.440429687500000000e-02 -7.701209341740226932e+01
-1.416015625000000000e-02 -7.679614973711927917e+01
-1.391601562500000000e-02 -7.658787347070790474e+01
-1.367187500000000000e-02 -7.638690197060003584e+01
-1.342773437500000000e-02 -7.619290147602471563e+01
-1.318359375000000000e-02 -7.600556418161636429e+01
-1.293945312500000000e-02 -7.582460567091548853e+01
-1.269531250000000000e-02 -7.564976266170302210e+01
-1.245117187500000000e-02 -7.548079101895058329e+01
-1.220703125000000000e-02 -7.531746399815301629e+01
-1.196289062500000000e-02 -7.515957068774652328e+01
-1.171875000000000000e-02 -7.500691462439540658e+01
-1.147460937500000000e-02 -7.485931255838569598e+01
-1.123046875000000000e-02 -7.471659335049200479e+01
-1.098632812500000000e-02 -7.457859698355315459e+01
-1.074218750000000000e-02 -7.444517367515337014e+01
-1.049804687500000000e-02 -7.431618307894744646e+01
-1.025390625000000000e-02 -7.419149356483950442e+01
-1.000976562500000000e-02 -7.407098156826496904e+01
-9.765625000000000000e-03 -7.395453100146310987e+01
-9.521484375000000000e-03 -7.384203271942431002e+01
-9.277343750000000000e-03 -7.373338403492647330e+01
-9.033203125000000000e-03 -7.362848827721602163e+01
-8.789062500000000000e-03 -7.352725438989712359e+01
-8.544921875000000000e-03 -7.342959656406830504e+01
-8.300781250000000000e-03 -7.333543390297491271e+01
-8.056640625000000000e-03 -7.324469011525478379e+01
-7.812500000000000000e-03 -7.315729323395696326e+01
-7.568359375000000000e-03 -7.307317535877736248e+01
-7.324218750000000000e-03 -7.299227241954511669e+01
-7.080078125000000000e-03 -7.291452395876294190e+01
-6.835937500000000000e-03 -7.283987293169346344e+01
-6.591796875000000000e-03 -7.276826552236644829e+01
-6.347656250000000000e-03 -7.269965097404258358e+01
-6.103515625000000000e-03 -7.263398143312386424e+01
-5.859375000000000000e-03 -7.257121180506797486e+01
-5.615234375000000000e-03 -7.251129962165363452e+01
-5.371093750000000000e-03 -7.245420491848713596e+01
-5.126953125000000000e-03 -7.239989012199701790e+01
-4.882812500000000000e-03 -7.234831994522102150e+01
-4.638671875000000000e-03 -7.229946129169007918e+01
-4.394531250000000000e-03 -7.225328316690382735e+01
-4.150390625000000000e-03 -7.220975659666639501e+01
-3.906250000000000000e-03 -7.216885455210983480e+01
-3.662109375000000000e-03 -7.213055188065443701e+01
-3.417968750000000000e-03 -7.209482524277245830e+01
-3.173828125000000000e-03 -7.206165305401488297e+01
-2.929687500000000000e-03 -7.203101543211042213e+01
-2.685546875000000000e-03 -7.200289414881343930e+01
-2.441406250000000000e-03 -7.197727258617715052e+01
-2.197265625000000000e-03 -7.195413569714781943e+01
-1.953125000000000000e-03 -7.193346997021994582e+01
-1.708984375000000000e-03 -7.191526339790929967e+01
-1.464843750000000000e-03 -7.189950544895391715e+01
-1.220703125000000000e-03 -7.188618704418102823e+01
-9.765625000000000000e-04 -7.187530053571984467e+01
-7.324218750000000000e-04 -7.186683968962991287e+01
-4.882812500000000000e-04 -7.186079967178190486e+01
-2.441406250000000000e-04 -7.185717703698898617e+01
0.000000000000000000e+00 -7.185596972122500858e+01
2.441406250000000000e-04 -7.185717703698900038e+01
4.882812500000000000e-04 -7.186079967177813899e+01
7.324218750000000000e-04 -7.186683968962228164e+01
9.765625000000000000e-04 -7.187530053571984467e+01
1.220703125000000000e-03 -7.188618704418091454e+01
1.464843750000000000e-03 -7.189950544895016549e+01
1.708984375000000000e-03 -7.191526339790198108e+01
1.953125000000000000e-03 -7.193346997022760547e+01
2.197265625000000000e-03 -7.195413569714865787e+01
2.441406250000000000e-03 -7.197727258617366886e+01
2.685546875000000000e-03 -7.200289414881343930e+01
2.929687500000000000e-03 -7.203101543211467117e+01
3.173828125000000000e-03 -7.206165305401488297e+01
3.417968750000000000e-03 -7.209482524277245830e+01
3.662109375000000000e-03 -7.213055188065737866e+01
3.906250000000000000e-03 -7.216885455210908162e+01
4.150390625000000000e-03 -7.220975659666919455e+01
4.394531250000000000e-03 -7.225328316690382735e+01
4.638671875000000000e-03 -7.229946129169627511e+01
4.882812500000000000e-03 -7.234831994521398713e+01
5.126953125000000000e-03 -7.239989012199451679e+01
5.371093750000000000e-03 -7.245420491848713596e+01
5.615234375000000000e-03 -7.251129962165363452e+01
5.859375000000000000e-03 -7.257121180507024860e+01
6.103515625000000000e-03 -7.263398143312723221e+01
6.347656250000000000e-03 -7.269965097404505627e+01
6.591796875000000000e-03 -7.276826552236056500e+01
6.835937500000000000e-03 -7.283987293169673194e+01
7.080078125000000000e-03 -7.291452395876294190e+01
7.324218750000000000e-03 -7.299227241954831413e+01
7.568359375000000000e-03 -7.307317535878350157e+01
7.812500000000000000e-03 -7.315729323395696326e+01
8.056640625000000000e-03 -7.324469011525157214e+01
8.300781250000000000e-03 -7.333543390297792541e+01
8.544921875000000000e-03 -7.342959656407172986e+01
8.789062500000000000e-03 -7.352725438989421036e+01
9.033203125000000000e-03 -7.362848827721032308e+01
9.277343750000000000e-03 -7.373338403492368798e+01
9.521484375000000000e-03 -7.384203271942703850e+01
9.765625000000000000e-03 -7.395453100146046665e+01
1.000976562500000000e-02 -7.407098156826909019e+01
1.025390625000000000e-02 -7.419149356483526958e+01
1.049804687500000000e-02 -7.431618307895180919e+01
1.074218750000000000e-02 -7.444517367514440309e+01
1.098632812500000000e-02 -7.457859698356237743e+01
1.123046875000000000e-02 -7.471659335049675121e+01
1.147460937500000000e-02 -7.485931255838677600e+01
1.171875000000000000e-02 -7.500691462439644397e+01
1.196289062500000000e-02 -7.515957068775583139e+01
1.220703125000000000e-02 -7.531746399815111204e+01
1.245117187500000000e-02 -7.548079101895058329e+01
1.269531250000000000e-02 -7.564976266169658459e+01
1.293945312500000000e-02 -7.582460567091708015e+01
1.318359375000000000e-02 -7.600556418161636429e+01
1.342773437500000000e-02 -7.619290147601898866e+01
1.367187500000000000e-02 -7.638690197060033427e+01
1.391601562500000000e-02 -7.658787347072072293e+01
1.416015625000000000e-02 -7.679614973711927917e+01
1.440429687500000000e-02 -7.701209341740904790e+01
1.464843750000000000e-02 -7.723609940654442596e+01
1.489257812500000000e-02 -7.746859871390873309e+01
1.513671875000000000e-02 -7.771006293128417042e+01
1.538085937500000000e-02 -7.796100941716134969e+01
1.562500000000000000e-02 -7.822200734007705591e+01
1.586914062500000000e-02 -7.849368475699074565e+01
1.611328125000000000e-02 -7.877673694732473564e+01
1.635742187500000000e-02 -7.907193627956208104e+01
1.660156250000000000e-02 -7.938014396126362726e+01
1.684570312500000000e-02 -7.970232412140106248e+01
1.708984375000000000e-02 -8.003956080298719655e+01
1.733398437500000000e-02 -8.039307861924775978e+01
1.757812500000000000e-02 -8.076426806374099954e+01
1.782226562500000000e-02 -8.115471679205433020e+01
1.806640625000000000e-02 -8.156624865003969660e+01
1.831054687500000000e-02 -8.200097287050323303e+01
1.855468750000000000e-02 -8.246134679365506770e+01
1.879882812500000000e-02 -8.295025683207020961e+01
1.904296875000000000e-02 -8.347112444521967234e+01
1.928710937500000000e-02 -8.402804700657080161e+01
1.953125000000000000e-02 -8.462598832808915006e+01
1.977539062500000000e-02 -8.527104145149675674e+01
2.001953125000000000e-02 -8.597079931878050729e+01
2.026367187500000000e-02 -8.673489125744519868e+01
2.050781250000000000e-02 -8.757578311345864108e+01
2.075195312500000000e-02 -8.851001362571787467e+01
2.099609375000000000e-02 -8.956018777999017288e+01
2.124023437500000000e-02 -9.075836191369707251e+01
2.148437500000000000e-02 -9.215217878694778619e+01
2.172851562500000000e-02 -9.381696320661660593e+01
2.197265625000000000e-02 -9.588244350869169352e+01
2.221679687500000000e-02 -9.860231536057514745e+01
2.246093750000000000e-02 -1.025900593342727802e+02
2.270507812500000000e-02 -1.101914769927358293e+02
2.294921875000000000e-02 -1.181473799222484473e+02
2.319335937500000000e-02 -1.050822246645554117e+02
2.343750000000000000e-02 -1.000842013837746265e+02
2.368164062500000000e-02 -9.693234161874886468e+01
2.392578125000000000e-02 -9.462556489412052940e+01
2.416992187500000000e-02 -9.280584770203924450e+01
2.441406250000000000e-02 -9.130352418624524091e+01
2.465820312500000000e-02 -9.002467485414123871e+01
2.490234375000000000e-02 -8.891182574375650915e+01
2.514648437500000000e-02 -8.792723364772724892e+01
2.539062500000000000e-02 -8.704477528658422614e+01
2.563476562500000000e-02 -8.624561847658522140e+01
2.587890625000000000e-02 -8.551573846570406090e+01
2.612304687500000000e-02 -8.484440933561904785e+01
2.636718750000000000e-02 -8.422324436431937045e+01
2.661132812500000000e-02 -8.364556181511198929e+01
2.685546875000000000e-02 -8.310595209437212816e+01
2.709960937500000000e-02 -8.259997411398579459e+01
2.734375000000000000e-02 -8.212393717298348861e+01
2.758789062500000000e-02 -8.167474098980206065e+01
2.783203125000000000e-02 -8.124975621957875660e+01
2.807617187500000000e-02 -8.084673375127320583e+01
2.832031250000000000e-02 -8.046373484736211878e+01
2.856445312500000000e-02 -8.009907663009957446e+01
2.880859375000000000e-02 -7.975128903923061330e+01
2.905273437500000000e-02 -7.941908048036692946e+01
2.929687500000000000e-02 -7.910131014061242638e+01
2.954101562500000000e-02 -7.879696547611092683e+01
2.978515625000000000e-02 -7.850514375390403643e+01
3.002929687500000000e-02 -7.822503680244318502e+01
3.027343750000000000e-02 -7.795591832393058951e+01
3.051757812500000000e-02 -7.769713326883766058e+01
3.076171875000000000e-02 -7.744808888298244653e+01
3.100585937500000000e-02 -7.720824712132193213e+01
3.125000000000000000e-02 -7.697711818508700787e+01
3.149414062500000000e-02 -7.675425498883740261e+01
3.173828125000000000e-02 -7.653924840126536822e+01
3.198242187500000000e-02 -7.633172313350281968e+01
3.222656250000000000e-02 -7.613133417223002652e+01
3.247070312500000000e-02 -7.593776367310772457e+01
3.271484375000000000e-02 -7.575071824517546304e+01
3.295898437500000000e-02 -7.556992656883821269e+01
3.320312500000000000e-02 -7.539513729925229768e+01
3.344726562500000000e-02 -7.522611721540924634e+01
3.369140625000000000e-02 -7.506264958099784224e+01
3.393554687500000000e-02 -7.490453268891630501e+01
3.417968750000000000e-02 -7.475157856513966692e+01
3.442382812500000000e-02 -7.460361181176243406e+01
3.466796875000000000e-02 -7.446046857157557497e+01
3.491210937500000000e-02 -7.432199559940494282e+01
3.515625000000000000e-02 -7.418804942717133599e+01
3.540039062500000000e-02 -7.405849561185077334e+01
3.564453125000000000e-02 -7.393320805660283668e+01
3.588867187500000000e-02 -7.381206839676519849e+01
3.613281250000000000e-02 -7.369496544365807722e+01
3.637695312500000000e-02 -7.358179467967181608e+01
3.662109375000000000e-02 -7.347245779938729981e+01
3.686523437500000000e-02 -7.336686229168482498e+01
3.710937500000000000e-02 -7.326492105879835037e+01
3.735351562500000000e-02 -7.316655206839902803e+01
3.759765625000000000e-02 -7.307167803559995889e+01
3.784179687500000000e-02 -7.298022613185588625e+01
3.808593750000000000e-02 -7.289212771815651593e+01
3.833007812500000000e-02 -7.280731810042294683e+01
3.857421875000000000e-02 -7.272573630473361561e+01
3.881835937500000000e-02 -7.264732487097454339e+01
3.906250000000000000e-02 -7.257202966289858637e+01
3.930664062500000000e-02 -7.249979969342828667e+01
3.955078125000000000e-02 -7.243058696388052908e+01
3.979492187500000000e-02 -7.236434631569504461e+01
4.003906250000000000e-02 -7.230103529404323126e+01
4.028320312500000000e-02 -7.224061402199657778e+01
4.052734375000000000e-02 -7.218304508467392111e+01
4.077148437500000000e-02 -7.212829342246509157e+01
4.101562500000000000e-02 -7.207632623275932815e+01
4.125976562500000000e-02 -7.202711287946529239e+01
4.150390625000000000e-02 -7.198062480982603972e+01
4.174804687500000000e-02 -7.193683547805741796e+01
4.199218750000000000e-02 -7.189572027530051912e+01
4.223632812500000000e-02 -7.185725646548677048e+01
4.248046875000000000e-02 -7.182142312689593666e+01
4.272460937500000000e-02 -7.178820109879561073e+01
4.296875000000000000e-02 -7.175757293318365271e+01
4.321289062500000000e-02 -7.172952285119296789e+01
4.345703125000000000e-02 -7.170403670392329332e+01
4.370117187500000000e-02 -7.168110193757247828e+01
4.394531250000000000e-02 -7.166070756268149466e+01
4.418945312500000000e-02 -7.164284412724109075e+01
4.443359375000000000e-02 -7.162750369361667424e+01
4.467773437500000000e-02 -7.161467981918627856e+01
4.492187500000000000e-02 -7.160436754044167174e+01
4.516601562500000000e-02 -7.159656336074986882e+01
4.541015625000000000e-02 -7.159126524137190017e+01
4.565429687500000000e-02 -7.158847259599482982e+01
4.589843750000000000e-02 -7.158818628861699551e+01
4.614257812500000000e-02 -7.159040863471228988e+01
4.638671875000000000e-02 -7.159514340584053116e+01
4.663085937500000000e-02 -7.160239583757544324e+01
4.687500000000000000e-02 -7.161217264090892343e+01
4.711914062500000000e-02 -7.162448201706942541e+01
4.736328125000000000e-02 -7.163933367596833079e+01
4.760742187500000000e-02 -7.165673885820720557e+01
4.785156250000000000e-02 -7.167671036090092684e+01
4.809570312500000000e-02 -7.169926256737068115e+01
4.833984375000000000e-02 -7.172441148086279838e+01
4.858398437500000000e-02 -7.175217476249046911e+01
4.882812500000000000e-02 -7.178257177354832663e+01
4.907226562500000000e-02 -7.181562362256599386e+01
4.931640625000000000e-02 -7.185135321710727396e+01
4.956054687500000000e-02 -7.188978532082956008e+01
4.980468750000000000e-02 -7.193094661602516737e+01
5.004882812500000000e-02 -7.197486577196943358e+01
5.029296875000000000e-02 -7.202157351949877295e+01
5.053710937500000000e-02 -7.207110273226834352e+01
5.078125000000000000e-02 -7.212348851512544456e+01
5.102539062500000000e-02 -7.217876830023220691e+01
5.126953125000000000e-02 -7.223698195135357025e+01
5.151367187500000000e-02 -7.229817187718789739e+01
5.175781250000000000e-02 -7.236238315425227086e+01
5.200195312500000000e-02 -7.242966366043685866e+01
5.224609375000000000e-02 -7.250006421967761128e+01
5.249023437500000000e-02 -7.257363875929770813e+01
5.273437500000000000e-02 -7.265044448069926375e+01
5.297851562500000000e-02 -7.273054204490070163e+01
5.322265625000000000e-02 -7.281399577423083258e+01
5.346679687500000000e-02 -7.290087387178974154e+01
5.371093750000000000e-02 -7.299124866036495973e+01
5.395507812500000000e-02 -7.308519684289899487e+01
5.419921875000000000e-02 -7.318279978655284879e+01
5.444335937500000000e-02 -7.328414383301328883e+01
5.468750000000000000e-02 -7.338932063776239545e+01
5.493164062500000000e-02 -7.349842754153398516e+01
5.517578125000000000e-02 -7.361156797751641534e+01
5.541992187500000000e-02 -7.372885191844886776e+01
5.566406250000000000e-02 -7.385039636821120723e+01
5.590820312500000000e-02 -7.397632590318485768e+01
5.615234375000000000e-02 -7.410677326954076705e+01
5.639648437500000000e-02 -7.424188004331445256e+01
5.664062500000000000e-02 -7.438179736124239128e+01
5.688476562500000000e-02 -7.452668673161748814e+01
5.712890625000000000e-02 -7.467672093576811676e+01
5.737304687500000000e-02 -7.483208503233737474e+01
5.761718750000000000e-02 -7.499297747897644228e+01
5.786132812500000000e-02 -7.515961138780332362e+01
5.810546875000000000e-02 -7.533221593443477104e+01
5.834960937500000000e-02 -7.551103794344064113e+01
5.859375000000000000e-02 -7.569634367729121038e+01
5.883789062500000000e-02 -7.588842086098703987e+01
5.908203125000000000e-02 -7.608758098038097728e+01
5.932617187500000000e-02 -7.629416189969953166e+01
5.957031250000000000e-02 -7.650853085308216350e+01
5.981445312500000000e-02 -7.673108787586302526e+01
6.005859375000000000e-02 -7.696226975527011405e+01
6.030273437500000000e-02 -7.720255459825935418e+01
6.054687500000000000e-02 -7.745246713510800873e+01
6.079101562500000000e-02 -7.771258490615194603e+01
6.103515625000000000e-02 -7.798354551381073918e+01
6.127929687500000000e-02 -7.826605516786761996e+01
6.152343750000000000e-02 -7.856089881106301220e+01
6.176757812500000000e-02 -7.886895218858568057e+01
6.201171875000000000e-02 -7.919119632784786234e+01
6.225585937500000000e-02 -7.952873502944996176e+01
6.250000000000000000e-02 -7.988281615377293576e+01
6.274414062500000000e-02 -8.025485773622004615e+01
6.298828125000000000e-02 -8.064648030846858262e+01
6.323242187500000000e-02 -8.105954728353202654e+01
6.347656250000000000e-02 -8.149621594638973932e+01
6.372070312500000000e-02 -8.195900257836053981e+01
6.396484375000000000e-02 -8.245086669310785510e+01
6.420898437500000000e-02 -8.297532153723618364e+01
6.445312500000000000e-02 -8.353658133862793989e+01
6.469726562500000000e-02 -8.413976101939459795e+01
6.494140625000000000e-02 -8.479115253807614749e+01
6.518554687500000000e-02 -8.549861609744448288e+01
6.542968750000000000e-02 -8.627214874989451232e+01
6.567382812500000000e-02 -8.712473664705419196e+01
6.591796875000000000e-02 -8.807367973242330095e+01
6.616210937500000000e-02 -8.914274279347189633e+01
6.640625000000000000e-02 -9.036584081601051821e+01
6.665039062500000000e-02 -9.179379386882926894e+01
6.689453125000000000e-02 -9.350784452103820854e+01
6.713867187500000000e-02 -9.565014680831174587e+01
6.738281250000000000e-02 -9.850567212652217108e+01
6.762695312500000000e-02 -1.027956518757849125e+02
6.787109375000000000e-02 -1.116542757256749780e+02
6.811523437500000000e-02 -1.138772402322680932e+02
6.835937500000000000e-02 -1.035262628895357864e+02
6.860351562500000000e-02 -9.893572238258400375e+01
6.884765625000000000e-02 -9.594856694568298394e+01
6.909179687500000000e-02 -9.373089376759830316e+01
6.933593750000000000e-02 -9.196703893712545153e+01
6.958007812500000000e-02 -9.050304903799765555e+01
6.982421875000000000e-02 -8.925217670469817222e+01
7.006835937500000000e-02 -8.816068831513949533e+01
7.031250000000000000e-02 -8.719298258481776998e+01
7.055664062500000000e-02 -8.632425121673878721e+01
7.080078125000000000e-02 -8.553651405178153766e+01
7.104492187500000000e-02 -8.481632269027333848e+01
7.128906250000000000e-02 -8.415335506702045620e+01
7.153320312500000000e-02 -8.353951587830428593e+01
7.177734375000000000e-02 -8.296833897223027066e+01
7.202148437500000000e-02 -8.243457768459933277e+01
7.226562500000000000e-02 -8.193391636864897976e+01
7.250976562500000000e-02 -8.146276248736950265e+01
7.275390625000000000e-02 -8.101809369224912416e+01
7.299804687500000000e-02 -8.059734331032628063e+01
7.324218750000000000e-02 -8.019831321537458280e+01
7.348632812500000000e-02 -7.981910658254690816e+01
7.373046875000000000e-02 -7.945807531808631552e+01
7.397460937500000000e-02 -7.911377848177960459e+01
7.421875000000000000e-02 -7.878494905372839696e+01
7.446289062500000000e-02 -7.847046711371552874e+01
7.470703125000000000e-02 -7.816933800329394444e+01
7.495117187500000000e-02 -7.788067439943951342e+01
7.519531250000000000e-02 -7.760368148830195878e+01
7.543945312500000000e-02 -7.733764461713533933e+01
7.568359375000000000e-02 -7.708191894356285445e+01
7.592773437500000000e-02 -7.683592070660509421e+01
7.617187500000000000e-02 -7.659911982400073782e+01
7.641601562500000000e-02 -7.637103358108815598e+01
7.666015625000000000e-02 -7.615122122386522108e+01
7.690429687500000000e-02 -7.593927930502870538e+01
7.714843750000000000e-02 -7.573483766079512236e+01
7.739257812500000000e-02 -7.553755591863344421e+01
7.763671875000000000e-02 -7.534712045412970838e+01
7.788085937500000000e-02 -7.516324172943242843e+01
7.812500000000000000e-02 -7.498565195748555823e+01
7.836914062500000000e-02 -7.481410304526180255e+01
7.861328125000000000e-02 -7.464836477723341090e+01
7.885742187500000000e-02 -7.448822320607487768e+01
7.910156250000000000e-02 -7.433347922307913791e+01
7.934570312500000000e-02 -7.418394728485689882e+01
7.958984375000000000e-02 -7.403945427619132147e+01
7.983398437500000000e-02 -7.389983849226123880e+01
8.007812500000000000e-02 -7.376494872542343728e+01
8.032226562500000000e-02 -7.363464344412261653e+01
8.056640625000000000e-02 -7.350879005311412584e+01
8.081054687500000000e-02 -7.338726422552952044e+01
8.105468750000000000e-02 -7.326994929885145780e+01
8.129882812500000000e-02 -7.315673572749759046e+01
8.154296875000000000e-02 -7.304752058608247012e+01
8.178710937500000000e-02 -7.294220711780364752e+01
8.203125000000000000e-02 -7.284070432325412980e+01
8.227539062500000000e-02 -7.274292658568667491e+01
8.251953125000000000e-02 -7.264879332875608497e+01
8.276367187500000000e-02 -7.255822870375172329e+01
8.300781250000000000e-02 -7.247116130343403029e+01
8.325195312500000000e-02 -7.238752389988988512e+01
8.349609375000000000e-02 -7.230725320414660473e+01
8.374023437500000000e-02 -7.223028964564410614e+01
8.398437500000000000e-02 -7.215657716965860402e+01
8.422851562500000000e-02 -7.208606305127955238e+01
8.447265625000000000e-02 -7.201869772424777238e+01
8.471679687500000000e-02 -7.195443462370036514e+01
8.496093750000000000e-02 -7.189323004139241391e+01
8.520507812500000000e-02 -7.183504299265142379e+01
8.544921875000000000e-02 -7.177983509386339733e+01
8.569335937500000000e-02 -7.172757045002089171e+01
8.593750000000000000e-02 -7.167821555117627952e+01
8.618164062500000000e-02 -7.163173917753559294e+01
8.642578125000000000e-02 -7.158811231233494254e+01
8.666992187500000000e-02 -7.154730806208283411e+01
8.691406250000000000e-02 -7.150930158362233158e+01
8.715820312500000000e-02 -7.147407001768685575e+01
8.740234375000000000e-02 -7.144159242838078683e+01
8.764648437500000000e-02 -7.141184974847081435e+01
8.789062500000000000e-02 -7.138482472996038553e+01
8.813476562500000000e-02 -7.136050189984509018e+01
8.837890625000000000e-02 -7.133886752065954795e+01
8.862304687500000000e-02 -7.131990955573687074e+01
8.886718750000000000e-02 -7.130361763891718851e+01
8.911132812500000000e-02 -7.128998304851396028e+01
8.935546875000000000e-02 -7.127899868551398299e+01
8.959960937500000000e-02 -7.127065905577813965e+01
8.984375000000000000e-02 -7.126496025622870434e+01
9.008789062500000000e-02 -7.126189996491855538e+01
9.033203125000000000e-02 -7.126147743491497977e+01
9.057617187500000000e-02 -7.126369349203218917e+01
9.082031250000000000e-02 -7.126855053633293835e+01
9.106445312500000000e-02 -7.127605254742390173e+01
9.130859375000000000e-02 -7.128620509356827029e+01
9.155273437500000000e-02 -7.129901534476013580e+01
9.179687500000000000e-02 -7.131449208960941633e+01
9.204101562500000000e-02 -7.133264575632364313e+01
9.228515625000000000e-02 -7.135348843789383011e+01
9.252929687500000000e-02 -7.137703392142462633e+01
9.277343750000000000e-02 -7.140329772197632963e+01
9.301757812500000000e-02 -7.143229712100402651e+01
9.326171875000000000e-02 -7.146405120958587531e+01
9.350585937500000000e-02 -7.149858093672204973e+01
9.375000000000000000e-02 -7.153590916296863611e+01
9.399414062500000000e-02 -7.157606071965250294e+01
9.423828125000000000e-02 -7.161906247407475234e+01
9.448242187500000000e-02 -7.166494340105516869e+01
9.472656250000000000e-02 -7.171373466120573426e+01
9.497070312500000000e-02 -7.176546968646080416e+01
9.521484375000000000e-02 -7.182018427333356669e+01
9.545898437500000000e-02 -7.187791668453941440e+01
9.570312500000000000e-02 -7.193870775955403474e+01
9.594726562500000000e-02 -7.200260103490079189e+01
9.619140625000000000e-02 -7.206964287496863619e+01
9.643554687500000000e-02 -7.213988261412578140e+01
9.667968750000000000e-02 -7.221337271137687708e+01
9.692382812500000000e-02 -7.229016891836110403e+01
9.716796875000000000e-02 -7.237033046217914034e+01
9.741210937500000000e-02 -7.245392024433610345e+01
9.765625000000000000e-02 -7.254100505731909720e+01
9.790039062500000000e-02 -7.263165582061049008e+01
9.814453125000000000e-02 -7.272594783801663709e+01
9.838867187500000000e-02 -7.282396107857557865e+01
9.863281250000000000e-02 -7.292578048343304431e+01
9.887695312500000000e-02 -7.303149630156022454e+01
9.912109375000000000e-02 -7.314120445730804931e+01
9.936523437500000000e-02 -7.325500695353684932e+01
9.960937500000000000e-02 -7.337301231424693526e+01
9.985351562500000000e-02 -7.349533607126802792e+01
1.000976562500000000e-01 -7.362210130046777579e+01
1.003417968750000000e-01 -7.375343921308926554e+01
1.005859375000000000e-01 -7.388948980950675605e+01
1.008300781250000000e-01 -7.403040260293545316e+01
1.010742187500000000e-01 -7.417633742235321392e+01
1.013183593750000000e-01 -7.432746530511526828e+01
1.015625000000000000e-01 -7.448396949133592670e+01
1.018066406250000000e-01 -7.464604653419276303e+01
1.020507812500000000e-01 -7.481390754270300647e+01
1.022949218750000000e-01 -7.498777957616387368e+01
1.025390625000000000e-01 -7.516790721294007938e+01
1.027832031250000000e-01 -7.535455432031841383e+01
1.030273437500000000e-01 -7.554800605691991677e+01
1.032714843750000000e-01 -7.574857114548919412e+01
1.035156250000000000e-01 -7.595658446049020540e+01
1.037597656250000000e-01 -7.617240998476728464e+01
1.040039062500000000e-01 -7.639644419963464372e+01
1.042480468750000000e-01 -7.662911998713661887e+01
1.044921875000000000e-01 -7.687091114006057069e+01
1.047363281250000000e-01 -7.712233759673505062e+01
1.049804687500000000e-01 -7.738397154478167295e+01
1.052246093750000000e-01 -7.765644457325603867e+01
1.054687500000000000e-01 -7.794045609605529989e+01
1.057128906250000000e-01 -7.823678332837191363e+01
1.059570312500000000e-01 -7.854629317220553730e+01
1.062011718750000000e-01 -7.886995646740663801e+01
1.064453125000000000e-01 -7.920886519567159212e+01
1.066894531250000000e-01 -7.956425340433733595e+01
1.069335937500000000e-01 -7.993752285803098800e+01
1.071777343750000000e-01 -8.033027476127927002e+01
1.074218750000000000e-01 -8.074434936212810499e+01
1.076660156250000000e-01 -8.118187590918719820e+01
1.079101562500000000e-01 -8.164533639025097500e+01
1.081542968750000000e-01 -8.213764788237932635e+01
1.083984375000000000e-01 -8.266227044067764496e+01
1.086425781250000000e-01 -8.322335066315416441e+01
1.088867187500000000e-01 -8.382591609517621123e+01
1.091308593750000000e-01 -8.447614373706764468e+01
1.093750000000000000e-01 -8.518173936688336312e+01
1.096191406250000000e-01 -8.595248753826074051e+01
1.098632812500000000e-01 -8.680107359966525848e+01
1.101074218750000000e-01 -8.774435708150355140e+01
1.103515625000000000e-01 -8.880543097261387686e+01
1.105957031250000000e-01 -9.001713194358430314e+01
1.108398437500000000e-01 -9.142843266707649263e+01
1.110839843750000000e-01 -9.311712438321589502e+01
1.113281250000000000e-01 -9.521808188932550365e+01
1.115722656250000000e-01 -9.799782458756635606e+01
1.118164062500000000e-01 -1.021131649097007141e+02
1.120605468750000000e-01 -1.102077797083854307e+02
1.123046875000000000e-01 -1.155722022734915697e+02
1.125488281250000000e-01 -1.038555902761954144e+02
1.127929687500000000e-01 -9.904491261027067139e+01
1.130371093750000000e-01 -9.596970067878156385e+01
1.132812500000000000e-01 -9.370586595296992982e+01
1.135253906250000000e-01 -9.191445952878511605e+01
1.137695312500000000e-01 -9.043281289902925835e+01
1.140136718750000000e-01 -8.917017893409210672e+01
1.142578125000000000e-01 -8.807073037246472325e+01
1.145019531250000000e-01 -8.709766373818581542e+01
1.147460937500000000e-01 -8.622543111616965916e+01
1.149902343750000000e-01 -8.543557229447358736e+01
1.152343750000000000e-01 -8.471431366404843288e+01
1.154785156250000000e-01 -8.405110498742682523e+01
1.157226562500000000e-01 -8.343768611668116364e+01
1.159667968750000000e-01 -8.286746881463641046e+01
1.162109375000000000e-01 -8.233511404975671155e+01
1.164550781250000000e-01 -8.183623498368237392e+01
1.166992187500000000e-01 -8.136718330796455234e+01
1.169433593750000000e-01 -8.092489234763077377e+01
1.171875000000000000e-01 -8.050675974307485205e+01
1.174316406250000000e-01 -8.011055830240793796e+01
1.176757812500000000e-01 -7.973436727837228943e+01
1.179199218750000000e-01 -7.937651869941380767e+01
1.181640625000000000e-01 -7.903555496343815889e+01
1.184082031250000000e-01 -7.871019497199424109e+01
1.186523437500000000e-01 -7.839930682072082391e+01
1.188964843750000000e-01 -7.810188557946129606e+01
1.191406250000000000e-01 -7.781703506498659806e+01
1.193847656250000000e-01 -7.754395277491843785e+01
1.196289062500000000e-01 -7.728191734743295171e+01
1.198730468750000000e-01 -7.703027805475697676e+01
1.201171875000000000e-01 -7.678844594759121378e+01
1.203613281250000000e-01 -7.655588634829970829e+01
1.206054687500000000e-01 -7.633211245401223266e+01
1.208496093750000000e-01 -7.611667985835568118e+01
1.210937500000000000e-01 -7.590918183792712171e+01
1.213378906250000000e-01 -7.570924527918826641e+01
1.215820312500000000e-01 -7.551652714395602572e+01
1.218261718750000000e-01 -7.533071139053683396e+01
1.220703125000000000e-01 -7.515150628173698522e+01
1.223144531250000000e-01 -7.497864202310755388e+01
1.225585937500000000e-01 -7.481186868379394639e+01
1.228027343750000000e-01 -7.465095436078378555e+01
1.230468750000000000e-01 -7.449568355294236710e+01
1.232910156250000000e-01 -7.434585571706571727e+01
1.235351562500000000e-01 -7.420128398195534203e+01
1.237792968750000000e-01 -7.406179400031226123e+01
1.240234375000000000e-01 -7.392722292139556828e+01
1.242675781250000000e-01 -7.379741846933170279e+01
1.245117187500000000e-01 -7.367223811464477023e+01
1.247558593750000000e-01 -7.355154832791174613e+01
1.250000000000000000e-01 -7.343522390607643047e+01
1.252441406250000000e-01 -7.332314736322892657e+01
1.254882812500000000e-01 -7.321520837872516552e+01
1.257324218750000000e-01 -7.311130329630664448e+01
1.259765625000000000e-01 -7.301133466896153834e+01
1.262207031250000000e-01 -7.291521084449234991e+01
1.264648437500000000e-01 -7.282284558784293438e+01
1.267089843750000000e-01 -7.273415773632449088e+01
1.269531250000000000e-01 -7.264907088455463224e+01
1.271972656250000000e-01 -7.256751309617652623e+01
1.274414062500000000e-01 -7.248941663988890127e+01
1.276855468750000000e-01 -7.241471774738862166e+01
1.279296875000000000e-01 -7.234335639133674078e+01
1.281738281250000000e-01 -7.227527608148906779e+01
1.284179687500000000e-01 -7.221042367741362966e+01
1.286621093750000000e-01 -7.214874921628198479e+01
1.289062500000000000e-01 -7.209020575463880220e+01
1.291503906250000000e-01 -7.203474922279221460e+01
1.293945312500000000e-01 -7.198233829097507908e+01
1.296386718750000000e-01 -7.193293424620358678e+01
1.298828125000000000e-01 -7.188650087913850939e+01
1.301269531250000000e-01 -7.184300438011506174e+01
1.303710937500000000e-01 -7.180241324373461964e+01
1.306152343750000000e-01 -7.176469818135038281e+01
1.308593750000000000e-01 -7.172983204101119270e+01
1.311035156250000000e-01 -7.169778973424158153e+01
1.313476562500000000e-01 -7.166854816936732675e+01
1.315917968750000000e-01 -7.164208619084877228e+01
1.318359375000000000e-01 -7.161838452448145631e+01
1.320800781250000000e-01 -7.159742572786518622e+01
1.323242187500000000e-01 -7.157919414616436882e+01
1.325683593750000000e-01 -7.156367587269986075e+01
1.328125000000000000e-01 -7.155085871426541644e+01
1.330566406250000000e-01 -7.154073216097573606e+01
1.333007812500000000e-01 -7.153328736039279079e+01
1.335449218750000000e-01 -7.152851709593149110e+01
1.337890625000000000e-01 -7.152641576937949708e+01
1.340332031250000000e-01 -7.152697938732461580e+01
1.342773437500000000e-01 -7.153020555163014649e+01
1.345214843750000000e-01 -7.153609345375893724e+01
1.347656250000000000e-01 -7.154464387292262018e+01
1.350097656250000000e-01 -7.155585917812190644e+01
1.352539062500000000e-01 -7.156974333407127631e+01
1.354980468750000000e-01 -7.158630191092363759e+01
1.357421875000000000e-01 -7.160554209806437598e+01
1.359863281250000000e-01 -7.162747272177742275e+01
1.362304687500000000e-01 -7.165210426714526193e+01
1.364746093750000000e-01 -7.167944890409224001e+01
1.367187500000000000e-01 -7.170952051782298042e+01
1.369628906250000000e-01 -7.174233474374130992e+01
1.372070312500000000e-01 -7.177790900713607414e+01
1.374511718750000000e-01 -7.181626256774076467e+01
1.376953125000000000e-01 -7.185741656949321055e+01
1.379394531250000000e-01 -7.190139409574236140e+01
1.381835937500000000e-01 -7.194822023018650725e+01
1.384277343750000000e-01 -7.199792212397075275e+01
1.386718750000000000e-01 -7.205052906924808553e+01
1.389160156250000000e-01 -7.210607257970319495e+01
1.391601562500000000e-01 -7.216458647847824182e+01
1.394042968750000000e-01 -7.222610699413311863e+01
1.396484375000000000e-01 -7.229067286507793710e+01
1.398925781250000000e-01 -7.235832545336005239e+01
1.401367187500000000e-01 -7.242910886834748396e+01
1.403808593750000000e-01 -7.250307010137139230e+01
1.406250000000000000e-01 -7.258025917194461840e+01
1.408691406250000000e-01 -7.266072928692513244e+01
1.411132812500000000e-01 -7.274453701358753221e+01
1.413574218750000000e-01 -7.283174246781132410e+01
1.416015625000000000e-01 -7.292240951916305391e+01
1.418457031250000000e-01 -7.301660601404013562e+01
1.420898437500000000e-01 -7.311440401902690667e+01
1.423339843750000000e-01 -7.321588008636784650e+01
1.425781250000000000e-01 -7.332111554382397856e+01
1.428222656250000000e-01 -7.343019681152210865e+01
1.430664062500000000e-01 -7.354321574870058953e+01
1.433105468750000000e-01 -7.366027003364789039e+01
1.435546875000000000e-01 -7.378146358049373532e+01
1.437988281250000000e-01 -7.390690699715791823e+01
1.440429687500000000e-01 -7.403671808932264753e+01
1.442871093750000000e-01 -7.417102241573765298e+01
1.445312500000000000e-01 -7.430995390135079504e+01
1.447753906250000000e-01 -7.445365551537967974e+01
1.450195312500000000e-01 -7.460228002260481617e+01
1.452636718750000000e-01 -7.475599081749706443e+01
1.455078125000000000e-01 -7.491496285219753304e+01
1.457519531250000000e-01 -7.507938367129808910e+01
1.459960937500000000e-01 -7.524945456809621191e+01
1.462402343750000000e-01 -7.542539188009889983e+01
1.464843750000000000e-01 -7.560742844395844031e+01
1.467285156250000000e-01 -7.579581523398955767e+01
1.469726562500000000e-01 -7.599082321262118001e+01
1.472167968750000000e-01 -7.619274542635112368e+01
1.474609375000000000e-01 -7.640189938743256448e+01
1.477050781250000000e-01 -7.661862978889720921e+01
1.479492187500000000e-01 -7.684331161065225047e+01
1.481933593750000000e-01 -7.707635368603469317e+01
1.484375000000000000e-01 -7.731820281308426956e+01
1.486816406250000000e-01 -7.756934851324287195e+01
1.489257812500000000e-01 -7.783032856417241874e+01
1.491699218750000000e-01 -7.810173546203533590e+01
1.494140625000000000e-01 -7.838422400760578057e+01
1.496582031250000000e-01 -7.867852025882109501e+01
1.499023437500000000e-01 -7.898543215607149648e+01
1.501464843750000000e-01 -7.930586220964677580e+01
1.503906250000000000e-01 -7.964082274910597903e+01
1.506347656250000000e-01 -7.999145438127338537e+01
1.508789062500000000e-01 -8.035904850272613942e+01
1.511230468750000000e-01 -8.074507498431950125e+01
1.513671875000000000e-01 -8.115121652282178388e+01
1.516113281250000000e-01 -8.157941168372386187e+01
1.518554687500000000e-01 -8.203190941542608527e+01
1.520996093750000000e-01 -8.251133891058472614e+01
1.523437500000000000e-01 -8.302080031001725047e+01
1.525878906250000000e-01 -8.356398418746904611e+01
1.528320312500000000e-01 -8.414533152013665074e+01
1.530761718750000000e-01 -8.477025181115651264e+01
1.533203125000000000e-01 -8.544542673342309058e+01
1.535644531250000000e-01 -8.617924298167847041e+01
1.538085937500000000e-01 -8.698242649908230817e+01
1.540527343750000000e-01 -8.786900214023525280e+01
1.542968750000000000e-01 -8.885780231413639285e+01
1.545410156250000000e-01 -8.997495072917249104e+01
1.547851562500000000e-01 -9.125819138546106046e+01
1.550292968750000000e-01 -9.276499974135867888e+01
1.552734375000000000e-01 -9.458929830787533888e+01
1.555175781250000000e-01 -9.690075979286015695e+01
1.557617187500000000e-01 -1.000574267677584288e+02
1.560058593750000000e-01 -1.050604584669071073e+02
1.562500000000000000e-01 -1.181320064703872106e+02
1.564941406250000000e-01 -1.101784377282774869e+02
1.567382812500000000e-01 -1.025825525130587721e+02
1.569824218750000000e-01 -9.860010168611736958e+01
1.572265625000000000e-01 -9.588554797951769615e+01
1.574707031250000000e-01 -9.382545077463186090e+01
1.577148437500000000e-01 -9.216612631549440948e+01
1.579589843750000000e-01 -9.077785101920943589e+01
1.582031250000000000e-01 -8.958530231398330557e+01
1.584472656250000000e-01 -8.854083860221089708e+01
1.586914062500000000e-01 -8.761240418926902862e+01
1.589355468750000000e-01 -8.677739445543858210e+01
1.591796875000000000e-01 -8.601927086929460131e+01
1.594238281250000000e-01 -8.532556769705149691e+01
1.596679687500000000e-01 -8.468665566268067835e+01
1.599121093750000000e-01 -8.409494183608765638e+01
1.601562500000000000e-01 -8.354433316058472769e+01
1.604003906250000000e-01 -8.302986579054265803e+01
1.606445312500000000e-01 -8.254744230570126717e+01
1.608886718750000000e-01 -8.209364119023916828e+01
1.611328125000000000e-01 -8.166557596819055220e+01
1.613769531250000000e-01 -8.126078923084421035e+01
1.616210937500000000e-01 -8.087717167290027476e+01
1.618652343750000000e-01 -8.051289937312441225e+01
1.621093750000000000e-01 -8.016638459827905194e+01
1.623535156250000000e-01 -7.983623677544807151e+01
1.625976562500000000e-01 -7.952123121074670564e+01
1.628417968750000000e-01 -7.922028377949851574e+01
1.630859375000000000e-01 -7.893243027036623971e+01
1.633300781250000000e-01 -7.865680939285476825e+01
1.635742187500000000e-01 -7.839264869521655044e+01
1.638183593750000000e-01 -7.813925281452016236e+01
1.640625000000000000e-01 -7.789599361019149626e+01
1.643066406250000000e-01 -7.766230183005090737e+01
1.645507812500000000e-01 -7.743766003207859683e+01
1.647949218750000000e-01 -7.722159654118340200e+01
1.650390625000000000e-01 -7.701368026487969587e+01
1.652832031250000000e-01 -7.681351622546061719e+01
1.655273437500000000e-01 -7.662074169301919824e+01
1.657714843750000000e-01 -7.643502282499298417e+01
1.660156250000000000e-01 -7.625605173481677923e+01
1.662597656250000000e-01 -7.608354392545959399e+01
1.665039062500000000e-01 -7.591723603495266559e+01
1.667480468750000000e-01 -7.575688384932878705e+01
1.669921875000000000e-01 -7.560226054612920166e+01
1.672363281250000000e-01 -7.545315513692909803e+01
1.674804687500000000e-01 -7.530937108265121083e+01
1.677246093750000000e-01 -7.517072505917050762e+01
1.679687500000000000e-01 -7.503704585427159657e+01
1.682128906250000000e-01 -7.490817337935983744e+01
1.684570312500000000e-01 -7.478395778221812407e+01
1.687011718750000000e-01 -7.466425864869509610e+01
1.689453125000000000e-01 -7.454894428273162532e+01
1.691894531250000000e-01 -7.443789105607291390e+01
1.694335937500000000e-01 -7.433098281961528642e+01
1.696777343750000000e-01 -7.422811036956025532e+01
1.699218750000000000e-01 -7.412917096264774841e+01
1.701660156250000000e-01 -7.403406787505113584e+01
1.704101562500000000e-01 -7.394271000053663556e+01
1.706542968750000000e-01 -7.385501148378929770e+01
1.708984375000000000e-01 -7.377089138534861945e+01
1.711425781250000000e-01 -7.369027337515591114e+01
1.713867187500000000e-01 -7.361308545180997953e+01
1.716308593750000000e-01 -7.353925968516197997e+01
1.718750000000000000e-01 -7.346873198007557448e+01
1.721191406250000000e-01 -7.340144185935000110e+01
1.723632812500000000e-01 -7.333733226419091977e+01
1.726074218750000000e-01 -7.327634937052100383e+01
1.728515625000000000e-01 -7.321844241998077507e+01
1.730957031250000000e-01 -7.316356356412511275e+01
1.733398437500000000e-01 -7.311166772091911525e+01
1.735839843750000000e-01 -7.306271244243154683e+01
1.738281250000000000e-01 -7.301665779285909252e+01
1.740722656250000000e-01 -7.297346623607307947e+01
1.743164062500000000e-01 -7.293310253200226612e+01
1.745605468750000000e-01 -7.289553364110292932e+01
1.748046875000000000e-01 -7.286072863644432118e+01
1.750488281250000000e-01 -7.282865862284255343e+01
1.752929687500000000e-01 -7.279929666248132492e+01
1.755371093750000000e-01 -7.277261770675202968e+01
1.757812500000000000e-01 -7.274859853375740215e+01
1.760253906250000000e-01 -7.272721769122982494e+01
1.762695312500000000e-01 -7.270845544457075960e+01
1.765136718750000000e-01 -7.269229372962509217e+01
1.767578125000000000e-01 -7.267871611004308363e+01
1.770019531250000000e-01 -7.266770773895882485e+01
1.772460937500000000e-01 -7.265925532476167348e+01
1.774902343750000000e-01 -7.265334710088404790e+01
1.777343750000000000e-01 -7.264997279929993113e+01
1.779785156250000000e-01 -7.264912362776280474e+01
1.782226562500000000e-01 -7.265079225054370227e+01
1.784667968750000000e-01 -7.265497277264721276e+01
1.787109375000000000e-01 -7.266166072739407866e+01
1.789550781250000000e-01 -7.267085306733606842e+01
1.791992187500000000e-01 -7.268254815838554350e+01
1.794433593750000000e-01 -7.269674577732656928e+01
1.796875000000000000e-01 -7.271344711235705915e+01
1.799316406250000000e-01 -7.273265476704607124e+01
1.801757812500000000e-01 -7.275437276747680926e+01
1.804199218750000000e-01 -7.277860657264425015e+01
1.806640625000000000e-01 -7.280536308822789238e+01
1.809082031250000000e-01 -7.283465068380697005e+01
1.811523437500000000e-01 -7.286647921349312185e+01
1.813964843750000000e-01 -7.290086004025167199e+01
1.816406250000000000e-01 -7.293780606384248699e+01
1.818847656250000000e-01 -7.297733175268095351e+01
1.821289062500000000e-01 -7.301945317973570582e+01
1.823730468750000000e-01 -7.306418806258436405e+01
1.826171875000000000e-01 -7.311155580791565001e+01
1.828613281250000000e-01 -7.316157756067318019e+01
1.831054687500000000e-01 -7.321427625816340878e+01
1.833496093750000000e-01 -7.326967668926469912e+01
1.835937500000000000e-01 -7.332780555930018807e+01
1.838378906250000000e-01 -7.338869156075142541e+01
1.840820312500000000e-01 -7.345236545025895225e+01
1.843261718750000000e-01 -7.351886013248039831e+01
1.845703125000000000e-01 -7.358821075105895204e+01
1.848144531250000000e-01 -7.366045478756143439e+01
1.850585937500000000e-01 -7.373563216872717874e+01
1.853027343750000000e-01 -7.381378538289180824e+01
1.855468750000000000e-01 -7.389495960627176885e+01
1.857910156250000000e-01 -7.397920283988986512e+01
1.860351562500000000e-01 -7.406656605827575390e+01
1.862792968750000000e-01 -7.415710337070045455e+01
1.865234375000000000e-01 -7.425087219642811931e+01
1.867675781250000000e-01 -7.434793345491331706e+01
1.870117187500000000e-01 -7.444835177276102911e+01
1.872558593750000000e-01 -7.455219570882378832e+01
1.875000000000000000e-01 -7.465953799934304413e+01
1.877441406250000000e-01 -7.477045582510361044e+01
1.879882812500000000e-01 -7.488503110301867594e+01
1.882324218750000000e-01 -7.500335080463696613e+01
1.884765625000000000e-01 -7.512550730443545888e+01
1.887207031250000000e-01 -7.525159876135492709e+01
1.889648437500000000e-01 -7.538172953711651303e+01
1.892089843750000000e-01 -7.551601065573525773e+01
1.894531250000000000e-01 -7.565456030896822881e+01
1.896972656250000000e-01 -7.579750441313227327e+01
1.899414062500000000e-01 -7.594497722383488281e+01
1.901855468750000000e-01 -7.609712201547350219e+01
1.904296875000000000e-01 -7.625409183422445381e+01
1.906738281250000000e-01 -7.641605033377548750e+01
1.909179687500000000e-01 -7.658317270502767826e+01
1.911621093750000000e-01 -7.675564671259984095e+01
1.914062500000000000e-01 -7.693367385306336814e+01
1.916503906250000000e-01 -7.711747065248891886e+01
1.918945312500000000e-01 -7.730727012351866279e+01
1.921386718750000000e-01 -7.750332340631877059e+01
1.923828125000000000e-01 -7.770590162172386783e+01
1.926269531250000000e-01 -7.791529797011413905e+01
1.928710937500000000e-01 -7.813183011644254350e+01
1.931152343750000000e-01 -7.835584290901125826e+01
1.933593750000000000e-01 -7.858771148992838107e+01
1.936035156250000000e-01 -7.882784486662087886e+01
1.938476562500000000e-01 -7.907669002884350107e+01
1.940917968750000000e-01 -7.933473671442534680e+01
1.943359375000000000e-01 -7.960252294974534948e+01
1.945800781250000000e-01 -7.988064152199859791e+01
1.948242187500000000e-01 -8.016974757663236062e+01
1.950683593750000000e-01 -8.047056758392167808e+01
1.953125000000000000e-01 -8.078390998130889500e+01
1.955566406250000000e-01 -8.111067788192005423e+01
1.958007812500000000e-01 -8.145188435007929684e+01
1.960449218750000000e-01 -8.180867089209857568e+01
1.962890625000000000e-01 -8.218233001012805516e+01
1.965332031250000000e-01 -8.257433294007987001e+01
1.967773437500000000e-01 -8.298636407184601183e+01
1.970214843750000000e-01 -8.342036408235267686e+01
1.972656250000000000e-01 -8.387858456921094330e+01
1.975097656250000000e-01 -8.436365807320764532e+01
1.977539062500000000e-01 -8.487868900253938875e+01
1.979980468750000000e-01 -8.542737342423711766e+01
1.982421875000000000e-01 -8.601415947021942543e+01
1.984863281250000000e-01 -8.664446609213260331e+01
1.987304687500000000e-01 -8.732498764612654440e+01
1.989746093750000000e-01 -8.806412818639684303e+01
1.992187500000000000e-01 -8.887263797453402958e+01
1.994628906250000000e-01 -8.976457690067373107e+01
1.997070312500000000e-01 -9.075882960744146999e+01
1.999511718750000000e-01 -9.188160105747834905e+01
2.001953125000000000e-01 -9.317076863947194454e+01
2.004394531250000000e-01 -9.468404271075780798e+01
2.006835937500000000e-01 -9.651580076643230655e+01
2.009277343750000000e-01 -9.883672598804750464e+01
2.011718750000000000e-01 -1.020076445180815483e+02
2.014160156250000000e-01 -1.070411923519291122e+02
2.016601562500000000e-01 -1.203343129860814429e+02
2.019042968750000000e-01 -1.119955765401167014e+02
2.021484375000000000e-01 -1.044665458608609043e+02
2.023925781250000000e-01 -1.005040791357192234e+02
2.026367187500000000e-01 -9.780035410177970334e+01
2.028808593750000000e-01 -9.574767464525676530e+01
2.031250000000000000e-01 -9.409408295677296508e+01
2.033691406250000000e-01 -9.271055334324654496e+01
2.036132812500000000e-01 -9.152209899488812539e+01
2.038574218750000000e-01 -9.048125960725838013e+01
2.041015625000000000e-01 -8.955608576951314603e+01
2.043457031250000000e-01 -8.872403911717745473e+01
2.045898437500000000e-01 -8.796862441658606713e+01
2.048339843750000000e-01 -8.727740529140508841e+01
2.050781250000000000e-01 -8.664077295672171886e+01
2.053222656250000000e-01 -8.605114911238061381e+01
2.055664062500000000e-01 -8.550245132881825327e+01
2.058105468750000000e-01 -8.498972357549278911e+01
2.060546875000000000e-01 -8.450887422304745655e+01
2.062988281250000000e-01 -8.405648605761564340e+01
2.065429687500000000e-01 -8.362967578824182624e+01
2.067871093750000000e-01 -8.322598833865997392e+01
2.070312500000000000e-01 -8.284331607458209135e+01
2.072753906250000000e-01 -8.247983622504322909e+01
2.075195312500000000e-01 -8.213396179112643836e+01
2.077636718750000000e-01 -8.180430259766535528e+01
2.080078125000000000e-01 -8.148963407271736514e+01
2.082519531250000000e-01 -8.118887198463552579e+01
2.084960937500000000e-01 -8.090105182292609243e+01
2.087402343750000000e-01 -8.062531183465186757e+01
2.089843750000000000e-01 -8.036087896526402119e+01
2.092285156250000000e-01 -8.010705712707290616e+01
2.094726562500000000e-01 -7.986321734748568701e+01
2.097167968750000000e-01 -7.962878944696888084e+01
2.099609375000000000e-01 -7.940325497053872539e+01
2.102050781250000000e-01 -7.918614115231288508e+01
2.104492187500000000e-01 -7.897701573763097826e+01
2.106933593750000000e-01 -7.877548252050831934e+01
2.109375000000000000e-01 -7.858117748081997433e+01
2.111816406250000000e-01 -7.839376542734254372e+01
2.114257812500000000e-01 -7.821293706918204691e+01
2.116699218750000000e-01 -7.803840645153157141e+01
2.119140625000000000e-01 -7.786990870291111833e+01
2.121582031250000000e-01 -7.770719804945127862e+01
2.124023437500000000e-01 -7.755004605946133722e+01
2.126464843750000000e-01 -7.739824008648947995e+01
2.128906250000000000e-01 -7.725158188518419422e+01
2.131347656250000000e-01 -7.710988637709051829e+01
2.133789062500000000e-01 -7.697298054741985140e+01
2.136230468750000000e-01 -7.684070245676100797e+01
2.138671875000000000e-01 -7.671290035334037327e+01
2.141113281250000000e-01 -7.658943187413142084e+01
2.143554687500000000e-01 -7.647016332427972429e+01
2.145996093750000000e-01 -7.635496902598207214e+01
2.148437500000000000e-01 -7.624373072875160062e+01
2.150878906250000000e-01 -7.613633707463156952e+01
2.153320312500000000e-01 -7.603268311208519492e+01
2.155761718750000000e-01 -7.593266985370256350e+01
2.158203125000000000e-01 -7.583620387275034602e+01
2.160644531250000000e-01 -7.574319693500487460e+01
2.163085937500000000e-01 -7.565356566199594113e+01
2.165527343750000000e-01 -7.556723122269595194e+01
2.167968750000000000e-01 -7.548411905086399543e+01
2.170410156250000000e-01 -7.540415858555537909e+01
2.172851562500000000e-01 -7.532728303267755621e+01
2.175292968750000000e-01 -7.525342914561866792e+01
2.177734375000000000e-01 -7.518253702315941212e+01
2.180175781250000000e-01 -7.511454992328205549e+01
2.182617187500000000e-01 -7.504941409129979490e+01
2.185058593750000000e-01 -7.498707860113246682e+01
2.187500000000000000e-01 -7.492749520880276748e+01
2.189941406250000000e-01 -7.487061821677313844e+01
2.192382812500000000e-01 -7.481640434851486532e+01
2.194824218750000000e-01 -7.476481263249833376e+01
2.197265625000000000e-01 -7.471580429463843132e+01
2.199707031250000000e-01 -7.466934265877732457e+01
2.202148437500000000e-01 -7.462539305446112792e+01
2.204589843750000000e-01 -7.458392273153368990e+01
2.207031250000000000e-01 -7.454490078104390705e+01
2.209472656250000000e-01 -7.450829806196836103e+01
2.211914062500000000e-01 -7.447408713345615183e+01
2.214355468750000000e-01 -7.444224219209571913e+01
2.216796875000000000e-01 -7.441273901402976776e+01
2.219238281250000000e-01 -7.438555490140657867e+01
2.221679687500000000e-01 -7.436066863312586861e+01
2.224121093750000000e-01 -7.433806041947208598e+01
2.226562500000000000e-01 -7.431771186046155719e+01
2.229003906250000000e-01 -7.429960590772417106e+01
2.231445312500000000e-01 -7.428372682966100626e+01
2.233886718750000000e-01 -7.427006017985303288e+01
2.236328125000000000e-01 -7.425859276839733525e+01
2.238769531250000000e-01 -7.424931263614779198e+01
2.241210937500000000e-01 -7.424220903179350728e+01
2.243652343750000000e-01 -7.423727239153150492e+01
2.246093750000000000e-01 -7.423449432122997393e+01
2.248535156250000000e-01 -7.423386758133769092e+01
2.250976562500000000e-01 -7.423538607393335553e+01
2.253417968750000000e-01 -7.423904483231514462e+01
2.255859375000000000e-01 -7.424484001285708246e+01
2.258300781250000000e-01 -7.425276888918709517e+01
2.260742187500000000e-01 -7.426282984854805136e+01
2.263183593750000000e-01 -7.427502239051639776e+01
2.265625000000000000e-01 -7.428934712786330863e+01
2.268066406250000000e-01 -7.430580578970592853e+01
2.270507812500000000e-01 -7.432440122691653528e+01
2.272949218750000000e-01 -7.434513741980607904e+01
2.275390625000000000e-01 -7.436801948806569840e+01
2.277832031250000000e-01 -7.439305370316461108e+01
2.280273437500000000e-01 -7.442024750307986380e+01
2.282714843750000000e-01 -7.444960950952645362e+01
2.285156250000000000e-01 -7.448114954771675400e+01
2.287597656250000000e-01 -7.451487866875831401e+01
2.290039062500000000e-01 -7.455080917483724079e+01
2.292480468750000000e-01 -7.458895464717603829e+01
2.294921875000000000e-01 -7.462932997699817861e+01
2.297363281250000000e-01 -7.467195139963382644e+01
2.299804687500000000e-01 -7.471683653189070640e+01
2.302246093750000000e-01 -7.476400441285994702e+01
2.304687500000000000e-01 -7.481347554841231329e+01
2.307128906250000000e-01 -7.486527195954474223e+01
2.309570312500000000e-01 -7.491941723483832050e+01
2.312011718750000000e-01 -7.497593658732178312e+01
2.314453125000000000e-01 -7.503485691597029472e+01
2.316894531250000000e-01 -7.509620687220409252e+01
2.319335937500000000e-01 -7.516001693176065146e+01
2.321777343750000000e-01 -7.522631947231282368e+01
2.324218750000000000e-01 -7.529514885719950712e+01
2.326660156250000000e-01 -7.536654152590888600e+01
2.329101562500000000e-01 -7.544053609165537466e+01
2.331542968750000000e-01 -7.551717344678895927e+01
2.333984375000000000e-01 -7.559649687656357742e+01
2.336425781250000000e-01 -7.567855218203402501e+01
2.338867187500000000e-01 -7.576338781291521229e+01
2.341308593750000000e-01 -7.585105501116323978e+01
2.343750000000000000e-01 -7.594160796637360988e+01
2.346191406250000000e-01 -7.603510398397055781e+01
2.348632812500000000e-01 -7.613160366749069397e+01
2.351074218750000000e-01 -7.623117111626136477e+01
2.353515625000000000e-01 -7.633387413992906545e+01
2.355957031250000000e-01 -7.643978449157575028e+01
2.358398437500000000e-01 -7.654897812132433899e+01
2.360839843750000000e-01 -7.666153545246281453e+01
2.363281250000000000e-01 -7.677754168250018552e+01
2.365722656250000000e-01 -7.689708711189648227e+01
2.368164062500000000e-01 -7.702026750331566518e+01
2.370605468750000000e-01 -7.714718447502681897e+01
2.373046875000000000e-01 -7.727794593214250085e+01
2.375488281250000000e-01 -7.741266654019308646e+01
2.377929687500000000e-01 -7.755146824609187206e+01
2.380371093750000000e-01 -7.769448085193945985e+01
2.382812500000000000e-01 -7.784184264868301284e+01
2.385253906250000000e-01 -7.799370111664089222e+01
2.387695312500000000e-01 -7.815021370187849925e+01
2.390136718750000000e-01 -7.831154867826353438e+01
2.392578125000000000e-01 -7.847788610679553756e+01
2.395019531250000000e-01 -7.864941890550065295e+01
2.397460937500000000e-01 -7.882635404575447069e+01
2.399902343750000000e-01 -7.900891389289826350e+01
2.402343750000000000e-01 -7.919733771296338887e+01
2.404785156250000000e-01 -7.939188337037573717e+01
2.407226562500000000e-01 -7.959282924657070168e+01
2.409667968750000000e-01 -7.980047641488232557e+01
2.412109375000000000e-01 -8.001515111363845278e+01
2.414550781250000000e-01 -8.023720756822584121e+01
2.416992187500000000e-01 -8.046703122241947881e+01
2.419433593750000000e-01 -8.070504245254947762e+01
2.421875000000000000e-01 -8.095170085380752312e+01
2.424316406250000000e-01 -8.120751020722211422e+01
2.426757812500000000e-01 -8.147302426174309176e+01
2.429199218750000000e-01 -8.174885349725802541e+01
2.431640625000000000e-01 -8.203567307476190251e+01
2.434082031250000000e-01 -8.233423223350126818e+01
2.436523437500000000e-01 -8.264536546227333247e+01
2.438964843750000000e-01 -8.297000586326112170e+01
2.441406250000000000e-01 -8.330920124528377357e+01
2.443847656250000000e-01 -8.366413364447885215e+01
2.446289062500000000e-01 -8.403614318672347849e+01
2.448730468750000000e-01 -8.442675750543617141e+01
2.451171875000000000e-01 -8.483772834219907111e+01
2.453613281250000000e-01 -8.527107754337217216e+01
2.456054687500000000e-01 -8.572915550479996227e+01
2.458496093750000000e-01 -8.621471633910761057e+01
2.460937500000000000e-01 -8.673101585787748036e+01
2.463378906250000000e-01 -8.728194121863069199e+01
2.465820312500000000e-01 -8.787218536934265956e+01
2.468261718750000000e-01 -8.850748625392907343e+01
2.470703125000000000e-01 -8.919496195890778267e+01
2.473144531250000000e-01 -8.994359203642227385e+01
2.475585937500000000e-01 -9.076492888461619657e+01
2.478027343750000000e-01 -9.167418521945660359e+01
2.480468750000000000e-01 -9.269196475126051382e+01
2.482910156250000000e-01 -9.384715460066352932e+01
2.485351562500000000e-01 -9.518206248472095865e+01
2.487792968750000000e-01 -9.676228011981538657e+01
2.490234375000000000e-01 -9.869769324432989777e+01
2.492675781250000000e-01 -1.011943006046714970e+02
2.495117187500000000e-01 -1.047145778773955129e+02
2.497558593750000000e-01 -1.107342491314206541e+02
2.500000000000000000e-01 -inf
2.502441406250000000e-01 -1.107342491314247326e+02
2.504882812500000000e-01 -1.047145778775509655e+02
2.507324218750000000e-01 -1.011943006046674327e+02
2.509765625000000000e-01 -9.869769324431567270e+01
2.512207031250000000e-01 -9.676228011978447796e+01
2.514648437500000000e-01 -9.518206248472095865e+01
2.517089843750000000e-01 -9.384715460068285608e+01
2.519531250000000000e-01 -9.269196475125848167e+01
2.521972656250000000e-01 -9.167418521944870236e+01
2.524414062500000000e-01 -9.076492888461821451e+01
2.526855468750000000e-01 -8.994359203637043265e+01
2.529296875000000000e-01 -8.919496195890174306e+01
2.531738281250000000e-01 -8.850748625392706970e+01
2.534179687500000000e-01 -8.787218536932942925e+01
2.536621093750000000e-01 -8.728194121862028965e+01
2.539062500000000000e-01 -8.673101585787347290e+01
2.541503906250000000e-01 -8.621471633910562105e+01
2.543945312500000000e-01 -8.572915550481083358e+01
2.546386718750000000e-01 -8.527107754338007339e+01
2.548828125000000000e-01 -8.483772834219018932e+01
2.551269531250000000e-01 -8.442675750542419166e+01
2.553710937500000000e-01 -8.403614318672742911e+01
2.556152343750000000e-01 -8.366413364448474965e+01
2.558593750000000000e-01 -8.330920124529549753e+01
2.561035156250000000e-01 -8.297000586325556526e+01
2.563476562500000000e-01 -8.264536546227857627e+01
2.565917968750000000e-01 -8.233423223349933551e+01
2.568359375000000000e-01 -8.203567307476744475e+01
2.570800781250000000e-01 -8.174885349724848993e+01
2.573242187500000000e-01 -8.147302426174692869e+01
2.575683593750000000e-01 -8.120751020721810676e+01
2.578125000000000000e-01 -8.095170085381514014e+01
2.580566406250000000e-01 -8.070504245255327191e+01
2.583007812500000000e-01 -8.046703122240548112e+01
2.585449218750000000e-01 -8.023720756822693545e+01
2.587890625000000000e-01 -8.001515111364591348e+01
2.590332031250000000e-01 -7.980047641488089027e+01
2.592773437500000000e-01 -7.959282924657986769e+01
2.595214843750000000e-01 -7.939188337037185761e+01
2.597656250000000000e-01 -7.919733771296216673e+01
2.600097656250000000e-01 -7.900891389289100175e+01
2.602539062500000000e-01 -7.882635404575447069e+01
2.604980468750000000e-01 -7.864941890550676362e+01
2.607421875000000000e-01 -7.847788610678910004e+01
2.609863281250000000e-01 -7.831154867826884924e+01
2.612304687500000000e-01 -7.815021370186980221e+01
2.614746093750000000e-01 -7.799370111664012484e+01
2.617187500000000000e-01 -7.784184264868288494e+01
2.619628906250000000e-01 -7.769448085194490261e+01
2.622070312500000000e-01 -7.755146824609126099e+01
2.624511718750000000e-01 -7.741266654019703708e+01
2.626953125000000000e-01 -7.727794593213626229e+01
2.629394531250000000e-01 -7.714718447502485787e+01
2.631835937500000000e-01 -7.702026750331899052e+01
2.634277343750000000e-01 -7.689708711189500434e+01
2.636718750000000000e-01 -7.677754168250018552e+01
2.639160156250000000e-01 -7.666153545245957446e+01
2.641601562500000000e-01 -7.654897812132480794e+01
2.644042968750000000e-01 -7.643978449157575028e+01
2.646484375000000000e-01 -7.633387413992952020e+01
2.648925781250000000e-01 -7.623117111626459064e+01
2.651367187500000000e-01 -7.613160366749031027e+01
2.653808593750000000e-01 -7.603510398396448977e+01
2.656250000000000000e-01 -7.594160796637360988e+01
2.658691406250000000e-01 -7.585105501116633775e+01
2.661132812500000000e-01 -7.576338781291838131e+01
2.663574218750000000e-01 -7.567855218203695244e+01
2.666015625000000000e-01 -7.559649687656688855e+01
2.668457031250000000e-01 -7.551717344679715893e+01
2.670898437500000000e-01 -7.544053609165918317e+01
2.673339843750000000e-01 -7.536654152590725175e+01
2.675781250000000000e-01 -7.529514885719842709e+01
2.678222656250000000e-01 -7.522631947231404581e+01
2.680664062500000000e-01 -7.516001693175998355e+01
2.683105468750000000e-01 -7.509620687220409252e+01
2.685546875000000000e-01 -7.503485691597069263e+01
2.687988281250000000e-01 -7.497593658732390054e+01
2.690429687500000000e-01 -7.491941723483995474e+01
2.692871093750000000e-01 -7.486527195954080582e+01
2.695312500000000000e-01 -7.481347554841332226e+01
2.697753906250000000e-01 -7.476400441286260445e+01
2.700195312500000000e-01 -7.471683653189307961e+01
2.702636718750000000e-01 -7.467195139963844497e+01
2.705078125000000000e-01 -7.462932997700077919e+01
2.707519531250000000e-01 -7.458895464717573986e+01
2.709960937500000000e-01 -7.455080917484099245e+01
2.712402343750000000e-01 -7.451487866875329757e+01
2.714843750000000000e-01 -7.448114954771675400e+01
2.717285156250000000e-01 -7.444960950953134216e+01
2.719726562500000000e-01 -7.442024750308544867e+01
2.722167968750000000e-01 -7.439305370316461108e+01
2.724609375000000000e-01 -7.436801948806134988e+01
2.727050781250000000e-01 -7.434513741980607904e+01
2.729492187500000000e-01 -7.432440122692463547e+01
2.731933593750000000e-01 -7.430580578970497641e+01
2.734375000000000000e-01 -7.428934712786154648e+01
2.736816406250000000e-01 -7.427502239051896993e+01
2.739257812500000000e-01 -7.426282984854637448e+01
2.741699218750000000e-01 -7.425276888918222085e+01
2.744140625000000000e-01 -7.424484001285560453e+01
2.746582031250000000e-01 -7.423904483231241613e+01
2.749023437500000000e-01 -7.423538607392789856e+01
2.751464843750000000e-01 -7.423386758134461161e+01
2.753906250000000000e-01 -7.423449432123067027e+01
2.756347656250000000e-01 -7.423727239151858726e+01
2.758789062500000000e-01 -7.424220903180011533e+01
2.761230468750000000e-01 -7.424931263614841725e+01
2.763671875000000000e-01 -7.425859276839675260e+01
2.766113281250000000e-01 -7.427006017985915776e+01
2.768554687500000000e-01 -7.428372682966420371e+01
2.770996093750000000e-01 -7.429960590772518003e+01
2.773437500000000000e-01 -7.431771186046290723e+01
2.775878906250000000e-01 -7.433806041947200072e+01
2.778320312500000000e-01 -7.436066863312629494e+01
2.780761718750000000e-01 -7.438555490140696236e+01
2.783203125000000000e-01 -7.441273901403219782e+01
2.785644531250000000e-01 -7.444224219210062188e+01
2.788085937500000000e-01 -7.447408713345213016e+01
2.790527343750000000e-01 -7.450829806196614413e+01
2.792968750000000000e-01 -7.454490078104390705e+01
2.795410156250000000e-01 -7.458392273152969665e+01
2.797851562500000000e-01 -7.462539305445523041e+01
2.800292968750000000e-01 -7.466934265877827670e+01
2.802734375000000000e-01 -7.471580429463817552e+01
2.805175781250000000e-01 -7.476481263249570475e+01
2.807617187500000000e-01 -7.481640434851235000e+01
2.810058593750000000e-01 -7.487061821676763884e+01
2.812500000000000000e-01 -7.492749520880813918e+01
2.814941406250000000e-01 -7.498707860113503898e+01
2.817382812500000000e-01 -7.504941409129183683e+01
2.819824218750000000e-01 -7.511454992328732772e+01
2.822265625000000000e-01 -7.518253702316175691e+01
2.824707031250000000e-01 -7.525342914561659313e+01
2.827148437500000000e-01 -7.532728303267796832e+01
2.829589843750000000e-01 -7.540415858555380169e+01
2.832031250000000000e-01 -7.548411905086454965e+01
2.834472656250000000e-01 -7.556723122270254578e+01
2.836914062500000000e-01 -7.565356566200019017e+01
2.839355468750000000e-01 -7.574319693500211770e+01
2.841796875000000000e-01 -7.583620387274947916e+01
2.844238281250000000e-01 -7.593266985369685074e+01
2.846679687500000000e-01 -7.603268311209586727e+01
2.849121093750000000e-01 -7.613633707463212374e+01
2.851562500000000000e-01 -7.624373072875219748e+01
2.854003906250000000e-01 -7.635496902598399060e+01
2.856445312500000000e-01 -7.647016332428094643e+01
2.858886718750000000e-01 -7.658943187412488385e+01
2.861328125000000000e-01 -7.671290035333882429e+01
2.863769531250000000e-01 -7.684070245676183220e+01
2.866210937500000000e-01 -7.697298054742539364e+01
2.868652343750000000e-01 -7.710988637708021542e+01
2.871093750000000000e-01 -7.725158188518420843e+01
2.873535156250000000e-01 -7.739824008648331244e+01
2.875976562500000000e-01 -7.755004605945333651e+01
2.878417968750000000e-01 -7.770719804944772591e+01
2.880859375000000000e-01 -7.786990870289706379e+01
2.883300781250000000e-01 -7.803840645153739786e+01
2.885742187500000000e-01 -7.821293706918758915e+01
2.888183593750000000e-01 -7.839376542734254372e+01
2.890625000000000000e-01 -7.858117748080839249e+01
2.893066406250000000e-01 -7.877548252051106203e+01
2.895507812500000000e-01 -7.897701573763703209e+01
2.897949218750000000e-01 -7.918614115230623440e+01
2.900390625000000000e-01 -7.940325497054504922e+01
2.902832031250000000e-01 -7.962878944697820316e+01
2.905273437500000000e-01 -7.986321734746098855e+01
2.907714843750000000e-01 -8.010705712707290616e+01
2.910156250000000000e-01 -8.036087896525846475e+01
2.912597656250000000e-01 -8.062531183464471951e+01
2.915039062500000000e-01 -8.090105182292380448e+01
2.917480468750000000e-01 -8.118887198463279731e+01
2.919921875000000000e-01 -8.148963407273319604e+01
2.922363281250000000e-01 -8.180430259766666268e+01
2.924804687500000000e-01 -8.213396179111559547e+01
2.927246093750000000e-01 -8.247983622505688572e+01
2.929687500000000000e-01 -8.284331607457825442e+01
2.932128906250000000e-01 -8.322598833865095003e+01
2.934570312500000000e-01 -8.362967578824626003e+01
2.937011718750000000e-01 -8.405648605763023795e+01
2.939453125000000000e-01 -8.450887422305521568e+01
2.941894531250000000e-01 -8.498972357548797163e+01
2.944335937500000000e-01 -8.550245132881275367e+01
2.946777343750000000e-01 -8.605114911238484865e+01
2.949218750000000000e-01 -8.664077295672070989e+01
2.951660156250000000e-01 -8.727740529141510706e+01
2.954101562500000000e-01 -8.796862441662096899e+01
2.956542968750000000e-01 -8.872403911721983150e+01
2.958984375000000000e-01 -8.955608576951456712e+01
2.961425781250000000e-01 -9.048125960724112815e+01
2.963867187500000000e-01 -9.152209899490581790e+01
2.966308593750000000e-01 -9.271055334328841013e+01
2.968750000000000000e-01 -9.409408295672415079e+01
2.971191406250000000e-01 -9.574767464528628125e+01
2.973632812500000000e-01 -9.780035410173960031e+01
2.976074218750000000e-01 -1.005040791356682917e+02
2.978515625000000000e-01 -1.044665458607846631e+02
2.980957031250000000e-01 -1.119955765399498944e+02
2.983398437500000000e-01 -1.203343129865399987e+02
2.985839843750000000e-01 -1.070411923519013158e+02
2.988281250000000000e-01 -1.020076445182006211e+02
2.990722656250000000e-01 -9.883672598815282129e+01
2.993164062500000000e-01 -9.651580076645184647e+01
2.995605468750000000e-01 -9.468404271077602630e+01
2.998046875000000000e-01 -9.317076863940256715e+01
3.000488281250000000e-01 -9.188160105743351380e+01
3.002929687500000000e-01 -9.075882960746272943e+01
3.005371093750000000e-01 -8.976457690066573036e+01
3.007812500000000000e-01 -8.887263797455150893e+01
3.010253906250000000e-01 -8.806412818640924911e+01
3.012695312500000000e-01 -8.732498764608421027e+01
3.015136718750000000e-01 -8.664446609210014572e+01
3.017578125000000000e-01 -8.601415947021320108e+01
3.020019531250000000e-01 -8.542737342422041991e+01
3.022460937500000000e-01 -8.487868900256256666e+01
3.024902343750000000e-01 -8.436365807322042087e+01
3.027343750000000000e-01 -8.387858456921094330e+01
3.029785156250000000e-01 -8.342036408234685041e+01
3.032226562500000000e-01 -8.298636407183791164e+01
3.034667968750000000e-01 -8.257433294009183555e+01
3.037109375000000000e-01 -8.218233001011762440e+01
3.039550781250000000e-01 -8.180867089209020548e+01
3.041992187500000000e-01 -8.145188435009117711e+01
3.044433593750000000e-01 -8.111067788193156503e+01
3.046875000000000000e-01 -8.078390998130889500e+01
3.049316406250000000e-01 -8.047056758391465792e+01
3.051757812500000000e-01 -8.016974757662211459e+01
3.054199218750000000e-01 -7.988064152198781187e+01
3.056640625000000000e-01 -7.960252294975474285e+01
3.059082031250000000e-01 -7.933473671442105513e+01
3.061523437500000000e-01 -7.907669002885393184e+01
3.063964843750000000e-01 -7.882784486662087886e+01
3.066406250000000000e-01 -7.858771148991588973e+01
3.068847656250000000e-01 -7.835584290900698079e+01
3.071289062500000000e-01 -7.813183011643587861e+01
3.073730468750000000e-01 -7.791529797012165659e+01
3.076171875000000000e-01 -7.770590162171711768e+01
3.078613281250000000e-01 -7.750332340632525074e+01
3.081054687500000000e-01 -7.730727012351377425e+01
3.083496093750000000e-01 -7.711747065249522848e+01
3.085937500000000000e-01 -7.693367385306466133e+01
3.088378906250000000e-01 -7.675564671260153204e+01
3.090820312500000000e-01 -7.658317270502625718e+01
3.093261718750000000e-01 -7.641605033378054657e+01
3.095703125000000000e-01 -7.625409183422192427e+01
3.098144531250000000e-01 -7.609712201547564803e+01
3.100585937500000000e-01 -7.594497722382975269e+01
3.103027343750000000e-01 -7.579750441313741760e+01
3.105468750000000000e-01 -7.565456030895992967e+01
3.107910156250000000e-01 -7.551601065573575511e+01
3.110351562500000000e-01 -7.538172953711152502e+01
3.112792968750000000e-01 -7.525159876135475656e+01
3.115234375000000000e-01 -7.512550730443859948e+01
3.117675781250000000e-01 -7.500335080463696613e+01
3.120117187500000000e-01 -7.488503110301867594e+01
3.122558593750000000e-01 -7.477045582509821031e+01
3.125000000000000000e-01 -7.465953799934044355e+01
3.127441406250000000e-01 -7.455219570882645996e+01
3.129882812500000000e-01 -7.444835177275551530e+01
3.132324218750000000e-01 -7.434793345491081595e+01
3.134765625000000000e-01 -7.425087219642601610e+01
3.137207031250000000e-01 -7.415710337070777314e+01
3.139648437500000000e-01 -7.406656605827005535e+01
3.142089843750000000e-01 -7.397920283989027723e+01
3.144531250000000000e-01 -7.389495960626942406e+01
3.146972656250000000e-01 -7.381378538289794733e+01
3.149414062500000000e-01 -7.373563216872632609e+01
3.151855468750000000e-01 -7.366045478756143439e+01
3.154296875000000000e-01 -7.358821075105981890e+01
3.156738281250000000e-01 -7.351886013248039831e+01
3.159179687500000000e-01 -7.345236545026787667e+01
3.161621093750000000e-01 -7.338869156074680689e+01
3.164062500000000000e-01 -7.332780555930104072e+01
3.166503906250000000e-01 -7.326967668926650390e+01
3.168945312500000000e-01 -7.321427625816329510e+01
3.171386718750000000e-01 -7.316157756067708817e+01
3.173828125000000000e-01 -7.311155580791256625e+01
3.176269531250000000e-01 -7.306418806258731991e+01
3.178710937500000000e-01 -7.301945317973940064e+01
3.181152343750000000e-01 -7.297733175268572836e+01
3.183593750000000000e-01 -7.293780606384544285e+01
3.186035156250000000e-01 -7.290086004025289412e+01
3.188476562500000000e-01 -7.286647921349438661e+01
3.190917968750000000e-01 -7.283465068380104412e+01
3.193359375000000000e-01 -7.280536308822627234e+01
3.195800781250000000e-01 -7.277860657263789790e+01
3.198242187500000000e-01 -7.275437276748286308e+01
3.200683593750000000e-01 -7.273265476705182664e+01
3.203125000000000000e-01 -7.271344711235411751e+01
3.205566406250000000e-01 -7.269674577732212128e+01
3.208007812500000000e-01 -7.268254815839155469e+01
3.210449218750000000e-01 -7.267085306733044092e+01
3.212890625000000000e-01 -7.266166072740047355e+01
3.215332031250000000e-01 -7.265497277265139076e+01
3.217773437500000000e-01 -7.265079225054412859e+01
3.220214843750000000e-01 -7.264912362776210841e+01
3.222656250000000000e-01 -7.264997279929821161e+01
3.225097656250000000e-01 -7.265334710088643533e+01
3.227539062500000000e-01 -7.265925532476167348e+01
3.229980468750000000e-01 -7.266770773895576951e+01
3.232421875000000000e-01 -7.267871611004478893e+01
3.234863281250000000e-01 -7.269229372962695379e+01
3.237304687500000000e-01 -7.270845544456898324e+01
3.239746093750000000e-01 -7.272721769123405977e+01
3.242187500000000000e-01 -7.274859853375861007e+01
3.244628906250000000e-01 -7.277261770675367814e+01
3.247070312500000000e-01 -7.279929666248541764e+01
3.249511718750000000e-01 -7.282865862283387060e+01
3.251953125000000000e-01 -7.286072863644290010e+01
3.254394531250000000e-01 -7.289553364109939082e+01
3.256835937500000000e-01 -7.293310253200201032e+01
3.259277343750000000e-01 -7.297346623607634797e+01
3.261718750000000000e-01 -7.301665779285866620e+01
3.264160156250000000e-01 -7.306271244243441743e+01
3.266601562500000000e-01 -7.311166772092174426e+01
3.269042968750000000e-01 -7.316356356412742912e+01
3.271484375000000000e-01 -7.321844241998077507e+01
3.273925781250000000e-01 -7.327634937052289388e+01
3.276367187500000000e-01 -7.333733226418667073e+01
3.278808593750000000e-01 -7.340144185934985899e+01
3.281250000000000000e-01 -7.346873198007557448e+01
3.283691406250000000e-01 -7.353925968516178102e+01
3.286132812500000000e-01 -7.361308545180519047e+01
3.288574218750000000e-01 -7.369027337515790066e+01
3.291015625000000000e-01 -7.377089138535038160e+01
3.293457031250000000e-01 -7.385501148378901348e+01
3.295898437500000000e-01 -7.394271000053663556e+01
3.298339843750000000e-01 -7.403406787504935949e+01
3.300781250000000000e-01 -7.412917096264534678e+01
3.303222656250000000e-01 -7.422811036956322539e+01
3.305664062500000000e-01 -7.433098281962168130e+01
3.308105468750000000e-01 -7.443789105607747558e+01
3.310546875000000000e-01 -7.454894428272744733e+01
3.312988281250000000e-01 -7.466425864869181339e+01
3.315429687500000000e-01 -7.478395778222693480e+01
3.317871093750000000e-01 -7.490817337936620390e+01
3.320312500000000000e-01 -7.503704585427620088e+01
3.322753906250000000e-01 -7.517072505917359138e+01
3.325195312500000000e-01 -7.530937108264673441e+01
3.327636718750000000e-01 -7.545315513693294918e+01
3.330078125000000000e-01 -7.560226054612253677e+01
3.332519531250000000e-01 -7.575688384932364272e+01
3.334960937500000000e-01 -7.591723603494749284e+01
3.337402343750000000e-01 -7.608354392546806366e+01
3.339843750000000000e-01 -7.625605173481764609e+01
3.342285156250000000e-01 -7.643502282500266176e+01
3.344726562500000000e-01 -7.662074169301656923e+01
3.347167968750000000e-01 -7.681351622546530677e+01
3.349609375000000000e-01 -7.701368026488233909e+01
3.352050781250000000e-01 -7.722159654118833316e+01
3.354492187500000000e-01 -7.743766003207859683e+01
3.356933593750000000e-01 -7.766230183004316245e+01
3.359375000000000000e-01 -7.789599361017009471e+01
3.361816406250000000e-01 -7.813925281452030447e+01
3.364257812500000000e-01 -7.839264869522220636e+01
3.366699218750000000e-01 -7.865680939285746831e+01
3.369140625000000000e-01 -7.893243027037435411e+01
3.371582031250000000e-01 -7.922028377950046263e+01
3.374023437500000000e-01 -7.952123121074765777e+01
3.376464843750000000e-01 -7.983623677544191821e+01
3.378906250000000000e-01 -8.016638459827088070e+01
3.381347656250000000e-01 -8.051289937312988343e+01
3.383789062500000000e-01 -8.087717167290668385e+01
3.386230468750000000e-01 -8.126078923083588279e+01
3.388671875000000000e-01 -8.166557596819330911e+01
3.391113281250000000e-01 -8.209364119021994100e+01
3.393554687500000000e-01 -8.254744230571294850e+01
3.395996093750000000e-01 -8.302986579055306038e+01
3.398437500000000000e-01 -8.354433316055886394e+01
3.400878906250000000e-01 -8.409494183609486129e+01
3.403320312500000000e-01 -8.468665566270065881e+01
3.405761718750000000e-01 -8.532556769706832256e+01
3.408203125000000000e-01 -8.601927086928901645e+01
3.410644531250000000e-01 -8.677739445541519103e+01
3.413085937500000000e-01 -8.761240418927464191e+01
3.415527343750000000e-01 -8.854083860220666224e+01
3.417968750000000000e-01 -8.958530231396481724e+01
3.420410156250000000e-01 -9.077785101922444255e+01
3.422851562500000000e-01 -9.216612631551804213e+01
3.425292968750000000e-01 -9.382545077462751237e+01
3.427734375000000000e-01 -9.588554797951917408e+01
3.430175781250000000e-01 -9.860010168603709246e+01
3.432617187500000000e-01 -1.025825525129908158e+02
3.435058593750000000e-01 -1.101784377279589080e+02
3.437500000000000000e-01 -1.181320064727185866e+02
3.439941406250000000e-01 -1.050604584667314327e+02
3.442382812500000000e-01 -1.000574267677147589e+02
3.444824218750000000e-01 -9.690075979282777041e+01
3.447265625000000000e-01 -9.458929830784708770e+01
3.449707031250000000e-01 -9.276499974140538995e+01
3.452148437500000000e-01 -9.125819138546106046e+01
3.454589843750000000e-01 -8.997495072921022086e+01
3.457031250000000000e-01 -8.885780231411931140e+01
3.459472656250000000e-01 -8.786900214024048239e+01
3.461914062500000000e-01 -8.698242649906794099e+01
3.464355468750000000e-01 -8.617924298168793484e+01
3.466796875000000000e-01 -8.544542673341707939e+01
3.469238281250000000e-01 -8.477025181114989039e+01
3.471679687500000000e-01 -8.414533152014449513e+01
3.474121093750000000e-01 -8.356398418747166090e+01
3.476562500000000000e-01 -8.302080031001334248e+01
3.479003906250000000e-01 -8.251133891058734093e+01
3.481445312500000000e-01 -8.203190941543098802e+01
3.483886718750000000e-01 -8.157941168371873175e+01
3.486328125000000000e-01 -8.115121652283019671e+01
3.488769531250000000e-01 -8.074507498433121100e+01
3.491210937500000000e-01 -8.035904850273820443e+01
3.493652343750000000e-01 -7.999145438126674890e+01
3.496093750000000000e-01 -7.964082274909571879e+01
3.498535156250000000e-01 -7.930586220965768973e+01
3.500976562500000000e-01 -7.898543215607659818e+01
3.503417968750000000e-01 -7.867852025882761779e+01
3.505859375000000000e-01 -7.838422400759904463e+01
3.508300781250000000e-01 -7.810173546203280637e+01
3.510742187500000000e-01 -7.783032856418327583e+01
3.513183593750000000e-01 -7.756934851324777469e+01
3.515625000000000000e-01 -7.731820281307426512e+01
3.518066406250000000e-01 -7.707635368605380677e+01
3.520507812500000000e-01 -7.684331161064729088e+01
3.522949218750000000e-01 -7.661862978889013220e+01
3.525390625000000000e-01 -7.640189938743414189e+01
3.527832031250000000e-01 -7.619274542635984915e+01
3.530273437500000000e-01 -7.599082321262055473e+01
3.532714843750000000e-01 -7.579581523398785237e+01
3.535156250000000000e-01 -7.560742844395521445e+01
3.537597656250000000e-01 -7.542539188010195517e+01
3.540039062500000000e-01 -7.524945456809859934e+01
3.542480468750000000e-01 -7.507938367129808910e+01
3.544921875000000000e-01 -7.491496285220890172e+01
3.547363281250000000e-01 -7.475599081749113850e+01
3.549804687500000000e-01 -7.460228002260068081e+01
3.552246093750000000e-01 -7.445365551538149873e+01
3.554687500000000000e-01 -7.430995390134577860e+01
3.557128906250000000e-01 -7.417102241572446530e+01
3.559570312500000000e-01 -7.403671808931433418e+01
3.562011718750000000e-01 -7.390690699715109702e+01
3.564453125000000000e-01 -7.378146358049285425e+01
3.566894531250000000e-01 -7.366027003365522319e+01
3.569335937500000000e-01 -7.354321574870364486e+01
3.571777343750000000e-01 -7.343019681151965017e+01
3.574218750000000000e-01 -7.332111554381762630e+01
3.576660156250000000e-01 -7.321588008636294376e+01
3.579101562500000000e-01 -7.311440401902673614e+01
3.581542968750000000e-01 -7.301660601404039141e+01
3.583984375000000000e-01 -7.292240951916528502e+01
3.586425781250000000e-01 -7.283174246781139516e+01
3.588867187500000000e-01 -7.274453701357944624e+01
3.591308593750000000e-01 -7.266072928692938149e+01
3.593750000000000000e-01 -7.258025917194257204e+01
3.596191406250000000e-01 -7.250307010137146335e+01
3.598632812500000000e-01 -7.242910886834958717e+01
3.601074218750000000e-01 -7.235832545335377119e+01
3.603515625000000000e-01 -7.229067286507606127e+01
3.605957031250000000e-01 -7.222610699413496604e+01
3.608398437500000000e-01 -7.216458647847987606e+01
3.610839843750000000e-01 -7.210607257970127648e+01
3.613281250000000000e-01 -7.205052906924771605e+01
3.615722656250000000e-01 -7.199792212396991431e+01
3.618164062500000000e-01 -7.194822023018835466e+01
3.620605468750000000e-01 -7.190139409574052820e+01
3.623046875000000000e-01 -7.185741656949545586e+01
3.625488281250000000e-01 -7.181626256774224260e+01
3.627929687500000000e-01 -7.177790900713368671e+01
3.630371093750000000e-01 -7.174233474374265995e+01
3.632812500000000000e-01 -7.170952051782221304e+01
3.635253906250000000e-01 -7.167944890409449954e+01
3.637695312500000000e-01 -7.165210426714368452e+01
3.640136718750000000e-01 -7.162747272177742275e+01
3.642578125000000000e-01 -7.160554209806026904e+01
3.645019531250000000e-01 -7.158630191092544237e+01
3.647460937500000000e-01 -7.156974333406627409e+01
3.649902343750000000e-01 -7.155585917812791763e+01
3.652343750000000000e-01 -7.154464387292060223e+01
3.654785156250000000e-01 -7.153609345375491557e+01
3.657226562500000000e-01 -7.153020555163706717e+01
3.659667968750000000e-01 -7.152697938731951410e+01
3.662109375000000000e-01 -7.152641576937628543e+01
3.664550781250000000e-01 -7.152851709593167584e+01
3.666992187500000000e-01 -7.153328736038631064e+01
3.669433593750000000e-01 -7.154073216097322074e+01
3.671875000000000000e-01 -7.155085871426798860e+01
3.674316406250000000e-01 -7.156367587269721753e+01
3.676757812500000000e-01 -7.157919414616017662e+01
3.679199218750000000e-01 -7.159742572786915105e+01
3.681640625000000000e-01 -7.161838452448378689e+01
3.684082031250000000e-01 -7.164208619085361818e+01
3.686523437500000000e-01 -7.166854816936512407e+01
3.688964843750000000e-01 -7.169778973424247681e+01
3.691406250000000000e-01 -7.172983204101221588e+01
3.693847656250000000e-01 -7.176469818135154810e+01
3.696289062500000000e-01 -7.180241324373268696e+01
3.698730468750000000e-01 -7.184300438011320011e+01
3.701171875000000000e-01 -7.188650087914197684e+01
3.703613281250000000e-01 -7.193293424620570420e+01
3.706054687500000000e-01 -7.198233829097722491e+01
3.708496093750000000e-01 -7.203474922279006876e+01
3.710937500000000000e-01 -7.209020575464101910e+01
3.713378906250000000e-01 -7.214874921628309323e+01
3.715820312500000000e-01 -7.221042367741819135e+01
3.718261718750000000e-01 -7.227527608149627270e+01
3.720703125000000000e-01 -7.234335639133645657e+01
3.723144531250000000e-01 -7.241471774738808165e+01
3.725585937500000000e-01 -7.248941663988915707e+01
3.728027343750000000e-01 -7.256751309617919787e+01
3.730468750000000000e-01 -7.264907088455503015e+01
3.732910156250000000e-01 -7.273415773631982972e+01
3.735351562500000000e-01 -7.282284558784679973e+01
3.737792968750000000e-01 -7.291521084449645684e+01
3.740234375000000000e-01 -7.301133466896368418e+01
3.742675781250000000e-01 -7.311130329631099301e+01
3.745117187500000000e-01 -7.321520837871855747e+01
3.747558593750000000e-01 -7.332314736322678073e+01
3.750000000000000000e-01 -7.343522390607191141e+01
3.752441406250000000e-01 -7.355154832791177455e+01
3.754882812500000000e-01 -7.367223811464459970e+01
3.757324218750000000e-01 -7.379741846932935800e+01
3.759765625000000000e-01 -7.392722292139818308e+01
3.762207031250000000e-01 -7.406179400031467708e+01
3.764648437500000000e-01 -7.420128398195778630e+01
3.767089843750000000e-01 -7.434585571707583540e+01
3.769531250000000000e-01 -7.449568355294462663e+01
3.771972656250000000e-01 -7.465095436078152602e+01
3.774414062500000000e-01 -7.481186868380069654e+01
3.776855468750000000e-01 -7.497864202311015447e+01
3.779296875000000000e-01 -7.515150628173617520e+01
3.781738281250000000e-01 -7.533071139051946830e+01
3.784179687500000000e-01 -7.551652714395139299e+01
3.786621093750000000e-01 -7.570924527918614899e+01
3.789062500000000000e-01 -7.590918183793152707e+01
3.791503906250000000e-01 -7.611667985835003947e+01
3.793945312500000000e-01 -7.633211245400802625e+01
3.796386718750000000e-01 -7.655588634829317130e+01
3.798828125000000000e-01 -7.678844594758513153e+01
3.801269531250000000e-01 -7.703027805476293111e+01
3.803710937500000000e-01 -7.728191734742992480e+01
3.806152343750000000e-01 -7.754395277492763228e+01
3.808593750000000000e-01 -7.781703506497413514e+01
3.811035156250000000e-01 -7.810188557945460275e+01
3.813476562500000000e-01 -7.839930682070961154e+01
3.815917968750000000e-01 -7.871019497200589399e+01
3.818359375000000000e-01 -7.903555496344090159e+01
3.820800781250000000e-01 -7.937651869942352789e+01
3.823242187500000000e-01 -7.973436727837228943e+01
3.825683593750000000e-01 -8.011055830241501496e+01
3.828125000000000000e-01 -8.050675974306763294e+01
3.830566406250000000e-01 -8.092489234763115746e+01
3.833007812500000000e-01 -8.136718330796037435e+01
3.835449218750000000e-01 -8.183623498369404103e+01
3.837890625000000000e-01 -8.233511404976471226e+01
3.840332031250000000e-01 -8.286746881462171643e+01
3.842773437500000000e-01 -8.343768611666966706e+01
3.845214843750000000e-01 -8.405110498742169511e+01
3.847656250000000000e-01 -8.471431366405764152e+01
3.850097656250000000e-01 -8.543557229445151791e+01
3.852539062500000000e-01 -8.622543111617812883e+01
3.854980468750000000e-01 -8.709766373819120133e+01
3.857421875000000000e-01 -8.807073037246183844e+01
3.859863281250000000e-01 -8.917017893407663109e+01
3.862304687500000000e-01 -9.043281289901135267e+01
3.864746093750000000e-01 -9.191445952874653358e+01
3.867187500000000000e-01 -9.370586595296916244e+01
3.869628906250000000e-01 -9.596970067868485899e+01
3.872070312500000000e-01 -9.904491261024159598e+01
3.874511718750000000e-01 -1.038555902762902718e+02
3.876953125000000000e-01 -1.155722022740874309e+02
3.879394531250000000e-01 -1.102077797080430344e+02
3.881835937500000000e-01 -1.021131649096336389e+02
3.884277343750000000e-01 -9.799782458760788018e+01
3.886718750000000000e-01 -9.521808188928456218e+01
3.889160156250000000e-01 -9.311712438315328200e+01
3.891601562500000000e-01 -9.142843266711201977e+01
3.894042968750000000e-01 -9.001713194358430314e+01
3.896484375000000000e-01 -8.880543097260131447e+01
3.898925781250000000e-01 -8.774435708150311086e+01
3.901367187500000000e-01 -8.680107359966500269e+01
3.903808593750000000e-01 -8.595248753828953170e+01
3.906250000000000000e-01 -8.518173936690959636e+01
3.908691406250000000e-01 -8.447614373705938817e+01
3.911132812500000000e-01 -8.382591609517565701e+01
3.913574218750000000e-01 -8.322335066315339702e+01
3.916015625000000000e-01 -8.266227044069590590e+01
3.918457031250000000e-01 -8.213764788237971004e+01
3.920898437500000000e-01 -8.164533639028019252e+01
3.923339843750000000e-01 -8.118187590918860508e+01
3.925781250000000000e-01 -8.074434936211575575e+01
3.928222656250000000e-01 -8.033027476127219302e+01
3.930664062500000000e-01 -7.993752285803098800e+01
3.933105468750000000e-01 -7.956425340434432769e+01
3.935546875000000000e-01 -7.920886519567095263e+01
3.937988281250000000e-01 -7.886995646739259769e+01
3.940429687500000000e-01 -7.854629317220376095e+01
3.942871093750000000e-01 -7.823678332836894356e+01
3.945312500000000000e-01 -7.794045609606172320e+01
3.947753906250000000e-01 -7.765644457325080907e+01
3.950195312500000000e-01 -7.738397154477446804e+01
3.952636718750000000e-01 -7.712233759672426459e+01
3.955078125000000000e-01 -7.687091114006551607e+01
3.957519531250000000e-01 -7.662911998712969819e+01
3.959960937500000000e-01 -7.639644419963082100e+01
3.962402343750000000e-01 -7.617240998477444691e+01
3.964843750000000000e-01 -7.595658446049355916e+01
3.967285156250000000e-01 -7.574857114548821357e+01
3.969726562500000000e-01 -7.554800605692163629e+01
3.972167968750000000e-01 -7.535455432031521639e+01
3.974609375000000000e-01 -7.516790721294746902e+01
3.977050781250000000e-01 -7.498777957616061940e+01
3.979492187500000000e-01 -7.481390754269766319e+01
3.981933593750000000e-01 -7.464604653418908242e+01
3.984375000000000000e-01 -7.448396949134316003e+01
3.986816406250000000e-01 -7.432746530511526828e+01
3.989257812500000000e-01 -7.417633742234625061e+01
3.991699218750000000e-01 -7.403040260293545316e+01
3.994140625000000000e-01 -7.388948980951279566e+01
3.996582031250000000e-01 -7.375343921309320194e+01
3.999023437500000000e-01 -7.362210130046688050e+01
4.001464843750000000e-01 -7.349533607127514756e+01
4.003906250000000000e-01 -7.337301231423822401e+01
4.006347656250000000e-01 -7.325500695353447611e+01
4.008789062500000000e-01 -7.314120445730655717e+01
4.011230468750000000e-01 -7.303149630155539285e+01
4.013671875000000000e-01 -7.292578048343693808e+01
4.016113281250000000e-01 -7.282396107857275069e+01
4.018554687500000000e-01 -7.272594783802020402e+01
4.020996093750000000e-01 -7.263165582060817371e+01
4.023437500000000000e-01 -7.254100505731831561e+01
4.025878906250000000e-01 -7.245392024433610345e+01
4.028320312500000000e-01 -7.237033046217732135e+01
4.030761718750000000e-01 -7.229016891836205616e+01
4.033203125000000000e-01 -7.221337271138121139e+01
4.035644531250000000e-01 -7.213988261413115310e+01
4.038085937500000000e-01 -7.206964287496325028e+01
4.040527343750000000e-01 -7.200260103490577990e+01
4.042968750000000000e-01 -7.193870775954880514e+01
4.045410156250000000e-01 -7.187791668453674276e+01
4.047851562500000000e-01 -7.182018427333170507e+01
4.050292968750000000e-01 -7.176546968645860147e+01
4.052734375000000000e-01 -7.171373466120573426e+01
4.055175781250000000e-01 -7.166494340105292338e+01
4.057617187500000000e-01 -7.161906247407102910e+01
4.060058593750000000e-01 -7.157606071965254557e+01
4.062500000000000000e-01 -7.153590916297225988e+01
4.064941406250000000e-01 -7.149858093673103099e+01
4.067382812500000000e-01 -7.146405120958573320e+01
4.069824218750000000e-01 -7.143229712100402651e+01
4.072265625000000000e-01 -7.140329772197632963e+01
4.074707031250000000e-01 -7.137703392142097414e+01
4.077148437500000000e-01 -7.135348843789586226e+01
4.079589843750000000e-01 -7.133264575632540527e+01
4.082031250000000000e-01 -7.131449208960681574e+01
4.084472656250000000e-01 -7.129901534477049552e+01
4.086914062500000000e-01 -7.128620509357598678e+01
4.089355468750000000e-01 -7.127605254741685314e+01
4.091796875000000000e-01 -7.126855053633774162e+01
4.094238281250000000e-01 -7.126369349203274339e+01
4.096679687500000000e-01 -7.126147743490834330e+01
4.099121093750000000e-01 -7.126189996491336842e+01
4.101562500000000000e-01 -7.126496025623060859e+01
4.104003906250000000e-01 -7.127065905578226079e+01
4.106445312500000000e-01 -7.127899868551642726e+01
4.108886718750000000e-01 -7.128998304851276657e+01
4.111328125000000000e-01 -7.130361763891646376e+01
4.113769531250000000e-01 -7.131990955573995450e+01
4.116210937500000000e-01 -7.133886752065711789e+01
4.118652343750000000e-01 -7.136050189984302961e+01
4.121093750000000000e-01 -7.138482472995988815e+01
4.123535156250000000e-01 -7.141184974846787270e+01
4.125976562500000000e-01 -7.144159242838041735e+01
4.128417968750000000e-01 -7.147407001768796420e+01
4.130859375000000000e-01 -7.150930158362513112e+01
4.133300781250000000e-01 -7.154730806207770399e+01
4.135742187500000000e-01 -7.158811231233370620e+01
4.138183593750000000e-01 -7.163173917753572084e+01
4.140625000000000000e-01 -7.167821555117104992e+01
4.143066406250000000e-01 -7.172757045001820586e+01
4.145507812500000000e-01 -7.177983509386616845e+01
4.147949218750000000e-01 -7.183504299264507154e+01
4.150390625000000000e-01 -7.189323004139774298e+01
4.152832031250000000e-01 -7.195443462369534871e+01
4.155273437500000000e-01 -7.201869772424777238e+01
4.157714843750000000e-01 -7.208606305127321434e+01
4.160156250000000000e-01 -7.215657716966185831e+01
4.162597656250000000e-01 -7.223028964563866339e+01
4.165039062500000000e-01 -7.230725320414796897e+01
4.167480468750000000e-01 -7.238752389989336677e+01
4.169921875000000000e-01 -7.247116130343403029e+01
4.172363281250000000e-01 -7.255822870375037326e+01
4.174804687500000000e-01 -7.264879332876016349e+01
4.177246093750000000e-01 -7.274292658568985814e+01
4.179687500000000000e-01 -7.284070432325412980e+01
4.182128906250000000e-01 -7.294220711779811950e+01
4.184570312500000000e-01 -7.304752058608617915e+01
4.187011718750000000e-01 -7.315673572750488063e+01
4.189453125000000000e-01 -7.326994929884804719e+01
4.191894531250000000e-01 -7.338726422552855411e+01
4.194335937500000000e-01 -7.350879005310831360e+01
4.196777343750000000e-01 -7.363464344411809748e+01
4.199218750000000000e-01 -7.376494872541836401e+01
4.201660156250000000e-01 -7.389983849226676682e+01
4.204101562500000000e-01 -7.403945427619096620e+01
4.206542968750000000e-01 -7.418394728485704093e+01
4.208984375000000000e-01 -7.433347922308425382e+01
4.211425781250000000e-01 -7.448822320606920755e+01
4.213867187500000000e-01 -7.464836477723333985e+01
4.216308593750000000e-01 -7.481410304526177413e+01
4.218750000000000000e-01 -7.498565195748015810e+01
4.221191406250000000e-01 -7.516324172943232895e+01
4.223632812500000000e-01 -7.534712045413245107e+01
4.226074218750000000e-01 -7.553755591863887275e+01
4.228515625000000000e-01 -7.573483766078953749e+01
4.230957031250000000e-01 -7.593927930502552215e+01
4.233398437500000000e-01 -7.615122122386216574e+01
4.235839843750000000e-01 -7.637103358108448958e+01
4.238281250000000000e-01 -7.659911982400136310e+01
4.240722656250000000e-01 -7.683592070660871798e+01
4.243164062500000000e-01 -7.708191894355449847e+01
4.245605468750000000e-01 -7.733764461713828098e+01
4.248046875000000000e-01 -7.760368148831001633e+01
4.250488281250000000e-01 -7.788067439944786940e+01
4.252929687500000000e-01 -7.816933800329958615e+01
4.255371093750000000e-01 -7.847046711371031336e+01
4.257812500000000000e-01 -7.878494905371998414e+01
4.260253906250000000e-01 -7.911377848176900329e+01
4.262695312500000000e-01 -7.945807531808438284e+01
4.265136718750000000e-01 -7.981910658252374446e+01
4.267578125000000000e-01 -8.019831321539111002e+01
4.270019531250000000e-01 -8.059734331031924626e+01
4.272460937500000000e-01 -8.101809369226120339e+01
4.274902343750000000e-01 -8.146276248735375702e+01
4.277343750000000000e-01 -8.193391636864897976e+01
4.279785156250000000e-01 -8.243457768460974933e+01
4.282226562500000000e-01 -8.296833897223027066e+01
4.284667968750000000e-01 -8.353951587830999870e+01
4.287109375000000000e-01 -8.415335506702645318e+01
4.289550781250000000e-01 -8.481632269025602966e+01
4.291992187500000000e-01 -8.553651405180116285e+01
4.294433593750000000e-01 -8.632425121675254331e+01
4.296875000000000000e-01 -8.719298258484896280e+01
4.299316406250000000e-01 -8.816068831516543014e+01
4.301757812500000000e-01 -8.925217670465868025e+01
4.304199218750000000e-01 -9.050304903799046485e+01
4.306640625000000000e-01 -9.196703893710120781e+01
4.309082031250000000e-01 -9.373089376760235325e+01
4.311523437500000000e-01 -9.594856694570646027e+01
4.313964843750000000e-01 -9.893572238258400375e+01
4.316406250000000000e-01 -1.035262628894756602e+02
4.318847656250000000e-01 -1.138772402323216966e+02
4.321289062500000000e-01 -1.116542757258330596e+02
4.323730468750000000e-01 -1.027956518756692503e+02
4.326171875000000000e-01 -9.850567212649596627e+01
4.328613281250000000e-01 -9.565014680835059835e+01
4.331054687500000000e-01 -9.350784452101646593e+01
4.333496093750000000e-01 -9.179379386881214486e+01
4.335937500000000000e-01 -9.036584081603683671e+01
4.338378906250000000e-01 -8.914274279347685592e+01
4.340820312500000000e-01 -8.807367973242207881e+01
4.343261718750000000e-01 -8.712473664707677301e+01
4.345703125000000000e-01 -8.627214874988875692e+01
4.348144531250000000e-01 -8.549861609743331314e+01
4.350585937500000000e-01 -8.479115253807717068e+01
4.353027343750000000e-01 -8.413976101939886121e+01
4.355468750000000000e-01 -8.353658133862582247e+01
4.357910156250000000e-01 -8.297532153723560100e+01
4.360351562500000000e-01 -8.245086669310879302e+01
4.362792968750000000e-01 -8.195900257835906189e+01
4.365234375000000000e-01 -8.149621594640598232e+01
4.367675781250000000e-01 -8.105954728351453298e+01
4.370117187500000000e-01 -8.064648030845822291e+01
4.372558593750000000e-01 -8.025485773622010299e+01
4.375000000000000000e-01 -7.988281615376818934e+01
4.377441406250000000e-01 -7.952873502945914197e+01
4.379882812500000000e-01 -7.919119632783866791e+01
4.382324218750000000e-01 -7.886895218858583689e+01
4.384765625000000000e-01 -7.856089881105508255e+01
4.387207031250000000e-01 -7.826605516787864758e+01
4.389648437500000000e-01 -7.798354551381801514e+01
4.392089843750000000e-01 -7.771258490615892356e+01
4.394531250000000000e-01 -7.745246713511858161e+01
4.396972656250000000e-01 -7.720255459825671096e+01
4.399414062500000000e-01 -7.696226975527299885e+01
4.401855468750000000e-01 -7.673108787586160418e+01
4.404296875000000000e-01 -7.650853085309357482e+01
4.406738281250000000e-01 -7.629416189969855111e+01
4.409179687500000000e-01 -7.608758098038046569e+01
4.411621093750000000e-01 -7.588842086099093365e+01
4.414062500000000000e-01 -7.569634367729176461e+01
4.416503906250000000e-01 -7.551103794343947584e+01
4.418945312500000000e-01 -7.533221593444106645e+01
4.421386718750000000e-01 -7.515961138781011641e+01
4.423828125000000000e-01 -7.499297747897848865e+01
4.426269531250000000e-01 -7.483208503233737474e+01
4.428710937500000000e-01 -7.467672093576319980e+01
4.431152343750000000e-01 -7.452668673162811785e+01
4.433593750000000000e-01 -7.438179736123889541e+01
4.436035156250000000e-01 -7.424188004331242041e+01
4.438476562500000000e-01 -7.410677326954171917e+01
4.440917968750000000e-01 -7.397632590318568191e+01
4.443359375000000000e-01 -7.385039636821271358e+01
4.445800781250000000e-01 -7.372885191845725217e+01
4.448242187500000000e-01 -7.361156797751175418e+01
4.450683593750000000e-01 -7.349842754153226565e+01
4.453125000000000000e-01 -7.338932063776239545e+01
4.455566406250000000e-01 -7.328414383301489465e+01
4.458007812500000000e-01 -7.318279978655743889e+01
4.460449218750000000e-01 -7.308519684290490659e+01
4.462890625000000000e-01 -7.299124866037432469e+01
4.465332031250000000e-01 -7.290087387178880363e+01
4.467773437500000000e-01 -7.281399577423754010e+01
4.470214843750000000e-01 -7.273054204489829999e+01
4.472656250000000000e-01 -7.265044448070041483e+01
4.475097656250000000e-01 -7.257363875929159747e+01
4.477539062500000000e-01 -7.250006421967307801e+01
4.479980468750000000e-01 -7.242966366043010851e+01
4.482421875000000000e-01 -7.236238315425390510e+01
4.484863281250000000e-01 -7.229817187718346361e+01
4.487304687500000000e-01 -7.223698195135084177e+01
4.489746093750000000e-01 -7.217876830023298851e+01
4.492187500000000000e-01 -7.212348851512470560e+01
4.494628906250000000e-01 -7.207110273226217600e+01
4.497070312500000000e-01 -7.202157351949844610e+01
4.499511718750000000e-01 -7.197486577197277313e+01
4.501953125000000000e-01 -7.193094661602434314e+01
4.504394531250000000e-01 -7.188978532082691686e+01
4.506835937500000000e-01 -7.185135321710750134e+01
4.509277343750000000e-01 -7.181562362257007237e+01
4.511718750000000000e-01 -7.178257177355382623e+01
4.514160156250000000e-01 -7.175217476248815274e+01
4.516601562500000000e-01 -7.172441148086267049e+01
4.519042968750000000e-01 -7.169926256736528103e+01
4.521484375000000000e-01 -7.167671036089531356e+01
4.523925781250000000e-01 -7.165673885820564237e+01
4.526367187500000000e-01 -7.163933367596456492e+01
4.528808593750000000e-01 -7.162448201707674400e+01
4.531250000000000000e-01 -7.161217264091075663e+01
4.533691406250000000e-01 -7.160239583757724802e+01
4.536132812500000000e-01 -7.159514340584593128e+01
4.538574218750000000e-01 -7.159040863471572891e+01
4.541015625000000000e-01 -7.158818628861881450e+01
4.543457031250000000e-01 -7.158847259599664881e+01
4.545898437500000000e-01 -7.159126524136969749e+01
4.548339843750000000e-01 -7.159656336075300942e+01
4.550781250000000000e-01 -7.160436754045065300e+01
4.553222656250000000e-01 -7.161467981918707437e+01
4.555664062500000000e-01 -7.162750369361577896e+01
4.558105468750000000e-01 -7.164284412723779383e+01
4.560546875000000000e-01 -7.166070756267743036e+01
4.562988281250000000e-01 -7.168110193757452464e+01
4.565429687500000000e-01 -7.170403670392123274e+01
4.567871093750000000e-01 -7.172952285119470162e+01
4.570312500000000000e-01 -7.175757293318680752e+01
4.572753906250000000e-01 -7.178820109879808342e+01
4.575195312500000000e-01 -7.182142312689393293e+01
4.577636718750000000e-01 -7.185725646548591783e+01
4.580078125000000000e-01 -7.189572027529528953e+01
4.582519531250000000e-01 -7.193683547805576950e+01
4.584960937500000000e-01 -7.198062480982538602e+01
4.587402343750000000e-01 -7.202711287946631558e+01
4.589843750000000000e-01 -7.207632623276147399e+01
4.592285156250000000e-01 -7.212829342246349995e+01
4.594726562500000000e-01 -7.218304508467159053e+01
4.597167968750000000e-01 -7.224061402199968995e+01
4.599609375000000000e-01 -7.230103529404351548e+01
4.602050781250000000e-01 -7.236434631569937892e+01
4.604492187500000000e-01 -7.243058696387333839e+01
4.606933593750000000e-01 -7.249979969343402786e+01
4.609375000000000000e-01 -7.257202966288700452e+01
4.611816406250000000e-01 -7.264732487097603553e+01
4.614257812500000000e-01 -7.272573630473333139e+01
4.616699218750000000e-01 -7.280731810041861252e+01
4.619140625000000000e-01 -7.289212771815516589e+01
4.621582031250000000e-01 -7.298022613185023033e+01
4.624023437500000000e-01 -7.307167803559777042e+01
4.626464843750000000e-01 -7.316655206839935488e+01
4.628906250000000000e-01 -7.326492105879772510e+01
4.631347656250000000e-01 -7.336686229168913087e+01
4.633789062500000000e-01 -7.347245779937989596e+01
4.636230468750000000e-01 -7.358179467967295295e+01
4.638671875000000000e-01 -7.369496544366164414e+01
4.641113281250000000e-01 -7.381206839677680875e+01
4.643554687500000000e-01 -7.393320805660295036e+01
4.645996093750000000e-01 -7.405849561185621610e+01
4.648437500000000000e-01 -7.418804942716906226e+01
4.650878906250000000e-01 -7.432199559940124800e+01
4.653320312500000000e-01 -7.446046857157557497e+01
4.655761718750000000e-01 -7.460361181175792922e+01
4.658203125000000000e-01 -7.475157856514218224e+01
4.660644531250000000e-01 -7.490453268891630501e+01
4.663085937500000000e-01 -7.506264958100280182e+01
4.665527343750000000e-01 -7.522611721540623364e+01
4.667968750000000000e-01 -7.539513729925258190e+01
4.670410156250000000e-01 -7.556992656883201676e+01
4.672851562500000000e-01 -7.575071824518151686e+01
4.675292968750000000e-01 -7.593776367310809405e+01
4.677734375000000000e-01 -7.613133417223033916e+01
4.680175781250000000e-01 -7.633172313349349736e+01
4.682617187500000000e-01 -7.653924840126536822e+01
4.685058593750000000e-01 -7.675425498883735997e+01
4.687500000000000000e-01 -7.697711818508020087e+01
4.689941406250000000e-01 -7.720824712131489775e+01
4.692382812500000000e-01 -7.744808888298244653e+01
4.694824218750000000e-01 -7.769713326884503601e+01
4.697265625000000000e-01 -7.795591832393853338e+01
4.699707031250000000e-01 -7.822503680243100632e+01
4.702148437500000000e-01 -7.850514375388426913e+01
4.704589843750000000e-01 -7.879696547610302559e+01
4.707031250000000000e-01 -7.910131014061242638e+01
4.709472656250000000e-01 -7.941908048036303569e+01
4.711914062500000000e-01 -7.975128903923004486e+01
4.714355468750000000e-01 -8.009907663011236423e+01
4.716796875000000000e-01 -8.046373484734944270e+01
4.719238281250000000e-01 -8.084673375127991335e+01
4.721679687500000000e-01 -8.124975621959166006e+01
4.724121093750000000e-01 -8.167474098981296038e+01
4.726562500000000000e-01 -8.212393717297447893e+01
4.729003906250000000e-01 -8.259997411397590383e+01
4.731445312500000000e-01 -8.310595209436374375e+01
4.733886718750000000e-01 -8.364556181510214117e+01
4.736328125000000000e-01 -8.422324436431937045e+01
4.738769531250000000e-01 -8.484440933561062081e+01
4.741210937500000000e-01 -8.551573846568378201e+01
4.743652343750000000e-01 -8.624561847657157898e+01
4.746093750000000000e-01 -8.704477528658725305e+01
4.748535156250000000e-01 -8.792723364774687411e+01
4.750976562500000000e-01 -8.891182574377251058e+01
4.753417968750000000e-01 -9.002467485412655890e+01
4.755859375000000000e-01 -9.130352418626279132e+01
4.758300781250000000e-01 -9.280584770205737755e+01
4.760742187500000000e-01 -9.462556489405082516e+01
4.763183593750000000e-01 -9.693234161872317145e+01
4.765625000000000000e-01 -1.000842013837058175e+02
4.768066406250000000e-01 -1.050822246644957829e+02
4.770507812500000000e-01 -1.181473799227982653e+02
4.772949218750000000e-01 -1.101914769927034286e+02
4.775390625000000000e-01 -1.025900593344143203e+02
4.777832031250000000e-01 -9.860231536051757928e+01
4.780273437500000000e-01 -9.588244350868546917e+01
4.782714843750000000e-01 -9.381696320659156640e+01
4.785156250000000000e-01 -9.215217878696940090e+01
4.787597656250000000e-01 -9.075836191372890482e+01
4.790039062500000000e-01 -8.956018778002990643e+01
4.792480468750000000e-01 -8.851001362571304298e+01
4.794921875000000000e-01 -8.757578311340782307e+01
4.797363281250000000e-01 -8.673489125746624495e+01
4.799804687500000000e-01 -8.597079931878050729e+01
4.802246093750000000e-01 -8.527104145150663328e+01
4.804687500000000000e-01 -8.462598832811346483e+01
4.807128906250000000e-01 -8.402804700656942316e+01
4.809570312500000000e-01 -8.347112444520300301e+01
4.812011718750000000e-01 -8.295025683207882139e+01
4.814453125000000000e-01 -8.246134679365320608e+01
4.816894531250000000e-01 -8.200097287050404304e+01
4.819335937500000000e-01 -8.156624865003443858e+01
4.821777343750000000e-01 -8.115471679205433020e+01
4.824218750000000000e-01 -8.076426806374539069e+01
4.826660156250000000e-01 -8.039307861926265275e+01
4.829101562500000000e-01 -8.003956080297140829e+01
4.831542968750000000e-01 -7.970232412141493228e+01
4.833984375000000000e-01 -7.938014396126820316e+01
4.836425781250000000e-01 -7.907193627956200999e+01
4.838867187500000000e-01 -7.877673694732891363e+01
4.841308593750000000e-01 -7.849368475699070302e+01
4.843750000000000000e-01 -7.822200734007705591e+01
4.846191406250000000e-01 -7.796100941715366162e+01
4.848632812500000000e-01 -7.771006293128039033e+01
4.851074218750000000e-01 -7.746859871391970387e+01
4.853515625000000000e-01 -7.723609940654067429e+01
4.855957031250000000e-01 -7.701209341739877345e+01
4.858398437500000000e-01 -7.679614973712587300e+01
4.860839843750000000e-01 -7.658787347071110219e+01
4.863281250000000000e-01 -7.638690197060299170e+01
4.865722656250000000e-01 -7.619290147602168872e+01
4.868164062500000000e-01 -7.600556418161360739e+01
4.870605468750000000e-01 -7.582460567091628434e+01
4.873046875000000000e-01 -7.564976266170302210e+01
4.875488281250000000e-01 -7.548079101895557130e+01
4.877929687500000000e-01 -7.531746399814988990e+01
4.880371093750000000e-01 -7.515957068774859806e+01
4.882812500000000000e-01 -7.500691462439186807e+01
4.885253906250000000e-01 -7.485931255838325171e+01
4.887695312500000000e-01 -7.471659335048727257e+01
4.890136718750000000e-01 -7.457859698355547096e+01
4.892578125000000000e-01 -7.444517367514947637e+01
4.895019531250000000e-01 -7.431618307895118392e+01
4.897460937500000000e-01 -7.419149356484034286e+01
4.899902343750000000e-01 -7.407098156826833701e+01
4.902343750000000000e-01 -7.395453100146245617e+01
4.904785156250000000e-01 -7.384203271942760693e+01
4.907226562500000000e-01 -7.373338403492836335e+01
4.909667968750000000e-01 -7.362848827721317946e+01
4.912109375000000000e-01 -7.352725438990064788e+01
4.914550781250000000e-01 -7.342959656407320779e+01
4.916992187500000000e-01 -7.333543390297475639e+01
4.919433593750000000e-01 -7.324469011525791018e+01
4.921875000000000000e-01 -7.315729323395696326e+01
4.924316406250000000e-01 -7.307317535878050307e+01
4.926757812500000000e-01 -7.299227241954672252e+01
4.929199218750000000e-01 -7.291452395876294190e+01
4.931640625000000000e-01 -7.283987293169346344e+01
4.934082031250000000e-01 -7.276826552236644829e+01
4.936523437500000000e-01 -7.269965097404381993e+01
4.938964843750000000e-01 -7.263398143312842592e+01
4.941406250000000000e-01 -7.257121180506968017e+01
4.943847656250000000e-01 -7.251129962165363452e+01
4.946289062500000000e-01 -7.245420491848609856e+01
4.948730468750000000e-01 -7.239989012199751528e+01
4.951171875000000000e-01 -7.234831994521879039e+01
4.953613281250000000e-01 -7.229946129169361768e+01
4.956054687500000000e-01 -7.225328316690297470e+01
4.958496093750000000e-01 -7.220975659666999036e+01
4.960937500000000000e-01 -7.216885455210908162e+01
4.963378906250000000e-01 -7.213055188065409595e+01
4.965820312500000000e-01 -7.209482524276880611e+01
4.968261718750000000e-01 -7.206165305401182763e+01
4.970703125000000000e-01 -7.203101543211255375e+01
4.973144531250000000e-01 -7.200289414881369510e+01
4.975585937500000000e-01 -7.197727258617715052e+01
4.978027343750000000e-01 -7.195413569714989421e+01
4.980468750000000000e-01 -7.193346997021994582e+01
4.982910156250000000e-01 -7.191526339790947020e+01
4.985351562500000000e-01 -7.189950544895391715e+01
4.987792968750000000e-01 -7.188618704418099981e+01
4.990234375000000000e-01 -7.187530053572174893e+01
4.992675781250000000e-01 -7.186683968962614699e+01
4.995117187500000000e-01 -7.186079967178190486e+01
4.997558593750000000e-01 -7.185717703698898617e+01
