-5.000000000000000000e-01 -6.021447730783546604e+01
-4.997558593750000000e-01 -6.021706274549508464e+01
-4.995117187500000000e-01 -6.022481829979723500e+01
-4.992675781250000000e-01 -6.023774168554567154e+01
-4.990234375000000000e-01 -6.025582906345236722e+01
-4.987792968750000000e-01 -6.027907499399914570e+01
-4.985351562500000000e-01 -6.030747237243564030e+01
-4.982910156250000000e-01 -6.034101234451092921e+01
-4.980468750000000000e-01 -6.037968420240771650e+01
-4.978027343750000000e-01 -6.042347526025143623e+01
-4.975585937500000000e-01 -6.047237070843089413e+01
-4.973144531250000000e-01 -6.052635344586172295e+01
-4.970703125000000000e-01 -6.058540388919922748e+01
-4.968261718750000000e-01 -6.064949975790607084e+01
-4.965820312500000000e-01 -6.071861583396305662e+01
-4.963378906250000000e-01 -6.079272369490981021e+01
-4.960937500000000000e-01 -6.087179141877506794e+01
-4.958496093750000000e-01 -6.095578325943716891e+01
-4.956054687500000000e-01 -6.104465929075769992e+01
-4.953613281250000000e-01 -6.113837501789582518e+01
-4.951171875000000000e-01 -6.123688095406309628e+01
-4.948730468750000000e-01 -6.134012216102107828e+01
-4.946289062500000000e-01 -6.144803775156965742e+01
-4.943847656250000000e-01 -6.156056035240924018e+01
-4.941406250000000000e-01 -6.167761552575598216e+01
-4.938964843750000000e-01 -6.179912114831158476e+01
-4.936523437500000000e-01 -6.192498674637562317e+01
-4.934082031250000000e-01 -6.205511278619815130e+01
-4.931640625000000000e-01 -6.218938991906070868e+01
-4.929199218750000000e-01 -6.232769818111191995e+01
-4.926757812500000000e-01 -6.246990614860364133e+01
-4.924316406250000000e-01 -6.261587005000184547e+01
-4.921875000000000000e-01 -6.276543283739229651e+01
-4.919433593750000000e-01 -6.291842322085273054e+01
-4.916992187500000000e-01 -6.307465467077985011e+01
-4.914550781250000000e-01 -6.323392439489164474e+01
-4.912109375000000000e-01 -6.339601229849432684e+01
-4.909667968750000000e-01 -6.356067993888807166e+01
-4.907226562500000000e-01 -6.372766948720040148e+01
-4.904785156250000000e-01 -6.389670271386770395e+01
-4.902343750000000000e-01 -6.406748001699637030e+01
-4.899902343750000000e-01 -6.423967951631040307e+01
-4.897460937500000000e-01 -6.441295623894917810e+01
-4.895019531250000000e-01 -6.458694142718465514e+01
-4.892578125000000000e-01 -6.476124200193157776e+01
-4.890136718750000000e-01 -6.493544021970969027e+01
-4.887695312500000000e-01 -6.510909356417673166e+01
-4.885253906250000000e-01 -6.528173491641040016e+01
-4.882812500000000000e-01 -6.545287305031361313e+01
-4.880371093750000000e-01 -6.562199350086363836e+01
-4.877929687500000000e-01 -6.578855985259791339e+01
-4.875488281250000000e-01 -6.595201549394973028e+01
-4.873046875000000000e-01 -6.611178587887073377e+01
-4.870605468750000000e-01 -6.626728133064136728e+01
-4.868164062500000000e-01 -6.641790041347320539e+01
-4.865722656250000000e-01 -6.656303388515317465e+01
-4.863281250000000000e-01 -6.670206922859027543e+01
-4.860839843750000000e-01 -6.683439574191612564e+01
-4.858398437500000000e-01 -6.695941014586932738e+01
-4.855957031250000000e-01 -6.707652264444179480e+01
-4.853515625000000000e-01 -6.718516335095260672e+01
-4.851074218750000000e-01 -6.728478896781420815e+01
-4.848632812500000000e-01 -6.737488958620880908e+01
-4.846191406250000000e-01 -6.745499545239511008e+01
-4.843750000000000000e-01 -6.752468353279633106e+01
-4.841308593750000000e-01 -6.758358370135515258e+01
-4.838867187500000000e-01 -6.763138437128993985e+01
-4.836425781250000000e-01 -6.766783740019045013e+01
-4.833984375000000000e-01 -6.769276211270778276e+01
-4.831542968750000000e-01 -6.770604830863280199e+01
-4.829101562500000000e-01 -6.770765815487987993e+01
-4.826660156250000000e-01 -6.769762689661600064e+01
-4.824218750000000000e-01 -6.767606236311326029e+01
-4.821777343750000000e-01 -6.764314328575399315e+01
-4.819335937500000000e-01 -6.759911648642807336e+01
-4.816894531250000000e-01 -6.754429303196724277e+01
-4.814453125000000000e-01 -6.747904348221034354e+01
-4.812011718750000000e-01 -6.740379238403907891e+01
-4.809570312500000000e-01 -6.731901218050990110e+01
-4.807128906250000000e-01 -6.722521671246735764e+01
-4.804687500000000000e-01 -6.712295448986873225e+01
-4.802246093750000000e-01 -6.701280190280029103e+01
-4.799804687500000000e-01 -6.689535652810607758e+01
-4.797363281250000000e-01 -6.677123066922334260e+01
-4.794921875000000000e-01 -6.664104524470234026e+01
-4.792480468750000000e-01 -6.650542411745770721e+01
-4.790039062500000000e-01 -6.636498893274796274e+01
-4.787597656250000000e-01 -6.622035450995979033e+01
-4.785156250000000000e-01 -6.607212481193371900e+01
-4.782714843750000000e-01 -6.592088949693811628e+01
-4.780273437500000000e-01 -6.576722104244674938e+01
-4.777832031250000000e-01 -6.561167241711227405e+01
-4.775390625000000000e-01 -6.545477526741838403e+01
-4.772949218750000000e-01 -6.529703857859958305e+01
-4.770507812500000000e-01 -6.513894776485260252e+01
-4.768066406250000000e-01 -6.498096414167650892e+01
-4.765625000000000000e-01 -6.482352473267712867e+01
-4.763183593750000000e-01 -6.466704236428526542e+01
-4.760742187500000000e-01 -6.451190600381859497e+01
-4.758300781250000000e-01 -6.435848129942095852e+01
-4.755859375000000000e-01 -6.420711128364889930e+01
-4.753417968750000000e-01 -6.405811720641864326e+01
-4.750976562500000000e-01 -6.391179946664047407e+01
-4.748535156250000000e-01 -6.376843861591554941e+01
-4.746093750000000000e-01 -6.362829641106864642e+01
-4.743652343750000000e-01 -6.349161689597812597e+01
-4.741210937500000000e-01 -6.335862749616278222e+01
-4.738769531250000000e-01 -6.322954011256619822e+01
-4.736328125000000000e-01 -6.310455220353055950e+01
-4.733886718750000000e-01 -6.298384784624953170e+01
-4.731445312500000000e-01 -6.286759877095174431e+01
-4.729003906250000000e-01 -6.275596536285647886e+01
-4.726562500000000000e-01 -6.264909762831017304e+01
-4.724121093750000000e-01 -6.254713612290609603e+01
-4.721679687500000000e-01 -6.245021284024311825e+01
-4.719238281250000000e-01 -6.235845206105543070e+01
-4.716796875000000000e-01 -6.227197116296862589e+01
-4.714355468750000000e-01 -6.219088139185055297e+01
-4.711914062500000000e-01 -6.211528859608714015e+01
-4.709472656250000000e-01 -6.204529392557581957e+01
-4.707031250000000000e-01 -6.198099449740506373e+01
-4.704589843750000000e-01 -6.192248403052399652e+01
-4.702148437500000000e-01 -6.186985345178366202e+01
-4.699707031250000000e-01 -6.182319147592794195e+01
-4.697265625000000000e-01 -6.178258516214937401e+01
-4.694824218750000000e-01 -6.174812044994583715e+01
-4.692382812500000000e-01 -6.171988267705773978e+01
-4.689941406250000000e-01 -6.169795708232072684e+01
-4.687500000000000000e-01 -6.168242929628296167e+01
-4.685058593750000000e-01 -6.167338582257360002e+01
-4.682617187500000000e-01 -6.167091451297584825e+01
-4.680175781250000000e-01 -6.167510503929446486e+01
-4.677734375000000000e-01 -6.168604936517274950e+01
-4.675292968750000000e-01 -6.170384222116423700e+01
-4.672851562500000000e-01 -6.172858158644745430e+01
-4.670410156250000000e-01 -6.176036918082714067e+01
-4.667968750000000000e-01 -6.179931097080785207e+01
-4.665527343750000000e-01 -6.184551769385295472e+01
-4.663085937500000000e-01 -6.189910540520101279e+01
-4.660644531250000000e-01 -6.196019605203761671e+01
-4.658203125000000000e-01 -6.202891808023746023e+01
-4.655761718750000000e-01 -6.210540707942021754e+01
-4.653320312500000000e-01 -6.218980647276214313e+01
-4.650878906250000000e-01 -6.228226825865159810e+01
-4.648437500000000000e-01 -6.238295381223828429e+01
-4.645996093750000000e-01 -6.249203475599856716e+01
-4.643554687500000000e-01 -6.260969390955943936e+01
-4.641113281250000000e-01 -6.273612633067315869e+01
-4.638671875000000000e-01 -6.287154046085336745e+01
-4.636230468750000000e-01 -6.301615939135977840e+01
-4.633789062500000000e-01 -6.317022226767659987e+01
-4.631347656250000000e-01 -6.333398585368684053e+01
-4.628906250000000000e-01 -6.350772628031285194e+01
-4.626464843750000000e-01 -6.369174100780091408e+01
-4.624023437500000000e-01 -6.388635103610312882e+01
-4.621582031250000000e-01 -6.409190340431892707e+01
-4.619140625000000000e-01 -6.430877402799291076e+01
-4.616699218750000000e-01 -6.453737093291215388e+01
-4.614257812500000000e-01 -6.477813795600692970e+01
-4.611816406250000000e-01 -6.503155899901506132e+01
-4.609375000000000000e-01 -6.529816293928280402e+01
-4.606933593750000000e-01 -6.557852932590725459e+01
-4.604492187500000000e-01 -6.587329501919796826e+01
-4.602050781250000000e-01 -6.618316197015386138e+01
-4.599609375000000000e-01 -6.650890638582401948e+01
-4.597167968750000000e-01 -6.685138959098321720e+01
-4.594726562500000000e-01 -6.721157098052800904e+01
-4.592285156250000000e-01 -6.759052356886667212e+01
-4.589843750000000000e-01 -6.798945279134441932e+01
-4.587402343750000000e-01 -6.840971941466303008e+01
-4.584960937500000000e-01 -6.885286768892042630e+01
-4.582519531250000000e-01 -6.932066025649261576e+01
-4.580078125000000000e-01 -6.981512187024084426e+01
-4.577636718750000000e-01 -7.033859474116624710e+01
-4.575195312500000000e-01 -7.089380944928605288e+01
-4.572753906250000000e-01 -7.148397699881522271e+01
-4.570312500000000000e-01 -7.211291008472556996e+01
-4.567871093750000000e-01 -7.278518547668538474e+01
-4.565429687500000000e-01 -7.350636550593213769e+01
-4.562988281250000000e-01 -7.428330655130065452e+01
-4.560546875000000000e-01 -7.512459910912632211e+01
-4.558105468750000000e-01 -7.604121320808840778e+01
-4.555664062500000000e-01 -7.704747619904806299e+01
-4.553222656250000000e-01 -7.816261229855547299e+01
-4.550781250000000000e-01 -7.941328226396117884e+01
-4.548339843750000000e-01 -8.083802123997246269e+01
-4.545898437500000000e-01 -8.249558197715667518e+01
-4.543457031250000000e-01 -8.448220775151456508e+01
-4.541015625000000000e-01 -8.697251535585699855e+01
-4.538574218750000000e-01 -9.033787752504231605e+01
-4.536132812500000000e-01 -9.563427139086374495e+01
-4.533691406250000000e-01 -1.099657259522804225e+02
-4.531250000000000000e-01 -1.003276816966378817e+02
-4.528808593750000000e-01 -9.320579947056521064e+01
-4.526367187500000000e-01 -8.949757239055742275e+01
-4.523925781250000000e-01 -8.702489347426865152e+01
-4.521484375000000000e-01 -8.520063111294260239e+01
-4.519042968750000000e-01 -8.377935908798211528e+01
-4.516601562500000000e-01 -8.263499042410356310e+01
-4.514160156250000000e-01 -8.169423448420552347e+01
-4.511718750000000000e-01 -8.091082535060803593e+01
-4.509277343750000000e-01 -8.025379492646003143e+01
-4.506835937500000000e-01 -7.970150518459428213e+01
-4.504394531250000000e-01 -7.923835001557812063e+01
-4.501953125000000000e-01 -7.885281367503930028e+01
-4.499511718750000000e-01 -7.853627019428327571e+01
-4.497070312500000000e-01 -7.828221207897099987e+01
-4.494628906250000000e-01 -7.808574054882494409e+01
-4.492187500000000000e-01 -7.794322251275096392e+01
-4.489746093750000000e-01 -7.785205864457152813e+01
-4.487304687500000000e-01 -7.781052909874617285e+01
-4.484863281250000000e-01 -7.781769664345685555e+01
-4.482421875000000000e-01 -7.787335540928575028e+01
-4.479980468750000000e-01 -7.797801930277857707e+01
-4.477539062500000000e-01 -7.813294876718333626e+01
-4.475097656250000000e-01 -7.834021894247992179e+01
-4.472656250000000000e-01 -7.860283725978629832e+01
-4.470214843750000000e-01 -7.892492516546045067e+01
-4.467773437500000000e-01 -7.931198863598132220e+01
-4.465332031250000000e-01 -7.977131823621111550e+01
-4.462890625000000000e-01 -8.031258701180466630e+01
-4.460449218750000000e-01 -8.094876415089186139e+01
-4.458007812500000000e-01 -8.169755683149519143e+01
-4.455566406250000000e-01 -8.258378385138162514e+01
-4.453125000000000000e-01 -8.364350082275325349e+01
-4.450683593750000000e-01 -8.493168842641193805e+01
-4.448242187500000000e-01 -8.653796906416664569e+01
-4.445800781250000000e-01 -8.862311978930971179e+01
-4.443359375000000000e-01 -9.152171295776558679e+01
-4.440917968750000000e-01 -9.614168169507055950e+01
-4.438476562500000000e-01 -1.074603007101421781e+02
-4.436035156250000000e-01 -1.024981488345321452e+02
-4.433593750000000000e-01 -9.415936879634604395e+01
-4.431152343750000000e-01 -8.989621907435092396e+01
-4.428710937500000000e-01 -8.699189494212738794e+01
-4.426269531250000000e-01 -8.477930122608330521e+01
-4.423828125000000000e-01 -8.298880685860086714e+01
-4.421386718750000000e-01 -8.148421035902293852e+01
-4.418945312500000000e-01 -8.018702036609971628e+01
-4.416503906250000000e-01 -7.904783580196493631e+01
-4.414062500000000000e-01 -7.803352876240573721e+01
-4.411621093750000000e-01 -7.712079312036014755e+01
-4.409179687500000000e-01 -7.629260537213727389e+01
-4.406738281250000000e-01 -7.553614993086058860e+01
-4.404296875000000000e-01 -7.484153691835265931e+01
-4.401855468750000000e-01 -7.420097480588337646e+01
-4.399414062500000000e-01 -7.360821702694765634e+01
-4.396972656250000000e-01 -7.305818041806635676e+01
-4.394531250000000000e-01 -7.254667519194279635e+01
-4.392089843750000000e-01 -7.207020947978124070e+01
-4.389648437500000000e-01 -7.162584503156354288e+01
-4.387207031250000000e-01 -7.121108881819652936e+01
-4.384765625000000000e-01 -7.082381034165013034e+01
-4.382324218750000000e-01 -7.046217768824632799e+01
-4.379882812500000000e-01 -7.012460747145348705e+01
-4.377441406250000000e-01 -6.980972522065606256e+01
-4.375000000000000000e-01 -6.951633373344012057e+01
-4.372558593750000000e-01 -6.924338757578445325e+01
-4.370117187500000000e-01 -6.898997238442052549e+01
-4.367675781250000000e-01 -6.875528796250979724e+01
-4.365234375000000000e-01 -6.853863440386894013e+01
-4.362792968750000000e-01 -6.833940066093529708e+01
-4.360351562500000000e-01 -6.815705510545110712e+01
-4.357910156250000000e-01 -6.799113773181153420e+01
-4.355468750000000000e-01 -6.784125373007162807e+01
-4.353027343750000000e-01 -6.770706821520315088e+01
-4.350585937500000000e-01 -6.758830194569831917e+01
-4.348144531250000000e-01 -6.748472790179707204e+01
-4.345703125000000000e-01 -6.739616862353324223e+01
-4.343261718750000000e-01 -6.732249423356738305e+01
-4.340820312500000000e-01 -6.726362109077166451e+01
-4.338378906250000000e-01 -6.721951103888962109e+01
-4.335937500000000000e-01 -6.719017123114322487e+01
-4.333496093750000000e-01 -6.717565452762652001e+01
-4.331054687500000000e-01 -6.717606047762757271e+01
-4.328613281250000000e-01 -6.719153691552608620e+01
-4.326171875000000000e-01 -6.722228221630416556e+01
-4.323730468750000000e-01 -6.726854827660658032e+01
-4.321289062500000000e-01 -6.733064431043301568e+01
-4.318847656250000000e-01 -6.740894157629473682e+01
-4.316406250000000000e-01 -6.750387918677873245e+01
-4.313964843750000000e-01 -6.761597119395388233e+01
-4.311523437500000000e-01 -6.774581519828065268e+01
-4.309082031250000000e-01 -6.789410279824161876e+01
-4.306640625000000000e-01 -6.806163228880826921e+01
-4.304199218750000000e-01 -6.824932413686077837e+01
-4.301757812500000000e-01 -6.845823992195221308e+01
-4.299316406250000000e-01 -6.868960564778979005e+01
-4.296875000000000000e-01 -6.894484062705207350e+01
-4.294433593750000000e-01 -6.922559355534451697e+01
-4.291992187500000000e-01 -6.953378797227043151e+01
-4.289550781250000000e-01 -6.987168014196237209e+01
-4.287109375000000000e-01 -7.024193360086893279e+01
-4.284667968750000000e-01 -7.064771642637782634e+01
-4.282226562500000000e-01 -7.109283001814253566e+01
-4.279785156250000000e-01 -7.158188243644696058e+01
-4.277343750000000000e-01 -7.212052611805978586e+01
-4.274902343750000000e-01 -7.271579091433434883e+01
-4.272460937500000000e-01 -7.337656228058240515e+01
-4.270019531250000000e-01 -7.411428776908766736e+01
-4.267578125000000000e-01 -7.494405648391879993e+01
-4.265136718750000000e-01 -7.588631586400509832e+01
-4.262695312500000000e-01 -7.696973844541537346e+01
-4.260253906250000000e-01 -7.823630791881542734e+01
-4.257812500000000000e-01 -7.975107030672381825e+01
-4.255371093750000000e-01 -8.162286394413730761e+01
-4.252929687500000000e-01 -8.405530007518950697e+01
-4.250488281250000000e-01 -8.750378372216543710e+01
-4.248046875000000000e-01 -9.340904607987062036e+01
-4.245605468750000000e-01 -1.292255673393005679e+02
-4.243164062500000000e-01 -9.361742900075040552e+01
-4.240722656250000000e-01 -8.749373111563488692e+01
-4.238281250000000000e-01 -8.392155981250128605e+01
-4.235839843750000000e-01 -8.138899550719892773e+01
-4.233398437500000000e-01 -7.942635757559433785e+01
-4.230957031250000000e-01 -7.782524247504990456e+01
-4.228515625000000000e-01 -7.647472847115898276e+01
-4.226074218750000000e-01 -7.530870143847860732e+01
-4.223632812500000000e-01 -7.428456026924315836e+01
-4.221191406250000000e-01 -7.337323976927311264e+01
-4.218750000000000000e-01 -7.255402182553247314e+01
-4.216308593750000000e-01 -7.181161717732368288e+01
-4.213867187500000000e-01 -7.113442084299589396e+01
-4.211425781250000000e-01 -7.051341670810408857e+01
-4.208984375000000000e-01 -6.994146138146820135e+01
-4.206542968750000000e-01 -6.941279989647344451e+01
-4.204101562500000000e-01 -6.892272864128935339e+01
-4.201660156250000000e-01 -6.846735487469379677e+01
-4.199218750000000000e-01 -6.804342141082091189e+01
-4.196777343750000000e-01 -6.764817636805715040e+01
-4.194335937500000000e-01 -6.727927476126268402e+01
-4.191894531250000000e-01 -6.693470303180087910e+01
-4.189453125000000000e-01 -6.661272038692230524e+01
-4.187011718750000000e-01 -6.631181264942262032e+01
-4.184570312500000000e-01 -6.603065554937086290e+01
-4.182128906250000000e-01 -6.576808523338407042e+01
-4.179687500000000000e-01 -6.552307435580399897e+01
-4.177246093750000000e-01 -6.529471253294715893e+01
-4.174804687500000000e-01 -6.508219024169257239e+01
-4.172363281250000000e-01 -6.488478546190222573e+01
-4.169921875000000000e-01 -6.470185252320290203e+01
-4.167480468750000000e-01 -6.453281273686559416e+01
-4.165039062500000000e-01 -6.437714648388786998e+01
-4.162597656250000000e-01 -6.423438649928677080e+01
-4.160156250000000000e-01 -6.410411214551632497e+01
-4.157714843750000000e-01 -6.398594450885141782e+01
-4.155273437500000000e-01 -6.387954218457009148e+01
-4.152832031250000000e-01 -6.378459764190335335e+01
-4.150390625000000000e-01 -6.370083407970386702e+01
-4.147949218750000000e-01 -6.362800269963705091e+01
-4.145507812500000000e-01 -6.356588033648737479e+01
-4.143066406250000000e-01 -6.351426739546710110e+01
-4.140625000000000000e-01 -6.347298605488265366e+01
-4.138183593750000000e-01 -6.344187869917976030e+01
-4.135742187500000000e-01 -6.342080655327907834e+01
-4.133300781250000000e-01 -6.340964849350670818e+01
-4.130859375000000000e-01 -6.340830001453289810e+01
-4.128417968750000000e-01 -6.341667233474142762e+01
-4.125976562500000000e-01 -6.343469162540203854e+01
-4.123535156250000000e-01 -6.346229835109318174e+01
-4.121093750000000000e-01 -6.349944671096862692e+01
-4.118652343750000000e-01 -6.354610417202463424e+01
-4.116210937500000000e-01 -6.360225108701824581e+01
-4.113769531250000000e-01 -6.366788039091462537e+01
-4.111328125000000000e-01 -6.374299737092043472e+01
-4.108886718750000000e-01 -6.382761950604648149e+01
-4.106445312500000000e-01 -6.392177637311102956e+01
-4.104003906250000000e-01 -6.402550961681478725e+01
-4.101562500000000000e-01 -6.413887298237638390e+01
-4.099121093750000000e-01 -6.426193240972617104e+01
-4.096679687500000000e-01 -6.439476618914012818e+01
-4.094238281250000000e-01 -6.453746517859997311e+01
-4.091796875000000000e-01 -6.469013308395682316e+01
-4.089355468750000000e-01 -6.485288680349663082e+01
-4.086914062500000000e-01 -6.502585683917280335e+01
-4.084472656250000000e-01 -6.520918777739392169e+01
-4.082031250000000000e-01 -6.540303884289960479e+01
-4.079589843750000000e-01 -6.560758452998975088e+01
-4.077148437500000000e-01 -6.582301531605700973e+01
-4.074707031250000000e-01 -6.604953846317225441e+01
-4.072265625000000000e-01 -6.628737891426976603e+01
-4.069824218750000000e-01 -6.653678029142913886e+01
-4.067382812500000000e-01 -6.679800600454167636e+01
-4.064941406250000000e-01 -6.707134047981689662e+01
-4.062500000000000000e-01 -6.735709051852862217e+01
-4.060058593750000000e-01 -6.765558679748393445e+01
-4.057617187500000000e-01 -6.796718552390260015e+01
-4.055175781250000000e-01 -6.829227025842568821e+01
-4.052734375000000000e-01 -6.863125392119331991e+01
-4.050292968750000000e-01 -6.898458099656546949e+01
-4.047851562500000000e-01 -6.935272995325162526e+01
-4.045410156250000000e-01 -6.973621589649663122e+01
-4.042968750000000000e-01 -7.013559346894463431e+01
-4.040527343750000000e-01 -7.055146001541616840e+01
-4.038085937500000000e-01 -7.098445902421674703e+01
-4.035644531250000000e-01 -7.143528385262473535e+01
-4.033203125000000000e-01 -7.190468173615101932e+01
-4.030761718750000000e-01 -7.239345806855800447e+01
-4.028320312500000000e-01 -7.290248091999950475e+01
-4.025878906250000000e-01 -7.343268573138804811e+01
-4.023437500000000000e-01 -7.398508007973056522e+01
-4.020996093750000000e-01 -7.456074834447402111e+01
-4.018554687500000000e-01 -7.516085601118284387e+01
-4.016113281250000000e-01 -7.578665321045991732e+01
-4.013671875000000000e-01 -7.643947688839946863e+01
-4.011230468750000000e-01 -7.712075071001231663e+01
-4.008789062500000000e-01 -7.783198136587722615e+01
-4.006347656250000000e-01 -7.857474932106445920e+01
-4.003906250000000000e-01 -7.935069112164225658e+01
-4.001464843750000000e-01 -8.016146902133793617e+01
-3.999023437500000000e-01 -8.100872171447471715e+01
-3.996582031250000000e-01 -8.189398708365594359e+01
-3.994140625000000000e-01 -8.281858371872341706e+01
-3.991699218750000000e-01 -8.378343205750338996e+01
-3.989257812500000000e-01 -8.478878782402244951e+01
-3.986816406250000000e-01 -8.583384964532341144e+01
-3.984375000000000000e-01 -8.691618972622241301e+01
-3.981933593750000000e-01 -8.803094378578278167e+01
-3.979492187500000000e-01 -8.916969165564594846e+01
-3.977050781250000000e-01 -9.031898077238491851e+01
-3.974609375000000000e-01 -9.145852667503993416e+01
-3.972167968750000000e-01 -9.255932476317245516e+01
-3.969726562500000000e-01 -9.358228626784296011e+01
-3.967285156250000000e-01 -9.447854753234200587e+01
-3.964843750000000000e-01 -9.519300953203369886e+01
-3.962402343750000000e-01 -9.567224133099976768e+01
-3.959960937500000000e-01 -9.587587792932389164e+01
-3.957519531250000000e-01 -9.578755596514966442e+01
-3.955078125000000000e-01 -9.541990136890683516e+01
-3.952636718750000000e-01 -9.481066131210799597e+01
-3.950195312500000000e-01 -9.401225536691978846e+01
-3.947753906250000000e-01 -9.308014583206171721e+01
-3.945312500000000000e-01 -9.206435371420394631e+01
-3.942871093750000000e-01 -9.100537639699503245e+01
-3.940429687500000000e-01 -8.993354028967260660e+01
-3.937988281250000000e-01 -8.887022031503676089e+01
-3.935546875000000000e-01 -8.782970426261933028e+01
-3.933105468750000000e-01 -8.682102401469107633e+01
-3.930664062500000000e-01 -8.584948010458917622e+01
-3.928222656250000000e-01 -8.491780707807353679e+01
-3.925781250000000000e-01 -8.402702105521461817e+01
-3.923339843750000000e-01 -8.317701735566996035e+01
-3.920898437500000000e-01 -8.236698333488730839e+01
-3.918457031250000000e-01 -8.159567936078680361e+01
-3.916015625000000000e-01 -8.086162768436481940e+01
-3.913574218750000000e-01 -8.016323781646627822e+01
-3.911132812500000000e-01 -7.949888850999316503e+01
-3.908691406250000000e-01 -7.886698026802451977e+01
-3.906250000000000000e-01 -7.826596794089054754e+01
-3.903808593750000000e-01 -7.769437995193392510e+01
-3.901367187500000000e-01 -7.715082861317175400e+01
-3.898925781250000000e-01 -7.663401456825472735e+01
-3.896484375000000000e-01 -7.614272742909233216e+01
-3.894042968750000000e-01 -7.567584400744979689e+01
-3.891601562500000000e-01 -7.523232509040431637e+01
-3.889160156250000000e-01 -7.481121139746586834e+01
-3.886718750000000000e-01 -7.441161914580219161e+01
-3.884277343750000000e-01 -7.403273550462915864e+01
-3.881835937500000000e-01 -7.367381412090014692e+01
-3.879394531250000000e-01 -7.333417083105091194e+01
-3.876953125000000000e-01 -7.301317962791537752e+01
-3.874511718750000000e-01 -7.271026892129609109e+01
-3.872070312500000000e-01 -7.242491811051120010e+01
-3.869628906250000000e-01 -7.215665447400505172e+01
-3.867187500000000000e-01 -7.190505037326470017e+01
-3.864746093750000000e-01 -7.166972076320675455e+01
-3.862304687500000000e-01 -7.145032099930524794e+01
-3.859863281250000000e-01 -7.124654493070427463e+01
-3.857421875000000000e-01 -7.105812326913458321e+01
-3.854980468750000000e-01 -7.088482222477871630e+01
-3.852539062500000000e-01 -7.072644240207368682e+01
-3.850097656250000000e-01 -7.058281795059505725e+01
-3.847656250000000000e-01 -7.045381596916989508e+01
-3.845214843750000000e-01 -7.033933616421641943e+01
-3.842773437500000000e-01 -7.023931076692066711e+01
-3.840332031250000000e-01 -7.015370471761094961e+01
-3.837890625000000000e-01 -7.008251613035160688e+01
-3.835449218750000000e-01 -7.002577705557470722e+01
-3.833007812500000000e-01 -6.998355456466514113e+01
-3.830566406250000000e-01 -6.995595218720079345e+01
-3.828125000000000000e-01 -6.994311173973778750e+01
-3.825683593750000000e-01 -6.994521559480247674e+01
-3.823242187500000000e-01 -6.996248945080286319e+01
-3.820800781250000000e-01 -6.999520567797188164e+01
-3.818359375000000000e-01 -7.004368733368458777e+01
-3.815917968750000000e-01 -7.010831296281540403e+01
-3.813476562500000000e-01 -7.018952232745077424e+01
-3.811035156250000000e-01 -7.028782324604284781e+01
-3.808593750000000000e-01 -7.040379976849345667e+01
-3.806152343750000000e-01 -7.053812197331856737e+01
-3.803710937500000000e-01 -7.069155775123098806e+01
-3.801269531250000000e-01 -7.086498704202243459e+01
-3.798828125000000000e-01 -7.105941912925457871e+01
-3.796386718750000000e-01 -7.127601378128950671e+01
-3.793945312500000000e-01 -7.151610727940027346e+01
-3.791503906250000000e-01 -7.178124472079593943e+01
-3.789062500000000000e-01 -7.207322047102846341e+01
-3.786621093750000000e-01 -7.239412933115475823e+01
-3.784179687500000000e-01 -7.274643198326803883e+01
-3.781738281250000000e-01 -7.313303974598034074e+01
-3.779296875000000000e-01 -7.355742587334918881e+01
-3.776855468750000000e-01 -7.402377400792072137e+01
-3.774414062500000000e-01 -7.453717970624015265e+01
-3.771972656250000000e-01 -7.510392953253520432e+01
-3.769531250000000000e-01 -7.573189651854868032e+01
-3.767089843750000000e-01 -7.643111550901083717e+01
-3.764648437500000000e-01 -7.721464645390942394e+01
-3.762207031250000000e-01 -7.809991796131193098e+01
-3.759765625000000000e-01 -7.911091226642014362e+01
-3.757324218750000000e-01 -8.028191564415334369e+01
-3.754882812500000000e-01 -8.166440876911561020e+01
-3.752441406250000000e-01 -8.334089838688738894e+01
-3.750000000000000000e-01 -8.545625198679705647e+01
-3.747558593750000000e-01 -8.830244072891224505e+01
-3.745117187500000000e-01 -9.262581400574401869e+01
-3.742675781250000000e-01 -1.017690553698055282e+02
-3.740234375000000000e-01 -1.028900733767706299e+02
-3.737792968750000000e-01 -9.292573111915297090e+01
-3.735351562500000000e-01 -8.839446211444440848e+01
-3.732910156250000000e-01 -8.542780611916424505e+01
-3.730468750000000000e-01 -8.322113344585152106e+01
-3.728027343750000000e-01 -8.146658711377068585e+01
-3.725585937500000000e-01 -8.001319397406969358e+01
-3.723144531250000000e-01 -7.877560157334754365e+01
-3.720703125000000000e-01 -7.770082613297964258e+01
-3.718261718750000000e-01 -7.675371460580436178e+01
-3.715820312500000000e-01 -7.590975170437047836e+01
-3.713378906250000000e-01 -7.515116482724226898e+01
-3.710937500000000000e-01 -7.446466392953921343e+01
-3.708496093750000000e-01 -7.384005627828230445e+01
-3.706054687500000000e-01 -7.326935878526326462e+01
-3.703613281250000000e-01 -7.274620778985929803e+01
-3.701171875000000000e-01 -7.226545420615479998e+01
-3.698730468750000000e-01 -7.182287833134348887e+01
-3.696289062500000000e-01 -7.141498427927975001e+01
-3.693847656250000000e-01 -7.103884881465575063e+01
-3.691406250000000000e-01 -7.069200822618202551e+01
-3.688964843750000000e-01 -7.037237235168302618e+01
-3.686523437500000000e-01 -7.007815834491512419e+01
-3.684082031250000000e-01 -6.980783903806170088e+01
-3.681640625000000000e-01 -6.956010226133422236e+01
-3.679199218750000000e-01 -6.933381850531662849e+01
-3.676757812500000000e-01 -6.912801502028645473e+01
-3.674316406250000000e-01 -6.894185494543755510e+01
-3.671875000000000000e-01 -6.877462041746160537e+01
-3.669433593750000000e-01 -6.862569886658573637e+01
-3.666992187500000000e-01 -6.849457189836053317e+01
-3.664550781250000000e-01 -6.838080630181575259e+01
-3.662109375000000000e-01 -6.828404683199535441e+01
-3.659667968750000000e-01 -6.820401049798849158e+01
-3.657226562500000000e-01 -6.814048215229911420e+01
-3.654785156250000000e-01 -6.809331122964655947e+01
-3.652343750000000000e-01 -6.806240952597282501e+01
-3.649902343750000000e-01 -6.804774994496240481e+01
-3.647460937500000000e-01 -6.804936617165577672e+01
-3.645019531250000000e-01 -6.806735326283767051e+01
-3.642578125000000000e-01 -6.810186917323498790e+01
-3.640136718750000000e-01 -6.815313726724490095e+01
-3.637695312500000000e-01 -6.822144989911635093e+01
-3.635253906250000000e-01 -6.830717318269985583e+01
-3.632812500000000000e-01 -6.841075311696300787e+01
-3.630371093750000000e-01 -6.853272328911747024e+01
-3.627929687500000000e-01 -6.867371444661993962e+01
-3.625488281250000000e-01 -6.883446631890814160e+01
-3.623046875000000000e-01 -6.901584218628380540e+01
-3.620605468750000000e-01 -6.921884684808733823e+01
-3.618164062500000000e-01 -6.944464885045078972e+01
-3.615722656250000000e-01 -6.969460811780210463e+01
-3.613281250000000000e-01 -6.997031052557103692e+01
-3.610839843750000000e-01 -7.027361150378183652e+01
-3.608398437500000000e-01 -7.060669155017158971e+01
-3.605957031250000000e-01 -7.097212767750947648e+01
-3.603515625000000000e-01 -7.137298651647603265e+01
-3.601074218750000000e-01 -7.181294735971850685e+01
-3.598632812500000000e-01 -7.229646739936241318e+01
-3.596191406250000000e-01 -7.282900770394805079e+01
-3.593750000000000000e-01 -7.341734876347996419e+01
-3.591308593750000000e-01 -7.407004179055930138e+01
-3.588867187500000000e-01 -7.479807240414378100e+01
-3.586425781250000000e-01 -7.561586908740126489e+01
-3.583984375000000000e-01 -7.654289639378144727e+01
-3.581542968750000000e-01 -7.760629364507111916e+01
-3.579101562500000000e-01 -7.884550836505025018e+01
-3.576660156250000000e-01 -8.032106153869253262e+01
-3.574218750000000000e-01 -8.213284593986129778e+01
-3.571777343750000000e-01 -8.446395513347817996e+01
-3.569335937500000000e-01 -8.771002535445808235e+01
-3.566894531250000000e-01 -9.303255632857261048e+01
-3.564453125000000000e-01 -1.097105079379116148e+02
-3.562011718750000000e-01 -9.596788699717693305e+01
-3.559570312500000000e-01 -8.907030198831421330e+01
-3.557128906250000000e-01 -8.526237451739574169e+01
-3.554687500000000000e-01 -8.261872702369768717e+01
-3.552246093750000000e-01 -8.059364183657055491e+01
-3.549804687500000000e-01 -7.895420593016538646e+01
-3.547363281250000000e-01 -7.757919412650862512e+01
-3.544921875000000000e-01 -7.639740879357540848e+01
-3.542480468750000000e-01 -7.536345475806349725e+01
-3.540039062500000000e-01 -7.444660705487942209e+01
-3.537597656250000000e-01 -7.362510257967092286e+01
-3.535156250000000000e-01 -7.288296421361290811e+01
-3.532714843750000000e-01 -7.220811842633990807e+01
-3.530273437500000000e-01 -7.159122154511425151e+01
-3.527832031250000000e-01 -7.102489685412177778e+01
-3.525390625000000000e-01 -7.050322121435540623e+01
-3.522949218750000000e-01 -7.002136927263292421e+01
-3.520507812500000000e-01 -6.957536057046455369e+01
-3.518066406250000000e-01 -6.916187580230148058e+01
-3.515625000000000000e-01 -6.877812072333848903e+01
-3.513183593750000000e-01 -6.842172362495257687e+01
-3.510742187500000000e-01 -6.809065692657122781e+01
-3.508300781250000000e-01 -6.778317640061537475e+01
-3.505859375000000000e-01 -6.749777349621513167e+01
-3.503417968750000000e-01 -6.723313753421953720e+01
-3.500976562500000000e-01 -6.698812544000094249e+01
-3.498535156250000000e-01 -6.676173730219095148e+01
-3.496093750000000000e-01 -6.655309648558240099e+01
-3.493652343750000000e-01 -6.636143334172226105e+01
-3.491210937500000000e-01 -6.618607179047168643e+01
-3.488769531250000000e-01 -6.602641821478063378e+01
-3.486328125000000000e-01 -6.588195223714846804e+01
-3.483886718750000000e-01 -6.575221904114515326e+01
-3.481445312500000000e-01 -6.563682297397214427e+01
-3.479003906250000000e-01 -6.553542222182137778e+01
-3.476562500000000000e-01 -6.544772439335190484e+01
-3.474121093750000000e-01 -6.537348288086208470e+01
-3.471679687500000000e-01 -6.531249389621351042e+01
-3.469238281250000000e-01 -6.526459410060859057e+01
-3.466796875000000000e-01 -6.522965876576098765e+01
-3.464355468750000000e-01 -6.520760041918026673e+01
-3.461914062500000000e-01 -6.519836793968808308e+01
-3.459472656250000000e-01 -6.520194608090341148e+01
-3.457031250000000000e-01 -6.521835541124140434e+01
-3.454589843750000000e-01 -6.524765266931713370e+01
-3.452148437500000000e-01 -6.528993154382960995e+01
-3.449707031250000000e-01 -6.534532389765320204e+01
-3.447265625000000000e-01 -6.541400146735989551e+01
-3.444824218750000000e-01 -6.549617808227021953e+01
-3.442382812500000000e-01 -6.559211246186438871e+01
-3.439941406250000000e-01 -6.570211166808807945e+01
-3.437500000000000000e-01 -6.582653531015620274e+01
-3.435058593750000000e-01 -6.596580062571568703e+01
-3.432617187500000000e-01 -6.612038859470513330e+01
-3.430175781250000000e-01 -6.629085128365841229e+01
-3.427734375000000000e-01 -6.647782067091462466e+01
-3.425292968750000000e-01 -6.668201927161368303e+01
-3.422851562500000000e-01 -6.690427297089304659e+01
-3.420410156250000000e-01 -6.714552659204447593e+01
-3.417968750000000000e-01 -6.740686288479211896e+01
-3.415527343750000000e-01 -6.768952583335008910e+01
-3.413085937500000000e-01 -6.799494947789062849e+01
-3.410644531250000000e-01 -6.832479385139903627e+01
-3.408203125000000000e-01 -6.868099020966535306e+01
-3.405761718750000000e-01 -6.906579855640345045e+01
-3.403320312500000000e-01 -6.948188166607654637e+01
-3.400878906250000000e-01 -6.993240158938407092e+01
-3.398437500000000000e-01 -7.042114732790950882e+01
-3.395996093750000000e-01 -7.095270655534311288e+01
-3.393554687500000000e-01 -7.153270093695032017e+01
-3.391113281250000000e-01 -7.216811554296572240e+01
-3.388671875000000000e-01 -7.286777141041521588e+01
-3.386230468750000000e-01 -7.364302301273120577e+01
-3.383789062500000000e-01 -7.450882266828512002e+01
-3.381347656250000000e-01 -7.548541101020578026e+01
-3.378906250000000000e-01 -7.660113495780565529e+01
-3.376464843750000000e-01 -7.789743642760429054e+01
-3.374023437500000000e-01 -7.943839007148771714e+01
-3.371582031250000000e-01 -8.133090219144931154e+01
-3.369140625000000000e-01 -8.377410938640564098e+01
-3.366699218750000000e-01 -8.721014666176034780e+01
-3.364257812500000000e-01 -9.301507626481726732e+01
-3.361816406250000000e-01 -1.197541028931390912e+02
-3.359375000000000000e-01 -9.383666779262770774e+01
-3.356933593750000000e-01 -8.759621687081950370e+01
-3.354492187500000000e-01 -8.400409043631240991e+01
-3.352050781250000000e-01 -8.147437953784202591e+01
-3.349609375000000000e-01 -7.952297842330835920e+01
-3.347167968750000000e-01 -7.793671434433157685e+01
-3.344726562500000000e-01 -7.660262209427713742e+01
-3.342285156250000000e-01 -7.545355839976068069e+01
-3.339843750000000000e-01 -7.444634096300076465e+01
-3.337402343750000000e-01 -7.355154589665696108e+01
-3.334960937500000000e-01 -7.274821675362193218e+01
-3.332519531250000000e-01 -7.202089534949148231e+01
-3.330078125000000000e-01 -7.135784979581202947e+01
-3.327636718750000000e-01 -7.074996344418168803e+01
-3.325195312500000000e-01 -7.019000935150563691e+01
-3.322753906250000000e-01 -6.967216010139723892e+01
-3.320312500000000000e-01 -6.919164691586689742e+01
-3.317871093750000000e-01 -6.874451661005090841e+01
-3.315429687500000000e-01 -6.832745450818885047e+01
-3.312988281250000000e-01 -6.793765293749301293e+01
-3.310546875000000000e-01 -6.757271190662592630e+01
-3.308105468750000000e-01 -6.723056295376133562e+01
-3.305664062500000000e-01 -6.690940996419757880e+01
-3.303222656250000000e-01 -6.660768261092682962e+01
-3.300781250000000000e-01 -6.632399931750893529e+01
-3.298339843750000000e-01 -6.605713749638063348e+01
-3.295898437500000000e-01 -6.580600941105051049e+01
-3.293457031250000000e-01 -6.556964243220701860e+01
-3.291015625000000000e-01 -6.534716276070673757e+01
-3.288574218750000000e-01 -6.513778191088663050e+01
-3.286132812500000000e-01 -6.494078541038112462e+01
-3.283691406250000000e-01 -6.475552329363851811e+01
-3.281250000000000000e-01 -6.458140205769350928e+01
-3.278808593750000000e-01 -6.441787781826062087e+01
-3.276367187500000000e-01 -6.426445045737546025e+01
-3.273925781250000000e-01 -6.412065859525267797e+01
-3.271484375000000000e-01 -6.398607525110099914e+01
-3.269042968750000000e-01 -6.386030408308639750e+01
-3.266601562500000000e-01 -6.374297611763058313e+01
-3.264160156250000000e-01 -6.363374689423248753e+01
-3.261718750000000000e-01 -6.353229396488065106e+01
-3.259277343750000000e-01 -6.343831469743179952e+01
-3.256835937500000000e-01 -6.335152434077986783e+01
-3.254394531250000000e-01 -6.327165431646876925e+01
-3.251953125000000000e-01 -6.319845070710539403e+01
-3.249511718750000000e-01 -6.313167291644681711e+01
-3.247070312500000000e-01 -6.307109248002667812e+01
-3.244628906250000000e-01 -6.301649200828522623e+01
-3.242187500000000000e-01 -6.296766424685382191e+01
-3.239746093750000000e-01 -6.292441124095370952e+01
-3.237304687500000000e-01 -6.288654359264688054e+01
-3.234863281250000000e-01 -6.285387980138004593e+01
-3.232421875000000000e-01 -6.282624567953789096e+01
-3.229980468750000000e-01 -6.280347383591805510e+01
-3.227539062500000000e-01 -6.278540322098306348e+01
-3.225097656250000000e-01 -6.277187872862067763e+01
-3.222656250000000000e-01 -6.276275084983483765e+01
-3.220214843750000000e-01 -6.275787537441080133e+01
-3.217773437500000000e-01 -6.275711313713310346e+01
-3.215332031250000000e-01 -6.276032980559762819e+01
-3.212890625000000000e-01 -6.276739570702318360e+01
-3.210449218750000000e-01 -6.277818569185039621e+01
-3.208007812500000000e-01 -6.279257903215852821e+01
-3.205566406250000000e-01 -6.281045935323598428e+01
-3.203125000000000000e-01 -6.283171459678503368e+01
-3.200683593750000000e-01 -6.285623701454923662e+01
-3.198242187500000000e-01 -6.288392319116493923e+01
-3.195800781250000000e-01 -6.291467409530570620e+01
-3.193359375000000000e-01 -6.294839515825457710e+01
-3.190917968750000000e-01 -6.298499637916725646e+01
-3.188476562500000000e-01 -6.302439245639875054e+01
-3.186035156250000000e-01 -6.306650294434687254e+01
-3.183593750000000000e-01 -6.311125243536623231e+01
-3.181152343750000000e-01 -6.315857076642359402e+01
-3.178710937500000000e-01 -6.320839325019460375e+01
-3.176269531250000000e-01 -6.326066093053946560e+01
-3.173828125000000000e-01 -6.331532086221465505e+01
-3.171386718750000000e-01 -6.337232641503207731e+01
-3.168945312500000000e-01 -6.343163760263495021e+01
-3.166503906250000000e-01 -6.349322143639319194e+01
-3.164062500000000000e-01 -6.355705230499225422e+01
-3.161621093750000000e-01 -6.362311238067400865e+01
-3.159179687500000000e-01 -6.369139205324096764e+01
-3.156738281250000000e-01 -6.376189039338683529e+01
-3.154296875000000000e-01 -6.383461564724681381e+01
-3.151855468750000000e-01 -6.390958576456966256e+01
-3.149414062500000000e-01 -6.398682896340923776e+01
-3.146972656250000000e-01 -6.406638433494624962e+01
-3.144531250000000000e-01 -6.414830249275333074e+01
-3.142089843750000000e-01 -6.423264627166632579e+01
-3.139648437500000000e-01 -6.431949148253640658e+01
-3.137207031250000000e-01 -6.440892773022102347e+01
-3.134765625000000000e-01 -6.450105930367335816e+01
-3.132324218750000000e-01 -6.459600614853316358e+01
-3.129882812500000000e-01 -6.469390493464702274e+01
-3.127441406250000000e-01 -6.479491023313867970e+01
-3.125000000000000000e-01 -6.489919582039708246e+01
-3.122558593750000000e-01 -6.500695612950994473e+01
-3.120117187500000000e-01 -6.511840787355372129e+01
-3.117675781250000000e-01 -6.523379186960599441e+01
-3.115234375000000000e-01 -6.535337509804899980e+01
-3.112792968750000000e-01 -6.547745303822151186e+01
-3.110351562500000000e-01 -6.560635232982022558e+01
-3.107910156250000000e-01 -6.574043381928257190e+01
-3.105468750000000000e-01 -6.588009606286296105e+01
-3.103027343750000000e-01 -6.602577937331599855e+01
-3.100585937500000000e-01 -6.617797051636453887e+01
-3.098144531250000000e-01 -6.633720818709984712e+01
-3.095703125000000000e-01 -6.650408942720942207e+01
-3.093261718750000000e-01 -6.667927718283708316e+01
-3.090820312500000000e-01 -6.686350925340468621e+01
-3.088378906250000000e-01 -6.705760894700807739e+01
-3.085937500000000000e-01 -6.726249784395383813e+01
-3.083496093750000000e-01 -6.747921118364477877e+01
-3.081054687500000000e-01 -6.770891654208919874e+01
-3.078613281250000000e-01 -6.795293667318399855e+01
-3.076171875000000000e-01 -6.821277766888138672e+01
-3.073730468750000000e-01 -6.849016398439873399e+01
-3.071289062500000000e-01 -6.878708242521248906e+01
-3.068847656250000000e-01 -6.910583797930343053e+01
-3.066406250000000000e-01 -6.944912552165332897e+01
-3.063964843750000000e-01 -6.982012311154424822e+01
-3.061523437500000000e-01 -7.022261516313859886e+01
-3.059082031250000000e-01 -7.066115772941094519e+01
-3.056640625000000000e-01 -7.114130442290415601e+01
-3.054199218750000000e-01 -7.166992176061016551e+01
-3.051757812500000000e-01 -7.225564004767691983e+01
-3.049316406250000000e-01 -7.290951629165459735e+01
-3.046875000000000000e-01 -7.364604128433060737e+01
-3.044433593750000000e-01 -7.448473031850542725e+01
-3.041992187500000000e-01 -7.545275720882379744e+01
-3.039550781250000000e-01 -7.658957839052173711e+01
-3.037109375000000000e-01 -7.795567789352823240e+01
-3.034667968750000000e-01 -7.965081607547641340e+01
-3.032226562500000000e-01 -8.185771506378361551e+01
-3.029785156250000000e-01 -8.497086038049044987e+01
-3.027343750000000000e-01 -9.014651686274743270e+01
-3.024902343750000000e-01 -1.065361770687435836e+02
-3.022460937500000000e-01 -9.285284087626021687e+01
-3.020019531250000000e-01 -8.578077937149514298e+01
-3.017578125000000000e-01 -8.180576994447888239e+01
-3.015136718750000000e-01 -7.899157846781400849e+01
-3.012695312500000000e-01 -7.679064145167018296e+01
-3.010253906250000000e-01 -7.496947629692395765e+01
-3.007812500000000000e-01 -7.340662730281164272e+01
-3.005371093750000000e-01 -7.203078661767965230e+01
-3.002929687500000000e-01 -7.079649912493002262e+01
-3.000488281250000000e-01 -6.967300294882777223e+01
-2.998046875000000000e-01 -6.863850898250827015e+01
-2.995605468750000000e-01 -6.767701905488854663e+01
-2.993164062500000000e-01 -6.677644037255457476e+01
-2.990722656250000000e-01 -6.592741000391087880e+01
-2.988281250000000000e-01 -6.512253091474777023e+01
-2.985839843750000000e-01 -6.435585792116197013e+01
-2.983398437500000000e-01 -6.362254145763111524e+01
-2.980957031250000000e-01 -6.291857437601326808e+01
-2.978515625000000000e-01 -6.224060796998292489e+01
-2.976074218750000000e-01 -6.158581569135398581e+01
-2.973632812500000000e-01 -6.095179045514893801e+01
-2.971191406250000000e-01 -6.033646606782976107e+01
-2.968750000000000000e-01 -5.973805628544953805e+01
-2.966308593750000000e-01 -5.915500695992770375e+01
-2.963867187500000000e-01 -5.858595804021734210e+01
-2.961425781250000000e-01 -5.802971308983303800e+01
-2.958984375000000000e-01 -5.748521460464345978e+01
-2.956542968750000000e-01 -5.695152385487931923e+01
-2.954101562500000000e-01 -5.642780429090082350e+01
-2.951660156250000000e-01 -5.591330778173346516e+01
-2.949218750000000000e-01 -5.540736312424064636e+01
-2.946777343750000000e-01 -5.490936638652762980e+01
-2.944335937500000000e-01 -5.441877274374883200e+01
-2.941894531250000000e-01 -5.393508953638011860e+01
-2.939453125000000000e-01 -5.345787033612435835e+01
-2.937011718750000000e-01 -5.298670984727009881e+01
-2.934570312500000000e-01 -5.252123950455410295e+01
-2.932128906250000000e-01 -5.206112365472911563e+01
-2.929687500000000000e-01 -5.160605622967840134e+01
-2.927246093750000000e-01 -5.115575783542478661e+01
-2.924804687500000000e-01 -5.070997319455614871e+01
-2.922363281250000000e-01 -5.026846889026704446e+01
-2.919921875000000000e-01 -4.983103136882644435e+01
-2.917480468750000000e-01 -4.939746516435481993e+01
-2.915039062500000000e-01 -4.896759131554502176e+01
-2.912597656250000000e-01 -4.854124594872460818e+01
-2.910156250000000000e-01 -4.811827900558488835e+01
-2.907714843750000000e-01 -4.769855309717402747e+01
-2.905273437500000000e-01 -4.728194246846511106e+01
-2.902832031250000000e-01 -4.686833206009428920e+01
-2.900390625000000000e-01 -4.645761665577914812e+01
-2.897949218750000000e-01 -4.604970010553799398e+01
-2.895507812500000000e-01 -4.564449461618900017e+01
-2.893066406250000000e-01 -4.524192010177796419e+01
-2.890625000000000000e-01 -4.484190358754444361e+01
-2.888183593750000000e-01 -4.444437866188938813e+01
-2.885742187500000000e-01 -4.404928497151354350e+01
-2.883300781250000000e-01 -4.365656775550446156e+01
-2.880859375000000000e-01 -4.326617741468293588e+01
-2.878417968750000000e-01 -4.287806911295480461e+01
-2.875976562500000000e-01 -4.249220240781971825e+01
-2.873535156250000000e-01 -4.210854090750031276e+01
-2.871093750000000000e-01 -4.172705195246324195e+01
-2.868652343750000000e-01 -4.134770631933884744e+01
-2.866210937500000000e-01 -4.097047794546762134e+01
-2.863769531250000000e-01 -4.059534367248751607e+01
-2.861328125000000000e-01 -4.022228300753624097e+01
-2.858886718750000000e-01 -3.985127790079015142e+01
-2.856445312500000000e-01 -3.948231253817598230e+01
-2.854003906250000000e-01 -3.911537314820766653e+01
-2.851562500000000000e-01 -3.875044782198870053e+01
-2.849121093750000000e-01 -3.838752634550683496e+01
-2.846679687500000000e-01 -3.802660004342029509e+01
-2.844238281250000000e-01 -3.766766163359642405e+01
-2.841796875000000000e-01 -3.731070509172528205e+01
-2.839355468750000000e-01 -3.695572552537618094e+01
-2.836914062500000000e-01 -3.660271905691437411e+01
-2.834472656250000000e-01 -3.625168271473489767e+01
-2.832031250000000000e-01 -3.590261433230247690e+01
-2.829589843750000000e-01 -3.555551245452731024e+01
-2.827148437500000000e-01 -3.521037625102870550e+01
-2.824707031250000000e-01 -3.486720543586924492e+01
-2.822265625000000000e-01 -3.452600019336711057e+01
-2.819824218750000000e-01 -3.418676110961669679e+01
-2.817382812500000000e-01 -3.384948910936670785e+01
-2.814941406250000000e-01 -3.351418539792778972e+01
-2.812500000000000000e-01 -3.318085140779756870e+01
-2.810058593750000000e-01 -3.284948874970884702e+01
-2.807617187500000000e-01 -3.252009916782193244e+01
-2.805175781250000000e-01 -3.219268449879884031e+01
-2.802734375000000000e-01 -3.186724663450837625e+01
-2.800292968750000000e-01 -3.154378748812764854e+01
-2.797851562500000000e-01 -3.122230896341572759e+01
-2.795410156250000000e-01 -3.090281292694826476e+01
-2.792968750000000000e-01 -3.058530118311391277e+01
-2.790527343750000000e-01 -3.026977545168250572e+01
-2.788085937500000000e-01 -2.995623734776724945e+01
-2.785644531250000000e-01 -2.964468836401212570e+01
-2.783203125000000000e-01 -2.933512985484427560e+01
-2.780761718750000000e-01 -2.902756302264277366e+01
-2.778320312500000000e-01 -2.872198890568046181e+01
-2.775878906250000000e-01 -2.841840836770604284e+01
-2.773437500000000000e-01 -2.811682208904122149e+01
-2.770996093750000000e-01 -2.781723055907328757e+01
-2.768554687500000000e-01 -2.751963407003344741e+01
-2.766113281250000000e-01 -2.722403271195557295e+01
-2.763671875000000000e-01 -2.693042636871770412e+01
-2.761230468750000000e-01 -2.663881471507448850e+01
-2.758789062500000000e-01 -2.634919721459451125e+01
-2.756347656250000000e-01 -2.606157311842208202e+01
-2.753906250000000000e-01 -2.577594146478802628e+01
-2.751464843750000000e-01 -2.549230107919965604e+01
-2.749023437500000000e-01 -2.521065057524401709e+01
-2.746582031250000000e-01 -2.493098835594336293e+01
-2.744140625000000000e-01 -2.465331261560628917e+01
-2.741699218750000000e-01 -2.437762134212153597e+01
-2.739257812500000000e-01 -2.410391231964500491e+01
-2.736816406250000000e-01 -2.383218313163531832e+01
-2.734375000000000000e-01 -2.356243116419500438e+01
-2.731933593750000000e-01 -2.329465360967841292e+01
-2.729492187500000000e-01 -2.302884747053076353e+01
-2.727050781250000000e-01 -2.276500956332459680e+01
-2.724609375000000000e-01 -2.250313652296316036e+01
-2.722167968750000000e-01 -2.224322480702253557e+01
-2.719726562500000000e-01 -2.198527070020698915e+01
-2.717285156250000000e-01 -2.172927031889297211e+01
-2.714843750000000000e-01 -2.147521961574104665e+01
-2.712402343750000000e-01 -2.122311438435534825e+01
-2.709960937500000000e-01 -2.097295026397266327e+01
-2.707519531250000000e-01 -2.072472274416472260e+01
-2.705078125000000000e-01 -2.047842716953885400e+01
-2.702636718750000000e-01 -2.023405874442353536e+01
-2.700195312500000000e-01 -1.999161253752658496e+01
-2.697753906250000000e-01 -1.975108348655533064e+01
-2.695312500000000000e-01 -1.951246640278868938e+01
-2.692871093750000000e-01 -1.927575597559265930e+01
-2.690429687500000000e-01 -1.904094677687145776e+01
-2.687988281250000000e-01 -1.880803326544741338e+01
-2.685546875000000000e-01 -1.857700979136358654e+01
-2.683105468750000000e-01 -1.834787060010406634e+01
-2.680664062500000000e-01 -1.812060983672714087e+01
-2.678222656250000000e-01 -1.789522154990791591e+01
-2.675781250000000000e-01 -1.767169969588653089e+01
-2.673339843750000000e-01 -1.745003814231979078e+01
-2.670898437500000000e-01 -1.723023067203379810e+01
-2.668457031250000000e-01 -1.701227098667570914e+01
-2.666015625000000000e-01 -1.679615271026340650e+01
-2.663574218750000000e-01 -1.658186939263231352e+01
-2.661132812500000000e-01 -1.636941451277833437e+01
-2.658691406250000000e-01 -1.615878148209710474e+01
-2.656250000000000000e-01 -1.594996364751911955e+01
-2.653808593750000000e-01 -1.574295429454140560e+01
-2.651367187500000000e-01 -1.553774665015588852e+01
-2.648925781250000000e-01 -1.533433388567538458e+01
-2.646484375000000000e-01 -1.513270911945798503e+01
-2.644042968750000000e-01 -1.493286541953092694e+01
-2.641601562500000000e-01 -1.473479580611520845e+01
-2.639160156250000000e-01 -1.453849325405212056e+01
-2.636718750000000000e-01 -1.434395069513333709e+01
-2.634277343750000000e-01 -1.415116102033594103e+01
-2.631835937500000000e-01 -1.396011708196415668e+01
-2.629394531250000000e-01 -1.377081169569937202e+01
-2.626953125000000000e-01 -1.358323764256030586e+01
-2.624511718750000000e-01 -1.339738767077508896e+01
-2.622070312500000000e-01 -1.321325449756718484e+01
-2.619628906250000000e-01 -1.303083081085691930e+01
-2.617187500000000000e-01 -1.285010927088077182e+01
-2.614746093750000000e-01 -1.267108251173006295e+01
-2.612304687500000000e-01 -1.249374314281131149e+01
-2.609863281250000000e-01 -1.231808375023000934e+01
-2.607421875000000000e-01 -1.214409689809986759e+01
-2.604980468750000000e-01 -1.197177512977950187e+01
-2.602539062500000000e-01 -1.180111096903851831e+01
-2.600097656250000000e-01 -1.163209692115489702e+01
-2.597656250000000000e-01 -1.146472547394569119e+01
-2.595214843750000000e-01 -1.129898909873293178e+01
-2.592773437500000000e-01 -1.113488025124663494e+01
-2.590332031250000000e-01 -1.097239137246680230e+01
-2.587890625000000000e-01 -1.081151488940624716e+01
-2.585449218750000000e-01 -1.065224321583617950e+01
-2.583007812500000000e-01 -1.049456875295621217e+01
-2.580566406250000000e-01 -1.033848389001077095e+01
-2.578125000000000000e-01 -1.018398100485346447e+01
-2.575683593750000000e-01 -1.003105246446126841e+01
-2.573242187500000000e-01 -9.879690625400229465e+00
-2.570800781250000000e-01 -9.729887834244316025e+00
-2.568359375000000000e-01 -9.581636427949050017e+00
-2.565917968750000000e-01 -9.434928734181632137e+00
-2.563476562500000000e-01 -9.289757071609052730e+00
-2.561035156250000000e-01 -9.146113750145715926e+00
-2.558593750000000000e-01 -9.003991071162339210e+00
-2.556152343750000000e-01 -8.863381327657251063e+00
-2.553710937500000000e-01 -8.724276804391912776e+00
-2.551269531250000000e-01 -8.586669777991957631e+00
-2.548828125000000000e-01 -8.450552517015132992e+00
-2.546386718750000000e-01 -8.315917281987601939e+00
-2.543945312500000000e-01 -8.182756325409997089e+00
-2.541503906250000000e-01 -8.051061891734434539e+00
-2.539062500000000000e-01 -7.920826217314029805e+00
-2.536621093750000000e-01 -7.792041530325931831e+00
-2.534179687500000000e-01 -7.664700050669452480e+00
-2.531738281250000000e-01 -7.538793989840257836e+00
-2.529296875000000000e-01 -7.414315550781978459e+00
-2.526855468750000000e-01 -7.291256927716574410e+00
-2.524414062500000000e-01 -7.169610305954336127e+00
-2.521972656250000000e-01 -7.049367861684970649e+00
-2.519531250000000000e-01 -6.930521761750839005e+00
-2.517089843750000000e-01 -6.813064163403296902e+00
-2.514648437500000000e-01 -6.696987214043588210e+00
-2.512207031250000000e-01 -6.582283050949172321e+00
-2.509765625000000000e-01 -6.468943800986522774e+00
-2.507324218750000000e-01 -6.356961580311619286e+00
-2.504882812500000000e-01 -6.246328494059241621e+00
-2.502441406250000000e-01 -6.137036636021747427e+00
-2.500000000000000000e-01 -6.029078088318854611e+00
-2.497558593750000000e-01 -5.922444921059081935e+00
-2.495117187500000000e-01 -5.817129191994055759e+00
-2.492675781250000000e-01 -5.713122946166535598e+00
-2.490234375000000000e-01 -5.610418215553309551e+00
-2.487792968750000000e-01 -5.509007018703840686e+00
-2.485351562500000000e-01 -5.408881360375588088e+00
-2.482910156250000000e-01 -5.310033231167167855e+00
-2.480468750000000000e-01 -5.212454607150050379e+00
-2.478027343750000000e-01 -5.116137449499987611e+00
-2.475585937500000000e-01 -5.021073704128923509e+00
-2.473144531250000000e-01 -4.927255301318481884e+00
-2.470703125000000000e-01 -4.834674155355784819e+00
-2.468261718750000000e-01 -4.743322164172795397e+00
-2.465820312500000000e-01 -4.653191208989866823e+00
-2.463378906250000000e-01 -4.564273153964450103e+00
-2.460937500000000000e-01 -4.476559845846040275e+00
-2.458496093750000000e-01 -4.390043113638128602e+00
-2.456054687500000000e-01 -4.304714768268084413e+00
-2.453613281250000000e-01 -4.220566602265890310e+00
-2.451171875000000000e-01 -4.137590389452626027e+00
-2.448730468750000000e-01 -4.055777884639681474e+00
-2.446289062500000000e-01 -3.975120823339366893e+00
-2.443847656250000000e-01 -3.895610921488156464e+00
-2.441406250000000000e-01 -3.817239875182991682e+00
-2.438964843750000000e-01 -3.739999360432051390e+00
-2.436523437500000000e-01 -3.663881032920471625e+00
-2.434082031250000000e-01 -3.588876527791924786e+00
-2.431640625000000000e-01 -3.514977459447251817e+00
-2.429199218750000000e-01 -3.442175421360559540e+00
-2.426757812500000000e-01 -3.370461985914047887e+00
-2.424316406250000000e-01 -3.299828704252036005e+00
-2.421875000000000000e-01 -3.230267106155437773e+00
-2.419433593750000000e-01 -3.161768699937169913e+00
-2.416992187500000000e-01 -3.094324972359544290e+00
-2.414550781250000000e-01 -3.027927388574426004e+00
-2.412109375000000000e-01 -2.962567392086896234e+00
-2.409667968750000000e-01 -2.898236404743300909e+00
-2.407226562500000000e-01 -2.834925826744495225e+00
-2.404785156250000000e-01 -2.772627036685008761e+00
-2.402343750000000000e-01 -2.711331391618955422e+00
-2.399902343750000000e-01 -2.651030227153412966e+00
-2.397460937500000000e-01 -2.591714857570067920e+00
-2.395019531250000000e-01 -2.533376575975793799e+00
-2.392578125000000000e-01 -2.476006654482972635e+00
-2.390136718750000000e-01 -2.419596344420156697e+00
-2.387695312500000000e-01 -2.364136876573851964e+00
-2.385253906250000000e-01 -2.309619461461991818e+00
-2.382812500000000000e-01 -2.256035289639854113e+00
-2.380371093750000000e-01 -2.203375532038933216e+00
-2.377929687500000000e-01 -2.151631340339406506e+00
-2.375488281250000000e-01 -2.100793847376891677e+00
-2.373046875000000000e-01 -2.050854167583779031e+00
-2.370605468750000000e-01 -2.001803397465948819e+00
-2.368164062500000000e-01 -1.953632616115143605e+00
-2.365722656250000000e-01 -1.906332885757564100e+00
-2.363281250000000000e-01 -1.859895252339214267e+00
-2.360839843750000000e-01 -1.814310746148095177e+00
-2.358398437500000000e-01 -1.769570382473929726e+00
-2.355957031250000000e-01 -1.725665162305688227e+00
-2.353515625000000000e-01 -1.682586073066872245e+00
-2.351074218750000000e-01 -1.640324089389395112e+00
-2.348632812500000000e-01 -1.598870173925661220e+00
-2.346191406250000000e-01 -1.558215278199511999e+00
-2.343750000000000000e-01 -1.518350343495768584e+00
-2.341308593750000000e-01 -1.479266301788740634e+00
-2.338867187500000000e-01 -1.440954076709587639e+00
-2.336425781250000000e-01 -1.403404584552447432e+00
-2.333984375000000000e-01 -1.366608735319516654e+00
-2.331542968750000000e-01 -1.330557433804656853e+00
-2.329101562500000000e-01 -1.295241580715554619e+00
-2.326660156250000000e-01 -1.260652073834151565e+00
-2.324218750000000000e-01 -1.226779809215088335e+00
-2.321777343750000000e-01 -1.193615682421679480e+00
-2.319335937500000000e-01 -1.161150589799262889e+00
-2.316894531250000000e-01 -1.129375429785298479e+00
-2.314453125000000000e-01 -1.098281104255661944e+00
-2.312011718750000000e-01 -1.067858519906693004e+00
-2.309570312500000000e-01 -1.038098589672344474e+00
-2.307128906250000000e-01 -1.008992234175551062e+00
-2.304687500000000000e-01 -9.805303832132352682e-01
-2.302246093750000000e-01 -9.527039772740693024e-01
-2.299804687500000000e-01 -9.255039690880551007e-01
-2.297363281250000000e-01 -8.989213252070697990e-01
-2.294921875000000000e-01 -8.729470276150692598e-01
-2.292480468750000000e-01 -8.475720753673385843e-01
-2.290039062500000000e-01 -8.227874862570700998e-01
-2.287597656250000000e-01 -7.985842985085866985e-01
-2.285156250000000000e-01 -7.749535724955336491e-01
-2.282714843750000000e-01 -7.518863924827314804e-01
-2.280273437500000000e-01 -7.293738683906383358e-01
-2.277832031250000000e-01 -7.074071375804464878e-01
-2.275390625000000000e-01 -6.859773666586050922e-01
-2.272949218750000000e-01 -6.650757532991065091e-01
-2.270507812500000000e-01 -6.446935280817598368e-01
-2.268066406250000000e-01 -6.248219563449595171e-01
-2.265625000000000000e-01 -6.054523400510021247e-01
-2.263183593750000000e-01 -5.865760196621181422e-01
-2.260742187500000000e-01 -5.681843760255844700e-01
-2.258300781250000000e-01 -5.502688322656723585e-01
-2.255859375000000000e-01 -5.328208556807396690e-01
-2.253417968750000000e-01 -5.158319596432363596e-01
-2.250976562500000000e-01 -4.992937055008184188e-01
-2.248535156250000000e-01 -4.831977044761543993e-01
-2.246093750000000000e-01 -4.675356195636624079e-01
-2.243652343750000000e-01 -4.522991674207332835e-01
-2.241210937500000000e-01 -4.374801202514078113e-01
-2.238769531250000000e-01 -4.230703076802200258e-01
-2.236328125000000000e-01 -4.090616186140607624e-01
-2.233886718750000000e-01 -3.954460030897308798e-01
-2.231445312500000000e-01 -3.822154741049672566e-01
-2.229003906250000000e-01 -3.693621094306394070e-01
-2.226562500000000000e-01 -3.568780534019282413e-01
-2.224121093750000000e-01 -3.447555186860853382e-01
-2.221679687500000000e-01 -3.329867880246126788e-01
-2.219238281250000000e-01 -3.215642159475464723e-01
-2.216796875000000000e-01 -3.104802304576281813e-01
-2.214355468750000000e-01 -2.997273346820890083e-01
-2.211914062500000000e-01 -2.892981084899020061e-01
-2.209472656250000000e-01 -2.791852100722849173e-01
-2.207031250000000000e-01 -2.693813774843647479e-01
-2.204589843750000000e-01 -2.598794301457161282e-01
-2.202148437500000000e-01 -2.506722702980681561e-01
-2.199707031250000000e-01 -2.417528844177070368e-01
-2.197265625000000000e-01 -2.331143445809971126e-01
-2.194824218750000000e-01 -2.247498097809312867e-01
-2.192382812500000000e-01 -2.166525271927639551e-01
-2.189941406250000000e-01 -2.088158333872485173e-01
-2.187500000000000000e-01 -2.012331554894188912e-01
-2.185058593750000000e-01 -1.938980122815223694e-01
-2.182617187500000000e-01 -1.868040152484411465e-01
-2.180175781250000000e-01 -1.799448695641103768e-01
-2.177734375000000000e-01 -1.733143750175685227e-01
-2.175292968750000000e-01 -1.669064268773468029e-01
-2.172851562500000000e-01 -1.607150166930182422e-01
-2.170410156250000000e-01 -1.547342330325989224e-01
-2.167968750000000000e-01 -1.489582621551051034e-01
-2.165527343750000000e-01 -1.433813886170582919e-01
-2.163085937500000000e-01 -1.379979958123414008e-01
-2.160644531250000000e-01 -1.328025664444822951e-01
-2.158203125000000000e-01 -1.277896829311373494e-01
-2.155761718750000000e-01 -1.229540277397518366e-01
-2.153320312500000000e-01 -1.182903836546671528e-01
-2.150878906250000000e-01 -1.137936339748080172e-01
-2.148437500000000000e-01 -1.094587626423333404e-01
-2.145996093750000000e-01 -1.052808543017960119e-01
-2.143554687500000000e-01 -1.012550942901953022e-01
-2.141113281250000000e-01 -9.737676855809240806e-02
-2.138671875000000000e-01 -9.364126352186019631e-02
-2.136230468750000000e-01 -9.004406584789137469e-02
-2.133789062500000000e-01 -8.658076216903509703e-02
-2.131347656250000000e-01 -8.324703873397254483e-02
-2.128906250000000000e-01 -8.003868099044098017e-02
-2.126464843750000000e-01 -7.695157310308786691e-02
-2.124023437500000000e-01 -7.398169740687876583e-02
-2.121582031250000000e-01 -7.112513379736640218e-02
-2.119140625000000000e-01 -6.837805905884408730e-02
-2.116699218750000000e-01 -6.573674613174773640e-02
-2.114257812500000000e-01 -6.319756332078441119e-02
-2.111816406250000000e-01 -6.075697344513741882e-02
-2.109375000000000000e-01 -5.841153293239642608e-02
-2.106933593750000000e-01 -5.615789085804578917e-02
-2.104492187500000000e-01 -5.399278793191797376e-02
-2.102050781250000000e-01 -5.191305543382895848e-02
-2.099609375000000000e-01 -4.991561410005829202e-02
-2.097167968750000000e-01 -4.799747296266332341e-02
-2.094726562500000000e-01 -4.615572814385870970e-02
-2.092285156250000000e-01 -4.438756160736545553e-02
-2.089843750000000000e-01 -4.269023986896058886e-02
-2.087402343750000000e-01 -4.106111266840173357e-02
-2.084960937500000000e-01 -3.949761160515663505e-02
-2.082519531250000000e-01 -3.799724873991294771e-02
-2.080078125000000000e-01 -3.655761516449729243e-02
-2.077636718750000000e-01 -3.517637954240626641e-02
-2.075195312500000000e-01 -3.385128662233682917e-02
-2.072753906250000000e-01 -3.258015572717454233e-02
-2.070312500000000000e-01 -3.136087922079866530e-02
-2.067871093750000000e-01 -3.019142095516258451e-02
-2.065429687500000000e-01 -2.906981470003699997e-02
-2.062988281250000000e-01 -2.799416255778908180e-02
-2.060546875000000000e-01 -2.696263336584081571e-02
-2.058105468750000000e-01 -2.597346108883868965e-02
-2.055664062500000000e-01 -2.502494320320636234e-02
-2.053222656250000000e-01 -2.411543907629720707e-02
-2.050781250000000000e-01 -2.324336834259099760e-02
-2.048339843750000000e-01 -2.240720927895267778e-02
-2.045898437500000000e-01 -2.160549718163906618e-02
-2.043457031250000000e-01 -2.083682274691511793e-02
-2.041015625000000000e-01 -2.009983045748242603e-02
-2.038574218750000000e-01 -1.939321697707896419e-02
-2.036132812500000000e-01 -1.871572955508327141e-02
-2.033691406250000000e-01 -1.806616444315523040e-02
-2.031250000000000000e-01 -1.744336532594559230e-02
-2.028808593750000000e-01 -1.684622176770744773e-02
-2.026367187500000000e-01 -1.627366767660021196e-02
-2.023925781250000000e-01 -1.572467978847669201e-02
-2.021484375000000000e-01 -1.519827617178748369e-02
-2.019042968750000000e-01 -1.469351475510904947e-02
-2.016601562500000000e-01 -1.420949187905762301e-02
-2.014160156250000000e-01 -1.374534087371159785e-02
-2.011718750000000000e-01 -1.330023066314822699e-02
-2.009277343750000000e-01 -1.287336439818886902e-02
-2.006835937500000000e-01 -1.246397811860333604e-02
-2.004394531250000000e-01 -1.207133944598126618e-02
-2.001953125000000000e-01 -1.169474630795264147e-02
-1.999511718750000000e-01 -1.133352569513590424e-02
-1.997070312500000000e-01 -1.098703245123999750e-02
-1.994628906250000000e-01 -1.065464809730087836e-02
-1.992187500000000000e-01 -1.033577969064936042e-02
-1.989746093750000000e-01 -1.002985871912187577e-02
-1.987304687500000000e-01 -9.736340031096801795e-03
-1.984863281250000000e-01 -9.454700801725834935e-03
-1.982421875000000000e-01 -9.184439535587785031e-03
-1.979980468750000000e-01 -8.925075106049007445e-03
-1.977539062500000000e-01 -8.676145831529424868e-03
-1.975097656250000000e-01 -8.437208588588873681e-03
-1.972656250000000000e-01 -8.207837961961672590e-03
-1.970214843750000000e-01 -7.987625431354672401e-03
-1.967773437500000000e-01 -7.776178594738780703e-03
-1.965332031250000000e-01 -7.573120428119750613e-03
-1.962890625000000000e-01 -7.378088581191377671e-03
-1.960449218750000000e-01 -7.190734708672152919e-03
-1.958007812500000000e-01 -7.010723836671672871e-03
-1.955566406250000000e-01 -6.837733763788378383e-03
-1.953125000000000000e-01 -6.671454496029127768e-03
-1.950683593750000000e-01 -6.511587715166911039e-03
-1.948242187500000000e-01 -6.357846279684054025e-03
-1.945800781250000000e-01 -6.209953757505104477e-03
-1.943359375000000000e-01 -6.067643989737803167e-03
-1.940917968750000000e-01 -5.930660684597910404e-03
-1.938476562500000000e-01 -5.798757040423652143e-03
-1.936035156250000000e-01 -5.671695397026610408e-03
-1.933593750000000000e-01 -5.549246914128502794e-03
-1.931152343750000000e-01 -5.431191276215940889e-03
-1.928710937500000000e-01 -5.317316422164708456e-03
-1.926269531250000000e-01 -5.207418299221444613e-03
-1.923828125000000000e-01 -5.101300639537953430e-03
-1.921386718750000000e-01 -4.998774758703916632e-03
-1.918945312500000000e-01 -4.899659374515863419e-03
-1.916503906250000000e-01 -4.803780445385541498e-03
-1.914062500000000000e-01 -4.710971026668175909e-03
-1.911621093750000000e-01 -4.621071144100596939e-03
-1.909179687500000000e-01 -4.533927682757621369e-03
-1.906738281250000000e-01 -4.449394290702457511e-03
-1.904296875000000000e-01 -4.367331295725307427e-03
-1.901855468750000000e-01 -4.287605634260671650e-03
-1.899414062500000000e-01 -4.210090791048060055e-03
-1.896972656250000000e-01 -4.134666748470294806e-03
-1.894531250000000000e-01 -4.061219944304639284e-03
-1.892089843750000000e-01 -3.989643236764095491e-03
-1.889648437500000000e-01 -3.919835875635158118e-03
-1.887207031250000000e-01 -3.851703478375156919e-03
-1.884765625000000000e-01 -3.785158010046529853e-03
-1.882324218750000000e-01 -3.720117766064845455e-03
-1.879882812500000000e-01 -3.656507356623706073e-03
-1.877441406250000000e-01 -3.594257691830193835e-03
-1.875000000000000000e-01 -3.533305966413990973e-03
-1.872558593750000000e-01 -3.473595643370686048e-03
-1.870117187500000000e-01 -3.415076435203445726e-03
-1.867675781250000000e-01 -3.357704282180407063e-03
-1.865234375000000000e-01 -3.301441326669873888e-03
-1.862792968750000000e-01 -3.246255882714876861e-03
-1.860351562500000000e-01 -3.192122400108132751e-03
-1.857910156250000000e-01 -3.139021422370547043e-03
-1.855468750000000000e-01 -3.086939537723765170e-03
-1.853027343750000000e-01 -3.035869322715711860e-03
-1.850585937500000000e-01 -2.985809277689099872e-03
-1.848144531250000000e-01 -2.936763753794480181e-03
-1.845703125000000000e-01 -2.888742870865712575e-03
-1.843261718750000000e-01 -2.841762425859428731e-03
-1.840820312500000000e-01 -2.795843791560059799e-03
-1.838378906250000000e-01 -2.751013805010416036e-03
-1.835937500000000000e-01 -2.707304645596764203e-03
-1.833496093750000000e-01 -2.664753702575239913e-03
-1.831054687500000000e-01 -2.623403431684323550e-03
-1.828613281250000000e-01 -2.583301200985488322e-03
-1.826171875000000000e-01 -2.544499125690435903e-03
-1.823730468750000000e-01 -2.507053892017552243e-03
-1.821289062500000000e-01 -2.471026570191270366e-03
-1.818847656250000000e-01 -2.436482416499075043e-03
-1.816406250000000000e-01 -2.403490664832474977e-03
-1.813964843750000000e-01 -2.372124307456147108e-03
-1.811523437500000000e-01 -2.342459865786850060e-03
-1.809082031250000000e-01 -2.314577150926311333e-03
-1.806640625000000000e-01 -2.288559014672841840e-03
-1.804199218750000000e-01 -2.264491091111153764e-03
-1.801757812500000000e-01 -2.242461529334605075e-03
-1.799316406250000000e-01 -2.222560717683563780e-03
-1.796875000000000000e-01 -2.204880999968850119e-03
-1.794433593750000000e-01 -2.189516384163425755e-03
-1.791992187500000000e-01 -2.176562244287083558e-03
-1.789550781250000000e-01 -2.166115015810987643e-03
-1.787109375000000000e-01 -2.158271885406293222e-03
-1.784667968750000000e-01 -2.153130475448961079e-03
-1.782226562500000000e-01 -2.150788524318159034e-03
-1.779785156250000000e-01 -2.151343562715624103e-03
-1.777343750000000000e-01 -2.154892587057588571e-03
-1.774902343750000000e-01 -2.161531730550336761e-03
-1.772460937500000000e-01 -2.171355932702567770e-03
-1.770019531250000000e-01 -2.184458607999317792e-03
-1.767578125000000000e-01 -2.200931314632725844e-03
-1.765136718750000000e-01 -2.220863423886498822e-03
-1.762695312500000000e-01 -2.244341791197257407e-03
-1.760253906250000000e-01 -2.271450429503829582e-03
-1.757812500000000000e-01 -2.302270185708721328e-03
-1.755371093750000000e-01 -2.336878421260735195e-03
-1.752929687500000000e-01 -2.375348697398749209e-03
-1.750488281250000000e-01 -2.417750465880885713e-03
-1.748046875000000000e-01 -2.464148766335938490e-03
-1.745605468750000000e-01 -2.514603930478642724e-03
-1.743164062500000000e-01 -2.569171294467764710e-03
-1.740722656250000000e-01 -2.627900919833336957e-03
-1.738281250000000000e-01 -2.690837323953587656e-03
-1.735839843750000000e-01 -2.758019220536311877e-03
-1.733398437500000000e-01 -2.829479271184709432e-03
-1.730957031250000000e-01 -2.905243848502436776e-03
-1.728515625000000000e-01 -2.985332811292096267e-03
-1.726074218750000000e-01 -3.069759292927187744e-03
-1.723632812500000000e-01 -3.158529503082263545e-03
-1.721191406250000000e-01 -3.251642543588673107e-03
-1.718750000000000000e-01 -3.349090239055385609e-03
-1.716308593750000000e-01 -3.450856982667005468e-03
-1.713867187500000000e-01 -3.556919597741625694e-03
-1.711425781250000000e-01 -3.667247215432212215e-03
-1.708984375000000000e-01 -3.781801169068899071e-03
-1.706542968750000000e-01 -3.900534905596941826e-03
-1.704101562500000000e-01 -4.023393914252437753e-03
-1.701660156250000000e-01 -4.150315673101090397e-03
-1.699218750000000000e-01 -4.281229613440018511e-03
-1.696777343750000000e-01 -4.416057102446302451e-03
-1.694335937500000000e-01 -4.554711444328063408e-03
-1.691894531250000000e-01 -4.697097899949653765e-03
-1.689453125000000000e-01 -4.843113725129910563e-03
-1.687011718750000000e-01 -4.992648227926110849e-03
-1.684570312500000000e-01 -5.145582844377827314e-03
-1.682128906250000000e-01 -5.301791233335961806e-03
-1.679687500000000000e-01 -5.461139389794311683e-03
-1.677246093750000000e-01 -5.623485777022096954e-03
-1.674804687500000000e-01 -5.788681476943224880e-03
-1.672363281250000000e-01 -5.956570359103352530e-03
-1.669921875000000000e-01 -6.126989267343674328e-03
-1.667480468750000000e-01 -6.299768224536705929e-03
-1.665039062500000000e-01 -6.474730654659310858e-03
-1.662597656250000000e-01 -6.651693621890331087e-03
-1.660156250000000000e-01 -6.830468086619134738e-03
-1.657714843750000000e-01 -7.010859177455586178e-03
-1.655273437500000000e-01 -7.192666479213016828e-03
-1.652832031250000000e-01 -7.375684336054177948e-03
-1.650390625000000000e-01 -7.559702169317006337e-03
-1.647949218750000000e-01 -7.744504809579666471e-03
-1.645507812500000000e-01 -7.929872841970109221e-03
-1.643066406250000000e-01 -8.115582964521195208e-03
-1.640625000000000000e-01 -8.301408358519779540e-03
-1.638183593750000000e-01 -8.487119070210269456e-03
-1.635742187500000000e-01 -8.672482403241588145e-03
-1.633300781250000000e-01 -8.857263320919628313e-03
-1.630859375000000000e-01 -9.041224857412544225e-03
-1.628417968750000000e-01 -9.224128537255182891e-03
-1.625976562500000000e-01 -9.405734802214738011e-03
-1.623535156250000000e-01 -9.585803444494445102e-03
-1.621093750000000000e-01 -9.764094045607407679e-03
-1.618652343750000000e-01 -9.940366419840529488e-03
-1.616210937500000000e-01 -1.011438106151274496e-02
-1.613769531250000000e-01 -1.028589959490489036e-02
-1.611328125000000000e-01 -1.045468522605119688e-02
-1.608886718750000000e-01 -1.062050319538343501e-02
-1.606445312500000000e-01 -1.078312123030400471e-02
-1.604003906250000000e-01 -1.094230999657952452e-02
-1.601562500000000000e-01 -1.109784354767384684e-02
-1.599121093750000000e-01 -1.124949977113942623e-02
-1.596679687500000000e-01 -1.139706083085911814e-02
-1.594238281250000000e-01 -1.154031360438523279e-02
-1.591796875000000000e-01 -1.167905011416792149e-02
-1.589355468750000000e-01 -1.181306795213288297e-02
-1.586914062500000000e-01 -1.194217069613046078e-02
-1.584472656250000000e-01 -1.206616831771611942e-02
-1.582031250000000000e-01 -1.218487758018227396e-02
-1.579589843750000000e-01 -1.229812242607408734e-02
-1.577148437500000000e-01 -1.240573435302394500e-02
-1.574707031250000000e-01 -1.250755277743564875e-02
-1.572265625000000000e-01 -1.260342538481040719e-02
-1.569824218750000000e-01 -1.269320846617461029e-02
-1.567382812500000000e-01 -1.277676723971410411e-02
-1.564941406250000000e-01 -1.285397615681915795e-02
-1.562500000000000000e-01 -1.292471919191484631e-02
-1.560058593750000000e-01 -1.298889011529524851e-02
-1.557617187500000000e-01 -1.304639274843566454e-02
-1.555175781250000000e-01 -1.309714120093019574e-02
-1.552734375000000000e-01 -1.314106008872784059e-02
-1.550292968750000000e-01 -1.317808473297077398e-02
-1.547851562500000000e-01 -1.320816133893742972e-02
-1.545410156250000000e-01 -1.323124715474932600e-02
-1.542968750000000000e-01 -1.324731060914530190e-02
-1.540527343750000000e-01 -1.325633142829474309e-02
-1.538085937500000000e-01 -1.325830073108136276e-02
-1.535644531250000000e-01 -1.325322110257332042e-02
-1.533203125000000000e-01 -1.324110664560862460e-02
-1.530761718750000000e-01 -1.322198301005528265e-02
-1.528320312500000000e-01 -1.319588739981725212e-02
-1.525878906250000000e-01 -1.316286855728776573e-02
-1.523437500000000000e-01 -1.312298672550582523e-02
-1.520996093750000000e-01 -1.307631358744743011e-02
-1.518554687500000000e-01 -1.302293218321892709e-02
-1.516113281250000000e-01 -1.296293680464088993e-02
-1.513671875000000000e-01 -1.289643286762043317e-02
-1.511230468750000000e-01 -1.282353676243985774e-02
-1.508789062500000000e-01 -1.274437568237374308e-02
-1.506347656250000000e-01 -1.265908743054922070e-02
-1.503906250000000000e-01 -1.256782020561786339e-02
-1.501464843750000000e-01 -1.247073236677920249e-02
-1.499023437500000000e-01 -1.236799217797113215e-02
-1.496582031250000000e-01 -1.225977753254881009e-02
-1.494140625000000000e-01 -1.214627565806836174e-02
-1.491699218750000000e-01 -1.202768280236909959e-02
-1.489257812500000000e-01 -1.190420390129531825e-02
-1.486816406250000000e-01 -1.177605222861188849e-02
-1.484375000000000000e-01 -1.164344902888103661e-02
-1.481933593750000000e-01 -1.150662313405348414e-02
-1.479492187500000000e-01 -1.136581056437080406e-02
-1.477050781250000000e-01 -1.122125411437480125e-02
-1.474609375000000000e-01 -1.107320292504709869e-02
-1.472167968750000000e-01 -1.092191204250525516e-02
-1.469726562500000000e-01 -1.076764196446333699e-02
-1.467285156250000000e-01 -1.061065817523854093e-02
-1.464843750000000000e-01 -1.045123067014230855e-02
-1.462402343750000000e-01 -1.028963347035016795e-02
-1.459960937500000000e-01 -1.012614412893242388e-02
-1.457519531250000000e-01 -9.961043229409938249e-03
-1.455078125000000000e-01 -9.794613877488700382e-03
-1.452636718750000000e-01 -9.627141187166898817e-03
-1.450195312500000000e-01 -9.458911762095567610e-03
-1.447753906250000000e-01 -9.290213173471784103e-03
-1.445312500000000000e-01 -9.121333435174960869e-03
-1.442871093750000000e-01 -8.952560477467841338e-03
-1.440429687500000000e-01 -8.784181620157482939e-03
-1.437988281250000000e-01 -8.616483046324674433e-03
-1.435546875000000000e-01 -8.449749277716023244e-03
-1.433105468750000000e-01 -8.284262652665574933e-03
-1.430664062500000000e-01 -8.120302807881785156e-03
-1.428222656250000000e-01 -7.958146164924073673e-03
-1.425781250000000000e-01 -7.798065422392141954e-03
-1.423339843750000000e-01 -7.640329054964922761e-03
-1.420898437500000000e-01 -7.485200820227078111e-03
-1.418457031250000000e-01 -7.332939274377281436e-03
-1.416015625000000000e-01 -7.183797297415139838e-03
-1.413574218750000000e-01 -7.038021629426793879e-03
-1.411132812500000000e-01 -6.895852418182357724e-03
-1.408691406250000000e-01 -6.757522779523128520e-03
-1.406250000000000000e-01 -6.623258370964890673e-03
-1.403808593750000000e-01 -6.493276979867346199e-03
-1.401367187500000000e-01 -6.367788126439677399e-03
-1.398925781250000000e-01 -6.246992682861218782e-03
-1.396484375000000000e-01 -6.131082509085672427e-03
-1.394042968750000000e-01 -6.020240105911511819e-03
-1.391601562500000000e-01 -5.914638286327544847e-03
-1.389160156250000000e-01 -5.814439865574172472e-03
-1.386718750000000000e-01 -5.719797370673518344e-03
-1.384277343750000000e-01 -5.630852769812122460e-03
-1.381835937500000000e-01 -5.547737222428850146e-03
-1.379394531250000000e-01 -5.470570850249600880e-03
-1.376953125000000000e-01 -5.399462529837251168e-03
-1.374511718750000000e-01 -5.334509707111578791e-03
-1.372070312500000000e-01 -5.275798234109174700e-03
-1.369628906250000000e-01 -5.223402228423879023e-03
-1.367187500000000000e-01 -5.177383955597747445e-03
-1.364746093750000000e-01 -5.137793734576234783e-03
-1.362304687500000000e-01 -5.104669866582867144e-03
-1.359863281250000000e-01 -5.078038587527089476e-03
-1.357421875000000000e-01 -5.057914043902655976e-03
-1.354980468750000000e-01 -5.044298292517623850e-03
-1.352539062500000000e-01 -5.037181323658046495e-03
-1.350097656250000000e-01 -5.036541108111691756e-03
-1.347656250000000000e-01 -5.042343667525983619e-03
-1.345214843750000000e-01 -5.054543168213854187e-03
-1.342773437500000000e-01 -5.073082038279608241e-03
-1.340332031250000000e-01 -5.097891107581631331e-03
-1.337890625000000000e-01 -5.128889770432465411e-03
-1.335449218750000000e-01 -5.165986170737824068e-03
-1.333007812500000000e-01 -5.209077409020324012e-03
-1.330566406250000000e-01 -5.258049771256878557e-03
-1.328125000000000000e-01 -5.312778978606047531e-03
-1.325683593750000000e-01 -5.373130457996921905e-03
-1.323242187500000000e-01 -5.438959632670048450e-03
-1.320800781250000000e-01 -5.510112232343544747e-03
-1.318359375000000000e-01 -5.586424622208596702e-03
-1.315917968750000000e-01 -5.667724150256958637e-03
-1.313476562500000000e-01 -5.753829512059382978e-03
-1.311035156250000000e-01 -5.844551132426545337e-03
-1.308593750000000000e-01 -5.939691563114024575e-03
-1.306152343750000000e-01 -6.039045895690264842e-03
-1.303710937500000000e-01 -6.142402189013296265e-03
-1.301269531250000000e-01 -6.249541910023026503e-03
-1.298828125000000000e-01 -6.360240387394355821e-03
-1.296386718750000000e-01 -6.474267276857403886e-03
-1.293945312500000000e-01 -6.591387037332196996e-03
-1.291503906250000000e-01 -6.711359416939899347e-03
-1.289062500000000000e-01 -6.833939947838985063e-03
-1.286621093750000000e-01 -6.958880449019488879e-03
-1.284179687500000000e-01 -7.085929535847412808e-03
-1.281738281250000000e-01 -7.214833135435583245e-03
-1.279296875000000000e-01 -7.345335006817776957e-03
-1.276855468750000000e-01 -7.477177264860301875e-03
-1.274414062500000000e-01 -7.610100906759953432e-03
-1.271972656250000000e-01 -7.743846340119375782e-03
-1.269531250000000000e-01 -7.878153911590857206e-03
-1.267089843750000000e-01 -8.012764434880637054e-03
-1.264648437500000000e-01 -8.147419717090542690e-03
-1.262207031250000000e-01 -8.281863082473250870e-03
-1.259765625000000000e-01 -8.415839892151666390e-03
-1.257324218750000000e-01 -8.549098059248194659e-03
-1.254882812500000000e-01 -8.681388557889135882e-03
-1.252441406250000000e-01 -8.812465925402079847e-03
-1.250000000000000000e-01 -8.942088756484167789e-03
-1.247558593750000000e-01 -9.070020188374883219e-03
-1.245117187500000000e-01 -9.196028376052822750e-03
-1.242675781250000000e-01 -9.319886956532741351e-03
-1.240234375000000000e-01 -9.441375501140214510e-03
-1.237792968750000000e-01 -9.560279955110217998e-03
-1.235351562500000000e-01 -9.676393063273280859e-03
-1.232910156250000000e-01 -9.789514781317620873e-03
-1.230468750000000000e-01 -9.899452671433550677e-03
-1.228027343750000000e-01 -1.000602228177172037e-02
-1.225585937500000000e-01 -1.010904750890517789e-02
-1.223144531250000000e-01 -1.020836094241417413e-02
-1.220703125000000000e-01 -1.030380419102527867e-02
-1.218261718750000000e-01 -1.039522818955163075e-02
-1.215820312500000000e-01 -1.048249348610852394e-02
-1.213378906250000000e-01 -1.056547050887957084e-02
-1.210937500000000000e-01 -1.064403981196448967e-02
-1.208496093750000000e-01 -1.071809229983955447e-02
-1.206054687500000000e-01 -1.078752942990490737e-02
-1.203613281250000000e-01 -1.085226339267819640e-02
-1.201171875000000000e-01 -1.091221726940716508e-02
-1.198730468750000000e-01 -1.096732516666065749e-02
-1.196289062500000000e-01 -1.101753232758539980e-02
-1.193847656250000000e-01 -1.106279521981434755e-02
-1.191406250000000000e-01 -1.110308159962869468e-02
-1.188964843750000000e-01 -1.113837055230249007e-02
-1.186523437500000000e-01 -1.116865250872933757e-02
-1.184082031250000000e-01 -1.119392923799011896e-02
-1.181640625000000000e-01 -1.121421381621701130e-02
-1.179199218750000000e-01 -1.122953057155484657e-02
-1.176757812500000000e-01 -1.123991500554666345e-02
-1.174316406250000000e-01 -1.124541369094345100e-02
-1.171875000000000000e-01 -1.124608414639283183e-02
-1.169433593750000000e-01 -1.124199468793563028e-02
-1.166992187500000000e-01 -1.123322425796402513e-02
-1.164550781250000000e-01 -1.121986223188287113e-02
-1.162109375000000000e-01 -1.120200820275840670e-02
-1.159667968750000000e-01 -1.117977174462225776e-02
-1.157226562500000000e-01 -1.115327215480022005e-02
-1.154785156250000000e-01 -1.112263817586267578e-02
-1.152343750000000000e-01 -1.108800769779350048e-02
-1.149902343750000000e-01 -1.104952744088905092e-02
-1.147460937500000000e-01 -1.100735262028251782e-02
-1.145019531250000000e-01 -1.096164659260523422e-02
-1.142578125000000000e-01 -1.091258048559495819e-02
-1.140136718750000000e-01 -1.086033281140430518e-02
-1.137695312500000000e-01 -1.080508906457566809e-02
-1.135253906250000000e-01 -1.074704130522263767e-02
-1.132812500000000000e-01 -1.068638772859742403e-02
-1.130371093750000000e-01 -1.062333222179745462e-02
-1.127929687500000000e-01 -1.055808390853485434e-02
-1.125488281250000000e-01 -1.049085668297777829e-02
-1.123046875000000000e-01 -1.042186873361572452e-02
-1.120605468750000000e-01 -1.035134205812937580e-02
-1.118164062500000000e-01 -1.027950197030236268e-02
-1.115722656250000000e-01 -1.020657659998391864e-02
-1.113281250000000000e-01 -1.013279638718245224e-02
-1.110839843750000000e-01 -1.005839357134163947e-02
-1.108398437500000000e-01 -9.983601676751163723e-03
-1.105957031250000000e-01 -9.908654995342658367e-03
-1.103515625000000000e-01 -9.833788067894033702e-03
-1.101074218750000000e-01 -9.759235164537471974e-03
-1.098632812500000000e-01 -9.685229766034808563e-03
-1.096191406250000000e-01 -9.612004046459787787e-03
-1.093750000000000000e-01 -9.539788358679857083e-03
-1.091308593750000000e-01 -9.468810723646470251e-03
-1.088867187500000000e-01 -9.399296324389183610e-03
-1.086425781250000000e-01 -9.331467005978311136e-03
-1.083984375000000000e-01 -9.265540782365633277e-03
-1.081542968750000000e-01 -9.201731351197395270e-03
-1.079101562500000000e-01 -9.140247617551722215e-03
-1.076660156250000000e-01 -9.081293227623632447e-03
-1.074218750000000000e-01 -9.025066113238722210e-03
-1.071777343750000000e-01 -8.971758048360811699e-03
-1.069335937500000000e-01 -8.921554218275673520e-03
-1.066894531250000000e-01 -8.874632802445603375e-03
-1.064453125000000000e-01 -8.831164571901695126e-03
-1.062011718750000000e-01 -8.791312502026471520e-03
-1.059570312500000000e-01 -8.755231401465835006e-03
-1.057128906250000000e-01 -8.723067558065622507e-03
-1.054687500000000000e-01 -8.694958402372776618e-03
-1.052246093750000000e-01 -8.671032189653260502e-03
-1.049804687500000000e-01 -8.651407700867252970e-03
-1.047363281250000000e-01 -8.636193963354799052e-03
-1.044921875000000000e-01 -8.625489991757717689e-03
-1.042480468750000000e-01 -8.619384549774622428e-03
-1.040039062500000000e-01 -8.617955933218013342e-03
-1.037597656250000000e-01 -8.621271774842398372e-03
-1.035156250000000000e-01 -8.629388871298715458e-03
-1.032714843750000000e-01 -8.642353032684013669e-03
-1.030273437500000000e-01 -8.660198955027453849e-03
-1.027832031250000000e-01 -8.682950115769472177e-03
-1.025390625000000000e-01 -8.710618692759908299e-03
-1.022949218750000000e-01 -8.743205506846152275e-03
-1.020507812500000000e-01 -8.780699987980256083e-03
-1.018066406250000000e-01 -8.823080165313967882e-03
-1.015625000000000000e-01 -8.870312681054315362e-03
-1.013183593750000000e-01 -8.922352828108159883e-03
-1.010742187500000000e-01 -8.979144611572564827e-03
-1.008300781250000000e-01 -9.040620833829393632e-03
-1.005859375000000000e-01 -9.106703203144661529e-03
-1.003417968750000000e-01 -9.177302465616321570e-03
-1.000976562500000000e-01 -9.252318560257322133e-03
-9.985351562500000000e-02 -9.331640796631290868e-03
-9.960937500000000000e-02 -9.415148055182953613e-03
-9.936523437500000000e-02 -9.502709009424847864e-03
-9.912109375000000000e-02 -9.594182369809800548e-03
-9.887695312500000000e-02 -9.689417148763368459e-03
-9.863281250000000000e-02 -9.788252946293596324e-03
-9.838867187500000000e-02 -9.890520255694923435e-03
-9.814453125000000000e-02 -9.996040788678328681e-03
-9.790039062500000000e-02 -1.010462781934506893e-02
-9.765625000000000000e-02 -1.021608654635031144e-02
-9.741210937500000000e-02 -1.033021447229032219e-02
-9.716796875000000000e-02 -1.044680180004320391e-02
-9.692382812500000000e-02 -1.056563184478420681e-02
-9.667968750000000000e-02 -1.068648146107875618e-02
-9.643554687500000000e-02 -1.080912148424317820e-02
-9.619140625000000000e-02 -1.093331718503520733e-02
-9.594726562500000000e-02 -1.105882873663688315e-02
-9.570312500000000000e-02 -1.118541169323350459e-02
-9.545898437500000000e-02 -1.131281747905177326e-02
-9.521484375000000000e-02 -1.144079388693342025e-02
-9.497070312500000000e-02 -1.156908558540692411e-02
-9.472656250000000000e-02 -1.169743463331940347e-02
-9.448242187500000000e-02 -1.182558100083497266e-02
-9.423828125000000000e-02 -1.195326309587585456e-02
-9.399414062500000000e-02 -1.208021829495464772e-02
-9.375000000000000000e-02 -1.220618347721824648e-02
-9.350585937500000000e-02 -1.233089556062338943e-02
-9.326171875000000000e-02 -1.245409203922065444e-02
-9.301757812500000000e-02 -1.257551152050950805e-02
-9.277343750000000000e-02 -1.269489426159964296e-02
-9.252929687500000000e-02 -1.281198270307015719e-02
-9.228515625000000000e-02 -1.292652199981603189e-02
-9.204101562500000000e-02 -1.303826054717660554e-02
-9.179687500000000000e-02 -1.314695050189129688e-02
-9.155273437500000000e-02 -1.325234829626253941e-02
-9.130859375000000000e-02 -1.335421514492907136e-02
-9.106445312500000000e-02 -1.345231754292797177e-02
-9.082031250000000000e-02 -1.354642775399383936e-02
-9.057617187500000000e-02 -1.363632428839878230e-02
-9.033203125000000000e-02 -1.372179236891213350e-02
-9.008789062500000000e-02 -1.380262438426882454e-02
-8.984375000000000000e-02 -1.387862032900955001e-02
-8.959960937500000000e-02 -1.394958822888270333e-02
-8.935546875000000000e-02 -1.401534455079911368e-02
-8.911132812500000000e-02 -1.407571459661483004e-02
-8.886718750000000000e-02 -1.413053287988930151e-02
-8.862304687500000000e-02 -1.417964348475209135e-02
-8.837890625000000000e-02 -1.422290040616758233e-02
-8.813476562500000000e-02 -1.426016787098660643e-02
-8.789062500000000000e-02 -1.429132063888971516e-02
-8.764648437500000000e-02 -1.431624428279576478e-02
-8.740234375000000000e-02 -1.433483544801106291e-02
-8.715820312500000000e-02 -1.434700208963590740e-02
-8.691406250000000000e-02 -1.435266368764587241e-02
-8.666992187500000000e-02 -1.435175143930678132e-02
-8.642578125000000000e-02 -1.434420842839756460e-02
-8.618164062500000000e-02 -1.432998977082888814e-02
-8.593750000000000000e-02 -1.430906273660070838e-02
-8.569335937500000000e-02 -1.428140684740242250e-02
-8.544921875000000000e-02 -1.424701395009719818e-02
-8.520507812500000000e-02 -1.420588826550783779e-02
-8.496093750000000000e-02 -1.415804641270312914e-02
-8.471679687500000000e-02 -1.410351740844362212e-02
-8.447265625000000000e-02 -1.404234264201420501e-02
-8.422851562500000000e-02 -1.397457582523031761e-02
-8.398437500000000000e-02 -1.390028291790201820e-02
-8.374023437500000000e-02 -1.381954202875590454e-02
-8.349609375000000000e-02 -1.373244329209910575e-02
-8.325195312500000000e-02 -1.363908872022534524e-02
-8.300781250000000000e-02 -1.353959203225940655e-02
-8.276367187500000000e-02 -1.343407845926947175e-02
-8.251953125000000000e-02 -1.332268452642892953e-02
-8.227539062500000000e-02 -1.320555781244081572e-02
-8.203125000000000000e-02 -1.308285668670805535e-02
-8.178710937500000000e-02 -1.295475002487478378e-02
-8.154296875000000000e-02 -1.282141690310822923e-02
-8.129882812500000000e-02 -1.268304627198801882e-02
-8.105468750000000000e-02 -1.253983661030133590e-02
-8.081054687500000000e-02 -1.239199555982395395e-02
-8.056640625000000000e-02 -1.223973954142820730e-02
-8.032226562500000000e-02 -1.208329335355529111e-02
-8.007812500000000000e-02 -1.192288975377664428e-02
-7.983398437500000000e-02 -1.175876902402706037e-02
-7.958984375000000000e-02 -1.159117852093061174e-02
-7.934570312500000000e-02 -1.142037221148939352e-02
-7.910156250000000000e-02 -1.124661019542827489e-02
-7.885742187500000000e-02 -1.107015821511936338e-02
-7.861328125000000000e-02 -1.089128715393883340e-02
-7.836914062500000000e-02 -1.071027252403666807e-02
-7.812500000000000000e-02 -1.052739394476986945e-02
-7.788085937500000000e-02 -1.034293461252389079e-02
-7.763671875000000000e-02 -1.015718076322968955e-02
-7.739257812500000000e-02 -9.970421128514317388e-03
-7.714843750000000000e-02 -9.782946386465596333e-03
-7.690429687500000000e-02 -9.595048608474598950e-03
-7.666015625000000000e-02 -9.407020702766999420e-03
-7.641601562500000000e-02 -9.219155856101224344e-03
-7.617187500000000000e-02 -9.031746974457632859e-03
-7.592773437500000000e-02 -8.845086124196654964e-03
-7.568359375000000000e-02 -8.659463974325376512e-03
-7.543945312500000000e-02 -8.475169241350499760e-03
-7.519531250000000000e-02 -8.292488137641385038e-03
-7.495117187500000000e-02 -8.111703824440041899e-03
-7.470703125000000000e-02 -7.933095870527040461e-03
-7.446289062500000000e-02 -7.756939717793898126e-03
-7.421875000000000000e-02 -7.583506154531960419e-03
-7.397460937500000000e-02 -7.413060797659909440e-03
-7.373046875000000000e-02 -7.245863584813605485e-03
-7.348632812500000000e-02 -7.082168277406708512e-03
-7.324218750000000000e-02 -6.922221975429465601e-03
-7.299804687500000000e-02 -6.766264645207797912e-03
-7.275390625000000000e-02 -6.614528660819019024e-03
-7.250976562500000000e-02 -6.467238360229998761e-03
-7.226562500000000000e-02 -6.324609616882526097e-03
-7.202148437500000000e-02 -6.186849427749052666e-03
-7.177734375000000000e-02 -6.054155518427251081e-03
-7.153320312500000000e-02 -5.926715966282358750e-03
-7.128906250000000000e-02 -5.804708842219952203e-03
-7.104492187500000000e-02 -5.688301871828116418e-03
-7.080078125000000000e-02 -5.577652116627973555e-03
-7.055664062500000000e-02 -5.472905675901529321e-03
-7.031250000000000000e-02 -5.374197409778957990e-03
-7.006835937500000000e-02 -5.281650684210603686e-03
-6.982421875000000000e-02 -5.195377138079493307e-03
-6.958007812500000000e-02 -5.115476473122271273e-03
-6.933593750000000000e-02 -5.042036266985405746e-03
-6.909179687500000000e-02 -4.975131809771937696e-03
-6.884765625000000000e-02 -4.914825964462465890e-03
-6.860351562500000000e-02 -4.861169051324054635e-03
-6.835937500000000000e-02 -4.814198756704968218e-03
-6.811523437500000000e-02 -4.773940066357340584e-03
-6.787109375000000000e-02 -4.740405223259358536e-03
-6.762695312500000000e-02 -4.713593710278018989e-03
-6.738281250000000000e-02 -4.693492257416664870e-03
-6.713867187500000000e-02 -4.680074873903095067e-03
-6.689453125000000000e-02 -4.673302904819820469e-03
-6.665039062500000000e-02 -4.673125112361731226e-03
-6.640625000000000000e-02 -4.679477781380114720e-03
-6.616210937500000000e-02 -4.692284849141969971e-03
-6.591796875000000000e-02 -4.711458058991979669e-03
-6.567382812500000000e-02 -4.736897137604501040e-03
-6.542968750000000000e-02 -4.768489995470304166e-03
-6.518554687500000000e-02 -4.806112950333840672e-03
-6.494140625000000000e-02 -4.849630972927343464e-03
-6.469726562500000000e-02 -4.898897954788594689e-03
-6.445312500000000000e-02 -4.953756997309710641e-03
-6.420898437500000000e-02 -5.014040721817991653e-03
-6.396484375000000000e-02 -5.079571599793553105e-03
-6.372070312500000000e-02 -5.150162302712146811e-03
-6.347656250000000000e-02 -5.225616070731575746e-03
-6.323242187500000000e-02 -5.305727099639057087e-03
-6.298828125000000000e-02 -5.390280945206882279e-03
-6.274414062500000000e-02 -5.479054944046879427e-03
-6.250000000000000000e-02 -5.571818650480508950e-03
-6.225585937500000000e-02 -5.668334288188248138e-03
-6.201171875000000000e-02 -5.768357215913511027e-03
-6.176757812500000000e-02 -5.871636406396874008e-03
-6.152343750000000000e-02 -5.977914937432160514e-03
-6.127929687500000000e-02 -6.086930494149100923e-03
-6.103515625000000000e-02 -6.198415881598862143e-03
-6.079101562500000000e-02 -6.312099546505578473e-03
-6.054687500000000000e-02 -6.427706107245967360e-03
-6.030273437500000000e-02 -6.544956890977005060e-03
-6.005859375000000000e-02 -6.663570476874269843e-03
-5.981445312500000000e-02 -6.783263244415138615e-03
-5.957031250000000000e-02 -6.903749925569968582e-03
-5.932617187500000000e-02 -7.024744159906504137e-03
-5.908203125000000000e-02 -7.145959051413797170e-03
-5.883789062500000000e-02 -7.267107725979826682e-03
-5.859375000000000000e-02 -7.387903888499636196e-03
-5.834960937500000000e-02 -7.508062378349222854e-03
-5.810546875000000000e-02 -7.627299722344105248e-03
-5.786132812500000000e-02 -7.745334683875171322e-03
-5.761718750000000000e-02 -7.861888807298100801e-03
-5.737304687500000000e-02 -7.976686956311596077e-03
-5.712890625000000000e-02 -8.089457845599667962e-03
-5.688476562500000000e-02 -8.199934564288469119e-03
-5.664062500000000000e-02 -8.307855090421867317e-03
-5.639648437500000000e-02 -8.412962795404155258e-03
-5.615234375000000000e-02 -8.515006937372504581e-03
-5.590820312500000000e-02 -8.613743142575458478e-03
-5.566406250000000000e-02 -8.708933873720070551e-03
-5.541992187500000000e-02 -8.800348884477671163e-03
-5.517578125000000000e-02 -8.887765659125079765e-03
-5.493164062500000000e-02 -8.970969836639142159e-03
-5.468750000000000000e-02 -9.049755618192989459e-03
-5.444335937500000000e-02 -9.123926157343476007e-03
-5.419921875000000000e-02 -9.193293932241886068e-03
-5.395507812500000000e-02 -9.257681098986836332e-03
-5.371093750000000000e-02 -9.316919825522518295e-03
-5.346679687500000000e-02 -9.370852605343316100e-03
-5.322265625000000000e-02 -9.419332550493209055e-03
-5.297851562500000000e-02 -9.462223663277313790e-03
-5.273437500000000000e-02 -9.499401086003445016e-03
-5.249023437500000000e-02 -9.530751328554742940e-03
-5.224609375000000000e-02 -9.556172473054402872e-03
-5.200195312500000000e-02 -9.575574355494609335e-03
-5.175781250000000000e-02 -9.588878723747029653e-03
-5.151367187500000000e-02 -9.596019371940656129e-03
-5.126953125000000000e-02 -9.596942250595930091e-03
-5.102539062500000000e-02 -9.591605552742521468e-03
-5.078125000000000000e-02 -9.579979775466540559e-03
-5.053710937500000000e-02 -9.562047757100344825e-03
-5.029296875000000000e-02 -9.537804689827567017e-03
-5.004882812500000000e-02 -9.507258107760208077e-03
-4.980468750000000000e-02 -9.470427850530427349e-03
-4.956054687500000000e-02 -9.427346002595982100e-03
-4.931640625000000000e-02 -9.378056808117207765e-03
-4.907226562500000000e-02 -9.322616562059238277e-03
-4.882812500000000000e-02 -9.261093477292092757e-03
-4.858398437500000000e-02 -9.193567528356538787e-03
-4.833984375000000000e-02 -9.120130272023629914e-03
-4.809570312500000000e-02 -9.040884645145297327e-03
-4.785156250000000000e-02 -8.955944740094423651e-03
-4.760742187500000000e-02 -8.865435558519152437e-03
-4.736328125000000000e-02 -8.769492743681439606e-03
-4.711914062500000000e-02 -8.668262292118811274e-03
-4.687500000000000000e-02 -8.561900245084075323e-03
-4.663085937500000000e-02 -8.450572360658270554e-03
-4.638671875000000000e-02 -8.334453766934757368e-03
-4.614257812500000000e-02 -8.213728597155522948e-03
-4.589843750000000000e-02 -8.088589607609719678e-03
-4.565429687500000000e-02 -7.959237778948136111e-03
-4.541015625000000000e-02 -7.825881901865727741e-03
-4.516601562500000000e-02 -7.688738147876961193e-03
-4.492187500000000000e-02 -7.548029626263996761e-03
-4.467773437500000000e-02 -7.403985927879830342e-03
-4.443359375000000000e-02 -7.256842656929052282e-03
-4.418945312500000000e-02 -7.106840951635717829e-03
-4.394531250000000000e-02 -6.954226994679402196e-03
-4.370117187500000000e-02 -6.799251514536308605e-03
-4.345703125000000000e-02 -6.642169278762821705e-03
-4.321289062500000000e-02 -6.483238580017314234e-03
-4.296875000000000000e-02 -6.322720716184448975e-03
-4.272460937500000000e-02 -6.160879465426205570e-03
-4.248046875000000000e-02 -5.997980557339133156e-03
-4.223632812500000000e-02 -5.834291141155745208e-03
-4.199218750000000000e-02 -5.670079252354298660e-03
-4.174804687500000000e-02 -5.505613278259602339e-03
-4.150390625000000000e-02 -5.341161424382789846e-03
-4.125976562500000000e-02 -5.176991181784273977e-03
-4.101562500000000000e-02 -5.013368797307293789e-03
-4.077148437500000000e-02 -4.850558747079958266e-03
-4.052734375000000000e-02 -4.688823214834769715e-03
-4.028320312500000000e-02 -4.528421575770380514e-03
-4.003906250000000000e-02 -4.369609887106662427e-03
-3.979492187500000000e-02 -4.212640386384691737e-03
-3.955078125000000000e-02 -4.057760998378512340e-03
-3.930664062500000000e-02 -3.905214851727123460e-03
-3.906250000000000000e-02 -3.755239806096710709e-03
-3.881835937500000000e-02 -3.608067991038410582e-03
-3.857421875000000000e-02 -3.463925357095831714e-03
-3.833007812500000000e-02 -3.323031240427098965e-03
-3.808593750000000000e-02 -3.185597941467221972e-03
-3.784179687500000000e-02 -3.051830318668180553e-03
-3.759765625000000000e-02 -2.921925398084113112e-03
-3.735351562500000000e-02 -2.796071999284777121e-03
-3.710937500000000000e-02 -2.674450378876258583e-03
-3.686523437500000000e-02 -2.557231891600508789e-03
-3.662109375000000000e-02 -2.444578670406372112e-03
-3.637695312500000000e-02 -2.336643325463683141e-03
-3.613281250000000000e-02 -2.233568663086771267e-03
-3.588867187500000000e-02 -2.135487425036330933e-03
-3.564453125000000000e-02 -2.042522048455452932e-03
-3.540039062500000000e-02 -1.954784447292468030e-03
-3.515625000000000000e-02 -1.872375815153759504e-03
-3.491210937500000000e-02 -1.795386450439195869e-03
-3.466796875000000000e-02 -1.723895603547020983e-03
-3.442382812500000000e-02 -1.657971346915587674e-03
-3.417968750000000000e-02 -1.597670467788248061e-03
-3.393554687500000000e-02 -1.543038384028250221e-03
-3.369140625000000000e-02 -1.494109083083117184e-03
-3.344726562500000000e-02 -1.450905084212195106e-03
-3.320312500000000000e-02 -1.413437423948948890e-03
-3.295898437500000000e-02 -1.381705664840637837e-03
-3.271484375000000000e-02 -1.355697927465371322e-03
-3.247070312500000000e-02 -1.335390945570225085e-03
-3.222656250000000000e-02 -1.320750144017779348e-03
-3.198242187500000000e-02 -1.311729739853717547e-03
-3.173828125000000000e-02 -1.308272865557569276e-03
-3.149414062500000000e-02 -1.310311714803447103e-03
-3.125000000000000000e-02 -1.317767710077077936e-03
-3.100585937500000000e-02 -1.330551691893333555e-03
-3.076171875000000000e-02 -1.348564129187934668e-03
-3.051757812500000000e-02 -1.371695350314894313e-03
-3.027343750000000000e-02 -1.399825794436537763e-03
-3.002929687500000000e-02 -1.432826282439236820e-03
-2.978515625000000000e-02 -1.470558306991165409e-03
-2.954101562500000000e-02 -1.512874341131009714e-03
-2.929687500000000000e-02 -1.559618164662879281e-03
-2.905273437500000000e-02 -1.610625207732141462e-03
-2.880859375000000000e-02 -1.665722910814793067e-03
-2.856445312500000000e-02 -1.724731100352983049e-03
-2.832031250000000000e-02 -1.787462379411408619e-03
-2.807617187500000000e-02 -1.853722532345614127e-03
-2.783203125000000000e-02 -1.923310942672173951e-03
-2.758789062500000000e-02 -1.996021023444427556e-03
-2.734375000000000000e-02 -2.071640659053741729e-03
-2.709960937500000000e-02 -2.149952657589437877e-03
-2.685546875000000000e-02 -2.230735212876311380e-03
-2.661132812500000000e-02 -2.313762375266037452e-03
-2.636718750000000000e-02 -2.398804529974540856e-03
-2.612304687500000000e-02 -2.485628882340051860e-03
-2.587890625000000000e-02 -2.573999948722871522e-03
-2.563476562500000000e-02 -2.663680052123140740e-03
-2.539062500000000000e-02 -2.754429821521853228e-03
-2.514648437500000000e-02 -2.846008693936141754e-03
-2.490234375000000000e-02 -2.938175418037758391e-03
-2.465820312500000000e-02 -3.030688558453675796e-03
-2.441406250000000000e-02 -3.123306999555097718e-03
-2.416992187500000000e-02 -3.215790447939070873e-03
-2.392578125000000000e-02 -3.307899932238456131e-03
-2.368164062500000000e-02 -3.399398299521294575e-03
-2.343750000000000000e-02 -3.490050707071645775e-03
-2.319335937500000000e-02 -3.579625108784512122e-03
-2.294921875000000000e-02 -3.667892734824818035e-03
-2.270507812500000000e-02 -3.754628563854112144e-03
-2.246093750000000000e-02 -3.839611786816021777e-03
-2.221679687500000000e-02 -3.922626261143591364e-03
-2.197265625000000000e-02 -4.003460954720594600e-03
-2.172851562500000000e-02 -4.081910378516795390e-03
-2.148437500000000000e-02 -4.157775007030295455e-03
-2.124023437500000000e-02 -4.230861685769582436e-03
-2.099609375000000000e-02 -4.300984024823151231e-03
-2.075195312500000000e-02 -4.367962777806155827e-03
-2.050781250000000000e-02 -4.431626205416705488e-03
-2.026367187500000000e-02 -4.491810422692310567e-03
-2.001953125000000000e-02 -4.548359729596995749e-03
-1.977539062500000000e-02 -4.601126923873266605e-03
-1.953125000000000000e-02 -4.649973595832079809e-03
-1.928710937500000000e-02 -4.694770404341852554e-03
-1.904296875000000000e-02 -4.735397333504920425e-03
-1.879882812500000000e-02 -4.771743929467220369e-03
-1.855468750000000000e-02 -4.803709516906451427e-03
-1.831054687500000000e-02 -4.831203394857652711e-03
-1.806640625000000000e-02 -4.854145011265131870e-03
-1.782226562500000000e-02 -4.872464116189689776e-03
-1.757812500000000000e-02 -4.886100893145339796e-03
-1.733398437500000000e-02 -4.895006068494467399e-03
-1.708984375000000000e-02 -4.899140998503526134e-03
-1.684570312500000000e-02 -4.898477734116113425e-03
-1.660156250000000000e-02 -4.892999063116576508e-03
-1.635742187500000000e-02 -4.882698529797835363e-03
-1.611328125000000000e-02 -4.867580431962892362e-03
-1.586914062500000000e-02 -4.847659795473191480e-03
-1.562500000000000000e-02 -4.822962326173296788e-03
-1.538085937500000000e-02 -4.793524339504529053e-03
-1.513671875000000000e-02 -4.759392668020723249e-03
-1.489257812500000000e-02 -4.720624546735052718e-03
-1.464843750000000000e-02 -4.677287476894775864e-03
-1.440429687500000000e-02 -4.629459068283381384e-03
-1.416015625000000000e-02 -4.577226860448035950e-03
-1.391601562500000000e-02 -4.520688123307081696e-03
-1.367187500000000000e-02 -4.459949637478644036e-03
-1.342773437500000000e-02 -4.395127454927205690e-03
-1.318359375000000000e-02 -4.326346640240785746e-03
-1.293945312500000000e-02 -4.253740993448218433e-03
-1.269531250000000000e-02 -4.177452754547061886e-03
-1.245117187500000000e-02 -4.097632290751107575e-03
-1.220703125000000000e-02 -4.014437766912237748e-03
-1.196289062500000000e-02 -3.928034799912438757e-03
-1.171875000000000000e-02 -3.838596097637037019e-03
-1.147460937500000000e-02 -3.746301083580760860e-03
-1.123046875000000000e-02 -3.651335507584008155e-03
-1.098632812500000000e-02 -3.553891043637236180e-03
-1.074218750000000000e-02 -3.454164875606124951e-03
-1.049804687500000000e-02 -3.352359271957539022e-03
-1.025390625000000000e-02 -3.248681149869980800e-03
-1.000976562500000000e-02 -3.143341630305940271e-03
-9.765625000000000000e-03 -3.036555584387201634e-03
-9.521484375000000000e-03 -2.928541172479981469e-03
-9.277343750000000000e-03 -2.819519376714652026e-03
-9.033203125000000000e-03 -2.709713527863755189e-03
-8.789062500000000000e-03 -2.599348827985181742e-03
-8.544921875000000000e-03 -2.488651869214209000e-03
-8.300781250000000000e-03 -2.377850150267590834e-03
-8.056640625000000000e-03 -2.267171591327610258e-03
-7.812500000000000000e-03 -2.156844048442962958e-03
-7.568359375000000000e-03 -2.047094828526496713e-03
-7.324218750000000000e-03 -1.938150205802458004e-03
-7.080078125000000000e-03 -1.830234940882746741e-03
-6.835937500000000000e-03 -1.723571803225354415e-03
-6.591796875000000000e-03 -1.618381098353438574e-03
-6.347656250000000000e-03 -1.514880200446100389e-03
-6.103515625000000000e-03 -1.413283091395101110e-03
-5.859375000000000000e-03 -1.313799907464385797e-03
-5.615234375000000000e-03 -1.216636494191902784e-03
-5.371093750000000000e-03 -1.121993970627954695e-03
-5.126953125000000000e-03 -1.030068303847997413e-03
-4.882812500000000000e-03 -9.410498945072731658e-04
-4.638671875000000000e-03 -8.551231743183507206e-04
-4.394531250000000000e-03 -7.724662163610673815e-04
-4.150390625000000000e-03 -6.932503589780480979e-04
-3.906250000000000000e-03 -6.176398439805552698e-04
-3.662109375000000000e-03 -5.457914699320554064e-04
-3.417968750000000000e-03 -4.778542614189973392e-04
-3.173828125000000000e-03 -4.139691545788082294e-04
-2.929687500000000000e-03 -3.542686999793431823e-04
-2.685546875000000000e-03 -2.988767831482164183e-04
-2.441406250000000000e-03 -2.479083634341350262e-04
-2.197265625000000000e-03 -2.014692318397237614e-04
-1.953125000000000000e-03 -1.596557880532145646e-04
-1.708984375000000000e-03 -1.225548374179652455e-04
-1.464843750000000000e-03 -9.024340819507870037e-05
-1.220703125000000000e-03 -6.278858924702035438e-05
-9.765625000000000000e-04 -4.024738885277656664e-05
-7.324218750000000000e-04 -2.266661468297570536e-05
-4.882812500000000000e-04 -1.008277529024326213e-05
-2.441406250000000000e-04 -2.522003214266987925e-06
0.000000000000000000e+00 0.000000000000000000e+00
2.441406250000000000e-04 -2.522003214266987925e-06
4.882812500000000000e-04 -1.008277529024326213e-05
7.324218750000000000e-04 -2.266661468297570536e-05
9.765625000000000000e-04 -4.024738885277656664e-05
1.220703125000000000e-03 -6.278858924702035438e-05
1.464843750000000000e-03 -9.024340819507870037e-05
1.708984375000000000e-03 -1.225548374179652455e-04
1.953125000000000000e-03 -1.596557880532145646e-04
2.197265625000000000e-03 -2.014692318397237614e-04
2.441406250000000000e-03 -2.479083634341350262e-04
2.685546875000000000e-03 -2.988767831340055636e-04
2.929687500000000000e-03 -3.542686999793431823e-04
3.173828125000000000e-03 -4.139691545788082294e-04
3.417968750000000000e-03 -4.778542614189973392e-04
3.662109375000000000e-03 -5.457914699320554064e-04
3.906250000000000000e-03 -6.176398439805552698e-04
4.150390625000000000e-03 -6.932503589780480979e-04
4.394531250000000000e-03 -7.724662163610673815e-04
4.638671875000000000e-03 -8.551231743183507206e-04
4.882812500000000000e-03 -9.410498945072731658e-04
5.126953125000000000e-03 -1.030068303847997413e-03
5.371093750000000000e-03 -1.121993970627954695e-03
5.615234375000000000e-03 -1.216636494191902784e-03
5.859375000000000000e-03 -1.313799907464385797e-03
6.103515625000000000e-03 -1.413283091395101110e-03
6.347656250000000000e-03 -1.514880200446100389e-03
6.591796875000000000e-03 -1.618381098353438574e-03
6.835937500000000000e-03 -1.723571803225354415e-03
7.080078125000000000e-03 -1.830234940882746741e-03
7.324218750000000000e-03 -1.938150205802458004e-03
7.568359375000000000e-03 -2.047094828526496713e-03
7.812500000000000000e-03 -2.156844048442962958e-03
8.056640625000000000e-03 -2.267171591327610258e-03
8.300781250000000000e-03 -2.377850150267590834e-03
8.544921875000000000e-03 -2.488651869214209000e-03
8.789062500000000000e-03 -2.599348827985181742e-03
9.033203125000000000e-03 -2.709713527863755189e-03
9.277343750000000000e-03 -2.819519376700441171e-03
9.521484375000000000e-03 -2.928541172479981469e-03
9.765625000000000000e-03 -3.036555584387201634e-03
1.000976562500000000e-02 -3.143341630305940271e-03
1.025390625000000000e-02 -3.248681149869980800e-03
1.049804687500000000e-02 -3.352359271957539022e-03
1.074218750000000000e-02 -3.454164875606124951e-03
1.098632812500000000e-02 -3.553891043623025325e-03
1.123046875000000000e-02 -3.651335507584008155e-03
1.147460937500000000e-02 -3.746301083580760860e-03
1.171875000000000000e-02 -3.838596097637037019e-03
1.196289062500000000e-02 -3.928034799912438757e-03
1.220703125000000000e-02 -4.014437766912237748e-03
1.245117187500000000e-02 -4.097632290751107575e-03
1.269531250000000000e-02 -4.177452754547061886e-03
1.293945312500000000e-02 -4.253740993448218433e-03
1.318359375000000000e-02 -4.326346640240785746e-03
1.342773437500000000e-02 -4.395127454927205690e-03
1.367187500000000000e-02 -4.459949637478644036e-03
1.391601562500000000e-02 -4.520688123307081696e-03
1.416015625000000000e-02 -4.577226860448035950e-03
1.440429687500000000e-02 -4.629459068283381384e-03
1.464843750000000000e-02 -4.677287476894775864e-03
1.489257812500000000e-02 -4.720624546735052718e-03
1.513671875000000000e-02 -4.759392668020723249e-03
1.538085937500000000e-02 -4.793524339504529053e-03
1.562500000000000000e-02 -4.822962326173296788e-03
1.586914062500000000e-02 -4.847659795473191480e-03
1.611328125000000000e-02 -4.867580431962892362e-03
1.635742187500000000e-02 -4.882698529797835363e-03
1.660156250000000000e-02 -4.892999063116576508e-03
1.684570312500000000e-02 -4.898477734116113425e-03
1.708984375000000000e-02 -4.899140998503526134e-03
1.733398437500000000e-02 -4.895006068494467399e-03
1.757812500000000000e-02 -4.886100893145339796e-03
1.782226562500000000e-02 -4.872464116189689776e-03
1.806640625000000000e-02 -4.854145011265131870e-03
1.831054687500000000e-02 -4.831203394857652711e-03
1.855468750000000000e-02 -4.803709516906451427e-03
1.879882812500000000e-02 -4.771743929467220369e-03
1.904296875000000000e-02 -4.735397333504920425e-03
1.928710937500000000e-02 -4.694770404341852554e-03
1.953125000000000000e-02 -4.649973595832079809e-03
1.977539062500000000e-02 -4.601126923873266605e-03
2.001953125000000000e-02 -4.548359729596995749e-03
2.026367187500000000e-02 -4.491810422692310567e-03
2.050781250000000000e-02 -4.431626205416705488e-03
2.075195312500000000e-02 -4.367962777806155827e-03
2.099609375000000000e-02 -4.300984024823151231e-03
2.124023437500000000e-02 -4.230861685769582436e-03
2.148437500000000000e-02 -4.157775007030295455e-03
2.172851562500000000e-02 -4.081910378516795390e-03
2.197265625000000000e-02 -4.003460954734805455e-03
2.221679687500000000e-02 -3.922626261143591364e-03
2.246093750000000000e-02 -3.839611786816021777e-03
2.270507812500000000e-02 -3.754628563854112144e-03
2.294921875000000000e-02 -3.667892734824818035e-03
2.319335937500000000e-02 -3.579625108784512122e-03
2.343750000000000000e-02 -3.490050707071645775e-03
2.368164062500000000e-02 -3.399398299521294575e-03
2.392578125000000000e-02 -3.307899932238456131e-03
2.416992187500000000e-02 -3.215790447939070873e-03
2.441406250000000000e-02 -3.123306999555097718e-03
2.465820312500000000e-02 -3.030688558439464941e-03
2.490234375000000000e-02 -2.938175418037758391e-03
2.514648437500000000e-02 -2.846008693936141754e-03
2.539062500000000000e-02 -2.754429821521853228e-03
2.563476562500000000e-02 -2.663680052123140740e-03
2.587890625000000000e-02 -2.573999948722871522e-03
2.612304687500000000e-02 -2.485628882340051860e-03
2.636718750000000000e-02 -2.398804529974540856e-03
2.661132812500000000e-02 -2.313762375266037452e-03
2.685546875000000000e-02 -2.230735212876311380e-03
2.709960937500000000e-02 -2.149952657589437877e-03
2.734375000000000000e-02 -2.071640659053741729e-03
2.758789062500000000e-02 -1.996021023444427556e-03
2.783203125000000000e-02 -1.923310942672173951e-03
2.807617187500000000e-02 -1.853722532345614127e-03
2.832031250000000000e-02 -1.787462379411408619e-03
2.856445312500000000e-02 -1.724731100352983049e-03
2.880859375000000000e-02 -1.665722910814793067e-03
2.905273437500000000e-02 -1.610625207732141462e-03
2.929687500000000000e-02 -1.559618164662879281e-03
2.954101562500000000e-02 -1.512874341131009714e-03
2.978515625000000000e-02 -1.470558306976954555e-03
3.002929687500000000e-02 -1.432826282439236820e-03
3.027343750000000000e-02 -1.399825794436537763e-03
3.051757812500000000e-02 -1.371695350314894313e-03
3.076171875000000000e-02 -1.348564129187934668e-03
3.100585937500000000e-02 -1.330551691893333555e-03
3.125000000000000000e-02 -1.317767710077077936e-03
3.149414062500000000e-02 -1.310311714803447103e-03
3.173828125000000000e-02 -1.308272865557569276e-03
3.198242187500000000e-02 -1.311729739853717547e-03
3.222656250000000000e-02 -1.320750144017779348e-03
3.247070312500000000e-02 -1.335390945570225085e-03
3.271484375000000000e-02 -1.355697927465371322e-03
3.295898437500000000e-02 -1.381705664840637837e-03
3.320312500000000000e-02 -1.413437423948948890e-03
3.344726562500000000e-02 -1.450905084226405961e-03
3.369140625000000000e-02 -1.494109083097328039e-03
3.393554687500000000e-02 -1.543038384028250221e-03
3.417968750000000000e-02 -1.597670467788248061e-03
3.442382812500000000e-02 -1.657971346915587674e-03
3.466796875000000000e-02 -1.723895603547020983e-03
3.491210937500000000e-02 -1.795386450439195869e-03
3.515625000000000000e-02 -1.872375815167970359e-03
3.540039062500000000e-02 -1.954784447292468030e-03
3.564453125000000000e-02 -2.042522048455452932e-03
3.588867187500000000e-02 -2.135487425036330933e-03
3.613281250000000000e-02 -2.233568663086771267e-03
3.637695312500000000e-02 -2.336643325463683141e-03
3.662109375000000000e-02 -2.444578670406372112e-03
3.686523437500000000e-02 -2.557231891600508789e-03
3.710937500000000000e-02 -2.674450378876258583e-03
3.735351562500000000e-02 -2.796071999284777121e-03
3.759765625000000000e-02 -2.921925398084113112e-03
3.784179687500000000e-02 -3.051830318668180553e-03
3.808593750000000000e-02 -3.185597941467221972e-03
3.833007812500000000e-02 -3.323031240427098965e-03
3.857421875000000000e-02 -3.463925357095831714e-03
3.881835937500000000e-02 -3.608067991038410582e-03
3.906250000000000000e-02 -3.755239806096710709e-03
3.930664062500000000e-02 -3.905214851727123460e-03
3.955078125000000000e-02 -4.057760998378512340e-03
3.979492187500000000e-02 -4.212640386384691737e-03
4.003906250000000000e-02 -4.369609887106662427e-03
4.028320312500000000e-02 -4.528421575770380514e-03
4.052734375000000000e-02 -4.688823214834769715e-03
4.077148437500000000e-02 -4.850558747079958266e-03
4.101562500000000000e-02 -5.013368797307293789e-03
4.125976562500000000e-02 -5.176991181784273977e-03
4.150390625000000000e-02 -5.341161424382789846e-03
4.174804687500000000e-02 -5.505613278259602339e-03
4.199218750000000000e-02 -5.670079252354298660e-03
4.223632812500000000e-02 -5.834291141155745208e-03
4.248046875000000000e-02 -5.997980557339133156e-03
4.272460937500000000e-02 -6.160879465426205570e-03
4.296875000000000000e-02 -6.322720716184448975e-03
4.321289062500000000e-02 -6.483238580017314234e-03
4.345703125000000000e-02 -6.642169278762821705e-03
4.370117187500000000e-02 -6.799251514536308605e-03
4.394531250000000000e-02 -6.954226994665191341e-03
4.418945312500000000e-02 -7.106840951635717829e-03
4.443359375000000000e-02 -7.256842656929052282e-03
4.467773437500000000e-02 -7.403985927879830342e-03
4.492187500000000000e-02 -7.548029626263996761e-03
4.516601562500000000e-02 -7.688738147876961193e-03
4.541015625000000000e-02 -7.825881901865727741e-03
4.565429687500000000e-02 -7.959237778948136111e-03
4.589843750000000000e-02 -8.088589607609719678e-03
4.614257812500000000e-02 -8.213728597155522948e-03
4.638671875000000000e-02 -8.334453766934757368e-03
4.663085937500000000e-02 -8.450572360658270554e-03
4.687500000000000000e-02 -8.561900245084075323e-03
4.711914062500000000e-02 -8.668262292118811274e-03
4.736328125000000000e-02 -8.769492743681439606e-03
4.760742187500000000e-02 -8.865435558519152437e-03
4.785156250000000000e-02 -8.955944740094423651e-03
4.809570312500000000e-02 -9.040884645145297327e-03
4.833984375000000000e-02 -9.120130272023629914e-03
4.858398437500000000e-02 -9.193567528342327932e-03
4.882812500000000000e-02 -9.261093477292092757e-03
4.907226562500000000e-02 -9.322616562059238277e-03
4.931640625000000000e-02 -9.378056808117207765e-03
4.956054687500000000e-02 -9.427346002581771245e-03
4.980468750000000000e-02 -9.470427850530427349e-03
5.004882812500000000e-02 -9.507258107760208077e-03
5.029296875000000000e-02 -9.537804689827567017e-03
5.053710937500000000e-02 -9.562047757100344825e-03
5.078125000000000000e-02 -9.579979775466540559e-03
5.102539062500000000e-02 -9.591605552742521468e-03
5.126953125000000000e-02 -9.596942250595930091e-03
5.151367187500000000e-02 -9.596019371926445274e-03
5.175781250000000000e-02 -9.588878723747029653e-03
5.200195312500000000e-02 -9.575574355494609335e-03
5.224609375000000000e-02 -9.556172473054402872e-03
5.249023437500000000e-02 -9.530751328554742940e-03
5.273437500000000000e-02 -9.499401086003445016e-03
5.297851562500000000e-02 -9.462223663277313790e-03
5.322265625000000000e-02 -9.419332550493209055e-03
5.346679687500000000e-02 -9.370852605343316100e-03
5.371093750000000000e-02 -9.316919825522518295e-03
5.395507812500000000e-02 -9.257681098986836332e-03
5.419921875000000000e-02 -9.193293932241886068e-03
5.444335937500000000e-02 -9.123926157343476007e-03
5.468750000000000000e-02 -9.049755618192989459e-03
5.493164062500000000e-02 -8.970969836639142159e-03
5.517578125000000000e-02 -8.887765659125079765e-03
5.541992187500000000e-02 -8.800348884477671163e-03
5.566406250000000000e-02 -8.708933873720070551e-03
5.590820312500000000e-02 -8.613743142575458478e-03
5.615234375000000000e-02 -8.515006937372504581e-03
5.639648437500000000e-02 -8.412962795404155258e-03
5.664062500000000000e-02 -8.307855090421867317e-03
5.688476562500000000e-02 -8.199934564288469119e-03
5.712890625000000000e-02 -8.089457845599667962e-03
5.737304687500000000e-02 -7.976686956311596077e-03
5.761718750000000000e-02 -7.861888807298100801e-03
5.786132812500000000e-02 -7.745334683875171322e-03
5.810546875000000000e-02 -7.627299722344105248e-03
5.834960937500000000e-02 -7.508062378349222854e-03
5.859375000000000000e-02 -7.387903888499636196e-03
5.883789062500000000e-02 -7.267107725979826682e-03
5.908203125000000000e-02 -7.145959051413797170e-03
5.932617187500000000e-02 -7.024744159906504137e-03
5.957031250000000000e-02 -6.903749925569968582e-03
5.981445312500000000e-02 -6.783263244415138615e-03
6.005859375000000000e-02 -6.663570476874269843e-03
6.030273437500000000e-02 -6.544956890977005060e-03
6.054687500000000000e-02 -6.427706107245967360e-03
6.079101562500000000e-02 -6.312099546519789328e-03
6.103515625000000000e-02 -6.198415881598862143e-03
6.127929687500000000e-02 -6.086930494149100923e-03
6.152343750000000000e-02 -5.977914937432160514e-03
6.176757812500000000e-02 -5.871636406396874008e-03
6.201171875000000000e-02 -5.768357215913511027e-03
6.225585937500000000e-02 -5.668334288188248138e-03
6.250000000000000000e-02 -5.571818650480508950e-03
6.274414062500000000e-02 -5.479054944046879427e-03
6.298828125000000000e-02 -5.390280945206882279e-03
6.323242187500000000e-02 -5.305727099639057087e-03
6.347656250000000000e-02 -5.225616070731575746e-03
6.372070312500000000e-02 -5.150162302712146811e-03
6.396484375000000000e-02 -5.079571599793553105e-03
6.420898437500000000e-02 -5.014040721817991653e-03
6.445312500000000000e-02 -4.953756997309710641e-03
6.469726562500000000e-02 -4.898897954788594689e-03
6.494140625000000000e-02 -4.849630972927343464e-03
6.518554687500000000e-02 -4.806112950319629817e-03
6.542968750000000000e-02 -4.768489995470304166e-03
6.567382812500000000e-02 -4.736897137604501040e-03
6.591796875000000000e-02 -4.711458058991979669e-03
6.616210937500000000e-02 -4.692284849141969971e-03
6.640625000000000000e-02 -4.679477781380114720e-03
6.665039062500000000e-02 -4.673125112361731226e-03
6.689453125000000000e-02 -4.673302904819820469e-03
6.713867187500000000e-02 -4.680074873903095067e-03
6.738281250000000000e-02 -4.693492257416664870e-03
6.762695312500000000e-02 -4.713593710278018989e-03
6.787109375000000000e-02 -4.740405223259358536e-03
6.811523437500000000e-02 -4.773940066357340584e-03
6.835937500000000000e-02 -4.814198756704968218e-03
6.860351562500000000e-02 -4.861169051324054635e-03
6.884765625000000000e-02 -4.914825964462465890e-03
6.909179687500000000e-02 -4.975131809771937696e-03
6.933593750000000000e-02 -5.042036266985405746e-03
6.958007812500000000e-02 -5.115476473122271273e-03
6.982421875000000000e-02 -5.195377138079493307e-03
7.006835937500000000e-02 -5.281650684210603686e-03
7.031250000000000000e-02 -5.374197409778957990e-03
7.055664062500000000e-02 -5.472905675887318466e-03
7.080078125000000000e-02 -5.577652116627973555e-03
7.104492187500000000e-02 -5.688301871828116418e-03
7.128906250000000000e-02 -5.804708842219952203e-03
7.153320312500000000e-02 -5.926715966282358750e-03
7.177734375000000000e-02 -6.054155518427251081e-03
7.202148437500000000e-02 -6.186849427749052666e-03
7.226562500000000000e-02 -6.324609616882526097e-03
7.250976562500000000e-02 -6.467238360229998761e-03
7.275390625000000000e-02 -6.614528660819019024e-03
7.299804687500000000e-02 -6.766264645207797912e-03
7.324218750000000000e-02 -6.922221975429465601e-03
7.348632812500000000e-02 -7.082168277406708512e-03
7.373046875000000000e-02 -7.245863584813605485e-03
7.397460937500000000e-02 -7.413060797659909440e-03
7.421875000000000000e-02 -7.583506154531960419e-03
7.446289062500000000e-02 -7.756939717793898126e-03
7.470703125000000000e-02 -7.933095870527040461e-03
7.495117187500000000e-02 -8.111703824440041899e-03
7.519531250000000000e-02 -8.292488137641385038e-03
7.543945312500000000e-02 -8.475169241350499760e-03
7.568359375000000000e-02 -8.659463974325376512e-03
7.592773437500000000e-02 -8.845086124196654964e-03
7.617187500000000000e-02 -9.031746974457632859e-03
7.641601562500000000e-02 -9.219155856101224344e-03
7.666015625000000000e-02 -9.407020702781210275e-03
7.690429687500000000e-02 -9.595048608474598950e-03
7.714843750000000000e-02 -9.782946386465596333e-03
7.739257812500000000e-02 -9.970421128514317388e-03
7.763671875000000000e-02 -1.015718076322968955e-02
7.788085937500000000e-02 -1.034293461252389079e-02
7.812500000000000000e-02 -1.052739394476986945e-02
7.836914062500000000e-02 -1.071027252403666807e-02
7.861328125000000000e-02 -1.089128715393883340e-02
7.885742187500000000e-02 -1.107015821513357423e-02
7.910156250000000000e-02 -1.124661019542827489e-02
7.934570312500000000e-02 -1.142037221148939352e-02
7.958984375000000000e-02 -1.159117852093061174e-02
7.983398437500000000e-02 -1.175876902402706037e-02
8.007812500000000000e-02 -1.192288975377664428e-02
8.032226562500000000e-02 -1.208329335356950196e-02
8.056640625000000000e-02 -1.223973954142820730e-02
8.081054687500000000e-02 -1.239199555980974310e-02
8.105468750000000000e-02 -1.253983661030133590e-02
8.129882812500000000e-02 -1.268304627198801882e-02
8.154296875000000000e-02 -1.282141690310822923e-02
8.178710937500000000e-02 -1.295475002487478378e-02
8.203125000000000000e-02 -1.308285668670805535e-02
8.227539062500000000e-02 -1.320555781244081572e-02
8.251953125000000000e-02 -1.332268452642892953e-02
8.276367187500000000e-02 -1.343407845926947175e-02
8.300781250000000000e-02 -1.353959203225940655e-02
8.325195312500000000e-02 -1.363908872022534524e-02
8.349609375000000000e-02 -1.373244329209910575e-02
8.374023437500000000e-02 -1.381954202875590454e-02
8.398437500000000000e-02 -1.390028291790201820e-02
8.422851562500000000e-02 -1.397457582523031761e-02
8.447265625000000000e-02 -1.404234264201420501e-02
8.471679687500000000e-02 -1.410351740844362212e-02
8.496093750000000000e-02 -1.415804641270312914e-02
8.520507812500000000e-02 -1.420588826550783779e-02
8.544921875000000000e-02 -1.424701395009719818e-02
8.569335937500000000e-02 -1.428140684740242250e-02
8.593750000000000000e-02 -1.430906273660070838e-02
8.618164062500000000e-02 -1.432998977082888814e-02
8.642578125000000000e-02 -1.434420842839756460e-02
8.666992187500000000e-02 -1.435175143930678132e-02
8.691406250000000000e-02 -1.435266368764587241e-02
8.715820312500000000e-02 -1.434700208963590740e-02
8.740234375000000000e-02 -1.433483544801106291e-02
8.764648437500000000e-02 -1.431624428279576478e-02
8.789062500000000000e-02 -1.429132063888971516e-02
8.813476562500000000e-02 -1.426016787098660643e-02
8.837890625000000000e-02 -1.422290040616758233e-02
8.862304687500000000e-02 -1.417964348475209135e-02
8.886718750000000000e-02 -1.413053287988930151e-02
8.911132812500000000e-02 -1.407571459661483004e-02
8.935546875000000000e-02 -1.401534455079911368e-02
8.959960937500000000e-02 -1.394958822888270333e-02
8.984375000000000000e-02 -1.387862032900955001e-02
9.008789062500000000e-02 -1.380262438426882454e-02
9.033203125000000000e-02 -1.372179236891213350e-02
9.057617187500000000e-02 -1.363632428839878230e-02
9.082031250000000000e-02 -1.354642775399383936e-02
9.106445312500000000e-02 -1.345231754292797177e-02
9.130859375000000000e-02 -1.335421514492907136e-02
9.155273437500000000e-02 -1.325234829626253941e-02
9.179687500000000000e-02 -1.314695050189129688e-02
9.204101562500000000e-02 -1.303826054719081640e-02
9.228515625000000000e-02 -1.292652199981603189e-02
9.252929687500000000e-02 -1.281198270307015719e-02
9.277343750000000000e-02 -1.269489426159964296e-02
9.301757812500000000e-02 -1.257551152050950805e-02
9.326171875000000000e-02 -1.245409203922065444e-02
9.350585937500000000e-02 -1.233089556062338943e-02
9.375000000000000000e-02 -1.220618347721824648e-02
9.399414062500000000e-02 -1.208021829496885857e-02
9.423828125000000000e-02 -1.195326309587585456e-02
9.448242187500000000e-02 -1.182558100083497266e-02
9.472656250000000000e-02 -1.169743463331940347e-02
9.497070312500000000e-02 -1.156908558540692411e-02
9.521484375000000000e-02 -1.144079388693342025e-02
9.545898437500000000e-02 -1.131281747905177326e-02
9.570312500000000000e-02 -1.118541169323350459e-02
9.594726562500000000e-02 -1.105882873663688315e-02
9.619140625000000000e-02 -1.093331718503520733e-02
9.643554687500000000e-02 -1.080912148424317820e-02
9.667968750000000000e-02 -1.068648146107875618e-02
9.692382812500000000e-02 -1.056563184478420681e-02
9.716796875000000000e-02 -1.044680180004320391e-02
9.741210937500000000e-02 -1.033021447229032219e-02
9.765625000000000000e-02 -1.021608654635031144e-02
9.790039062500000000e-02 -1.010462781935927978e-02
9.814453125000000000e-02 -9.996040788678328681e-03
9.838867187500000000e-02 -9.890520255694923435e-03
9.863281250000000000e-02 -9.788252946293596324e-03
9.887695312500000000e-02 -9.689417148763368459e-03
9.912109375000000000e-02 -9.594182369809800548e-03
9.936523437500000000e-02 -9.502709009424847864e-03
9.960937500000000000e-02 -9.415148055182953613e-03
9.985351562500000000e-02 -9.331640796631290868e-03
1.000976562500000000e-01 -9.252318560257322133e-03
1.003417968750000000e-01 -9.177302465616321570e-03
1.005859375000000000e-01 -9.106703203144661529e-03
1.008300781250000000e-01 -9.040620833829393632e-03
1.010742187500000000e-01 -8.979144611572564827e-03
1.013183593750000000e-01 -8.922352828108159883e-03
1.015625000000000000e-01 -8.870312681054315362e-03
1.018066406250000000e-01 -8.823080165313967882e-03
1.020507812500000000e-01 -8.780699987980256083e-03
1.022949218750000000e-01 -8.743205506846152275e-03
1.025390625000000000e-01 -8.710618692759908299e-03
1.027832031250000000e-01 -8.682950115769472177e-03
1.030273437500000000e-01 -8.660198955027453849e-03
1.032714843750000000e-01 -8.642353032684013669e-03
1.035156250000000000e-01 -8.629388871298715458e-03
1.037597656250000000e-01 -8.621271774842398372e-03
1.040039062500000000e-01 -8.617955933232224197e-03
1.042480468750000000e-01 -8.619384549774622428e-03
1.044921875000000000e-01 -8.625489991757717689e-03
1.047363281250000000e-01 -8.636193963354799052e-03
1.049804687500000000e-01 -8.651407700867252970e-03
1.052246093750000000e-01 -8.671032189653260502e-03
1.054687500000000000e-01 -8.694958402372776618e-03
1.057128906250000000e-01 -8.723067558065622507e-03
1.059570312500000000e-01 -8.755231401465835006e-03
1.062011718750000000e-01 -8.791312502026471520e-03
1.064453125000000000e-01 -8.831164571915905981e-03
1.066894531250000000e-01 -8.874632802445603375e-03
1.069335937500000000e-01 -8.921554218275673520e-03
1.071777343750000000e-01 -8.971758048360811699e-03
1.074218750000000000e-01 -9.025066113238722210e-03
1.076660156250000000e-01 -9.081293227623632447e-03
1.079101562500000000e-01 -9.140247617551722215e-03
1.081542968750000000e-01 -9.201731351197395270e-03
1.083984375000000000e-01 -9.265540782365633277e-03
1.086425781250000000e-01 -9.331467005978311136e-03
1.088867187500000000e-01 -9.399296324389183610e-03
1.091308593750000000e-01 -9.468810723646470251e-03
1.093750000000000000e-01 -9.539788358679857083e-03
1.096191406250000000e-01 -9.612004046459787787e-03
1.098632812500000000e-01 -9.685229766034808563e-03
1.101074218750000000e-01 -9.759235164551682828e-03
1.103515625000000000e-01 -9.833788067894033702e-03
1.105957031250000000e-01 -9.908654995356869222e-03
1.108398437500000000e-01 -9.983601676751163723e-03
1.110839843750000000e-01 -1.005839357134163947e-02
1.113281250000000000e-01 -1.013279638718245224e-02
1.115722656250000000e-01 -1.020657659998391864e-02
1.118164062500000000e-01 -1.027950197030236268e-02
1.120605468750000000e-01 -1.035134205812937580e-02
1.123046875000000000e-01 -1.042186873361572452e-02
1.125488281250000000e-01 -1.049085668297777829e-02
1.127929687500000000e-01 -1.055808390853485434e-02
1.130371093750000000e-01 -1.062333222179745462e-02
1.132812500000000000e-01 -1.068638772859742403e-02
1.135253906250000000e-01 -1.074704130522263767e-02
1.137695312500000000e-01 -1.080508906457566809e-02
1.140136718750000000e-01 -1.086033281140430518e-02
1.142578125000000000e-01 -1.091258048559495819e-02
1.145019531250000000e-01 -1.096164659261944507e-02
1.147460937500000000e-01 -1.100735262028251782e-02
1.149902343750000000e-01 -1.104952744088905092e-02
1.152343750000000000e-01 -1.108800769779350048e-02
1.154785156250000000e-01 -1.112263817587688663e-02
1.157226562500000000e-01 -1.115327215480022005e-02
1.159667968750000000e-01 -1.117977174462225776e-02
1.162109375000000000e-01 -1.120200820275840670e-02
1.164550781250000000e-01 -1.121986223188287113e-02
1.166992187500000000e-01 -1.123322425796402513e-02
1.169433593750000000e-01 -1.124199468793563028e-02
1.171875000000000000e-01 -1.124608414639283183e-02
1.174316406250000000e-01 -1.124541369094345100e-02
1.176757812500000000e-01 -1.123991500554666345e-02
1.179199218750000000e-01 -1.122953057155484657e-02
1.181640625000000000e-01 -1.121421381621701130e-02
1.184082031250000000e-01 -1.119392923799011896e-02
1.186523437500000000e-01 -1.116865250872933757e-02
1.188964843750000000e-01 -1.113837055230249007e-02
1.191406250000000000e-01 -1.110308159962869468e-02
1.193847656250000000e-01 -1.106279521982855840e-02
1.196289062500000000e-01 -1.101753232758539980e-02
1.198730468750000000e-01 -1.096732516666065749e-02
1.201171875000000000e-01 -1.091221726940716508e-02
1.203613281250000000e-01 -1.085226339267819640e-02
1.206054687500000000e-01 -1.078752942990490737e-02
1.208496093750000000e-01 -1.071809229983955447e-02
1.210937500000000000e-01 -1.064403981196448967e-02
1.213378906250000000e-01 -1.056547050887957084e-02
1.215820312500000000e-01 -1.048249348610852394e-02
1.218261718750000000e-01 -1.039522818955163075e-02
1.220703125000000000e-01 -1.030380419102527867e-02
1.223144531250000000e-01 -1.020836094241417413e-02
1.225585937500000000e-01 -1.010904750890517789e-02
1.228027343750000000e-01 -1.000602228177172037e-02
1.230468750000000000e-01 -9.899452671433550677e-03
1.232910156250000000e-01 -9.789514781317620873e-03
1.235351562500000000e-01 -9.676393063273280859e-03
1.237792968750000000e-01 -9.560279955110217998e-03
1.240234375000000000e-01 -9.441375501154425365e-03
1.242675781250000000e-01 -9.319886956532741351e-03
1.245117187500000000e-01 -9.196028376052822750e-03
1.247558593750000000e-01 -9.070020188374883219e-03
1.250000000000000000e-01 -8.942088756484167789e-03
1.252441406250000000e-01 -8.812465925402079847e-03
1.254882812500000000e-01 -8.681388557889135882e-03
1.257324218750000000e-01 -8.549098059248194659e-03
1.259765625000000000e-01 -8.415839892151666390e-03
1.262207031250000000e-01 -8.281863082473250870e-03
1.264648437500000000e-01 -8.147419717090542690e-03
1.267089843750000000e-01 -8.012764434880637054e-03
1.269531250000000000e-01 -7.878153911590857206e-03
1.271972656250000000e-01 -7.743846340119375782e-03
1.274414062500000000e-01 -7.610100906759953432e-03
1.276855468750000000e-01 -7.477177264860301875e-03
1.279296875000000000e-01 -7.345335006817776957e-03
1.281738281250000000e-01 -7.214833135435583245e-03
1.284179687500000000e-01 -7.085929535847412808e-03
1.286621093750000000e-01 -6.958880449019488879e-03
1.289062500000000000e-01 -6.833939947838985063e-03
1.291503906250000000e-01 -6.711359416939899347e-03
1.293945312500000000e-01 -6.591387037332196996e-03
1.296386718750000000e-01 -6.474267276857403886e-03
1.298828125000000000e-01 -6.360240387394355821e-03
1.301269531250000000e-01 -6.249541910023026503e-03
1.303710937500000000e-01 -6.142402189013296265e-03
1.306152343750000000e-01 -6.039045895690264842e-03
1.308593750000000000e-01 -5.939691563114024575e-03
1.311035156250000000e-01 -5.844551132426545337e-03
1.313476562500000000e-01 -5.753829512059382978e-03
1.315917968750000000e-01 -5.667724150256958637e-03
1.318359375000000000e-01 -5.586424622208596702e-03
1.320800781250000000e-01 -5.510112232343544747e-03
1.323242187500000000e-01 -5.438959632670048450e-03
1.325683593750000000e-01 -5.373130457996921905e-03
1.328125000000000000e-01 -5.312778978606047531e-03
1.330566406250000000e-01 -5.258049771256878557e-03
1.333007812500000000e-01 -5.209077409020324012e-03
1.335449218750000000e-01 -5.165986170723613213e-03
1.337890625000000000e-01 -5.128889770432465411e-03
1.340332031250000000e-01 -5.097891107581631331e-03
1.342773437500000000e-01 -5.073082038279608241e-03
1.345214843750000000e-01 -5.054543168199643333e-03
1.347656250000000000e-01 -5.042343667511772765e-03
1.350097656250000000e-01 -5.036541108111691756e-03
1.352539062500000000e-01 -5.037181323658046495e-03
1.354980468750000000e-01 -5.044298292517623850e-03
1.357421875000000000e-01 -5.057914043902655976e-03
1.359863281250000000e-01 -5.078038587527089476e-03
1.362304687500000000e-01 -5.104669866582867144e-03
1.364746093750000000e-01 -5.137793734576234783e-03
1.367187500000000000e-01 -5.177383955597747445e-03
1.369628906250000000e-01 -5.223402228423879023e-03
1.372070312500000000e-01 -5.275798234109174700e-03
1.374511718750000000e-01 -5.334509707111578791e-03
1.376953125000000000e-01 -5.399462529837251168e-03
1.379394531250000000e-01 -5.470570850249600880e-03
1.381835937500000000e-01 -5.547737222428850146e-03
1.384277343750000000e-01 -5.630852769812122460e-03
1.386718750000000000e-01 -5.719797370673518344e-03
1.389160156250000000e-01 -5.814439865574172472e-03
1.391601562500000000e-01 -5.914638286327544847e-03
1.394042968750000000e-01 -6.020240105911511819e-03
1.396484375000000000e-01 -6.131082509085672427e-03
1.398925781250000000e-01 -6.246992682861218782e-03
1.401367187500000000e-01 -6.367788126439677399e-03
1.403808593750000000e-01 -6.493276979867346199e-03
1.406250000000000000e-01 -6.623258370964890673e-03
1.408691406250000000e-01 -6.757522779523128520e-03
1.411132812500000000e-01 -6.895852418182357724e-03
1.413574218750000000e-01 -7.038021629426793879e-03
1.416015625000000000e-01 -7.183797297415139838e-03
1.418457031250000000e-01 -7.332939274377281436e-03
1.420898437500000000e-01 -7.485200820227078111e-03
1.423339843750000000e-01 -7.640329054950711907e-03
1.425781250000000000e-01 -7.798065422392141954e-03
1.428222656250000000e-01 -7.958146164924073673e-03
1.430664062500000000e-01 -8.120302807881785156e-03
1.433105468750000000e-01 -8.284262652665574933e-03
1.435546875000000000e-01 -8.449749277716023244e-03
1.437988281250000000e-01 -8.616483046324674433e-03
1.440429687500000000e-01 -8.784181620157482939e-03
1.442871093750000000e-01 -8.952560477467841338e-03
1.445312500000000000e-01 -9.121333435174960869e-03
1.447753906250000000e-01 -9.290213173457573248e-03
1.450195312500000000e-01 -9.458911762095567610e-03
1.452636718750000000e-01 -9.627141187166898817e-03
1.455078125000000000e-01 -9.794613877488700382e-03
1.457519531250000000e-01 -9.961043229409938249e-03
1.459960937500000000e-01 -1.012614412893242388e-02
1.462402343750000000e-01 -1.028963347035016795e-02
1.464843750000000000e-01 -1.045123067014230855e-02
1.467285156250000000e-01 -1.061065817523854093e-02
1.469726562500000000e-01 -1.076764196446333699e-02
1.472167968750000000e-01 -1.092191204250525516e-02
1.474609375000000000e-01 -1.107320292504709869e-02
1.477050781250000000e-01 -1.122125411437480125e-02
1.479492187500000000e-01 -1.136581056437080406e-02
1.481933593750000000e-01 -1.150662313405348414e-02
1.484375000000000000e-01 -1.164344902888103661e-02
1.486816406250000000e-01 -1.177605222861188849e-02
1.489257812500000000e-01 -1.190420390129531825e-02
1.491699218750000000e-01 -1.202768280236909959e-02
1.494140625000000000e-01 -1.214627565806836174e-02
1.496582031250000000e-01 -1.225977753254881009e-02
1.499023437500000000e-01 -1.236799217797113215e-02
1.501464843750000000e-01 -1.247073236677920249e-02
1.503906250000000000e-01 -1.256782020561786339e-02
1.506347656250000000e-01 -1.265908743054922070e-02
1.508789062500000000e-01 -1.274437568237374308e-02
1.511230468750000000e-01 -1.282353676243985774e-02
1.513671875000000000e-01 -1.289643286762043317e-02
1.516113281250000000e-01 -1.296293680464088993e-02
1.518554687500000000e-01 -1.302293218321892709e-02
1.520996093750000000e-01 -1.307631358744743011e-02
1.523437500000000000e-01 -1.312298672549161438e-02
1.525878906250000000e-01 -1.316286855728776573e-02
1.528320312500000000e-01 -1.319588739980304126e-02
1.530761718750000000e-01 -1.322198301005528265e-02
1.533203125000000000e-01 -1.324110664560862460e-02
1.535644531250000000e-01 -1.325322110257332042e-02
1.538085937500000000e-01 -1.325830073108136276e-02
1.540527343750000000e-01 -1.325633142829474309e-02
1.542968750000000000e-01 -1.324731060914530190e-02
1.545410156250000000e-01 -1.323124715474932600e-02
1.547851562500000000e-01 -1.320816133893742972e-02
1.550292968750000000e-01 -1.317808473297077398e-02
1.552734375000000000e-01 -1.314106008872784059e-02
1.555175781250000000e-01 -1.309714120093019574e-02
1.557617187500000000e-01 -1.304639274843566454e-02
1.560058593750000000e-01 -1.298889011529524851e-02
1.562500000000000000e-01 -1.292471919191484631e-02
1.564941406250000000e-01 -1.285397615681915795e-02
1.567382812500000000e-01 -1.277676723971410411e-02
1.569824218750000000e-01 -1.269320846617461029e-02
1.572265625000000000e-01 -1.260342538481040719e-02
1.574707031250000000e-01 -1.250755277743564875e-02
1.577148437500000000e-01 -1.240573435302394500e-02
1.579589843750000000e-01 -1.229812242607408734e-02
1.582031250000000000e-01 -1.218487758018227396e-02
1.584472656250000000e-01 -1.206616831771611942e-02
1.586914062500000000e-01 -1.194217069613046078e-02
1.589355468750000000e-01 -1.181306795213288297e-02
1.591796875000000000e-01 -1.167905011416792149e-02
1.594238281250000000e-01 -1.154031360438523279e-02
1.596679687500000000e-01 -1.139706083085911814e-02
1.599121093750000000e-01 -1.124949977113942623e-02
1.601562500000000000e-01 -1.109784354767384684e-02
1.604003906250000000e-01 -1.094230999657952452e-02
1.606445312500000000e-01 -1.078312123031821557e-02
1.608886718750000000e-01 -1.062050319538343501e-02
1.611328125000000000e-01 -1.045468522605119688e-02
1.613769531250000000e-01 -1.028589959490489036e-02
1.616210937500000000e-01 -1.011438106152695582e-02
1.618652343750000000e-01 -9.940366419840529488e-03
1.621093750000000000e-01 -9.764094045607407679e-03
1.623535156250000000e-01 -9.585803444494445102e-03
1.625976562500000000e-01 -9.405734802214738011e-03
1.628417968750000000e-01 -9.224128537255182891e-03
1.630859375000000000e-01 -9.041224857412544225e-03
1.633300781250000000e-01 -8.857263320919628313e-03
1.635742187500000000e-01 -8.672482403241588145e-03
1.638183593750000000e-01 -8.487119070210269456e-03
1.640625000000000000e-01 -8.301408358519779540e-03
1.643066406250000000e-01 -8.115582964521195208e-03
1.645507812500000000e-01 -7.929872841970109221e-03
1.647949218750000000e-01 -7.744504809579666471e-03
1.650390625000000000e-01 -7.559702169317006337e-03
1.652832031250000000e-01 -7.375684336054177948e-03
1.655273437500000000e-01 -7.192666479213016828e-03
1.657714843750000000e-01 -7.010859177455586178e-03
1.660156250000000000e-01 -6.830468086619134738e-03
1.662597656250000000e-01 -6.651693621890331087e-03
1.665039062500000000e-01 -6.474730654659310858e-03
1.667480468750000000e-01 -6.299768224536705929e-03
1.669921875000000000e-01 -6.126989267343674328e-03
1.672363281250000000e-01 -5.956570359103352530e-03
1.674804687500000000e-01 -5.788681476943224880e-03
1.677246093750000000e-01 -5.623485777022096954e-03
1.679687500000000000e-01 -5.461139389794311683e-03
1.682128906250000000e-01 -5.301791233335961806e-03
1.684570312500000000e-01 -5.145582844377827314e-03
1.687011718750000000e-01 -4.992648227926110849e-03
1.689453125000000000e-01 -4.843113725129910563e-03
1.691894531250000000e-01 -4.697097899949653765e-03
1.694335937500000000e-01 -4.554711444328063408e-03
1.696777343750000000e-01 -4.416057102446302451e-03
1.699218750000000000e-01 -4.281229613425807656e-03
1.701660156250000000e-01 -4.150315673101090397e-03
1.704101562500000000e-01 -4.023393914252437753e-03
1.706542968750000000e-01 -3.900534905596941826e-03
1.708984375000000000e-01 -3.781801169068899071e-03
1.711425781250000000e-01 -3.667247215432212215e-03
1.713867187500000000e-01 -3.556919597741625694e-03
1.716308593750000000e-01 -3.450856982667005468e-03
1.718750000000000000e-01 -3.349090239055385609e-03
1.721191406250000000e-01 -3.251642543588673107e-03
1.723632812500000000e-01 -3.158529503082263545e-03
1.726074218750000000e-01 -3.069759292927187744e-03
1.728515625000000000e-01 -2.985332811292096267e-03
1.730957031250000000e-01 -2.905243848502436776e-03
1.733398437500000000e-01 -2.829479271184709432e-03
1.735839843750000000e-01 -2.758019220536311877e-03
1.738281250000000000e-01 -2.690837323953587656e-03
1.740722656250000000e-01 -2.627900919833336957e-03
1.743164062500000000e-01 -2.569171294467764710e-03
1.745605468750000000e-01 -2.514603930478642724e-03
1.748046875000000000e-01 -2.464148766335938490e-03
1.750488281250000000e-01 -2.417750465880885713e-03
1.752929687500000000e-01 -2.375348697398749209e-03
1.755371093750000000e-01 -2.336878421260735195e-03
1.757812500000000000e-01 -2.302270185708721328e-03
1.760253906250000000e-01 -2.271450429503829582e-03
1.762695312500000000e-01 -2.244341791197257407e-03
1.765136718750000000e-01 -2.220863423886498822e-03
1.767578125000000000e-01 -2.200931314632725844e-03
1.770019531250000000e-01 -2.184458607999317792e-03
1.772460937500000000e-01 -2.171355932702567770e-03
1.774902343750000000e-01 -2.161531730550336761e-03
1.777343750000000000e-01 -2.154892587057588571e-03
1.779785156250000000e-01 -2.151343562715624103e-03
1.782226562500000000e-01 -2.150788524332369889e-03
1.784667968750000000e-01 -2.153130475448961079e-03
1.787109375000000000e-01 -2.158271885406293222e-03
1.789550781250000000e-01 -2.166115015810987643e-03
1.791992187500000000e-01 -2.176562244287083558e-03
1.794433593750000000e-01 -2.189516384163425755e-03
1.796875000000000000e-01 -2.204880999968850119e-03
1.799316406250000000e-01 -2.222560717683563780e-03
1.801757812500000000e-01 -2.242461529334605075e-03
1.804199218750000000e-01 -2.264491091111153764e-03
1.806640625000000000e-01 -2.288559014672841840e-03
1.809082031250000000e-01 -2.314577150926311333e-03
1.811523437500000000e-01 -2.342459865786850060e-03
1.813964843750000000e-01 -2.372124307456147108e-03
1.816406250000000000e-01 -2.403490664832474977e-03
1.818847656250000000e-01 -2.436482416499075043e-03
1.821289062500000000e-01 -2.471026570177059511e-03
1.823730468750000000e-01 -2.507053892017552243e-03
1.826171875000000000e-01 -2.544499125690435903e-03
1.828613281250000000e-01 -2.583301200999699176e-03
1.831054687500000000e-01 -2.623403431684323550e-03
1.833496093750000000e-01 -2.664753702575239913e-03
1.835937500000000000e-01 -2.707304645596764203e-03
1.838378906250000000e-01 -2.751013805010416036e-03
1.840820312500000000e-01 -2.795843791560059799e-03
1.843261718750000000e-01 -2.841762425859428731e-03
1.845703125000000000e-01 -2.888742870851501721e-03
1.848144531250000000e-01 -2.936763753794480181e-03
1.850585937500000000e-01 -2.985809277689099872e-03
1.853027343750000000e-01 -3.035869322715711860e-03
1.855468750000000000e-01 -3.086939537723765170e-03
1.857910156250000000e-01 -3.139021422370547043e-03
1.860351562500000000e-01 -3.192122400108132751e-03
1.862792968750000000e-01 -3.246255882714876861e-03
1.865234375000000000e-01 -3.301441326669873888e-03
1.867675781250000000e-01 -3.357704282180407063e-03
1.870117187500000000e-01 -3.415076435203445726e-03
1.872558593750000000e-01 -3.473595643370686048e-03
1.875000000000000000e-01 -3.533305966413990973e-03
1.877441406250000000e-01 -3.594257691830193835e-03
1.879882812500000000e-01 -3.656507356623706073e-03
1.882324218750000000e-01 -3.720117766064845455e-03
1.884765625000000000e-01 -3.785158010046529853e-03
1.887207031250000000e-01 -3.851703478375156919e-03
1.889648437500000000e-01 -3.919835875635158118e-03
1.892089843750000000e-01 -3.989643236764095491e-03
1.894531250000000000e-01 -4.061219944304639284e-03
1.896972656250000000e-01 -4.134666748470294806e-03
1.899414062500000000e-01 -4.210090791048060055e-03
1.901855468750000000e-01 -4.287605634260671650e-03
1.904296875000000000e-01 -4.367331295725307427e-03
1.906738281250000000e-01 -4.449394290702457511e-03
1.909179687500000000e-01 -4.533927682757621369e-03
1.911621093750000000e-01 -4.621071144100596939e-03
1.914062500000000000e-01 -4.710971026668175909e-03
1.916503906250000000e-01 -4.803780445385541498e-03
1.918945312500000000e-01 -4.899659374515863419e-03
1.921386718750000000e-01 -4.998774758703916632e-03
1.923828125000000000e-01 -5.101300639537953430e-03
1.926269531250000000e-01 -5.207418299221444613e-03
1.928710937500000000e-01 -5.317316422164708456e-03
1.931152343750000000e-01 -5.431191276215940889e-03
1.933593750000000000e-01 -5.549246914128502794e-03
1.936035156250000000e-01 -5.671695397026610408e-03
1.938476562500000000e-01 -5.798757040423652143e-03
1.940917968750000000e-01 -5.930660684597910404e-03
1.943359375000000000e-01 -6.067643989737803167e-03
1.945800781250000000e-01 -6.209953757505104477e-03
1.948242187500000000e-01 -6.357846279684054025e-03
1.950683593750000000e-01 -6.511587715166911039e-03
1.953125000000000000e-01 -6.671454496029127768e-03
1.955566406250000000e-01 -6.837733763788378383e-03
1.958007812500000000e-01 -7.010723836671672871e-03
1.960449218750000000e-01 -7.190734708672152919e-03
1.962890625000000000e-01 -7.378088581191377671e-03
1.965332031250000000e-01 -7.573120428119750613e-03
1.967773437500000000e-01 -7.776178594738780703e-03
1.970214843750000000e-01 -7.987625431354672401e-03
1.972656250000000000e-01 -8.207837961961672590e-03
1.975097656250000000e-01 -8.437208588588873681e-03
1.977539062500000000e-01 -8.676145831529424868e-03
1.979980468750000000e-01 -8.925075106049007445e-03
1.982421875000000000e-01 -9.184439535587785031e-03
1.984863281250000000e-01 -9.454700801725834935e-03
1.987304687500000000e-01 -9.736340031096801795e-03
1.989746093750000000e-01 -1.002985871912187577e-02
1.992187500000000000e-01 -1.033577969064936042e-02
1.994628906250000000e-01 -1.065464809730087836e-02
1.997070312500000000e-01 -1.098703245123999750e-02
1.999511718750000000e-01 -1.133352569513590424e-02
2.001953125000000000e-01 -1.169474630795264147e-02
2.004394531250000000e-01 -1.207133944598126618e-02
2.006835937500000000e-01 -1.246397811860333604e-02
2.009277343750000000e-01 -1.287336439817465816e-02
2.011718750000000000e-01 -1.330023066314822699e-02
2.014160156250000000e-01 -1.374534087371159785e-02
2.016601562500000000e-01 -1.420949187905762301e-02
2.019042968750000000e-01 -1.469351475510904947e-02
2.021484375000000000e-01 -1.519827617178748369e-02
2.023925781250000000e-01 -1.572467978847669201e-02
2.026367187500000000e-01 -1.627366767660021196e-02
2.028808593750000000e-01 -1.684622176770744773e-02
2.031250000000000000e-01 -1.744336532594559230e-02
2.033691406250000000e-01 -1.806616444315523040e-02
2.036132812500000000e-01 -1.871572955508327141e-02
2.038574218750000000e-01 -1.939321697707896419e-02
2.041015625000000000e-01 -2.009983045748242603e-02
2.043457031250000000e-01 -2.083682274691511793e-02
2.045898437500000000e-01 -2.160549718165327704e-02
2.048339843750000000e-01 -2.240720927895267778e-02
2.050781250000000000e-01 -2.324336834259099760e-02
2.053222656250000000e-01 -2.411543907629720707e-02
2.055664062500000000e-01 -2.502494320320636234e-02
2.058105468750000000e-01 -2.597346108883868965e-02
2.060546875000000000e-01 -2.696263336584081571e-02
2.062988281250000000e-01 -2.799416255778908180e-02
2.065429687500000000e-01 -2.906981470003699997e-02
2.067871093750000000e-01 -3.019142095516258451e-02
2.070312500000000000e-01 -3.136087922079866530e-02
2.072753906250000000e-01 -3.258015572717454233e-02
2.075195312500000000e-01 -3.385128662233682917e-02
2.077636718750000000e-01 -3.517637954240626641e-02
2.080078125000000000e-01 -3.655761516449729243e-02
2.082519531250000000e-01 -3.799724873991294771e-02
2.084960937500000000e-01 -3.949761160515663505e-02
2.087402343750000000e-01 -4.106111266841594443e-02
2.089843750000000000e-01 -4.269023986896058886e-02
2.092285156250000000e-01 -4.438756160736545553e-02
2.094726562500000000e-01 -4.615572814385870970e-02
2.097167968750000000e-01 -4.799747296266332341e-02
2.099609375000000000e-01 -4.991561410005829202e-02
2.102050781250000000e-01 -5.191305543382895848e-02
2.104492187500000000e-01 -5.399278793191797376e-02
2.106933593750000000e-01 -5.615789085804578917e-02
2.109375000000000000e-01 -5.841153293241063693e-02
2.111816406250000000e-01 -6.075697344513741882e-02
2.114257812500000000e-01 -6.319756332078441119e-02
2.116699218750000000e-01 -6.573674613174773640e-02
2.119140625000000000e-01 -6.837805905884408730e-02
2.121582031250000000e-01 -7.112513379736640218e-02
2.124023437500000000e-01 -7.398169740687876583e-02
2.126464843750000000e-01 -7.695157310308786691e-02
2.128906250000000000e-01 -8.003868099044098017e-02
2.131347656250000000e-01 -8.324703873397254483e-02
2.133789062500000000e-01 -8.658076216903509703e-02
2.136230468750000000e-01 -9.004406584789137469e-02
2.138671875000000000e-01 -9.364126352186019631e-02
2.141113281250000000e-01 -9.737676855809240806e-02
2.143554687500000000e-01 -1.012550942901953022e-01
2.145996093750000000e-01 -1.052808543017960119e-01
2.148437500000000000e-01 -1.094587626423333404e-01
2.150878906250000000e-01 -1.137936339748080172e-01
2.153320312500000000e-01 -1.182903836546529419e-01
2.155761718750000000e-01 -1.229540277397518366e-01
2.158203125000000000e-01 -1.277896829311373494e-01
2.160644531250000000e-01 -1.328025664444822951e-01
2.163085937500000000e-01 -1.379979958123271899e-01
2.165527343750000000e-01 -1.433813886170582919e-01
2.167968750000000000e-01 -1.489582621551051034e-01
2.170410156250000000e-01 -1.547342330325989224e-01
2.172851562500000000e-01 -1.607150166930182422e-01
2.175292968750000000e-01 -1.669064268773468029e-01
2.177734375000000000e-01 -1.733143750175685227e-01
2.180175781250000000e-01 -1.799448695641103768e-01
2.182617187500000000e-01 -1.868040152484411465e-01
2.185058593750000000e-01 -1.938980122815223694e-01
2.187500000000000000e-01 -2.012331554894188912e-01
2.189941406250000000e-01 -2.088158333872485173e-01
2.192382812500000000e-01 -2.166525271927639551e-01
2.194824218750000000e-01 -2.247498097809312867e-01
2.197265625000000000e-01 -2.331143445809971126e-01
2.199707031250000000e-01 -2.417528844177070368e-01
2.202148437500000000e-01 -2.506722702980681561e-01
2.204589843750000000e-01 -2.598794301457161282e-01
2.207031250000000000e-01 -2.693813774843647479e-01
2.209472656250000000e-01 -2.791852100722849173e-01
2.211914062500000000e-01 -2.892981084899020061e-01
2.214355468750000000e-01 -2.997273346820890083e-01
2.216796875000000000e-01 -3.104802304576281813e-01
2.219238281250000000e-01 -3.215642159475464723e-01
2.221679687500000000e-01 -3.329867880246126788e-01
2.224121093750000000e-01 -3.447555186860853382e-01
2.226562500000000000e-01 -3.568780534019282413e-01
2.229003906250000000e-01 -3.693621094306394070e-01
2.231445312500000000e-01 -3.822154741049672566e-01
2.233886718750000000e-01 -3.954460030897450906e-01
2.236328125000000000e-01 -4.090616186140607624e-01
2.238769531250000000e-01 -4.230703076802200258e-01
2.241210937500000000e-01 -4.374801202514078113e-01
2.243652343750000000e-01 -4.522991674207332835e-01
2.246093750000000000e-01 -4.675356195636481971e-01
2.248535156250000000e-01 -4.831977044761543993e-01
2.250976562500000000e-01 -4.992937055008184188e-01
2.253417968750000000e-01 -5.158319596432363596e-01
2.255859375000000000e-01 -5.328208556807396690e-01
2.258300781250000000e-01 -5.502688322656723585e-01
2.260742187500000000e-01 -5.681843760255844700e-01
2.263183593750000000e-01 -5.865760196621181422e-01
2.265625000000000000e-01 -6.054523400510021247e-01
2.268066406250000000e-01 -6.248219563449595171e-01
2.270507812500000000e-01 -6.446935280817598368e-01
2.272949218750000000e-01 -6.650757532991065091e-01
2.275390625000000000e-01 -6.859773666586050922e-01
2.277832031250000000e-01 -7.074071375804464878e-01
2.280273437500000000e-01 -7.293738683906383358e-01
2.282714843750000000e-01 -7.518863924827314804e-01
2.285156250000000000e-01 -7.749535724955336491e-01
2.287597656250000000e-01 -7.985842985085866985e-01
2.290039062500000000e-01 -8.227874862570700998e-01
2.292480468750000000e-01 -8.475720753673385843e-01
2.294921875000000000e-01 -8.729470276150692598e-01
2.297363281250000000e-01 -8.989213252070697990e-01
2.299804687500000000e-01 -9.255039690880551007e-01
2.302246093750000000e-01 -9.527039772740693024e-01
2.304687500000000000e-01 -9.805303832132352682e-01
2.307128906250000000e-01 -1.008992234175551062e+00
2.309570312500000000e-01 -1.038098589672344474e+00
2.312011718750000000e-01 -1.067858519906693004e+00
2.314453125000000000e-01 -1.098281104255661944e+00
2.316894531250000000e-01 -1.129375429785298479e+00
2.319335937500000000e-01 -1.161150589799277100e+00
2.321777343750000000e-01 -1.193615682421679480e+00
2.324218750000000000e-01 -1.226779809215088335e+00
2.326660156250000000e-01 -1.260652073834151565e+00
2.329101562500000000e-01 -1.295241580715554619e+00
2.331542968750000000e-01 -1.330557433804656853e+00
2.333984375000000000e-01 -1.366608735319516654e+00
2.336425781250000000e-01 -1.403404584552447432e+00
2.338867187500000000e-01 -1.440954076709587639e+00
2.341308593750000000e-01 -1.479266301788740634e+00
2.343750000000000000e-01 -1.518350343495768584e+00
2.346191406250000000e-01 -1.558215278199511999e+00
2.348632812500000000e-01 -1.598870173925661220e+00
2.351074218750000000e-01 -1.640324089389395112e+00
2.353515625000000000e-01 -1.682586073066872245e+00
2.355957031250000000e-01 -1.725665162305688227e+00
2.358398437500000000e-01 -1.769570382473929726e+00
2.360839843750000000e-01 -1.814310746148095177e+00
2.363281250000000000e-01 -1.859895252339214267e+00
2.365722656250000000e-01 -1.906332885757564100e+00
2.368164062500000000e-01 -1.953632616115143605e+00
2.370605468750000000e-01 -2.001803397465948819e+00
2.373046875000000000e-01 -2.050854167583779031e+00
2.375488281250000000e-01 -2.100793847376891677e+00
2.377929687500000000e-01 -2.151631340339406506e+00
2.380371093750000000e-01 -2.203375532038933216e+00
2.382812500000000000e-01 -2.256035289639854113e+00
2.385253906250000000e-01 -2.309619461462006029e+00
2.387695312500000000e-01 -2.364136876573851964e+00
2.390136718750000000e-01 -2.419596344420156697e+00
2.392578125000000000e-01 -2.476006654482972635e+00
2.395019531250000000e-01 -2.533376575975793799e+00
2.397460937500000000e-01 -2.591714857570067920e+00
2.399902343750000000e-01 -2.651030227153412966e+00
2.402343750000000000e-01 -2.711331391618955422e+00
2.404785156250000000e-01 -2.772627036685008761e+00
2.407226562500000000e-01 -2.834925826744495225e+00
2.409667968750000000e-01 -2.898236404743300909e+00
2.412109375000000000e-01 -2.962567392086896234e+00
2.414550781250000000e-01 -3.027927388574426004e+00
2.416992187500000000e-01 -3.094324972359544290e+00
2.419433593750000000e-01 -3.161768699937169913e+00
2.421875000000000000e-01 -3.230267106155437773e+00
2.424316406250000000e-01 -3.299828704252036005e+00
2.426757812500000000e-01 -3.370461985914047887e+00
2.429199218750000000e-01 -3.442175421360559540e+00
2.431640625000000000e-01 -3.514977459447251817e+00
2.434082031250000000e-01 -3.588876527791924786e+00
2.436523437500000000e-01 -3.663881032920471625e+00
2.438964843750000000e-01 -3.739999360432051390e+00
2.441406250000000000e-01 -3.817239875182991682e+00
2.443847656250000000e-01 -3.895610921488156464e+00
2.446289062500000000e-01 -3.975120823339366893e+00
2.448730468750000000e-01 -4.055777884639681474e+00
2.451171875000000000e-01 -4.137590389452626027e+00
2.453613281250000000e-01 -4.220566602265890310e+00
2.456054687500000000e-01 -4.304714768268084413e+00
2.458496093750000000e-01 -4.390043113638128602e+00
2.460937500000000000e-01 -4.476559845846040275e+00
2.463378906250000000e-01 -4.564273153964450103e+00
2.465820312500000000e-01 -4.653191208989866823e+00
2.468261718750000000e-01 -4.743322164172795397e+00
2.470703125000000000e-01 -4.834674155355784819e+00
2.473144531250000000e-01 -4.927255301318481884e+00
2.475585937500000000e-01 -5.021073704128923509e+00
2.478027343750000000e-01 -5.116137449499987611e+00
2.480468750000000000e-01 -5.212454607150050379e+00
2.482910156250000000e-01 -5.310033231167167855e+00
2.485351562500000000e-01 -5.408881360375588088e+00
2.487792968750000000e-01 -5.509007018703840686e+00
2.490234375000000000e-01 -5.610418215553309551e+00
2.492675781250000000e-01 -5.713122946166535598e+00
2.495117187500000000e-01 -5.817129191994055759e+00
2.497558593750000000e-01 -5.922444921059081935e+00
2.500000000000000000e-01 -6.029078088318854611e+00
2.502441406250000000e-01 -6.137036636021747427e+00
2.504882812500000000e-01 -6.246328494059241621e+00
2.507324218750000000e-01 -6.356961580311619286e+00
2.509765625000000000e-01 -6.468943800986522774e+00
2.512207031250000000e-01 -6.582283050949172321e+00
2.514648437500000000e-01 -6.696987214043588210e+00
2.517089843750000000e-01 -6.813064163403282691e+00
2.519531250000000000e-01 -6.930521761750824794e+00
2.521972656250000000e-01 -7.049367861684970649e+00
2.524414062500000000e-01 -7.169610305954336127e+00
2.526855468750000000e-01 -7.291256927716560199e+00
2.529296875000000000e-01 -7.414315550781978459e+00
2.531738281250000000e-01 -7.538793989840257836e+00
2.534179687500000000e-01 -7.664700050669452480e+00
2.536621093750000000e-01 -7.792041530325931831e+00
2.539062500000000000e-01 -7.920826217314029805e+00
2.541503906250000000e-01 -8.051061891734434539e+00
2.543945312500000000e-01 -8.182756325409997089e+00
2.546386718750000000e-01 -8.315917281987601939e+00
2.548828125000000000e-01 -8.450552517015132992e+00
2.551269531250000000e-01 -8.586669777991957631e+00
2.553710937500000000e-01 -8.724276804391912776e+00
2.556152343750000000e-01 -8.863381327657251063e+00
2.558593750000000000e-01 -9.003991071162339210e+00
2.561035156250000000e-01 -9.146113750145730137e+00
2.563476562500000000e-01 -9.289757071609052730e+00
2.565917968750000000e-01 -9.434928734181632137e+00
2.568359375000000000e-01 -9.581636427949050017e+00
2.570800781250000000e-01 -9.729887834244316025e+00
2.573242187500000000e-01 -9.879690625400229465e+00
2.575683593750000000e-01 -1.003105246446126841e+01
2.578125000000000000e-01 -1.018398100485347157e+01
2.580566406250000000e-01 -1.033848389001077095e+01
2.583007812500000000e-01 -1.049456875295621217e+01
2.585449218750000000e-01 -1.065224321583617240e+01
2.587890625000000000e-01 -1.081151488940624716e+01
2.590332031250000000e-01 -1.097239137246680230e+01
2.592773437500000000e-01 -1.113488025124663494e+01
2.595214843750000000e-01 -1.129898909873293178e+01
2.597656250000000000e-01 -1.146472547394569119e+01
2.600097656250000000e-01 -1.163209692115489702e+01
2.602539062500000000e-01 -1.180111096903851831e+01
2.604980468750000000e-01 -1.197177512977950187e+01
2.607421875000000000e-01 -1.214409689809986759e+01
2.609863281250000000e-01 -1.231808375023000934e+01
2.612304687500000000e-01 -1.249374314281131149e+01
2.614746093750000000e-01 -1.267108251173006295e+01
2.617187500000000000e-01 -1.285010927088077182e+01
2.619628906250000000e-01 -1.303083081085691930e+01
2.622070312500000000e-01 -1.321325449756718484e+01
2.624511718750000000e-01 -1.339738767077509607e+01
2.626953125000000000e-01 -1.358323764256030586e+01
2.629394531250000000e-01 -1.377081169569937913e+01
2.631835937500000000e-01 -1.396011708196415668e+01
2.634277343750000000e-01 -1.415116102033594103e+01
2.636718750000000000e-01 -1.434395069513332999e+01
2.639160156250000000e-01 -1.453849325405212056e+01
2.641601562500000000e-01 -1.473479580611520134e+01
2.644042968750000000e-01 -1.493286541953092694e+01
2.646484375000000000e-01 -1.513270911945797081e+01
2.648925781250000000e-01 -1.533433388567538458e+01
2.651367187500000000e-01 -1.553774665015588852e+01
2.653808593750000000e-01 -1.574295429454140560e+01
2.656250000000000000e-01 -1.594996364751911955e+01
2.658691406250000000e-01 -1.615878148209710474e+01
2.661132812500000000e-01 -1.636941451277834858e+01
2.663574218750000000e-01 -1.658186939263231352e+01
2.666015625000000000e-01 -1.679615271026341361e+01
2.668457031250000000e-01 -1.701227098667570914e+01
2.670898437500000000e-01 -1.723023067203381231e+01
2.673339843750000000e-01 -1.745003814231978367e+01
2.675781250000000000e-01 -1.767169969588651668e+01
2.678222656250000000e-01 -1.789522154990790170e+01
2.680664062500000000e-01 -1.812060983672714087e+01
2.683105468750000000e-01 -1.834787060010405924e+01
2.685546875000000000e-01 -1.857700979136359365e+01
2.687988281250000000e-01 -1.880803326544741338e+01
2.690429687500000000e-01 -1.904094677687145776e+01
2.692871093750000000e-01 -1.927575597559265219e+01
2.695312500000000000e-01 -1.951246640278870359e+01
2.697753906250000000e-01 -1.975108348655535195e+01
2.700195312500000000e-01 -1.999161253752659206e+01
2.702636718750000000e-01 -2.023405874442353536e+01
2.705078125000000000e-01 -2.047842716953885400e+01
2.707519531250000000e-01 -2.072472274416472970e+01
2.709960937500000000e-01 -2.097295026397266327e+01
2.712402343750000000e-01 -2.122311438435535536e+01
2.714843750000000000e-01 -2.147521961574103955e+01
2.717285156250000000e-01 -2.172927031889297211e+01
2.719726562500000000e-01 -2.198527070020701046e+01
2.722167968750000000e-01 -2.224322480702255689e+01
2.724609375000000000e-01 -2.250313652296316036e+01
2.727050781250000000e-01 -2.276500956332460390e+01
2.729492187500000000e-01 -2.302884747053079195e+01
2.731933593750000000e-01 -2.329465360967841292e+01
2.734375000000000000e-01 -2.356243116419499728e+01
2.736816406250000000e-01 -2.383218313163532542e+01
2.739257812500000000e-01 -2.410391231964499781e+01
2.741699218750000000e-01 -2.437762134212153597e+01
2.744140625000000000e-01 -2.465331261560631759e+01
2.746582031250000000e-01 -2.493098835594336293e+01
2.749023437500000000e-01 -2.521065057524400288e+01
2.751464843750000000e-01 -2.549230107919964183e+01
2.753906250000000000e-01 -2.577594146478799075e+01
2.756347656250000000e-01 -2.606157311842204649e+01
2.758789062500000000e-01 -2.634919721459451836e+01
2.761230468750000000e-01 -2.663881471507448140e+01
2.763671875000000000e-01 -2.693042636871769702e+01
2.766113281250000000e-01 -2.722403271195558716e+01
2.768554687500000000e-01 -2.751963407003346163e+01
2.770996093750000000e-01 -2.781723055907326625e+01
2.773437500000000000e-01 -2.811682208904122149e+01
2.775878906250000000e-01 -2.841840836770605705e+01
2.778320312500000000e-01 -2.872198890568044760e+01
2.780761718750000000e-01 -2.902756302264276655e+01
2.783203125000000000e-01 -2.933512985484426849e+01
2.785644531250000000e-01 -2.964468836401211149e+01
2.788085937500000000e-01 -2.995623734776726366e+01
2.790527343750000000e-01 -3.026977545168248440e+01
2.792968750000000000e-01 -3.058530118311388435e+01
2.795410156250000000e-01 -3.090281292694825765e+01
2.797851562500000000e-01 -3.122230896341569917e+01
2.800292968750000000e-01 -3.154378748812764854e+01
2.802734375000000000e-01 -3.186724663450839046e+01
2.805175781250000000e-01 -3.219268449879884031e+01
2.807617187500000000e-01 -3.252009916782198218e+01
2.810058593750000000e-01 -3.284948874970884702e+01
2.812500000000000000e-01 -3.318085140779756870e+01
2.814941406250000000e-01 -3.351418539792773998e+01
2.817382812500000000e-01 -3.384948910936665811e+01
2.819824218750000000e-01 -3.418676110961666836e+01
2.822265625000000000e-01 -3.452600019336708925e+01
2.824707031250000000e-01 -3.486720543586918808e+01
2.827148437500000000e-01 -3.521037625102874102e+01
2.829589843750000000e-01 -3.555551245452728182e+01
2.832031250000000000e-01 -3.590261433230242005e+01
2.834472656250000000e-01 -3.625168271473481951e+01
2.836914062500000000e-01 -3.660271905691440253e+01
2.839355468750000000e-01 -3.695572552537610989e+01
2.841796875000000000e-01 -3.731070509172532468e+01
2.844238281250000000e-01 -3.766766163359649511e+01
2.846679687500000000e-01 -3.802660004342023115e+01
2.849121093750000000e-01 -3.838752634550678522e+01
2.851562500000000000e-01 -3.875044782198868631e+01
2.854003906250000000e-01 -3.911537314820776601e+01
2.856445312500000000e-01 -3.948231253817603204e+01
2.858886718750000000e-01 -3.985127790079013721e+01
2.861328125000000000e-01 -4.022228300753628361e+01
2.863769531250000000e-01 -4.059534367248750897e+01
2.866210937500000000e-01 -4.097047794546768529e+01
2.868652343750000000e-01 -4.134770631933871243e+01
2.871093750000000000e-01 -4.172705195246317800e+01
2.873535156250000000e-01 -4.210854090750041223e+01
2.875976562500000000e-01 -4.249220240781984614e+01
2.878417968750000000e-01 -4.287806911295488277e+01
2.880859375000000000e-01 -4.326617741468276535e+01
2.883300781250000000e-01 -4.365656775550450419e+01
2.885742187500000000e-01 -4.404928497151362166e+01
2.888183593750000000e-01 -4.444437866188945918e+01
2.890625000000000000e-01 -4.484190358754456440e+01
2.893066406250000000e-01 -4.524192010177800682e+01
2.895507812500000000e-01 -4.564449461618912807e+01
2.897949218750000000e-01 -4.604970010553768134e+01
2.900390625000000000e-01 -4.645761665577934707e+01
2.902832031250000000e-01 -4.686833206009424657e+01
2.905273437500000000e-01 -4.728194246846481263e+01
2.907714843750000000e-01 -4.769855309717379299e+01
2.910156250000000000e-01 -4.811827900558456861e+01
2.912597656250000000e-01 -4.854124594872435949e+01
2.915039062500000000e-01 -4.896759131554517808e+01
2.917480468750000000e-01 -4.939746516435467782e+01
2.919921875000000000e-01 -4.983103136882627382e+01
2.922363281250000000e-01 -5.026846889026687393e+01
2.924804687500000000e-01 -5.070997319455604924e+01
2.927246093750000000e-01 -5.115575783542434607e+01
2.929687500000000000e-01 -5.160605622967829476e+01
2.932128906250000000e-01 -5.206112365472925063e+01
2.934570312500000000e-01 -5.252123950455438006e+01
2.937011718750000000e-01 -5.298670984727016986e+01
2.939453125000000000e-01 -5.345787033612447203e+01
2.941894531250000000e-01 -5.393508953637960701e+01
2.944335937500000000e-01 -5.441877274374888174e+01
2.946777343750000000e-01 -5.490936638652692636e+01
2.949218750000000000e-01 -5.540736312424088794e+01
2.951660156250000000e-01 -5.591330778173301042e+01
2.954101562500000000e-01 -5.642780429090100824e+01
2.956542968750000000e-01 -5.695152385487926239e+01
2.958984375000000000e-01 -5.748521460464284871e+01
2.961425781250000000e-01 -5.802971308983277510e+01
2.963867187500000000e-01 -5.858595804021737763e+01
2.966308593750000000e-01 -5.915500695992685110e+01
2.968750000000000000e-01 -5.973805628544953805e+01
2.971191406250000000e-01 -6.033646606782967581e+01
2.973632812500000000e-01 -6.095179045514886695e+01
2.976074218750000000e-01 -6.158581569135401423e+01
2.978515625000000000e-01 -6.224060796998457334e+01
2.980957031250000000e-01 -6.291857437601262149e+01
2.983398437500000000e-01 -6.362254145763221658e+01
2.985839843750000000e-01 -6.435585792116077641e+01
2.988281250000000000e-01 -6.512253091474488542e+01
2.990722656250000000e-01 -6.592741000390810768e+01
2.993164062500000000e-01 -6.677644037255393528e+01
2.995605468750000000e-01 -6.767701905488685554e+01
2.998046875000000000e-01 -6.863850898250909438e+01
3.000488281250000000e-01 -6.967300294883030176e+01
3.002929687500000000e-01 -7.079649912493546537e+01
3.005371093750000000e-01 -7.203078661767405322e+01
3.007812500000000000e-01 -7.340662730281623283e+01
3.010253906250000000e-01 -7.496947629692782300e+01
3.012695312500000000e-01 -7.679064145167542677e+01
3.015136718750000000e-01 -7.899157846781254477e+01
3.017578125000000000e-01 -8.180576994447771710e+01
3.020019531250000000e-01 -8.578077937150371213e+01
3.022460937500000000e-01 -9.285284087628704697e+01
3.024902343750000000e-01 -1.065361770685858005e+02
3.027343750000000000e-01 -9.014651686276110354e+01
3.029785156250000000e-01 -8.497086038046690248e+01
3.032226562500000000e-01 -8.185771506377437845e+01
3.034667968750000000e-01 -7.965081607547314491e+01
3.037109375000000000e-01 -7.795567789352398336e+01
3.039550781250000000e-01 -7.658957839052622774e+01
3.041992187500000000e-01 -7.545275720881521409e+01
3.044433593750000000e-01 -7.448473031850376458e+01
3.046875000000000000e-01 -7.364604128433715857e+01
3.049316406250000000e-01 -7.290951629165041936e+01
3.051757812500000000e-01 -7.225564004767890935e+01
3.054199218750000000e-01 -7.166992176061270925e+01
3.056640625000000000e-01 -7.114130442290037593e+01
3.059082031250000000e-01 -7.066115772941594741e+01
3.061523437500000000e-01 -7.022261516314286212e+01
3.063964843750000000e-01 -6.982012311154787199e+01
3.066406250000000000e-01 -6.944912552165557429e+01
3.068847656250000000e-01 -6.910583797930438266e+01
3.071289062500000000e-01 -6.878708242521106797e+01
3.073730468750000000e-01 -6.849016398439745501e+01
3.076171875000000000e-01 -6.821277766888138672e+01
3.078613281250000000e-01 -6.795293667318527753e+01
3.081054687500000000e-01 -6.770891654208806187e+01
3.083496093750000000e-01 -6.747921118364820359e+01
3.085937500000000000e-01 -6.726249784395260178e+01
3.088378906250000000e-01 -6.705760894700662789e+01
3.090820312500000000e-01 -6.686350925340595097e+01
3.093261718750000000e-01 -6.667927718283674210e+01
3.095703125000000000e-01 -6.650408942721098526e+01
3.098144531250000000e-01 -6.633720818710270350e+01
3.100585937500000000e-01 -6.617797051636513572e+01
3.103027343750000000e-01 -6.602577937331794544e+01
3.105468750000000000e-01 -6.588009606286296105e+01
3.107910156250000000e-01 -6.574043381928419194e+01
3.110351562500000000e-01 -6.560635232981987031e+01
3.112792968750000000e-01 -6.547745303822166818e+01
3.115234375000000000e-01 -6.535337509804787715e+01
3.117675781250000000e-01 -6.523379186960688969e+01
3.120117187500000000e-01 -6.511840787355274074e+01
3.122558593750000000e-01 -6.500695612951250268e+01
3.125000000000000000e-01 -6.489919582039708246e+01
3.127441406250000000e-01 -6.479491023313961762e+01
3.129882812500000000e-01 -6.469390493464715064e+01
3.132324218750000000e-01 -6.459600614853418676e+01
3.134765625000000000e-01 -6.450105930367421081e+01
3.137207031250000000e-01 -6.440892773022122242e+01
3.139648437500000000e-01 -6.431949148253552551e+01
3.142089843750000000e-01 -6.423264627166828689e+01
3.144531250000000000e-01 -6.414830249275505025e+01
3.146972656250000000e-01 -6.406638433494875073e+01
3.149414062500000000e-01 -6.398682896341020410e+01
3.151855468750000000e-01 -6.390958576457124707e+01
3.154296875000000000e-01 -6.383461564724797199e+01
3.156738281250000000e-01 -6.376189039338598263e+01
3.159179687500000000e-01 -6.369139205324033526e+01
3.161621093750000000e-01 -6.362311238067547947e+01
3.164062500000000000e-01 -6.355705230499077629e+01
3.166503906250000000e-01 -6.349322143639147953e+01
3.168945312500000000e-01 -6.343163760263590234e+01
3.171386718750000000e-01 -6.337232641503074149e+01
3.173828125000000000e-01 -6.331532086221465505e+01
3.176269531250000000e-01 -6.326066093053886163e+01
3.178710937500000000e-01 -6.320839325019656485e+01
3.181152343750000000e-01 -6.315857076642196688e+01
3.183593750000000000e-01 -6.311125243536738338e+01
3.186035156250000000e-01 -6.306650294434600568e+01
3.188476562500000000e-01 -6.302439245639652654e+01
3.190917968750000000e-01 -6.298499637916622618e+01
3.193359375000000000e-01 -6.294839515825350418e+01
3.195800781250000000e-01 -6.291467409530735466e+01
3.198242187500000000e-01 -6.288392319116508133e+01
3.200683593750000000e-01 -6.285623701454974821e+01
3.203125000000000000e-01 -6.283171459678409576e+01
3.205566406250000000e-01 -6.281045935323410845e+01
3.208007812500000000e-01 -6.279257903215838610e+01
3.210449218750000000e-01 -6.277818569185298969e+01
3.212890625000000000e-01 -6.276739570702392257e+01
3.215332031250000000e-01 -6.276032980559756425e+01
3.217773437500000000e-01 -6.275711313713490824e+01
3.220214843750000000e-01 -6.275787537441305375e+01
3.222656250000000000e-01 -6.276275084983664954e+01
3.225097656250000000e-01 -6.277187872862137397e+01
3.227539062500000000e-01 -6.278540322098231741e+01
3.229980468750000000e-01 -6.280347383591738719e+01
3.232421875000000000e-01 -6.282624567953858730e+01
3.234863281250000000e-01 -6.285387980138004593e+01
3.237304687500000000e-01 -6.288654359264695870e+01
3.239746093750000000e-01 -6.292441124095488192e+01
3.242187500000000000e-01 -6.296766424685345243e+01
3.244628906250000000e-01 -6.301649200828492070e+01
3.247070312500000000e-01 -6.307109248002620916e+01
3.249511718750000000e-01 -6.313167291644602130e+01
3.251953125000000000e-01 -6.319845070710744750e+01
3.254394531250000000e-01 -6.327165431647027560e+01
3.256835937500000000e-01 -6.335152434078029415e+01
3.259277343750000000e-01 -6.343831469743381035e+01
3.261718750000000000e-01 -6.353229396488225689e+01
3.264160156250000000e-01 -6.363374689423521602e+01
3.266601562500000000e-01 -6.374297611763211791e+01
3.269042968750000000e-01 -6.386030408308722883e+01
3.271484375000000000e-01 -6.398607525110099914e+01
3.273925781250000000e-01 -6.412065859525321798e+01
3.276367187500000000e-01 -6.426445045737523287e+01
3.278808593750000000e-01 -6.441787781826060666e+01
3.281250000000000000e-01 -6.458140205769188924e+01
3.283691406250000000e-01 -6.475552329363864601e+01
3.286132812500000000e-01 -6.494078541038281571e+01
3.288574218750000000e-01 -6.513778191088610470e+01
3.291015625000000000e-01 -6.534716276070635388e+01
3.293457031250000000e-01 -6.556964243220909339e+01
3.295898437500000000e-01 -6.580600941104825097e+01
3.298339843750000000e-01 -6.605713749638364618e+01
3.300781250000000000e-01 -6.632399931751197641e+01
3.303222656250000000e-01 -6.660768261093117815e+01
3.305664062500000000e-01 -6.690940996419807618e+01
3.308105468750000000e-01 -6.723056295376366620e+01
3.310546875000000000e-01 -6.757271190662592630e+01
3.312988281250000000e-01 -6.793765293749163448e+01
3.315429687500000000e-01 -6.832745450819317057e+01
3.317871093750000000e-01 -6.874451661005443270e+01
3.320312500000000000e-01 -6.919164691586588845e+01
3.322753906250000000e-01 -6.967216010139492255e+01
3.325195312500000000e-01 -7.019000935150677378e+01
3.327636718750000000e-01 -7.074996344418318017e+01
3.330078125000000000e-01 -7.135784979581414689e+01
3.332519531250000000e-01 -7.202089534949361394e+01
3.334960937500000000e-01 -7.274821675362365170e+01
3.337402343750000000e-01 -7.355154589665411891e+01
3.339843750000000000e-01 -7.444634096300700321e+01
3.342285156250000000e-01 -7.545355839975518109e+01
3.344726562500000000e-01 -7.660262209426903723e+01
3.347167968750000000e-01 -7.793671434432117451e+01
3.349609375000000000e-01 -7.952297842330405331e+01
3.352050781250000000e-01 -8.147437953782754505e+01
3.354492187500000000e-01 -8.400409043629559847e+01
3.356933593750000000e-01 -8.759621687082824337e+01
3.359375000000000000e-01 -9.383666779266120272e+01
3.361816406250000000e-01 -1.197541028931390912e+02
3.364257812500000000e-01 -9.301507626475695645e+01
3.366699218750000000e-01 -8.721014666176034780e+01
3.369140625000000000e-01 -8.377410938640389304e+01
3.371582031250000000e-01 -8.133090219145159949e+01
3.374023437500000000e-01 -7.943839007147965958e+01
3.376464843750000000e-01 -7.789743642760339526e+01
3.378906250000000000e-01 -7.660113495779289394e+01
3.381347656250000000e-01 -7.548541101020079225e+01
3.383789062500000000e-01 -7.450882266828811851e+01
3.386230468750000000e-01 -7.364302301272880413e+01
3.388671875000000000e-01 -7.286777141041500272e+01
3.391113281250000000e-01 -7.216811554296731401e+01
3.393554687500000000e-01 -7.153270093695076071e+01
3.395996093750000000e-01 -7.095270655533853699e+01
3.398437500000000000e-01 -7.042114732790950882e+01
3.400878906250000000e-01 -6.993240158938576201e+01
3.403320312500000000e-01 -6.948188166607654637e+01
3.405761718750000000e-01 -6.906579855640312360e+01
3.408203125000000000e-01 -6.868099020966333512e+01
3.410644531250000000e-01 -6.832479385139639305e+01
3.413085937500000000e-01 -6.799494947789160904e+01
3.415527343750000000e-01 -6.768952583335101281e+01
3.417968750000000000e-01 -6.740686288479054156e+01
3.420410156250000000e-01 -6.714552659204460383e+01
3.422851562500000000e-01 -6.690427297089226499e+01
3.425292968750000000e-01 -6.668201927161234721e+01
3.427734375000000000e-01 -6.647782067091395675e+01
3.430175781250000000e-01 -6.629085128365824175e+01
3.432617187500000000e-01 -6.612038859470439434e+01
3.435058593750000000e-01 -6.596580062571382541e+01
3.437500000000000000e-01 -6.582653531015714066e+01
3.439941406250000000e-01 -6.570211166808607572e+01
3.442382812500000000e-01 -6.559211246186438871e+01
3.444824218750000000e-01 -6.549617808226770421e+01
3.447265625000000000e-01 -6.541400146735823284e+01
3.449707031250000000e-01 -6.534532389765217886e+01
3.452148437500000000e-01 -6.528993154382919784e+01
3.454589843750000000e-01 -6.524765266931591157e+01
3.457031250000000000e-01 -6.521835541123969904e+01
3.459472656250000000e-01 -6.520194608090395150e+01
3.461914062500000000e-01 -6.519836793968821098e+01
3.464355468750000000e-01 -6.520760041917839089e+01
3.466796875000000000e-01 -6.522965876576154187e+01
3.469238281250000000e-01 -6.526459410060959954e+01
3.471679687500000000e-01 -6.531249389621244461e+01
3.474121093750000000e-01 -6.537348288086067782e+01
3.476562500000000000e-01 -6.544772439334937530e+01
3.479003906250000000e-01 -6.553542222182309729e+01
3.481445312500000000e-01 -6.563682297397214427e+01
3.483886718750000000e-01 -6.575221904114451377e+01
3.486328125000000000e-01 -6.588195223714907911e+01
3.488769531250000000e-01 -6.602641821478050588e+01
3.491210937500000000e-01 -6.618607179047280908e+01
3.493652343750000000e-01 -6.636143334172263053e+01
3.496093750000000000e-01 -6.655309648558250046e+01
3.498535156250000000e-01 -6.676173730218924618e+01
3.500976562500000000e-01 -6.698812544000351465e+01
3.503417968750000000e-01 -6.723313753422043249e+01
3.505859375000000000e-01 -6.749777349621412270e+01
3.508300781250000000e-01 -6.778317640061537475e+01
3.510742187500000000e-01 -6.809065692657246416e+01
3.513183593750000000e-01 -6.842172362495162474e+01
3.515625000000000000e-01 -6.877812072333848903e+01
3.518066406250000000e-01 -6.916187580230628384e+01
3.520507812500000000e-01 -6.957536057046048938e+01
3.522949218750000000e-01 -7.002136927263326527e+01
3.525390625000000000e-01 -7.050322121435540623e+01
3.527832031250000000e-01 -7.102489685412317044e+01
3.530273437500000000e-01 -7.159122154510896507e+01
3.532714843750000000e-01 -7.220811842633324318e+01
3.535156250000000000e-01 -7.288296421360375632e+01
3.537597656250000000e-01 -7.362510257966160054e+01
3.540039062500000000e-01 -7.444660705487713415e+01
3.542480468750000000e-01 -7.536345475806373884e+01
3.544921875000000000e-01 -7.639740879357810854e+01
3.547363281250000000e-01 -7.757919412650409186e+01
3.549804687500000000e-01 -7.895420593016331168e+01
3.552246093750000000e-01 -8.059364183654278690e+01
3.554687500000000000e-01 -8.261872702370017407e+01
3.557128906250000000e-01 -8.526237451739574169e+01
3.559570312500000000e-01 -8.907030198832126189e+01
3.562011718750000000e-01 -9.596788699716961446e+01
3.564453125000000000e-01 -1.097105079379524568e+02
3.566894531250000000e-01 -9.303255632858825663e+01
3.569335937500000000e-01 -8.771002535445565229e+01
3.571777343750000000e-01 -8.446395513347755468e+01
3.574218750000000000e-01 -8.213284593986813320e+01
3.576660156250000000e-01 -8.032106153870188336e+01
3.579101562500000000e-01 -7.884550836504774907e+01
3.581542968750000000e-01 -7.760629364508464789e+01
3.583984375000000000e-01 -7.654289639378191623e+01
3.586425781250000000e-01 -7.561586908740962087e+01
3.588867187500000000e-01 -7.479807240414338310e+01
3.591308593750000000e-01 -7.407004179056602311e+01
3.593750000000000000e-01 -7.341734876347545935e+01
3.596191406250000000e-01 -7.282900770395070822e+01
3.598632812500000000e-01 -7.229646739936453059e+01
3.601074218750000000e-01 -7.181294735972613807e+01
3.603515625000000000e-01 -7.137298651647499526e+01
3.605957031250000000e-01 -7.097212767751271656e+01
3.608398437500000000e-01 -7.060669155017062337e+01
3.610839843750000000e-01 -7.027361150378301602e+01
3.613281250000000000e-01 -6.997031052557649389e+01
3.615722656250000000e-01 -6.969460811780390941e+01
3.618164062500000000e-01 -6.944464885045367453e+01
3.620605468750000000e-01 -6.921884684809228361e+01
3.623046875000000000e-01 -6.901584218628380540e+01
3.625488281250000000e-01 -6.883446631890923584e+01
3.627929687500000000e-01 -6.867371444661904434e+01
3.630371093750000000e-01 -6.853272328912149192e+01
3.632812500000000000e-01 -6.841075311696374683e+01
3.635253906250000000e-01 -6.830717318269668681e+01
3.637695312500000000e-01 -6.822144989911664936e+01
3.640136718750000000e-01 -6.815313726724632204e+01
3.642578125000000000e-01 -6.810186917323656530e+01
3.645019531250000000e-01 -6.806735326283900633e+01
3.647460937500000000e-01 -6.804936617165427037e+01
3.649902343750000000e-01 -6.804774994496075635e+01
3.652343750000000000e-01 -6.806240952597342186e+01
3.654785156250000000e-01 -6.809331122964773897e+01
3.657226562500000000e-01 -6.814048215229406935e+01
3.659667968750000000e-01 -6.820401049798610416e+01
3.662109375000000000e-01 -6.828404683199676128e+01
3.664550781250000000e-01 -6.838080630181535469e+01
3.666992187500000000e-01 -6.849457189836155635e+01
3.669433593750000000e-01 -6.862569886658954488e+01
3.671875000000000000e-01 -6.877462041746348120e+01
3.674316406250000000e-01 -6.894185494543388870e+01
3.676757812500000000e-01 -6.912801502028756317e+01
3.679199218750000000e-01 -6.933381850532441604e+01
3.681640625000000000e-01 -6.956010226133396657e+01
3.684082031250000000e-01 -6.980783903806486990e+01
3.686523437500000000e-01 -7.007815834491957219e+01
3.688964843750000000e-01 -7.037237235168889526e+01
3.691406250000000000e-01 -7.069200822618492452e+01
3.693847656250000000e-01 -7.103884881466117918e+01
3.696289062500000000e-01 -7.141498427928297588e+01
3.698730468750000000e-01 -7.182287833134535049e+01
3.701171875000000000e-01 -7.226545420615912008e+01
3.703613281250000000e-01 -7.274620778986449920e+01
3.706054687500000000e-01 -7.326935878526299462e+01
3.708496093750000000e-01 -7.384005627828979357e+01
3.710937500000000000e-01 -7.446466392954255298e+01
3.713378906250000000e-01 -7.515116482724474167e+01
3.715820312500000000e-01 -7.590975170437201314e+01
3.718261718750000000e-01 -7.675371460580707605e+01
3.720703125000000000e-01 -7.770082613298536955e+01
3.723144531250000000e-01 -7.877560157335952340e+01
3.725585937500000000e-01 -8.001319397406902567e+01
3.728027343750000000e-01 -8.146658711377769180e+01
3.730468750000000000e-01 -8.322113344587282313e+01
3.732910156250000000e-01 -8.542780611917767430e+01
3.735351562500000000e-01 -8.839446211445917356e+01
3.737792968750000000e-01 -9.292573111918368056e+01
3.740234375000000000e-01 -1.028900733770025226e+02
3.742675781250000000e-01 -1.017690553698217002e+02
3.745117187500000000e-01 -9.262581400570476831e+01
3.747558593750000000e-01 -8.830244072887487050e+01
3.750000000000000000e-01 -8.545625198679705647e+01
3.752441406250000000e-01 -8.334089838691451746e+01
3.754882812500000000e-01 -8.166440876912137981e+01
3.757324218750000000e-01 -8.028191564416277970e+01
3.759765625000000000e-01 -7.911091226643515029e+01
3.762207031250000000e-01 -7.809991796130680086e+01
3.764648437500000000e-01 -7.721464645392354953e+01
3.767089843750000000e-01 -7.643111550901157614e+01
3.769531250000000000e-01 -7.573189651854788451e+01
3.771972656250000000e-01 -7.510392953252750203e+01
3.774414062500000000e-01 -7.453717970624396116e+01
3.776855468750000000e-01 -7.402377400791738182e+01
3.779296875000000000e-01 -7.355742587334918881e+01
3.781738281250000000e-01 -7.313303974598159130e+01
3.784179687500000000e-01 -7.274643198327269999e+01
3.786621093750000000e-01 -7.239412933115160342e+01
3.789062500000000000e-01 -7.207322047103099294e+01
3.791503906250000000e-01 -7.178124472080155272e+01
3.793945312500000000e-01 -7.151610727940422407e+01
3.796386718750000000e-01 -7.127601378129411103e+01
3.798828125000000000e-01 -7.105941912925953829e+01
3.801269531250000000e-01 -7.086498704202733734e+01
3.803710937500000000e-01 -7.069155775123634555e+01
3.806152343750000000e-01 -7.053812197332680967e+01
3.808593750000000000e-01 -7.040379976849266086e+01
3.811035156250000000e-01 -7.028782324604954113e+01
3.813476562500000000e-01 -7.018952232745914444e+01
3.815917968750000000e-01 -7.010831296281587299e+01
3.818359375000000000e-01 -7.004368733368738731e+01
3.820800781250000000e-01 -6.999520567797655701e+01
3.823242187500000000e-01 -6.996248945080769488e+01
3.825683593750000000e-01 -6.994521559480691053e+01
3.828125000000000000e-01 -6.994311173973993334e+01
3.830566406250000000e-01 -6.995595218720491459e+01
3.833007812500000000e-01 -6.998355456466391900e+01
3.835449218750000000e-01 -7.002577705557212084e+01
3.837890625000000000e-01 -7.008251613035568539e+01
3.840332031250000000e-01 -7.015370471761016802e+01
3.842773437500000000e-01 -7.023931076691788178e+01
3.845214843750000000e-01 -7.033933616421536783e+01
3.847656250000000000e-01 -7.045381596916597289e+01
3.850097656250000000e-01 -7.058281795059363617e+01
3.852539062500000000e-01 -7.072644240207711164e+01
3.854980468750000000e-01 -7.088482222478207007e+01
3.857421875000000000e-01 -7.105812326913424215e+01
3.859863281250000000e-01 -7.124654493070644889e+01
3.862304687500000000e-01 -7.145032099930830327e+01
3.864746093750000000e-01 -7.166972076320091389e+01
3.867187500000000000e-01 -7.190505037326470017e+01
3.869628906250000000e-01 -7.215665447400809285e+01
3.872070312500000000e-01 -7.242491811051120010e+01
3.874511718750000000e-01 -7.271026892129728481e+01
3.876953125000000000e-01 -7.301317962791537752e+01
3.879394531250000000e-01 -7.333417083105561574e+01
3.881835937500000000e-01 -7.367381412090564652e+01
3.884277343750000000e-01 -7.403273550462915864e+01
3.886718750000000000e-01 -7.441161914580219161e+01
3.889160156250000000e-01 -7.481121139746456095e+01
3.891601562500000000e-01 -7.523232509041039862e+01
3.894042968750000000e-01 -7.567584400745745654e+01
3.896484375000000000e-01 -7.614272742909322744e+01
3.898925781250000000e-01 -7.663401456826164804e+01
3.901367187500000000e-01 -7.715082861317277718e+01
3.903808593750000000e-01 -7.769437995194131474e+01
3.906250000000000000e-01 -7.826596794088659692e+01
3.908691406250000000e-01 -7.886698026803306050e+01
3.911132812500000000e-01 -7.949888851000149259e+01
3.913574218750000000e-01 -8.016323781647504632e+01
3.916015625000000000e-01 -8.086162768437885973e+01
3.918457031250000000e-01 -8.159567936080925676e+01
3.920898437500000000e-01 -8.236698333489678703e+01
3.923339843750000000e-01 -8.317701735567247567e+01
3.925781250000000000e-01 -8.402702105520828013e+01
3.928222656250000000e-01 -8.491780707806684347e+01
3.930664062500000000e-01 -8.584948010460382761e+01
3.933105468750000000e-01 -8.682102401468415565e+01
3.935546875000000000e-01 -8.782970426263437957e+01
3.937988281250000000e-01 -8.887022031507079589e+01
3.940429687500000000e-01 -8.993354028972184722e+01
3.942871093750000000e-01 -9.100537639695689052e+01
3.945312500000000000e-01 -9.206435371420458580e+01
3.947753906250000000e-01 -9.308014583218884752e+01
3.950195312500000000e-01 -9.401225536689045725e+01
3.952636718750000000e-01 -9.481066131214662107e+01
3.955078125000000000e-01 -9.541990136887852714e+01
3.957519531250000000e-01 -9.578755596514784543e+01
3.959960937500000000e-01 -9.587587792941734222e+01
3.962402343750000000e-01 -9.567224133109587569e+01
3.964843750000000000e-01 -9.519300953211774186e+01
3.967285156250000000e-01 -9.447854753248194015e+01
3.969726562500000000e-01 -9.358228626791182592e+01
3.972167968750000000e-01 -9.255932476324301206e+01
3.974609375000000000e-01 -9.145852667508130196e+01
3.977050781250000000e-01 -9.031898077245168110e+01
3.979492187500000000e-01 -8.916969165566531785e+01
3.981933593750000000e-01 -8.803094378577358725e+01
3.984375000000000000e-01 -8.691618972625262529e+01
3.986816406250000000e-01 -8.583384964534188555e+01
3.989257812500000000e-01 -8.478878782401746150e+01
3.991699218750000000e-01 -8.378343205750107359e+01
3.994140625000000000e-01 -8.281858371874105273e+01
3.996582031250000000e-01 -8.189398708366326218e+01
3.999023437500000000e-01 -8.100872171447616665e+01
4.001464843750000000e-01 -8.016146902132928176e+01
4.003906250000000000e-01 -7.935069112163482430e+01
4.006347656250000000e-01 -7.857474932106015331e+01
4.008789062500000000e-01 -7.783198136588498528e+01
4.011230468750000000e-01 -7.712075071001227400e+01
4.013671875000000000e-01 -7.643947688839820387e+01
4.016113281250000000e-01 -7.578665321046310055e+01
4.018554687500000000e-01 -7.516085601118518866e+01
4.020996093750000000e-01 -7.456074834447034050e+01
4.023437500000000000e-01 -7.398508007973502743e+01
4.025878906250000000e-01 -7.343268573138905708e+01
4.028320312500000000e-01 -7.290248091999841051e+01
4.030761718750000000e-01 -7.239345806855800447e+01
4.033203125000000000e-01 -7.190468173615248304e+01
4.035644531250000000e-01 -7.143528385262088420e+01
4.038085937500000000e-01 -7.098445902421927656e+01
4.040527343750000000e-01 -7.055146001542000533e+01
4.042968750000000000e-01 -7.013559346894548696e+01
4.045410156250000000e-01 -6.973621589649900443e+01
4.047851562500000000e-01 -6.935272995325350109e+01
4.050292968750000000e-01 -6.898458099656473053e+01
4.052734375000000000e-01 -6.863125392119493995e+01
4.055175781250000000e-01 -6.829227025843321996e+01
4.057617187500000000e-01 -6.796718552390184698e+01
4.060058593750000000e-01 -6.765558679748743032e+01
4.062500000000000000e-01 -6.735709051853200435e+01
4.064941406250000000e-01 -6.707134047981884351e+01
4.067382812500000000e-01 -6.679800600454167636e+01
4.069824218750000000e-01 -6.653678029142898254e+01
4.072265625000000000e-01 -6.628737891427114448e+01
4.074707031250000000e-01 -6.604953846317114596e+01
4.077148437500000000e-01 -6.582301531605907030e+01
4.079589843750000000e-01 -6.560758452999075985e+01
4.082031250000000000e-01 -6.540303884289986058e+01
4.084472656250000000e-01 -6.520918777739308325e+01
4.086914062500000000e-01 -6.502585683917332915e+01
4.089355468750000000e-01 -6.485288680349601975e+01
4.091796875000000000e-01 -6.469013308395787476e+01
4.094238281250000000e-01 -6.453746517860149368e+01
4.096679687500000000e-01 -6.439476618914204664e+01
4.099121093750000000e-01 -6.426193240972405363e+01
4.101562500000000000e-01 -6.413887298237767709e+01
4.104003906250000000e-01 -6.402550961681841102e+01
4.106445312500000000e-01 -6.392177637310965110e+01
4.108886718750000000e-01 -6.382761950604856338e+01
4.111328125000000000e-01 -6.374299737092179896e+01
4.113769531250000000e-01 -6.366788039091601092e+01
4.116210937500000000e-01 -6.360225108701906294e+01
4.118652343750000000e-01 -6.354610417202624717e+01
4.121093750000000000e-01 -6.349944671096898219e+01
4.123535156250000000e-01 -6.346229835109475914e+01
4.125976562500000000e-01 -6.343469162540619521e+01
4.128417968750000000e-01 -6.341667233474431953e+01
4.130859375000000000e-01 -6.340830001453306863e+01
4.133300781250000000e-01 -6.340964849350890375e+01
4.135742187500000000e-01 -6.342080655328093286e+01
4.138183593750000000e-01 -6.344187869918084743e+01
4.140625000000000000e-01 -6.347298605488367684e+01
4.143066406250000000e-01 -6.351426739546852218e+01
4.145507812500000000e-01 -6.356588033648577607e+01
4.147949218750000000e-01 -6.362800269963519639e+01
4.150390625000000000e-01 -6.370083407970469125e+01
4.152832031250000000e-01 -6.378459764190260017e+01
4.155273437500000000e-01 -6.387954218456862066e+01
4.157714843750000000e-01 -6.398594450885018148e+01
4.160156250000000000e-01 -6.410411214551398018e+01
4.162597656250000000e-01 -6.423438649928453970e+01
4.165039062500000000e-01 -6.437714648388791261e+01
4.167480468750000000e-01 -6.453281273686725683e+01
4.169921875000000000e-01 -6.470185252320355573e+01
4.172363281250000000e-01 -6.488478546190327734e+01
4.174804687500000000e-01 -6.508219024169434874e+01
4.177246093750000000e-01 -6.529471253294352096e+01
4.179687500000000000e-01 -6.552307435580431161e+01
4.182128906250000000e-01 -6.576808523338596046e+01
4.184570312500000000e-01 -6.603065554937118975e+01
4.187011718750000000e-01 -6.631181264942377140e+01
4.189453125000000000e-01 -6.661272038692230524e+01
4.191894531250000000e-01 -6.693470303180004066e+01
4.194335937500000000e-01 -6.727927476126507145e+01
4.196777343750000000e-01 -6.764817636806061785e+01
4.199218750000000000e-01 -6.804342141082393880e+01
4.201660156250000000e-01 -6.846735487469585735e+01
4.204101562500000000e-01 -6.892272864128928234e+01
4.206542968750000000e-01 -6.941279989647507875e+01
4.208984375000000000e-01 -6.994146138146631131e+01
4.211425781250000000e-01 -7.051341670810576545e+01
4.213867187500000000e-01 -7.113442084299735768e+01
4.216308593750000000e-01 -7.181161717732196337e+01
4.218750000000000000e-01 -7.255402182553042678e+01
4.221191406250000000e-01 -7.337323976927940805e+01
4.223632812500000000e-01 -7.428456026924031619e+01
4.226074218750000000e-01 -7.530870143847539566e+01
4.228515625000000000e-01 -7.647472847115943750e+01
4.230957031250000000e-01 -7.782524247503927484e+01
4.233398437500000000e-01 -7.942635757560537968e+01
4.235839843750000000e-01 -8.138899550719818876e+01
4.238281250000000000e-01 -8.392155981250549246e+01
4.240722656250000000e-01 -8.749373111563488692e+01
4.243164062500000000e-01 -9.361742900073488727e+01
4.245605468750000000e-01 -1.292255673402613070e+02
4.248046875000000000e-01 -9.340904607987374675e+01
4.250488281250000000e-01 -8.750378372214674982e+01
4.252929687500000000e-01 -8.405530007516843227e+01
4.255371093750000000e-01 -8.162286394414245194e+01
4.257812500000000000e-01 -7.975107030671860286e+01
4.260253906250000000e-01 -7.823630791880606239e+01
4.262695312500000000e-01 -7.696973844541331289e+01
4.265136718750000000e-01 -7.588631586400587992e+01
4.267578125000000000e-01 -7.494405648391077079e+01
4.270019531250000000e-01 -7.411428776909025373e+01
4.272460937500000000e-01 -7.337656228057977614e+01
4.274902343750000000e-01 -7.271579091432596442e+01
4.277343750000000000e-01 -7.212052611805712843e+01
4.279785156250000000e-01 -7.158188243644373472e+01
4.282226562500000000e-01 -7.109283001813649605e+01
4.284667968750000000e-01 -7.064771642637283833e+01
4.287109375000000000e-01 -7.024193360087132021e+01
4.289550781250000000e-01 -6.987168014195903254e+01
4.291992187500000000e-01 -6.953378797226811514e+01
4.294433593750000000e-01 -6.922559355534633596e+01
4.296875000000000000e-01 -6.894484062705780048e+01
4.299316406250000000e-01 -6.868960564778893740e+01
4.301757812500000000e-01 -6.845823992195373364e+01
4.304199218750000000e-01 -6.824932413686420318e+01
4.306640625000000000e-01 -6.806163228880748761e+01
4.309082031250000000e-01 -6.789410279824306826e+01
4.311523437500000000e-01 -6.774581519828333853e+01
4.313964843750000000e-01 -6.761597119395638344e+01
4.316406250000000000e-01 -6.750387918678175936e+01
4.318847656250000000e-01 -6.740894157629844585e+01
4.321289062500000000e-01 -6.733064431042954823e+01
4.323730468750000000e-01 -6.726854827660770297e+01
4.326171875000000000e-01 -6.722228221630531664e+01
4.328613281250000000e-01 -6.719153691552854468e+01
4.331054687500000000e-01 -6.717606047762836852e+01
4.333496093750000000e-01 -6.717565452763156486e+01
4.335937500000000000e-01 -6.719017123114157641e+01
4.338378906250000000e-01 -6.721951103889011847e+01
4.340820312500000000e-01 -6.726362109077375351e+01
4.343261718750000000e-01 -6.732249423356554985e+01
4.345703125000000000e-01 -6.739616862353149429e+01
4.348144531250000000e-01 -6.748472790179789627e+01
4.350585937500000000e-01 -6.758830194569669914e+01
4.353027343750000000e-01 -6.770706821520346352e+01
4.355468750000000000e-01 -6.784125373006997961e+01
4.357910156250000000e-01 -6.799113773181136366e+01
4.360351562500000000e-01 -6.815705510545333823e+01
4.362792968750000000e-01 -6.833940066093479970e+01
4.365234375000000000e-01 -6.853863440386838590e+01
4.367675781250000000e-01 -6.875528796251403207e+01
4.370117187500000000e-01 -6.898997238442032653e+01
4.372558593750000000e-01 -6.924338757578567538e+01
4.375000000000000000e-01 -6.951633373344012057e+01
4.377441406250000000e-01 -6.980972522065029295e+01
4.379882812500000000e-01 -7.012460747145394180e+01
4.382324218750000000e-01 -7.046217768824364214e+01
4.384765625000000000e-01 -7.082381034165038614e+01
4.387207031250000000e-01 -7.121108881820047998e+01
4.389648437500000000e-01 -7.162584503155943594e+01
4.392089843750000000e-01 -7.207020947978101333e+01
4.394531250000000000e-01 -7.254667519194336478e+01
4.396972656250000000e-01 -7.305818041806769259e+01
4.399414062500000000e-01 -7.360821702694578050e+01
4.401855468750000000e-01 -7.420097480587996586e+01
4.404296875000000000e-01 -7.484153691835265931e+01
4.406738281250000000e-01 -7.553614993087167306e+01
4.409179687500000000e-01 -7.629260537213026794e+01
4.411621093750000000e-01 -7.712079312036632928e+01
4.414062500000000000e-01 -7.803352876240366243e+01
4.416503906250000000e-01 -7.904783580195537240e+01
4.418945312500000000e-01 -8.018702036609971628e+01
4.421386718750000000e-01 -8.148421035901827736e+01
4.423828125000000000e-01 -8.298880685859245432e+01
4.426269531250000000e-01 -8.477930122607536134e+01
4.428710937500000000e-01 -8.699189494211557871e+01
4.431152343750000000e-01 -8.989621907427438430e+01
4.433593750000000000e-01 -9.415936879633645162e+01
4.436035156250000000e-01 -1.024981488343207729e+02
4.438476562500000000e-01 -1.074603007104824997e+02
4.440917968750000000e-01 -9.614168169515832574e+01
4.443359375000000000e-01 -9.152171295776558679e+01
4.445800781250000000e-01 -8.862311978933166756e+01
4.448242187500000000e-01 -8.653796906417274215e+01
4.450683593750000000e-01 -8.493168842640550054e+01
4.453125000000000000e-01 -8.364350082277397291e+01
4.455566406250000000e-01 -8.258378385139499755e+01
4.458007812500000000e-01 -8.169755683149519143e+01
4.460449218750000000e-01 -8.094876415088279487e+01
4.462890625000000000e-01 -8.031258701180026094e+01
4.465332031250000000e-01 -7.977131823620635487e+01
4.467773437500000000e-01 -7.931198863597788318e+01
4.470214843750000000e-01 -7.892492516545294734e+01
4.472656250000000000e-01 -7.860283725977222957e+01
4.475097656250000000e-01 -7.834021894247129580e+01
4.477539062500000000e-01 -7.813294876717577608e+01
4.479980468750000000e-01 -7.797801930278242821e+01
4.482421875000000000e-01 -7.787335540927412580e+01
4.484863281250000000e-01 -7.781769664344979276e+01
4.487304687500000000e-01 -7.781052909873891110e+01
4.489746093750000000e-01 -7.785205864455785729e+01
4.492187500000000000e-01 -7.794322251275664826e+01
4.494628906250000000e-01 -7.808574054882494409e+01
4.497070312500000000e-01 -7.828221207896218914e+01
4.499511718750000000e-01 -7.853627019428661526e+01
4.501953125000000000e-01 -7.885281367503068850e+01
4.504394531250000000e-01 -7.923835001557796431e+01
4.506835937500000000e-01 -7.970150518459806221e+01
4.509277343750000000e-01 -8.025379492646480628e+01
4.511718750000000000e-01 -8.091082535060061787e+01
4.514160156250000000e-01 -8.169423448419465217e+01
4.516601562500000000e-01 -8.263499042409004858e+01
4.519042968750000000e-01 -8.377935908799892673e+01
4.521484375000000000e-01 -8.520063111292709834e+01
4.523925781250000000e-01 -8.702489347426806887e+01
4.526367187500000000e-01 -8.949757239055531954e+01
4.528808593750000000e-01 -9.320579947056623382e+01
4.531250000000000000e-01 -1.003276816967379261e+02
4.533691406250000000e-01 -1.099657259517044565e+02
4.536132812500000000e-01 -9.563427139089684204e+01
4.538574218750000000e-01 -9.033787752506037805e+01
4.541015625000000000e-01 -8.697251535583018267e+01
4.543457031250000000e-01 -8.448220775150412010e+01
4.545898437500000000e-01 -8.249558197714232222e+01
4.548339843750000000e-01 -8.083802123996461830e+01
4.550781250000000000e-01 -7.941328226396740320e+01
4.553222656250000000e-01 -7.816261229855614090e+01
4.555664062500000000e-01 -7.704747619904782141e+01
4.558105468750000000e-01 -7.604121320808609141e+01
4.560546875000000000e-01 -7.512459910912805583e+01
4.562988281250000000e-01 -7.428330655130329774e+01
4.565429687500000000e-01 -7.350636550592979290e+01
4.567871093750000000e-01 -7.278518547668866745e+01
4.570312500000000000e-01 -7.211291008472518627e+01
4.572753906250000000e-01 -7.148397699880864309e+01
4.575195312500000000e-01 -7.089380944928400652e+01
4.577636718750000000e-01 -7.033859474116155752e+01
4.580078125000000000e-01 -6.981512187023787419e+01
4.582519531250000000e-01 -6.932066025649415053e+01
4.584960937500000000e-01 -6.885286768891899101e+01
4.587402343750000000e-01 -6.840971941465768680e+01
4.589843750000000000e-01 -6.798945279134169084e+01
4.592285156250000000e-01 -6.759052356886286361e+01
4.594726562500000000e-01 -6.721157098052489687e+01
4.597167968750000000e-01 -6.685138959097879763e+01
4.599609375000000000e-01 -6.650890638582444581e+01
4.602050781250000000e-01 -6.618316197015106184e+01
4.604492187500000000e-01 -6.587329501919532504e+01
4.606933593750000000e-01 -6.557852932590647299e+01
4.609375000000000000e-01 -6.529816293928153925e+01
4.611816406250000000e-01 -6.503155899901449288e+01
4.614257812500000000e-01 -6.477813795600876290e+01
4.616699218750000000e-01 -6.453737093291084648e+01
4.619140625000000000e-01 -6.430877402798988385e+01
4.621582031250000000e-01 -6.409190340431884181e+01
4.624023437500000000e-01 -6.388635103610351251e+01
4.626464843750000000e-01 -6.369174100780151093e+01
4.628906250000000000e-01 -6.350772628031320721e+01
4.631347656250000000e-01 -6.333398585368833267e+01
4.633789062500000000e-01 -6.317022226767589643e+01
4.636230468750000000e-01 -6.301615939136044631e+01
4.638671875000000000e-01 -6.287154046085272796e+01
4.641113281250000000e-01 -6.273612633067310185e+01
4.643554687500000000e-01 -6.260969390955881408e+01
4.645996093750000000e-01 -6.249203475599988877e+01
4.648437500000000000e-01 -6.238295381223850455e+01
4.650878906250000000e-01 -6.228226825864894067e+01
4.653320312500000000e-01 -6.218980647276234919e+01
4.655761718750000000e-01 -6.210540707942157468e+01
4.658203125000000000e-01 -6.202891808023737497e+01
4.660644531250000000e-01 -6.196019605203976255e+01
4.663085937500000000e-01 -6.189910540519967697e+01
4.665527343750000000e-01 -6.184551769385097941e+01
4.667968750000000000e-01 -6.179931097080752522e+01
4.670410156250000000e-01 -6.176036918082757410e+01
4.672851562500000000e-01 -6.172858158644814353e+01
4.675292968750000000e-01 -6.170384222116368989e+01
4.677734375000000000e-01 -6.168604936517305504e+01
4.680175781250000000e-01 -6.167510503929455723e+01
4.682617187500000000e-01 -6.167091451297518745e+01
4.685058593750000000e-01 -6.167338582257353607e+01
4.687500000000000000e-01 -6.168242929628296167e+01
4.689941406250000000e-01 -6.169795708232201292e+01
4.692382812500000000e-01 -6.171988267705903297e+01
4.694824218750000000e-01 -6.174812044994708060e+01
4.697265625000000000e-01 -6.178258516214993534e+01
4.699707031250000000e-01 -6.182319147592883724e+01
4.702148437500000000e-01 -6.186985345178312201e+01
4.704589843750000000e-01 -6.192248403052400363e+01
4.707031250000000000e-01 -6.198099449740623612e+01
4.709472656250000000e-01 -6.204529392557651590e+01
4.711914062500000000e-01 -6.211528859608801412e+01
4.714355468750000000e-01 -6.219088139185012665e+01
4.716796875000000000e-01 -6.227197116296950696e+01
4.719238281250000000e-01 -6.235845206105667415e+01
4.721679687500000000e-01 -6.245021284024311825e+01
4.724121093750000000e-01 -6.254713612290782976e+01
4.726562500000000000e-01 -6.264909762831065621e+01
4.729003906250000000e-01 -6.275596536285417670e+01
4.731445312500000000e-01 -6.286759877095248328e+01
4.733886718750000000e-01 -6.298384784624854404e+01
4.736328125000000000e-01 -6.310455220353055950e+01
4.738769531250000000e-01 -6.322954011256555873e+01
4.741210937500000000e-01 -6.335862749616205747e+01
4.743652343750000000e-01 -6.349161689597719516e+01
4.746093750000000000e-01 -6.362829641106678480e+01
4.748535156250000000e-01 -6.376843861591495255e+01
4.750976562500000000e-01 -6.391179946663963563e+01
4.753417968750000000e-01 -6.405811720641872853e+01
4.755859375000000000e-01 -6.420711128365252307e+01
4.758300781250000000e-01 -6.435848129942095852e+01
4.760742187500000000e-01 -6.451190600381745810e+01
4.763183593750000000e-01 -6.466704236428695651e+01
4.765625000000000000e-01 -6.482352473267830817e+01
4.768066406250000000e-01 -6.498096414167595469e+01
4.770507812500000000e-01 -6.513894776485452098e+01
4.772949218750000000e-01 -6.529703857860107519e+01
4.775390625000000000e-01 -6.545477526741657925e+01
4.777832031250000000e-01 -6.561167241711478937e+01
4.780273437500000000e-01 -6.576722104244898048e+01
4.782714843750000000e-01 -6.592088949693953737e+01
4.785156250000000000e-01 -6.607212481193685960e+01
4.787597656250000000e-01 -6.622035450996492045e+01
4.790039062500000000e-01 -6.636498893274892907e+01
4.792480468750000000e-01 -6.650542411745460925e+01
4.794921875000000000e-01 -6.664104524470239710e+01
4.797363281250000000e-01 -6.677123066922654004e+01
4.799804687500000000e-01 -6.689535652810710076e+01
4.802246093750000000e-01 -6.701280190280371585e+01
4.804687500000000000e-01 -6.712295448987016755e+01
4.807128906250000000e-01 -6.722521671246636288e+01
4.809570312500000000e-01 -6.731901218051297064e+01
4.812011718750000000e-01 -6.740379238403907891e+01
4.814453125000000000e-01 -6.747904348221194937e+01
4.816894531250000000e-01 -6.754429303197052548e+01
4.819335937500000000e-01 -6.759911648642729176e+01
4.821777343750000000e-01 -6.764314328575471791e+01
4.824218750000000000e-01 -6.767606236311229395e+01
4.826660156250000000e-01 -6.769762689661816069e+01
4.829101562500000000e-01 -6.770765815488093153e+01
4.831542968750000000e-01 -6.770604830863670998e+01
4.833984375000000000e-01 -6.769276211271164811e+01
4.836425781250000000e-01 -6.766783740019265281e+01
4.838867187500000000e-01 -6.763138437129215674e+01
4.841308593750000000e-01 -6.758358370135727000e+01
4.843750000000000000e-01 -6.752468353279633106e+01
4.846191406250000000e-01 -6.745499545239647432e+01
4.848632812500000000e-01 -6.737488958620897961e+01
4.851074218750000000e-01 -6.728478896781426499e+01
4.853515625000000000e-01 -6.718516335095260672e+01
4.855957031250000000e-01 -6.707652264444566015e+01
4.858398437500000000e-01 -6.695941014586688311e+01
4.860839843750000000e-01 -6.683439574191612564e+01
4.863281250000000000e-01 -6.670206922859229337e+01
4.865722656250000000e-01 -6.656303388515381414e+01
4.868164062500000000e-01 -6.641790041347537965e+01
4.870605468750000000e-01 -6.626728133064136728e+01
4.873046875000000000e-01 -6.611178587887286540e+01
4.875488281250000000e-01 -6.595201549395105189e+01
4.877929687500000000e-01 -6.578855985259534123e+01
4.880371093750000000e-01 -6.562199350086487470e+01
4.882812500000000000e-01 -6.545287305031361313e+01
4.885253906250000000e-01 -6.528173491640858117e+01
4.887695312500000000e-01 -6.510909356417577953e+01
4.890136718750000000e-01 -6.493544021971150926e+01
4.892578125000000000e-01 -6.476124200193154934e+01
4.895019531250000000e-01 -6.458694142718552200e+01
4.897460937500000000e-01 -6.441295623894836808e+01
4.899902343750000000e-01 -6.423967951630787354e+01
4.902343750000000000e-01 -6.406748001699585870e+01
4.904785156250000000e-01 -6.389670271386739842e+01
4.907226562500000000e-01 -6.372766948720015279e+01
4.909667968750000000e-01 -6.356067993888667189e+01
4.912109375000000000e-01 -6.339601229849637321e+01
4.914550781250000000e-01 -6.323392439489239791e+01
4.916992187500000000e-01 -6.307465467078039723e+01
4.919433593750000000e-01 -6.291842322085456374e+01
4.921875000000000000e-01 -6.276543283739416523e+01
4.924316406250000000e-01 -6.261587005000198047e+01
4.926757812500000000e-01 -6.246990614860556690e+01
4.929199218750000000e-01 -6.232769818111438553e+01
4.931640625000000000e-01 -6.218938991906016156e+01
4.934082031250000000e-01 -6.205511278620001292e+01
4.936523437500000000e-01 -6.192498674637818823e+01
4.938964843750000000e-01 -6.179912114831320480e+01
4.941406250000000000e-01 -6.167761552575753115e+01
4.943847656250000000e-01 -6.156056035241165603e+01
4.946289062500000000e-01 -6.144803775157023296e+01
4.948730468750000000e-01 -6.134012216102049564e+01
4.951171875000000000e-01 -6.123688095406366472e+01
4.953613281250000000e-01 -6.113837501789638651e+01
4.956054687500000000e-01 -6.104465929075730912e+01
4.958496093750000000e-01 -6.095578325943853315e+01
4.960937500000000000e-01 -6.087179141877566479e+01
4.963378906250000000e-01 -6.079272369490957573e+01
4.965820312500000000e-01 -6.071861583396376716e+01
4.968261718750000000e-01 -6.064949975790607084e+01
4.970703125000000000e-01 -6.058540388919922748e+01
4.973144531250000000e-01 -6.052635344586281718e+01
4.975585937500000000e-01 -6.047237070842982831e+01
4.978027343750000000e-01 -6.042347526025001514e+01
4.980468750000000000e-01 -6.037968420240687806e+01
4.982910156250000000e-01 -6.034101234451161133e+01
4.985351562500000000e-01 -6.030747237243643610e+01
4.987792968750000000e-01 -6.027907499399877622e+01
4.990234375000000000e-01 -6.025582906345291434e+01
4.992675781250000000e-01 -6.023774168554706421e+01
4.995117187500000000e-01 -6.022481829979715684e+01
4.997558593750000000e-01 -6.021706274549751470e+01
